"time_point","cell_type","gene","ss_between","ss_within","between_over_within","between_over_total","top_cell_type","passes_between_gt_within","rank","selected"
"B-S",NA,"Zscan4-ps2",0.0719538814864489,1160.46001264102,6.20046194635293e-05,6.20007751290609e-05,"Epiblast",FALSE,2086,FALSE
"B-S",NA,"Trh",495.917640308861,53638.9895456224,0.0092454694711775,0.00916077381652446,"Exiting naïve pluripotency",FALSE,83,TRUE
"B-S",NA,"Dppa5a",888.865604669407,184349.462809277,0.00482163382048475,0.0047984972239821,"Exiting naïve pluripotency",FALSE,163,TRUE
"B-S",NA,"Zscan4c",0.00325030372901503,139.969929811681,2.32214428726803e-05,2.32209036497927e-05,"Epiblast",FALSE,2430,FALSE
"B-S",NA,"AF067061",0.0112416210550083,926.268014421207,1.213646685407e-05,1.21363195620299e-05,"Epiblast",FALSE,2573,FALSE
"B-S",NA,"Rhox5",95.8457843057756,113559.323749391,0.00084401510277829,0.000843303342021401,"Exiting naïve pluripotency",FALSE,744,FALSE
"B-S",NA,"Zscan4d",0.00777754615449321,547.244899408547,1.42121857378645e-05,1.42119837545116e-05,"Epiblast",FALSE,2555,FALSE
"B-S",NA,"Sprr2a1",1.46951017408142e-05,1.00306330688665,1.46502236099389e-05,1.46500089840314e-05,"Epiblast",FALSE,2545,FALSE
"B-S",NA,"Gapdh",182.965185109961,230579.345058039,0.000793502059188808,0.000792872912899747,"Exiting naïve pluripotency",FALSE,781,FALSE
"B-S",NA,"Sprr2a2",1.47907963669282e-05,1.001748466828,1.47649802886774e-05,1.47647622872532e-05,"Epiblast",FALSE,2543,FALSE
"B-S",NA,"Kxd1",729.213708622075,239542.517334395,0.00304419322605729,0.00303495423892177,"Exiting naïve pluripotency",FALSE,277,TRUE
"B-S",NA,"Eif4a3l1",2.07085372301247e-05,1752.86501326823,1.18141083730763e-08,1.18141082335031e-08,"Exiting naïve pluripotency",FALSE,2848,FALSE
"B-S",NA,"Lefty1",6.48521342832452,30573.7749941319,0.000212116869100045,0.000212071885075759,"Exiting naïve pluripotency",FALSE,1525,FALSE
"B-S",NA,"Uba52",0.37245445594978,182890.410690999,2.0364898003267e-06,2.03648565304444e-06,"Exiting naïve pluripotency",FALSE,2743,FALSE
"B-S",NA,"Zscan4a",0.0254281619562905,325.502344092496,7.81197506493678e-05,7.81136484306301e-05,"Epiblast",FALSE,1993,FALSE
"B-S",NA,"Zscan4-ps3",0.00769785900638488,416.347691977819,1.84890156825824e-05,1.84886738452017e-05,"Epiblast",FALSE,2492,FALSE
"B-S",NA,"Hspb1",4042.76699824942,69113.7542672782,0.0584943914725735,0.0552618813512997,"Exiting naïve pluripotency",FALSE,7,TRUE
"B-S",NA,"Malat1",2.11449820553988,165750.165333781,1.27571408528117e-05,1.27569781102451e-05,"Epiblast",FALSE,2566,FALSE
"B-S",NA,"Mt1",255.980499193853,181288.422668915,0.00141200687515135,0.00141001592297404,"Exiting naïve pluripotency",FALSE,514,FALSE
"B-S",NA,"Gpx4",2298.52402683173,158142.808702611,0.0145344833931344,0.0143262586250627,"Exiting naïve pluripotency",FALSE,43,TRUE
"B-S",NA,"B020031M17Rik",0.000871408489492403,470.999773533612,1.85012507109033e-06,1.85012164813388e-06,"Exiting naïve pluripotency",FALSE,2750,FALSE
"B-S",NA,"Tmem92",0.0611951967890949,1901.39969937013,3.2184288663434e-05,3.21832528683335e-05,"Epiblast",FALSE,2322,FALSE
"B-S",NA,"BC061212",0.0167412353137338,193.223877229473,8.66416488157513e-05,8.66341426907848e-05,"Epiblast",FALSE,1949,FALSE
"B-S",NA,"Zscan4-ps1",0.0050582278224778,99.1570364682773,5.10122932536014e-05,5.10096911322786e-05,"Epiblast",FALSE,2176,FALSE
"B-S",NA,"Fth1",51.6298976774889,175315.155860013,0.000294497628708808,0.000294410925389415,"Exiting naïve pluripotency",FALSE,1347,FALSE
"B-S",NA,"Sprr2a3",0.000124701203427286,8.85958228176927,1.40752915274447e-05,1.40750934164016e-05,"Epiblast",FALSE,2556,FALSE
"B-S",NA,"Sp110",1.60038712457407,789.749125918544,0.00202645001058113,0.00202235181572276,"Exiting naïve pluripotency",FALSE,384,TRUE
"B-S",NA,"AA623943",0.0190777112769705,525.545780469866,3.63007600592169e-05,3.62994423618694e-05,"Epiblast",FALSE,2285,FALSE
"B-S",NA,"Spp1",724.087701347111,11789.6414874548,0.0614172790680362,0.0578634626355083,"Exiting naïve pluripotency",FALSE,6,TRUE
"B-S",NA,"BC147527",0.00565955869289372,296.983881258641,1.90567874219572e-05,1.90564242677309e-05,"Epiblast",FALSE,2491,FALSE
"B-S",NA,"Usp17lc",0.0124994828815429,403.977961303487,3.09410019329066e-05,3.09400446169263e-05,"Epiblast",FALSE,2333,FALSE
"B-S",NA,"Apoe",2881.22091214096,90859.0767117981,0.0317108759676273,0.0307362040144106,"Exiting naïve pluripotency",FALSE,18,TRUE
"B-S",NA,"Sox17",0.0141495283415538,110.675359633147,0.000127847141300963,0.000127830798498805,"Epiblast",FALSE,1775,FALSE
"B-S",NA,"Tcstv3",0.00110993263352351,61.3729629998684,1.80850423259814e-05,1.80847152631404e-05,"Epiblast",FALSE,2501,FALSE
"B-S",NA,"4931428L18Rik",0.000711597297103439,212.524303615899,3.34831021674363e-06,3.34829900559986e-06,"Epiblast",FALSE,2713,FALSE
"B-S",NA,"Ftl1-ps1",48.2289496948617,82751.2079089971,0.000582818679189552,0.000582479199431883,"Exiting naïve pluripotency",FALSE,950,FALSE
"B-S",NA,"Fgf8",1.381423645863,2691.90651351191,0.000513176679401383,0.000512913464173019,"Epiblast",FALSE,1023,FALSE
"B-S",NA,"Klf2",621.378798900281,27519.2263948137,0.0225798062047771,0.0220812166128923,"Exiting naïve pluripotency",FALSE,28,TRUE
"B-S",NA,"BB287469",0.000625305712658505,600.585049750136,1.04116096948909e-06,1.04115988547406e-06,"Epiblast",FALSE,2778,FALSE
"B-S",NA,"Spesp1",0.0123220842696042,213.564506588841,5.76972478546114e-05,5.76939190742629e-05,"Epiblast",FALSE,2123,FALSE
"B-S",NA,"Peg3",99.0826177937491,94951.0078442068,0.00104351307103892,0.00104242528662675,"Epiblast",FALSE,644,FALSE
"B-S",NA,"Mylpf",15.0456785791277,3371.07573148644,0.00446316837043987,0.00444333700924102,"Exiting naïve pluripotency",FALSE,178,TRUE
"B-S",NA,"Eif4a3l2",0.00633202998401877,285.076579321175,2.22116808020379e-05,2.22111874542319e-05,"Exiting naïve pluripotency",FALSE,2442,FALSE
"B-S",NA,"Gstp2",482.236021716982,84943.6833361199,0.00567712633567804,0.00564507851179178,"Exiting naïve pluripotency",FALSE,131,TRUE
"B-S",NA,"Hsp90aa1",112.493957025489,170084.810133899,0.000661399198064356,0.000660962038302271,"Exiting naïve pluripotency",FALSE,875,FALSE
"B-S",NA,"BC080695",0.0101034095346979,221.325198130013,4.56496125161622e-05,4.56475287241636e-05,"Epiblast",FALSE,2210,FALSE
"B-S",NA,"Dnmt3b",50.7506891907588,186568.933830951,0.000272021113851375,0.000271947138487855,"Epiblast",FALSE,1389,FALSE
"B-S",NA,"Usp17la",0.0131230537323838,441.928909592915,2.96949428913173e-05,2.96940611278679e-05,"Epiblast",FALSE,2354,FALSE
"B-S",NA,"Hoxaas3",0.000179110176115041,6.249125537648,2.86616383421948e-05,2.86608168762269e-05,"Epiblast",FALSE,2367,FALSE
"B-S",NA,"Ube2s",66.4501409810431,173995.077719511,0.000381908165748023,0.000381762367582468,"Exiting naïve pluripotency",FALSE,1198,FALSE
"B-S",NA,"5430402O13Rik",1.76964138331089e-06,426.639577453748,4.14786034120975e-09,4.147860324005e-09,"Epiblast",FALSE,2852,FALSE
"B-S",NA,"Mesp1",0.00148676895795958,96.9971863872904,1.53279596381612e-05,1.53277246954157e-05,"Exiting naïve pluripotency",FALSE,2534,FALSE
"B-S",NA,"Ube2c",4.81884660159485,161062.483923405,2.99191126587027e-05,2.99182175321818e-05,"Epiblast",FALSE,2347,FALSE
"B-S",NA,"Zfp42",483.429877404426,9968.66074719691,0.0484949673445715,0.0462519791271772,"Exiting naïve pluripotency",FALSE,11,TRUE
"B-S",NA,"Gstp1",277.542063445084,202072.254796628,0.00137347932166349,0.00137159546365647,"Exiting naïve pluripotency",FALSE,531,FALSE
"B-S",NA,"Krt8",0.145452054831004,10963.8206589751,1.32665481637494e-05,1.32663721647841e-05,"Epiblast",FALSE,2565,FALSE
"B-S",NA,"Pou3f1",645.5318144294,181552.081605844,0.00355562882407964,0.00354303112050297,"Epiblast",FALSE,236,TRUE
"B-S",NA,"Lefty2",3.83175888913052,7710.25292285063,0.000496969285893911,0.000496722430102536,"Exiting naïve pluripotency",FALSE,1042,FALSE
"B-S",NA,"Fabp3",3.41600607054753,5085.96631780469,0.0006716533018689,0.000671202486502618,"Exiting naïve pluripotency",FALSE,864,FALSE
"B-S",NA,"Hspa8",105.118162244068,196203.372472034,0.000535761240592595,0.00053547435418829,"Exiting naïve pluripotency",FALSE,990,FALSE
"B-S",NA,"Mif-ps",0.0212108378523777,445.102154738842,4.76538646837665e-05,4.76515939011587e-05,"Epiblast",FALSE,2200,FALSE
"B-S",NA,"Chchd10",1328.11420061618,188057.124193325,0.00706229134531943,0.00701276515466091,"Exiting naïve pluripotency",FALSE,111,TRUE
"B-S",NA,"Olfr1388",0.302985182705187,7987.1364975723,3.79341435816553e-05,3.79327046369912e-05,"Epiblast",FALSE,2270,FALSE
"B-S",NA,"Ifitm1",664.379510880193,61761.8837273252,0.0107571121666785,0.0106426282211553,"Exiting naïve pluripotency",FALSE,65,TRUE
"B-S",NA,"Arg2",0.539924560136011,1521.97392238084,0.000354752832618446,0.000354627027675855,"Epiblast",FALSE,1246,FALSE
"B-S",NA,"H1f5",153.150616284955,196306.755485209,0.000780159683788843,0.000779551509129983,"Epiblast",FALSE,789,FALSE
"B-S",NA,"Upp1",1292.47915853018,22517.669675431,0.0573984420750431,0.0542826996816868,"Exiting naïve pluripotency",FALSE,8,TRUE
"B-S",NA,"Dcc",0.0114114592453192,293.674418632999,3.88575188075198e-05,3.88560089594209e-05,"Epiblast",FALSE,2264,FALSE
"B-S",NA,"T",0.013066508103176,110.762277690138,0.000117968936497767,0.00011795502146933,"Epiblast",FALSE,1804,FALSE
"B-S",NA,"Rbp1",17.3534754739763,8357.77082579519,0.00207632822623193,0.00207202602012086,"Epiblast",FALSE,377,TRUE
"B-S",NA,"Dynlt1a",15.2685417150547,75823.3803656144,0.000201369836604897,0.000201329294957668,"Exiting naïve pluripotency",FALSE,1543,FALSE
"B-S",NA,"Meg3",465.463126085104,193155.193420241,0.00240978830464275,0.00240399518516113,"Epiblast",FALSE,337,TRUE
"B-S",NA,"Fst",68.7057356118332,31259.393670866,0.00219792284953587,0.00219310257926552,"Epiblast",FALSE,352,TRUE
"B-S",NA,"Tdh",872.299014863466,24826.864259764,0.0351352875553103,0.0339427009954319,"Exiting naïve pluripotency",FALSE,16,TRUE
"B-S",NA,"Tdpoz8",0.00608959288322981,398.863778011163,1.52673499548996e-05,1.52671168664836e-05,"Epiblast",FALSE,2536,FALSE
"B-S",NA,"Ptma",4.41711308041503,120940.570148721,3.65230052660019e-05,3.65216713848056e-05,"Exiting naïve pluripotency",FALSE,2279,FALSE
"B-S",NA,"Mkrn1",40.8615277457393,192433.908116764,0.000212340580439418,0.000212295501489407,"Exiting naïve pluripotency",FALSE,1524,FALSE
"B-S",NA,"Dynlt1c",37.3411270171699,191011.890642181,0.00019549111257749,0.000195452903271973,"Exiting naïve pluripotency",FALSE,1557,FALSE
"B-S",NA,"Rbm3",180.240836576845,153112.18214826,0.00117718155438681,0.00117579742734364,"Exiting naïve pluripotency",FALSE,595,FALSE
"B-S",NA,"Eef1a1",132.7166219,159802.34798639,0.000830504830325167,0.000829815664407597,"Exiting naïve pluripotency",FALSE,758,FALSE
"B-S",NA,"Trap1a",1060.93745145201,86559.3454031107,0.0122567638018885,0.0121083545600168,"Exiting naïve pluripotency",FALSE,58,TRUE
"B-S",NA,"Hspe1-rs1",0.00444878661398303,195.57456582053,2.2747265705631e-05,2.2746748279304e-05,"Epiblast",FALSE,2437,FALSE
"B-S",NA,"Inpp4b",0.00221443400113551,85.4571930326796,2.59127865373332e-05,2.59121150822264e-05,"Epiblast",FALSE,2393,FALSE
"B-S",NA,"Utf1",117.461657509834,194319.466377598,0.000604477048540186,0.000604111876775924,"Exiting naïve pluripotency",FALSE,927,FALSE
"B-S",NA,"Aqp3",0.243940904043738,71.838281924901,0.00339569512949587,0.0033842034064713,"Exiting naïve pluripotency",FALSE,253,TRUE
"B-S",NA,"Tdgf1",2045.2934604289,66269.6779599271,0.0308631869565697,0.0299391687927934,"Exiting naïve pluripotency",FALSE,20,TRUE
"B-S",NA,"Prdx1",36.8337980273638,174006.97703535,0.000211680006485492,0.000211635207543387,"Exiting naïve pluripotency",FALSE,1526,FALSE
"B-S",NA,"Spink1",0.00119919003649289,36.1279401058281,3.31928704758741e-05,3.31917687457933e-05,"Epiblast",FALSE,2314,FALSE
"B-S",NA,"Gadd45g",11.0609961717248,30177.9154310922,0.000366526183592148,0.000366391891370505,"Epiblast",FALSE,1225,FALSE
"B-S",NA,"Tuba1a",77.72055502853,180859.28105234,0.000429729425973102,0.000429544837916475,"Epiblast",FALSE,1123,FALSE
"B-S",NA,"1700013H16Rik",7.75193165537465,4740.47993578391,0.00163526304517366,0.00163259332564045,"Exiting naïve pluripotency",FALSE,451,TRUE
"B-S",NA,"Defa30",0.00273644747038305,150.495682337178,1.81828968637929e-05,1.8182566252066e-05,"Exiting naïve pluripotency",FALSE,2499,FALSE
"B-S",NA,"Pou5f1",2.93552177312562,204715.006627835,1.4339553418584e-05,1.43393477987402e-05,"Epiblast",FALSE,2553,FALSE
"B-S",NA,"Dkk1",0.00979486263876835,108.12745704721,9.05862664881847e-05,9.05780613597804e-05,"Epiblast",FALSE,1929,FALSE
"B-S",NA,"Cdx2",0.0140362376588176,107.881026631437,0.000130108491706988,0.000130091565689592,"Epiblast",FALSE,1763,FALSE
"B-S",NA,"Sdc4",218.448335203425,73424.2592889171,0.00297515204537308,0.00296632677220949,"Exiting naïve pluripotency",FALSE,279,TRUE
"B-S",NA,"Zscan4e",0.00125778824169867,85.9160592514721,1.46397338595009e-05,1.4639519540831e-05,"Epiblast",FALSE,2546,FALSE
"B-S",NA,"Cdkn1c",6.15380344443142,6097.68583461862,0.00100920309955856,0.00100818563549029,"Epiblast",FALSE,661,FALSE
"B-S",NA,"Krt18",51.0148266906056,16293.2057029548,0.00313104907779775,0.00312127620880262,"Exiting naïve pluripotency",FALSE,274,TRUE
"B-S",NA,"Calcoco2",0.0512869879550123,1412.27660228084,3.63151155178691e-05,3.63137967781442e-05,"Epiblast",FALSE,2284,FALSE
"B-S",NA,"Mixl1",0.0347639748280625,162.366550695571,0.000214107983935947,0.000214062151520248,"Epiblast",FALSE,1520,FALSE
"B-S",NA,"Foxq1",0.077084472651279,283.513179141454,0.000271890262331752,0.000271816358110839,"Exiting naïve pluripotency",FALSE,1390,FALSE
"B-S",NA,"H19",0.0591617270994539,1623.4771997833,3.64413661659991e-05,3.64400382412224e-05,"Exiting naïve pluripotency",FALSE,2282,FALSE
"B-S",NA,"Lgals4",0.0124364049827641,1281.59911324897,9.70381834241181e-06,9.70372417923513e-06,"Exiting naïve pluripotency",FALSE,2602,FALSE
"B-S",NA,"Nupr1",607.976013714367,27210.3037886074,0.0223435952217821,0.0218552699172874,"Exiting naïve pluripotency",FALSE,29,TRUE
"B-S",NA,"Stmn2",131.666512608572,30387.2893122137,0.00433294695212089,0.00431425352047866,"Exiting naïve pluripotency",FALSE,188,TRUE
"B-S",NA,"Id3",391.358985473407,72587.4799757971,0.00539154941876889,0.00536263649906926,"Epiblast",FALSE,140,TRUE
"B-S",NA,"Morc1",453.10631143974,7972.73819731661,0.056831956628432,0.053775774163511,"Exiting naïve pluripotency",FALSE,9,TRUE
"B-S",NA,"Rspo3",0.233640294366714,606.588556727422,0.000385170956120927,0.000385022656576165,"Epiblast",FALSE,1193,FALSE
"B-S",NA,"Dynlt1b",109.804678968657,213022.645333926,0.0005154601230143,0.000515194560762632,"Exiting naïve pluripotency",FALSE,1017,FALSE
"B-S",NA,"Actb",64.0995182695526,173499.393295167,0.000369450964940855,0.000369314521334582,"Exiting naïve pluripotency",FALSE,1217,FALSE
"B-S",NA,"Mt2",388.896970120421,181049.124419145,0.0021480190603965,0.00214341496419906,"Exiting naïve pluripotency",FALSE,362,TRUE
"B-S",NA,"Cyp26a1",0.000778404300065209,47.1941204282453,1.64936710972018e-05,1.64933990605024e-05,"Epiblast",FALSE,2520,FALSE
"B-S",NA,"Sept1",1239.55846437421,14345.6218366367,0.0864067433597445,0.0795344320972541,"Exiting naïve pluripotency",FALSE,1,TRUE
"B-S",NA,"Tmsb10",107.660877309435,184080.767936681,0.000584856737160439,0.000584514879695079,"Exiting naïve pluripotency",FALSE,948,FALSE
"B-S",NA,"Actg1",16.8924551921719,184976.96373152,9.1321940048113e-05,9.13136011129066e-05,"Exiting naïve pluripotency",FALSE,1926,FALSE
"B-S",NA,"Phlda2",0.212940986012423,5711.93028850171,3.72800393662156e-05,3.72786496166904e-05,"Epiblast",FALSE,2277,FALSE
"B-S",NA,"Cntnap3",0.00484613020361247,141.13098336654,3.43378192939129e-05,3.43366402485649e-05,"Exiting naïve pluripotency",FALSE,2302,FALSE
"B-S",NA,"Gpx2",299.079949693453,13024.5830563531,0.0229627273594428,0.0224472766654129,"Exiting naïve pluripotency",FALSE,26,TRUE
"B-S",NA,"Ftl1-ps2",13.7313593186027,10385.3289396547,0.00132218819436444,0.00132044232111612,"Exiting naïve pluripotency",FALSE,549,FALSE
"B-S",NA,"Ldha",28.5756047680592,188417.970515745,0.000151660718400909,0.000151637720915218,"Epiblast",FALSE,1683,FALSE
"B-S",NA,"Sp5",0.0121749236193761,149.57569209423,8.13964050502676e-05,8.13897802147503e-05,"Epiblast",FALSE,1971,FALSE
"B-S",NA,"G3bp2",8.32466385315111,195164.46733837,4.265460801693e-05,4.26527886789481e-05,"Epiblast",FALSE,2231,FALSE
"B-S",NA,"Id1",0.275877187008414,4151.5453289804,6.64516860944809e-05,6.64472705613157e-05,"Epiblast",FALSE,2062,FALSE
"B-S",NA,"Uba52-ps",6.86294488011015e-06,851.759737143416,8.05737179257464e-09,8.0573717276534e-09,"Exiting naïve pluripotency",FALSE,2849,FALSE
"B-S",NA,"Fbxo15",124.014003447792,1868.68524822301,0.0663643080426309,0.0622341797658683,"Exiting naïve pluripotency",FALSE,4,TRUE
"B-S",NA,"Gpx4-ps2",28.7792074027934,17914.7701636957,0.00160645138842555,0.00160387484145962,"Epiblast",FALSE,461,TRUE
"B-S",NA,"Ldhb",233.852382259083,66679.1545839556,0.00350712878287382,0.0034948718173308,"Exiting naïve pluripotency",FALSE,241,TRUE
"B-S",NA,"Zfp560",12.636995305215,6507.48399990079,0.00194191723028557,0.00193815349661556,"Epiblast",FALSE,397,TRUE
"B-S",NA,"Ifitm3",1111.21221459185,79349.4538083095,0.0140040310457119,0.0138106266020165,"Exiting naïve pluripotency",FALSE,48,TRUE
"B-S",NA,"Mdk",156.479000452636,189668.549094512,0.000825012903824464,0.000824332818612063,"Exiting naïve pluripotency",FALSE,763,FALSE
"B-S",NA,"Gnas",95.2744105380882,76489.441024141,0.00124558905467774,0.00124403949270204,"Epiblast",FALSE,575,FALSE
"B-S",NA,"Ubtfl1",0.00126964621825926,114.149879799165,1.11226242243362e-05,1.11225005129426e-05,"Exiting naïve pluripotency",FALSE,2586,FALSE
"B-S",NA,"Nudc-ps1",0.135739629118524,742.178952478287,0.000182893396080908,0.000182859952203242,"Exiting naïve pluripotency",FALSE,1588,FALSE
"B-S",NA,"Tmsb4x",257.11662504126,71164.3460692658,0.00361299778952515,0.00359999102989184,"Exiting naïve pluripotency",FALSE,229,TRUE
"B-S",NA,"Snrpn",17.2813880974101,188234.054118115,9.18079790523248e-05,9.17995511210585e-05,"Epiblast",FALSE,1923,FALSE
"B-S",NA,"Lhx1",0.00199465954317286,102.51175023844,1.94578625234017e-05,1.94574839223544e-05,"Exiting naïve pluripotency",FALSE,2485,FALSE
"B-S",NA,"Nat8f2",0.137190106127011,132.613246433496,0.00103451283952852,0.00103344372872223,"Exiting naïve pluripotency",FALSE,649,FALSE
"B-S",NA,"Ccnd2",0.983353146661846,1156.17479402271,0.000850522906869849,0.000849800132390989,"Epiblast",FALSE,740,FALSE
"B-S",NA,"Hmgb3",0.0338269694677705,17947.1346355875,1.8848117069727e-06,1.88480815446422e-06,"Exiting naïve pluripotency",FALSE,2749,FALSE
"B-S",NA,"Slc2a3",2.97877776526447,5859.2820209929,0.000508386139221832,0.000508127814084198,"Exiting naïve pluripotency",FALSE,1028,FALSE
"B-S",NA,"Usp17le",0.00761673170020048,426.012234149714,1.78791384134844e-05,1.78788187556092e-05,"Epiblast",FALSE,2505,FALSE
"B-S",NA,"Ooep",381.286295586143,5261.91045996513,0.0724615704670638,0.0675656568612583,"Exiting naïve pluripotency",FALSE,3,TRUE
"B-S",NA,"Kcnq1ot1",89.9370700197086,141868.839168245,0.000633945202815474,0.000633543570907922,"Epiblast",FALSE,903,FALSE
"B-S",NA,"L1td1",97.9475230153109,193884.084194061,0.0005051859899819,0.000504930905962299,"Exiting naïve pluripotency",FALSE,1030,FALSE
"B-S",NA,"Cdkn1a",58.2264250168859,58782.6759129663,0.000990537162736451,0.000989556969783236,"Exiting naïve pluripotency",FALSE,670,FALSE
"B-S",NA,"Tcf15",127.258795596847,29783.9092128993,0.00427273648624108,0.00425455788154776,"Exiting naïve pluripotency",FALSE,194,TRUE
"B-S",NA,"Rbmxl2",573.206857677776,42893.0730259168,0.0133636230104435,0.013187391679547,"Exiting naïve pluripotency",FALSE,50,TRUE
"B-S",NA,"Sumo1",11.9216052309623,75534.3292728121,0.000157830291812142,0.000157805385342123,"Epiblast",FALSE,1661,FALSE
"B-S",NA,"Grsf1",3.00718206763748,16952.1327238729,0.000177392550932698,0.000177361088396791,"Exiting naïve pluripotency",FALSE,1610,FALSE
"B-S",NA,"Mymx",61.5431896894175,754.551362134797,0.0815626248626706,0.0754118374541898,"Exiting naïve pluripotency",FALSE,2,TRUE
"B-S",NA,"Ckb",0.205209786724974,10454.4426447058,1.96289552393205e-05,1.96285699509995e-05,"Exiting naïve pluripotency",FALSE,2482,FALSE
"B-S",NA,"Ddit4l",1.09708272828422,17273.1855908593,6.35136305641722e-05,6.35095968391013e-05,"Epiblast",FALSE,2079,FALSE
"B-S",NA,"Foxa2",0.00102955224462798,165.564900997604,6.21842092390633e-06,6.218382255388e-06,"Epiblast",FALSE,2653,FALSE
"B-S",NA,"Hes7",0.0121402452369165,160.377466256095,7.56979488473188e-05,7.56922191015892e-05,"Exiting naïve pluripotency",FALSE,2004,FALSE
"B-S",NA,"Dppa3",0.250590971192077,662.520963527156,0.000378238553928876,0.000378095543617211,"Exiting naïve pluripotency",FALSE,1203,FALSE
"B-S",NA,"Gsc",0.00380747708998124,178.82445408466,2.12917025776502e-05,2.12912492507036e-05,"Epiblast",FALSE,2461,FALSE
"B-S",NA,"Hoxb1",0.0048343865964947,63.6905314525139,7.59043218237094e-05,7.58985607949248e-05,"Epiblast",FALSE,2002,FALSE
"B-S",NA,"Rasgrp2",900.143064486425,158036.018717342,0.00569580954893827,0.00566355104083896,"Epiblast",FALSE,130,TRUE
"B-S",NA,"Gclm",105.33660230921,160668.819356035,0.000655613221852265,0.000655183674772342,"Exiting naïve pluripotency",FALSE,882,FALSE
"B-S",NA,"Slc2a1",401.355139917925,119303.941293691,0.00336413982275663,0.0033528603317943,"Epiblast",FALSE,256,TRUE
"B-S",NA,"Hsp90ab1",69.9271179585651,149094.510806904,0.000469012021838481,0.000468792152683129,"Exiting naïve pluripotency",FALSE,1079,FALSE
"B-S",NA,"Fgfbp1",0.473667131104422,1612.47190888482,0.000293752175460848,0.000293665910460791,"Exiting naïve pluripotency",FALSE,1350,FALSE
"B-S",NA,"Dynlt1f",2.96388337631933,126796.786358664,2.33750669984296e-05,2.33745206174442e-05,"Epiblast",FALSE,2425,FALSE
"B-S",NA,"Cox6c2",0.00223998964001814,70.5310342737167,3.17589223394228e-05,3.17579137423066e-05,"Epiblast",FALSE,2328,FALSE
"B-S",NA,"Morf4l1",50.2642896474222,132592.670515874,0.000379087995225231,0.00037894434197433,"Epiblast",FALSE,1202,FALSE
"B-S",NA,"Mest",0.436117751646919,31776.5435543625,1.37245182409729e-05,1.37243298811571e-05,"Epiblast",FALSE,2558,FALSE
"B-S",NA,"Rex2",245.267389747711,45803.0708125037,0.00535482415036583,0.00532630273584377,"Exiting naïve pluripotency",FALSE,141,TRUE
"B-S",NA,"Zfp534",98.567376483779,36767.3472990305,0.00268084003129532,0.00267367234344644,"Exiting naïve pluripotency",FALSE,303,TRUE
"B-S",NA,"Hoxb2",0.000742907364418547,24.9932106934612,2.97243668902814e-05,2.97234833785562e-05,"Epiblast",FALSE,2353,FALSE
"B-S",NA,"Hmgb1-ps2",0.115962201887763,426.974385033696,0.000271590535527353,0.000271516794135829,"Exiting naïve pluripotency",FALSE,1391,FALSE
"B-S",NA,"Manf",33.7837010649945,80009.5108041521,0.00042224606456713,0.000422067848079298,"Epiblast",FALSE,1131,FALSE
"B-S",NA,"Ctsl",71.9710526660183,54838.3717728191,0.00131242140018627,0.00131070120787181,"Exiting naïve pluripotency",FALSE,554,FALSE
"B-S",NA,"Btbd17",18.2191203233162,14655.8497156855,0.00124312958148152,0.00124158612903656,"Epiblast",FALSE,576,FALSE
"B-S",NA,"Nr0b1",18.9945574596983,807.969606745357,0.0235089999687138,0.0229690212488922,"Exiting naïve pluripotency",FALSE,25,TRUE
"B-S",NA,"Msx1",0.000789520567656547,1535.38063178095,5.14218136737046e-07,5.1421787231689e-07,"Exiting naïve pluripotency",FALSE,2800,FALSE
"B-S",NA,"Fos",4.90480247237548,8503.52217168104,0.000576796575977629,0.000576464073473875,"Epiblast",FALSE,957,FALSE
"B-S",NA,"Arl6ip1",51.3740065806141,165979.656741636,0.000309519898939079,0.000309424126014866,"Epiblast",FALSE,1323,FALSE
"B-S",NA,"S100a10",154.509509166024,33011.6861597297,0.00468044886948269,0.00465864432292812,"Exiting naïve pluripotency",FALSE,171,TRUE
"B-S",NA,"Fabp5",1365.291128689,177789.169454963,0.00767927052516465,0.00762074873403172,"Epiblast",FALSE,98,TRUE
"B-S",NA,"Ptgds",0.295570644975556,1781.2661746318,0.00016593289042647,0.000165905361270337,"Epiblast",FALSE,1638,FALSE
"B-S",NA,"Pgk1",3.38580614664569,177636.656370555,1.90602897837865e-05,1.90599264960643e-05,"Exiting naïve pluripotency",FALSE,2490,FALSE
"B-S",NA,"Cenpf",89.8673356554705,141206.36065823,0.000636425549363045,0.000636020769495412,"Epiblast",FALSE,900,FALSE
"B-S",NA,"Srgn",0.598760045617726,191.54279731778,0.0031259857013801,0.00311624436604982,"Exiting naïve pluripotency",FALSE,275,TRUE
"B-S",NA,"Fau",97.5432028252573,164806.983748393,0.000591863285200185,0.000591513190260158,"Exiting naïve pluripotency",FALSE,939,FALSE
"B-S",NA,"Igfbp2",627.017471628109,149900.672253248,0.00418288632200928,0.00416546266520217,"Exiting naïve pluripotency",FALSE,200,TRUE
"B-S",NA,"Tex19.1",129.523224253704,24578.2267482761,0.00526983600486105,0.00524221041566751,"Exiting naïve pluripotency",FALSE,145,TRUE
"B-S",NA,"Phox2b",0.00926145561487186,306.933996357998,3.01740951630187e-05,3.01731847144717e-05,"Epiblast",FALSE,2342,FALSE
"B-S",NA,"Tpt1",67.4584548545706,165095.394914408,0.000408602886164958,0.000408435998037347,"Exiting naïve pluripotency",FALSE,1153,FALSE
"B-S",NA,"Peg10",16.0003050736076,6090.04917550455,0.00262728667905739,0.00262040213144368,"Exiting naïve pluripotency",FALSE,306,TRUE
"B-S",NA,"Ctrb1",0.0105395822991558,265.170091915195,3.97464971371149e-05,3.97449174158686e-05,"Exiting naïve pluripotency",FALSE,2249,FALSE
"B-S",NA,"Isg15",0.0299655744895061,152.393671019951,0.000196632670431459,0.000196594013625569,"Epiblast",FALSE,1553,FALSE
"B-S",NA,"CT010467.1",8.50301334844066,56882.7219318443,0.000149483236027784,0.000149460894129669,"Epiblast",FALSE,1691,FALSE
"B-S",NA,"Scamp1",0.0508340545971292,4282.21324675664,1.18709769149472e-05,1.18708359965271e-05,"Epiblast",FALSE,2579,FALSE
"B-S",NA,"Gas1",0.552313581721813,1849.77158532043,0.00029858474749256,0.000298495621252861,"Epiblast",FALSE,1340,FALSE
"B-S",NA,"Fundc1",4.8657412461187,3560.85809593847,0.00136645188182831,0.00136458723902762,"Epiblast",FALSE,533,FALSE
"B-S",NA,"Jam2",4.88328454102902,173.882539069792,0.0280838120213381,0.0273166561840147,"Exiting naïve pluripotency",FALSE,21,TRUE
"B-S",NA,"Tpm3-rs7",0.675599087734707,13270.5218032644,5.09097605768988e-05,5.09071689051182e-05,"Exiting naïve pluripotency",FALSE,2177,FALSE
"B-S",NA,"Zfp980",132.333975864276,54201.9753440916,0.00244149728905963,0.00243555089814444,"Exiting naïve pluripotency",FALSE,334,TRUE
"B-S",NA,"Cited2",24.1788090071219,39225.3902693494,0.000616407098593361,0.000616027374946516,"Epiblast",FALSE,919,FALSE
"B-S",NA,"2410006H16Rik",125.46055133401,121796.584713757,0.00103008267127411,0.00102902269282988,"Exiting naïve pluripotency",FALSE,652,FALSE
"B-S",NA,"Hmga1",40.9532725747931,158968.447326304,0.000257618875088659,0.00025755252469697,"Epiblast",FALSE,1420,FALSE
"B-S",NA,"Dkk4",0.0155523886493901,22.2123653868017,0.000700168054079965,0.000699678161782948,"Exiting naïve pluripotency",FALSE,842,FALSE
"B-S",NA,"Hmgb1",0.130171955434898,191206.122467979,6.80793866612184e-07,6.80793403132211e-07,"Exiting naïve pluripotency",FALSE,2790,FALSE
"B-S",NA,"Ncl",18.0889051173821,170441.648865219,0.00010612960645368,0.000106118344155578,"Exiting naïve pluripotency",FALSE,1844,FALSE
"B-S",NA,"Vim",54.7975142583809,29433.1699519189,0.00186176053574577,0.00185830082460698,"Exiting naïve pluripotency",FALSE,407,TRUE
"B-S",NA,"9530059O14Rik",0.12626910134315,1205.23928063644,0.000104766832090365,0.000104755857151068,"Epiblast",FALSE,1849,FALSE
"B-S",NA,"Lgals1",99.8034032361826,71775.475780186,0.00139049448507778,0.00138856369491782,"Exiting naïve pluripotency",FALSE,525,FALSE
"B-S",NA,"Bex1",364.631120668442,195245.653012688,0.00186755051926685,0.00186406927572303,"Epiblast",FALSE,406,TRUE
"B-S",NA,"Asns",561.962795144662,65945.3428659624,0.00852164490655364,0.00844964007425268,"Exiting naïve pluripotency",FALSE,87,TRUE
"B-S",NA,"Cbr3",900.136862908295,54202.8261814588,0.0166068252584255,0.016335543738066,"Exiting naïve pluripotency",FALSE,42,TRUE
"B-S",NA,"Krt19",2.49183008010664,1593.77806672754,0.00156347369318681,0.00156103305906477,"Epiblast",FALSE,473,TRUE
"B-S",NA,"Slc25a4",399.787424675811,118062.304721034,0.00338624106670166,0.00337481313586854,"Epiblast",FALSE,254,TRUE
"B-S",NA,"Top2a",9.22502906791681,187688.832720362,4.91506550187842e-05,4.91482393506271e-05,"Exiting naïve pluripotency",FALSE,2190,FALSE
"B-S",NA,"Cstb",965.497531887238,120893.120708963,0.00798637280785866,0.00792309600933565,"Exiting naïve pluripotency",FALSE,92,TRUE
"B-S",NA,"Emb",129.423187399843,133087.69659159,0.000972465454842216,0.000971520684537838,"Epiblast",FALSE,677,FALSE
"B-S",NA,"Zfp988",20.8898857977226,25993.9984600222,0.000803642649662017,0.000802997326762666,"Exiting naïve pluripotency",FALSE,773,FALSE
"B-S",NA,"Eif4ebp1",207.713130190827,196550.062356474,0.00105679503583218,0.0010556793990838,"Exiting naïve pluripotency",FALSE,642,FALSE
"B-S",NA,"Lmx1a",0.00592066686855232,133.206530690436,4.4447271750599e-05,4.44452962784373e-05,"Epiblast",FALSE,2223,FALSE
"B-S",NA,"BC004004",7.80360504837026,41269.510090798,0.000189088870480928,0.000189053122639507,"Epiblast",FALSE,1571,FALSE
"B-S",NA,"Hotairm1",0.0107063042977921,338.279314084419,3.16493023724185e-05,3.16483007257792e-05,"Exiting naïve pluripotency",FALSE,2329,FALSE
"B-S",NA,"Cks2",0.128056165739429,176110.989695007,7.27133303612675e-07,7.27132774890219e-07,"Epiblast",FALSE,2787,FALSE
"B-S",NA,"Tubb4b",32.2957371995049,197766.635682861,0.000163302253122688,0.000163275589850985,"Exiting naïve pluripotency",FALSE,1646,FALSE
"B-S",NA,"Muc3",0.149527059821101,2078.1854268191,7.19507787377613e-05,7.19456021956566e-05,"Epiblast",FALSE,2025,FALSE
"B-S",NA,"Ddit4",5.46551390995439,23421.6756093872,0.000233352813910712,0.000233298373078873,"Epiblast",FALSE,1473,FALSE
"B-S",NA,"S100a13",0.171215761095005,1882.30889841013,9.09605013500285e-05,9.09522282897444e-05,"Exiting naïve pluripotency",FALSE,1927,FALSE
"B-S",NA,"Pclaf",519.858416179513,126287.889090124,0.00411645502925875,0.00409957929545014,"Epiblast",FALSE,204,TRUE
"B-S",NA,"Nodal",0.103783070635926,15116.3602401206,6.86561242173057e-06,6.86556528542026e-06,"Epiblast",FALSE,2647,FALSE
"B-S",NA,"Ifitm2",309.652424723292,167580.697639963,0.00184778097408665,0.00184437297679102,"Exiting naïve pluripotency",FALSE,410,TRUE
"B-S",NA,"Oaz1",1.99281283277582,199814.431137008,9.97331785014762e-06,9.97321838407069e-06,"Epiblast",FALSE,2599,FALSE
"B-S",NA,"Epcam",4.93988062616787,196442.226962843,2.51467350097911e-05,2.51461026674108e-05,"Exiting naïve pluripotency",FALSE,2402,FALSE
"B-S",NA,"H1f4",159.637151738656,122280.552669594,0.00130549910229799,0.00130379699648949,"Epiblast",FALSE,557,FALSE
"B-S",NA,"Hmgn2",41.6655362860434,159701.004834662,0.000260897145444888,0.000260829095878324,"Epiblast",FALSE,1415,FALSE
"B-S",NA,"1810062G17Rik",0.00511502897533926,231.303190984053,2.21139576742455e-05,2.21134686579356e-05,"Epiblast",FALSE,2445,FALSE
"B-S",NA,"Macroh2a1",3.47126446414939,10106.0816837732,0.000343482723845685,0.000343364783974413,"Exiting naïve pluripotency",FALSE,1259,FALSE
"B-S",NA,"Eomes",0.762648889477937,1839.23582506005,0.000414655303624828,0.00041448343586988,"Epiblast",FALSE,1144,FALSE
"B-S",NA,"Ubb",69.2660453902035,181698.657655748,0.000381213853111876,0.000381068584488483,"Exiting naïve pluripotency",FALSE,1199,FALSE
"B-S",NA,"Cd9",169.42153080216,23849.5481306846,0.00710376271591429,0.00705365522293072,"Exiting naïve pluripotency",FALSE,110,TRUE
"B-S",NA,"Ccl3",0.00125319669802368,102.757538701226,1.21956667497402e-05,1.21955180172666e-05,"Epiblast",FALSE,2571,FALSE
"B-S",NA,"Hspa5",242.48953932983,183352.251459675,0.00132253374256035,0.00132078695724266,"Epiblast",FALSE,548,FALSE
"B-S",NA,"Eno1",59.2707912484248,184217.77683159,0.00032174306013154,0.000321639574830474,"Exiting naïve pluripotency",FALSE,1295,FALSE
"B-S",NA,"H1f0",23.850764224814,12148.2064697283,0.00196331567826469,0.00195946862279648,"Epiblast",FALSE,391,TRUE
"B-S",NA,"Pyy",0.000649085992431681,588.524072047946,1.10290474639889e-06,1.10290353000135e-06,"Exiting naïve pluripotency",FALSE,2775,FALSE
"B-S",NA,"Syngr1",234.248540651716,22498.5684503423,0.0104117086902101,0.0103044220496086,"Exiting naïve pluripotency",FALSE,70,TRUE
"B-S",NA,"Gsta4",360.710103512256,169861.84179439,0.00212354993741843,0.00211905002886226,"Exiting naïve pluripotency",FALSE,368,TRUE
"B-S",NA,"Rbpms2",340.469204144411,148714.559214736,0.00228941406908782,0.0022841846246717,"Exiting naïve pluripotency",FALSE,345,TRUE
"B-S",NA,"Aldoa",420.197013120063,196782.997630197,0.00213533190458718,0.00213078197784817,"Exiting naïve pluripotency",FALSE,363,TRUE
"B-S",NA,"Sgk1",215.427423281851,30000.8500623477,0.00718071064100351,0.00712951565209531,"Exiting naïve pluripotency",FALSE,109,TRUE
"B-S",NA,"Echdc3",0.0192388379429843,448.76071588405,4.28710385334958e-05,4.28692006863413e-05,"Epiblast",FALSE,2228,FALSE
"B-S",NA,"Hmga1b",80.7828808666447,166506.748664054,0.00048516280279806,0.000484927533996512,"Epiblast",FALSE,1058,FALSE
"B-S",NA,"Eef1b2",58.9144480546374,178512.958901954,0.000330028970540988,0.000329920087354197,"Exiting naïve pluripotency",FALSE,1286,FALSE
"B-S",NA,"Tfap2c",0.495399471186447,279.046693025346,0.00177532822846049,0.00177218202368787,"Exiting naïve pluripotency",FALSE,422,TRUE
"B-S",NA,"Flt1",0.0520172308808704,869.39984803086,5.98311938962106e-05,5.98276143386168e-05,"Epiblast",FALSE,2109,FALSE
"B-S",NA,"Usp17lb",0.00519431404446543,95.7749533772886,5.42345765912654e-05,5.42316353614837e-05,"Epiblast",FALSE,2156,FALSE
"B-S",NA,"Avpi1",41.5942173703899,32184.8416856419,0.00129235426343407,0.00129068623956961,"Exiting naïve pluripotency",FALSE,561,FALSE
"B-S",NA,"Phf11d",97.3203502283283,1554.01242051255,0.0626252074589145,0.0589344267567979,"Exiting naïve pluripotency",FALSE,5,TRUE
"B-S",NA,"Stmn1",153.040340391105,182374.697439194,0.000839153361403826,0.00083844977345806,"Exiting naïve pluripotency",FALSE,749,FALSE
"B-S",NA,"Tuba1c",44.8437194835513,53926.3368418125,0.000831573626354333,0.000830882686225874,"Exiting naïve pluripotency",FALSE,757,FALSE
"B-S",NA,"Basp1",50.3696502449754,130580.586286184,0.000385736131821188,0.000385587396830256,"Epiblast",FALSE,1190,FALSE
"B-S",NA,"Ppia",86.4983309944389,163678.130876529,0.000528466023721209,0.000528186894893083,"Exiting naïve pluripotency",FALSE,999,FALSE
"B-S",NA,"Gata6",0.00161120303979775,119.102321553369,1.35278894549153e-05,1.35277064535978e-05,"Exiting naïve pluripotency",FALSE,2561,FALSE
"B-S",NA,"Nefl",0.0329465870693246,2111.79913307572,1.56011935762752e-05,1.56009501828315e-05,"Epiblast",FALSE,2533,FALSE
"B-S",NA,"Calml4",7.13031385689417,8215.0584992617,0.000867956552900382,0.000867203857629452,"Exiting naïve pluripotency",FALSE,732,FALSE
"B-S",NA,"Duxf3",0.0145812144850459,103.701198885262,0.000140607964438087,0.000140588196617936,"Epiblast",FALSE,1725,FALSE
"B-S",NA,"Ifi30",124.281471455295,14693.0721215726,0.00845850822938677,0.00838756196746051,"Exiting naïve pluripotency",FALSE,88,TRUE
"B-S",NA,"Zfp990",290.750286021286,103269.696268767,0.00281544631703559,0.00280754183371992,"Exiting naïve pluripotency",FALSE,288,TRUE
"B-S",NA,"Hes6",20.5537348705425,41198.2358510977,0.000498898422370064,0.000498649646847937,"Exiting naïve pluripotency",FALSE,1037,FALSE
"B-S",NA,"Prss1",0.00210774623268976,34.4249097466311,6.12273568239645e-05,6.12236082642553e-05,"Epiblast",FALSE,2097,FALSE
"B-S",NA,"Cth",19.3534981182919,8058.1572749724,0.00240172752378529,0.00239597304936638,"Exiting naïve pluripotency",FALSE,338,TRUE
"B-S",NA,"Psma3",54.0837462556352,156943.498438985,0.000344606478086515,0.000344487765370947,"Epiblast",FALSE,1258,FALSE
"B-S",NA,"Crabp2",9.74797176969082,15826.4490934495,0.00061592917729887,0.000615550042067873,"Epiblast",FALSE,920,FALSE
"B-S",NA,"Fam162a",35.3696032785771,64321.6721853925,0.000549886252593563,0.000549584043883187,"Epiblast",FALSE,976,FALSE
"B-S",NA,"Car2",55.1601123843906,83935.9743872,0.000657168905074417,0.000656737317730403,"Exiting naïve pluripotency",FALSE,878,FALSE
"B-S",NA,"Dnaja1",163.784682110589,185355.881673558,0.00088362279433377,0.000882842694405183,"Epiblast",FALSE,716,FALSE
"B-S",NA,"Ass1",2.96700483765239,10677.4142035885,0.00027787672006348,0.000277799526042348,"Exiting naïve pluripotency",FALSE,1380,FALSE
"B-S",NA,"Neat1",2.00579718417543,5881.97048212739,0.000341007692961079,0.000340891446355408,"Exiting naïve pluripotency",FALSE,1264,FALSE
"B-S",NA,"Serpinh1",3.01443416810095,3461.02700141839,0.000870965227045493,0.000870207306741001,"Epiblast",FALSE,729,FALSE
"B-S",NA,"Fgf1",0.0192199957351878,243.473749413509,7.89407309062509e-05,7.89344997591462e-05,"Exiting naïve pluripotency",FALSE,1990,FALSE
"B-S",NA,"Hmgcs1",1102.58951537962,159051.394308532,0.00693228449944164,0.00688455877933019,"Epiblast",FALSE,113,TRUE
"B-S",NA,"Meis2",0.402656471689171,337.709201045822,0.00119231714872506,0.00119089722154544,"Exiting naïve pluripotency",FALSE,593,FALSE
"B-S",NA,"Bri3",75.8485138935954,90602.5377777001,0.0008371566156314,0.000836456370647025,"Exiting naïve pluripotency",FALSE,752,FALSE
"B-S",NA,"Zfp600",35.8124517224321,16971.8163368235,0.00211011308463964,0.00210566988306745,"Exiting naïve pluripotency",FALSE,372,TRUE
"B-S",NA,"Mif",98.1203485015238,179812.481914988,0.000545681520306879,0.000545383914383327,"Exiting naïve pluripotency",FALSE,981,FALSE
"B-S",NA,"S100a11",1.22370602179742,11473.4173308199,0.000106655757958904,0.000106644383721326,"Exiting naïve pluripotency",FALSE,1842,FALSE
"B-S",NA,"Hsp90b1",80.7514784595923,196087.755707295,0.000411812956746428,0.000411643436645657,"Epiblast",FALSE,1149,FALSE
"B-S",NA,"Fdps",634.317579234588,187576.073961814,0.00338165505779656,0.00337025800775854,"Epiblast",FALSE,255,TRUE
"B-S",NA,"Npm1",41.496035372067,139965.999607854,0.00029647225389257,0.000296384384146183,"Exiting naïve pluripotency",FALSE,1343,FALSE
"B-S",NA,"Ly6a",0.125556339556373,193.000625142272,0.00065054887497809,0.000650125936281648,"Exiting naïve pluripotency",FALSE,884,FALSE
"B-S",NA,"Zfp987",39.9427237298351,15689.9088260383,0.00254575881687393,0.00253929438580264,"Exiting naïve pluripotency",FALSE,322,TRUE
"B-S",NA,"Pmm1",139.300832653467,177704.805884097,0.000783888944142129,0.000783274943573638,"Exiting naïve pluripotency",FALSE,786,FALSE
"B-S",NA,"Prdx6",3.28720519579052,184203.920811233,1.78454681166051e-05,1.78451496615558e-05,"Epiblast",FALSE,2506,FALSE
"B-S",NA,"Hmgb1-ps3",0.0961969188934804,227.328830922778,0.000423161983031346,0.000422982992709362,"Exiting naïve pluripotency",FALSE,1130,FALSE
"B-S",NA,"Ndufa12",82.4601516065274,73944.5688685916,0.00111516170650841,0.00111391950613104,"Epiblast",FALSE,614,FALSE
"B-S",NA,"Gabarapl2",129.782309198491,43845.3254968378,0.00296000332368045,0.00295126756188819,"Exiting naïve pluripotency",FALSE,280,TRUE
"B-S",NA,"Bst2",79.7542939462422,163110.705469914,0.000488958058984993,0.0004887190958445,"Exiting naïve pluripotency",FALSE,1055,FALSE
"B-S",NA,"Mecom",0.00430612739292165,827.354057887833,5.20469725369431e-06,5.2046701649618e-06,"Epiblast",FALSE,2671,FALSE
"B-S",NA,"Tbx3",1.97757838745243,363.792199593934,0.00543601096906368,0.00540662052060809,"Exiting naïve pluripotency",FALSE,139,TRUE
"B-S",NA,"Klhl13",0.750893866864251,35986.676329492,2.08658854735321e-05,2.086545009744e-05,"Epiblast",FALSE,2465,FALSE
"B-S",NA,"Cd63",413.708289327475,42303.513129601,0.00977952559306456,0.00968481271921298,"Exiting naïve pluripotency",FALSE,77,TRUE
"B-S",NA,"Cd24a",2.09696528518261,9197.18506291623,0.000228000770979127,0.000227948798477331,"Epiblast",FALSE,1488,FALSE
"B-S",NA,"Glo1",0.537361560595591,151548.530832982,3.545805146655e-06,3.54579257396544e-06,"Epiblast",FALSE,2710,FALSE
"B-S",NA,"Jun",2.14868389806444,4336.50714569522,0.000495487226441539,0.000495241840435604,"Epiblast",FALSE,1044,FALSE
"B-S",NA,"Nnat",45.7726224220042,13120.8503058374,0.00348854086092578,0.00347641325124934,"Epiblast",FALSE,244,TRUE
"B-S",NA,"Pdgfa",69.5273303140405,9300.76301062515,0.0074754437065661,0.00741997609297896,"Exiting naïve pluripotency",FALSE,104,TRUE
"B-S",NA,"Psme2",150.073035847876,61104.3739509885,0.00245601134819332,0.00244999413479525,"Exiting naïve pluripotency",FALSE,332,TRUE
"B-S",NA,"Zfp992",741.638390399956,70188.3898656482,0.010566396975619,0.01045591562043,"Exiting naïve pluripotency",FALSE,68,TRUE
"B-S",NA,"Psmb8",1.14187553149908,2947.32926550357,0.000387427202268824,0.000387277160562005,"Epiblast",FALSE,1185,FALSE
"B-S",NA,"Prtg",22.9671356830894,7919.95642184958,0.00289990682521025,0.0028915216817501,"Epiblast",FALSE,283,TRUE
"B-S",NA,"Tuba1b",160.086997555657,193074.080887483,0.00082914804939017,0.000828461132458197,"Exiting naïve pluripotency",FALSE,759,FALSE
"B-S",NA,"Foxb1",0.020257837340735,141.091737198804,0.000143579189986093,0.000143558577961754,"Epiblast",FALSE,1712,FALSE
"B-S",NA,"Nanog",7.82439368602689,6319.31385694885,0.00123817140011538,0.00123664022755339,"Exiting naïve pluripotency",FALSE,580,FALSE
"B-S",NA,"Fthl17c",65.1801598482387,13410.6546983876,0.00486032645789289,0.00483681794366927,"Exiting naïve pluripotency",FALSE,158,TRUE
"B-S",NA,"Fgf4",268.948719805827,38971.7933422919,0.00690111223375409,0.00685381329894885,"Exiting naïve pluripotency",FALSE,114,TRUE
"B-S",NA,"Igfbp4",0.0116843114604654,927.842182546537,1.25929944555839e-05,1.25928358740715e-05,"Epiblast",FALSE,2568,FALSE
"B-S",NA,"Fyb",1.02361910802645,3665.21625796684,0.000279279321050013,0.000279201345887698,"Epiblast",FALSE,1375,FALSE
"B-S",NA,"Mdm2",2.48663460672655,34314.0195313413,7.24670161260279e-05,7.24617650381324e-05,"Exiting naïve pluripotency",FALSE,2020,FALSE
"B-S",NA,"Mtf2",119.699617045125,75631.1953303832,0.00158267519800838,0.00158017429534261,"Exiting naïve pluripotency",FALSE,465,TRUE
"B-S",NA,"Mybl2",1058.69707025162,27254.5432852061,0.0388447921938318,0.0373922962176086,"Exiting naïve pluripotency",FALSE,13,TRUE
"B-S",NA,"Dppa2",12.1578228515303,43125.0388669924,0.000281920275806077,0.000281840819164605,"Exiting naïve pluripotency",FALSE,1370,FALSE
"B-S",NA,"Dll3",0.0271012041941734,2412.45012113907,1.1233892032295e-05,1.12337658333825e-05,"Exiting naïve pluripotency",FALSE,2582,FALSE
"B-S",NA,"Zfp57",81.2849129670948,3955.12365913491,0.0205518006445528,0.0201379299233736,"Exiting naïve pluripotency",FALSE,34,TRUE
"B-S",NA,"Acta2",0.00345974872028364,394.260074748711,8.77529565348147e-06,8.77521864834341e-06,"Epiblast",FALSE,2615,FALSE
"B-S",NA,"Lmo1",3.06537541425305,1855.19024903502,0.00165232402221148,0.00164959835122874,"Epiblast",FALSE,444,TRUE
"B-S",NA,"Ran",43.7202462744916,181731.186120235,0.000240576464655692,0.000240518601540849,"Exiting naïve pluripotency",FALSE,1455,FALSE
"B-S",NA,"Cycs",230.176271135723,196761.977150251,0.00116982088953068,0.00116845400762411,"Epiblast",FALSE,601,FALSE
"B-S",NA,"Gstp-ps",0.0307743817976358,12604.1740756154,2.44160240988526e-06,2.44159644847749e-06,"Epiblast",FALSE,2734,FALSE
"B-S",NA,"Dll1",7.75689920874307e-06,1546.274250597,5.01650933251214e-09,5.01650930734677e-09,"Exiting naïve pluripotency",FALSE,2851,FALSE
"B-S",NA,"Dynll1",74.6445070207174,193621.605134557,0.000385517447646626,0.000385368881219136,"Exiting naïve pluripotency",FALSE,1191,FALSE
"B-S",NA,"Pga5",0.455222654540664,43.9780949234531,0.0103511226516976,0.010245074627651,"Exiting naïve pluripotency",FALSE,72,TRUE
"B-S",NA,"Actc1",0.00425865618911949,111.111097650773,3.83279103452349e-05,3.83264413728261e-05,"Epiblast",FALSE,2266,FALSE
"B-S",NA,"Ppp1ccb",0.0288226157226244,4184.39522253558,6.8881198332788e-06,6.88807238741078e-06,"Epiblast",FALSE,2646,FALSE
"B-S",NA,"Fosb",3.0497828346917,6714.26927819873,0.000454224087287408,0.000454017861438684,"Epiblast",FALSE,1098,FALSE
"B-S",NA,"Cldn5",0.58120618372574,1468.4686632137,0.000395790661581968,0.000395634073310348,"Exiting naïve pluripotency",FALSE,1172,FALSE
"B-S",NA,"Akap12",247.305176397658,161346.466998095,0.00153275854748389,0.00153041279419242,"Exiting naïve pluripotency",FALSE,480,TRUE
"B-S",NA,"Nelfa",24.5772182508537,17221.59674134,0.00142711611588586,0.00142508235788646,"Epiblast",FALSE,505,FALSE
"B-S",NA,"Atf3",0.00105375556705246,1579.09459052327,6.67316304784039e-07,6.67315859473286e-07,"Exiting naïve pluripotency",FALSE,2791,FALSE
"B-S",NA,"Acta1",0.0299076800186769,274.17854353774,0.000109081037607015,0.000109069140232028,"Epiblast",FALSE,1836,FALSE
"B-S",NA,"Mgll",0.0543424980964106,615.052113073275,8.83542986705201e-05,8.83464928781018e-05,"Epiblast",FALSE,1941,FALSE
"B-S",NA,"Lima1",148.956279564466,14978.2471787078,0.00994484052688181,0.00984691453217747,"Exiting naïve pluripotency",FALSE,74,TRUE
"B-S",NA,"Enpp2",17.7956171893731,31505.1254499619,0.000564848320240371,0.000564529446730659,"Epiblast",FALSE,964,FALSE
"B-S",NA,"Sox4",12.1919534878589,25376.0398663755,0.000480451384536713,0.000480220661854841,"Epiblast",FALSE,1064,FALSE
"B-S",NA,"Sinhcaf",43.5379027657635,87603.1673652624,0.000496990052702452,0.000496743176285091,"Exiting naïve pluripotency",FALSE,1041,FALSE
"B-S",NA,"Foxd3",11.057676034512,15241.3821977799,0.000725503493779107,0.000724977520055395,"Epiblast",FALSE,821,FALSE
"B-S",NA,"Psors1c2",89.6317168562769,33087.957654976,0.0027088923949586,0.00270157412136682,"Epiblast",FALSE,301,TRUE
"B-S",NA,"Phb",7.97869487250139,190498.831430695,4.18831696372064e-05,4.18814155107759e-05,"Exiting naïve pluripotency",FALSE,2237,FALSE
"B-S",NA,"Tomm20",115.509485055162,195620.318892936,0.000590477950904381,0.000590129492450911,"Exiting naïve pluripotency",FALSE,941,FALSE
"B-S",NA,"Tagln",0.597819569936149,1052.95511511827,0.000567754086905215,0.000567431925110693,"Epiblast",FALSE,962,FALSE
"B-S",NA,"Znrd2",14.8357887301591,93290.215570523,0.000159028346535912,0.0001590030605421,"Epiblast",FALSE,1658,FALSE
"B-S",NA,"Bex4",628.873216398718,158163.59743491,0.00397609327682068,0.003960346569452,"Epiblast",FALSE,213,TRUE
"B-S",NA,"Rtl8b",4.77470790595045,5364.21005154014,0.000890104574592407,0.000889312993029068,"Epiblast",FALSE,712,FALSE
"B-S",NA,"Chac1",0.0945241852068519,7731.80297628475,1.22253742751567e-05,1.22252248172077e-05,"Epiblast",FALSE,2570,FALSE
"B-S",NA,"Btg2",9.35402433379111,15581.8882117464,0.000600313916174778,0.000599953755586238,"Epiblast",FALSE,934,FALSE
"B-S",NA,"Tpm1",112.746999721322,55696.1385244359,0.00202432345775383,0.00202023385097914,"Epiblast",FALSE,386,TRUE
"B-S",NA,"Hmgb2",72.144765113555,191769.441428062,0.000376205742564143,0.000376064265028066,"Exiting naïve pluripotency",FALSE,1205,FALSE
"B-S",NA,"Myo10",81.8501357800305,164677.557178966,0.000497032729791336,0.000496785810983581,"Epiblast",FALSE,1040,FALSE
"B-S",NA,"Otx2",62.2501587581271,45816.7892390605,0.00135867571237525,0.00135683221739571,"Exiting naïve pluripotency",FALSE,537,FALSE
"B-S",NA,"Prc1",2.45857508264529,101225.721637213,2.42880469793703e-05,2.42874570844716e-05,"Epiblast",FALSE,2414,FALSE
"B-S",NA,"Hnrnpa2b1",8.89361128358911,196480.150650522,4.52646807025718e-05,4.52626319039909e-05,"Epiblast",FALSE,2216,FALSE
"B-S",NA,"Snhg1",6.35061842933919,127401.539713441,4.98472659249125e-05,4.98447812988441e-05,"Epiblast",FALSE,2183,FALSE
"B-S",NA,"Rtraf-ps",2.95718576415538,20411.5859412711,0.000144877804824373,0.000144856818286526,"Epiblast",FALSE,1705,FALSE
"B-S",NA,"Atp5l",3.12355596597521,198612.238104419,1.57269058331291e-05,1.57266585014517e-05,"Exiting naïve pluripotency",FALSE,2532,FALSE
"B-S",NA,"Tubb5",76.7794272105153,198399.508343471,0.000386994039710997,0.000386844333259729,"Exiting naïve pluripotency",FALSE,1186,FALSE
"B-S",NA,"Sat1",140.30864443226,14191.6105527368,0.00988673159475916,0.00978994107502191,"Exiting naïve pluripotency",FALSE,76,TRUE
"B-S",NA,"Wdr89",26.3509373474448,36619.5040799998,0.000719587498778737,0.000719070064949253,"Exiting naïve pluripotency",FALSE,827,FALSE
"B-S",NA,"Dnmt3a",110.533169273928,86455.8003954007,0.00127849338932045,0.00127686093106101,"Exiting naïve pluripotency",FALSE,566,FALSE
"B-S",NA,"Usp26",0.168642012156353,1068.27983751746,0.000157863142440518,0.000157838225602228,"Exiting naïve pluripotency",FALSE,1660,FALSE
"B-S",NA,"Tbx6",0.0402594031469877,80.3729254947523,0.000500907524507321,0.000500656741778169,"Exiting naïve pluripotency",FALSE,1035,FALSE
"B-S",NA,"Macroh2a2",0.0605649921143046,2063.91885639769,2.93446575801983e-05,2.9343796496538e-05,"Exiting naïve pluripotency",FALSE,2357,FALSE
"B-S",NA,"Scd2",526.587007181346,150400.880901743,0.00350122289194148,0.00348900710041138,"Epiblast",FALSE,242,TRUE
"B-S",NA,"Wnt6",0.0536012857442176,184.816648998099,0.00029002411868624,0.000289940029084832,"Exiting naïve pluripotency",FALSE,1355,FALSE
"B-S",NA,"Raly",28.9982281036301,55028.8760240845,0.000526963845144474,0.000526686300506375,"Epiblast",FALSE,1001,FALSE
"B-S",NA,"Atp5g1",74.9321136828248,196608.776817472,0.00038112293304378,0.000380977733692491,"Exiting naïve pluripotency",FALSE,1200,FALSE
"B-S",NA,"Car4",24.839585219218,15685.0062794151,0.00158365159546142,0.00158114760852851,"Epiblast",FALSE,464,TRUE
"B-S",NA,"Tubb2b",5.04743330283531,10698.6457105321,0.000471782451667359,0.000471559977944856,"Exiting naïve pluripotency",FALSE,1076,FALSE
"B-S",NA,"Ndufa4l2",3.15766522580483,1822.72846945517,0.00173238377450082,0.00172938781111702,"Exiting naïve pluripotency",FALSE,432,TRUE
"B-S",NA,"Atox1",28.8715792372162,199710.137904302,0.000144567419261665,0.000144546522543938,"Exiting naïve pluripotency",FALSE,1707,FALSE
"B-S",NA,"Phc1",258.927665852144,148200.310828794,0.00174714657752146,0.00174409938025838,"Epiblast",FALSE,429,TRUE
"B-S",NA,"Lgals3",19.8207231107084,535.416691791242,0.0370192476525115,0.035697744025785,"Exiting naïve pluripotency",FALSE,14,TRUE
"B-S",NA,"Folr1",11.6409556135501,1604.15533564376,0.00725675086127396,0.007204469818712,"Exiting naïve pluripotency",FALSE,107,TRUE
"B-S",NA,"Pim2",2232.52099600024,170993.825682973,0.0130561497591111,0.0128878836204841,"Epiblast",FALSE,53,TRUE
"B-S",NA,"Fgf5",28.6691144295909,36484.4919235251,0.000785789054968451,0.000785172075345378,"Epiblast",FALSE,785,FALSE
"B-S",NA,"Fn1",461.143005939615,13522.0821382809,0.0341029584958757,0.0329783008700402,"Exiting naïve pluripotency",FALSE,17,TRUE
"B-S",NA,"Cyba",0.853018000008265,13945.1852869948,6.1169355763511e-05,6.11656143022893e-05,"Exiting naïve pluripotency",FALSE,2098,FALSE
"B-S",NA,"Cited1",0.00323472651374214,1134.74197412151,2.85062735627313e-06,2.85061923021997e-06,"Epiblast",FALSE,2726,FALSE
"B-S",NA,"Pcdh8",0.663100135132831,244.671337923248,0.00271016679256825,0.00270284164090749,"Exiting naïve pluripotency",FALSE,300,TRUE
"B-S",NA,"Dnmt3l",183.067060814183,9249.99648849357,0.0197910411146541,0.0194069572262785,"Exiting naïve pluripotency",FALSE,35,TRUE
"B-S",NA,"Limch1",0.325154768160575,927.699370061051,0.000350495838041991,0.000350373033751899,"Epiblast",FALSE,1252,FALSE
"B-S",NA,"Frzb",0.00239146097442321,44.3344377521815,5.39413849746079e-05,5.39384754585382e-05,"Epiblast",FALSE,2163,FALSE
"B-S",NA,"Hnrnpu",7.72548557194468,193326.791424363,3.99607603013842e-05,3.99591635028296e-05,"Exiting naïve pluripotency",FALSE,2247,FALSE
"B-S",NA,"Dstn",27.3950511829292,116043.179430747,0.000236076358104942,0.000236020639211999,"Epiblast",FALSE,1467,FALSE
"B-S",NA,"Egr1",64.7546528281536,25062.0662653915,0.00258377151119316,0.00257711284045486,"Epiblast",FALSE,315,TRUE
"B-S",NA,"Zfp981",276.22287963375,15484.4895065691,0.0178386817025235,0.0175260402490157,"Exiting naïve pluripotency",FALSE,37,TRUE
"B-S",NA,"Odc1",210.502757824389,192247.33105991,0.00109495802445648,0.00109376040272668,"Exiting naïve pluripotency",FALSE,624,FALSE
"B-S",NA,"Commd3",0.172710767827856,16344.9833071321,1.05665918760831e-05,1.0566480224399e-05,"Exiting naïve pluripotency",FALSE,2591,FALSE
"B-S",NA,"Gnb2",0.00387221789644095,6606.40092394831,5.86131229548014e-07,5.86130885998397e-07,"Exiting naïve pluripotency",FALSE,2797,FALSE
"B-S",NA,"Ube2n",9.65363623990341,56354.6315463885,0.000171301558984677,0.000171272219786417,"Epiblast",FALSE,1626,FALSE
"B-S",NA,"Slbp",17.5148343906782,70436.1485672686,0.000248662579470129,0.000248600761763451,"Epiblast",FALSE,1440,FALSE
"B-S",NA,"Trp53i11",2.06112176659078,8968.71667361016,0.000229812340115001,0.000229759538537786,"Epiblast",FALSE,1484,FALSE
"B-S",NA,"Cbx3",64.5846556378193,173197.776893795,0.00037289540775932,0.000372756408606338,"Epiblast",FALSE,1212,FALSE
"B-S",NA,"6820431F20Rik",0.38246815673375,17397.3010149266,2.19843386284803e-05,2.19838553279604e-05,"Epiblast",FALSE,2448,FALSE
"B-S",NA,"Gabra1",0.000180192664313486,11.8089622173515,1.525897542874e-05,1.52587425959616e-05,"Epiblast",FALSE,2537,FALSE
"B-S",NA,"Snrpg",39.1663155544586,190160.57376599,0.000205964437205877,0.000205922024591973,"Exiting naïve pluripotency",FALSE,1535,FALSE
"B-S",NA,"Fgfbp3",0.156095026450892,498.916469989654,0.000312868056759339,0.000312770200954354,"Epiblast",FALSE,1319,FALSE
"B-S",NA,"Hnrnpa1",35.3379507589804,194301.834624938,0.000181871420963129,0.000181838349764071,"Exiting naïve pluripotency",FALSE,1595,FALSE
"B-S",NA,"Hmga2",0.171305586100219,1564.74056792928,0.00010947858680939,0.000109466602560439,"Exiting naïve pluripotency",FALSE,1834,FALSE
"B-S",NA,"Sod2",22.0267635014642,42085.313545583,0.000523383614039297,0.00052310982692754,"Exiting naïve pluripotency",FALSE,1007,FALSE
"B-S",NA,"Grcc10",1.89664292635238,8927.85539047903,0.000212441044730073,0.00021239592311827,"Epiblast",FALSE,1523,FALSE
"B-S",NA,"Ube2d2a",24.3378751864092,59358.9116004069,0.000410012153697278,0.000409844112629979,"Epiblast",FALSE,1151,FALSE
"B-S",NA,"Cypt3",0.0424358334461321,343.664582683263,0.000123480380535003,0.000123465135013148,"Epiblast",FALSE,1787,FALSE
"B-S",NA,"Klf5",52.135289269434,3980.98800363019,0.0130960679162793,0.0129267779542517,"Exiting naïve pluripotency",FALSE,51,TRUE
"B-S",NA,"Gjb3",0.015934944895113,884.493253797541,1.80159032606488e-05,1.80155786937259e-05,"Epiblast",FALSE,2502,FALSE
"B-S",NA,"Dusp4",24.3970185271769,19334.9924064844,0.00126180647058309,0.00126021632147432,"Exiting naïve pluripotency",FALSE,569,FALSE
"B-S",NA,"Sparc",0.0664088190895,7904.95528688674,8.40091014805148e-06,8.40083957335306e-06,"Exiting naïve pluripotency",FALSE,2620,FALSE
"B-S",NA,"Rbx1-ps",0.0346132306439338,295.258302892439,0.000117230337995078,0.000117216596653834,"Exiting naïve pluripotency",FALSE,1808,FALSE
"B-S",NA,"Wnt8a",1.33699397952672,3577.22455427828,0.000373751761803074,0.000373612123613642,"Epiblast",FALSE,1210,FALSE
"B-S",NA,"Jade1",191.051938935242,54165.2885527686,0.00352720245825177,0.00351480502931211,"Exiting naïve pluripotency",FALSE,238,TRUE
"B-S",NA,"Rack1",114.313480478989,173829.119502981,0.000657619855671123,0.000657187676006479,"Exiting naïve pluripotency",FALSE,877,FALSE
"B-S",NA,"Rbbp7",3.54249277206501,105673.040788294,3.35231459759171e-05,3.3522022212273e-05,"Epiblast",FALSE,2310,FALSE
"B-S",NA,"Pdgfrl",0.176137496359884,495.403424359596,0.000355543558439418,0.000355417192146192,"Epiblast",FALSE,1244,FALSE
"B-S",NA,"Sfn",0.647339640450404,3723.26155767194,0.000173863595243942,0.000173833371948922,"Exiting naïve pluripotency",FALSE,1619,FALSE
"B-S",NA,"Tmem176b",0.0737716391328348,242.578025025121,0.000304115095030537,0.000304022637157346,"Epiblast",FALSE,1333,FALSE
"B-S",NA,"Tmem167",9.25877878940546,137483.719626196,6.73445467912794e-05,6.73400118087032e-05,"Epiblast",FALSE,2055,FALSE
"B-S",NA,"Zscan4f",0.00432480648877627,64.4211248048622,6.71333588458215e-05,6.71288522604938e-05,"Epiblast",FALSE,2059,FALSE
"B-S",NA,"Krt7",1.7667492162185,2744.20261222255,0.000643811505881336,0.000643397279310064,"Epiblast",FALSE,891,FALSE
"B-S",NA,"Crip2",65.6553191629077,49956.5495634948,0.0013142484766579,0.00131252349465447,"Epiblast",FALSE,552,FALSE
"B-S",NA,"Pkdcc",1.87353084768355,2679.51589991921,0.0006992049749509,0.0006987164289477,"Epiblast",FALSE,843,FALSE
"B-S",NA,"Sox11",64.8543564714521,26061.3787680751,0.00248852361375822,0.00248234623653109,"Epiblast",FALSE,327,TRUE
"B-S",NA,"Sox9",0.221448841411657,459.236086774526,0.000482211323955434,0.000481978908267959,"Epiblast",FALSE,1062,FALSE
"B-S",NA,"Prdx2",2.78649345957059,159614.299040579,1.74576681182065e-05,1.74573633533509e-05,"Exiting naïve pluripotency",FALSE,2509,FALSE
"B-S",NA,"Lmo2",0.0541711232934361,758.201225045626,7.14468949719467e-05,7.14417906778315e-05,"Epiblast",FALSE,2029,FALSE
"B-S",NA,"Ngb",2.6254394313006,2937.11216193754,0.000893884634480102,0.000893086318342871,"Epiblast",FALSE,708,FALSE
"B-S",NA,"Rian",111.069394961917,89635.1785036009,0.00123912728033955,0.00123759374416917,"Epiblast",FALSE,578,FALSE
"B-S",NA,"Calca",0.0317611284633154,26319.7269973736,1.20674232169979e-06,1.20674086547452e-06,"Exiting naïve pluripotency",FALSE,2770,FALSE
"B-S",NA,"Zfp36l2",120.736922472801,63941.8293461891,0.00188823065757341,0.00188467196219492,"Epiblast",FALSE,404,TRUE
"B-S",NA,"Cthrc1",24.1104450011718,18824.9463757838,0.00128077097909757,0.00127913270305308,"Epiblast",FALSE,565,FALSE
"B-S",NA,"Atp5o",0.0322620379885856,178.476526145947,0.000180763480135218,0.000180730810604925,"Epiblast",FALSE,1599,FALSE
"B-S",NA,"Ppp1r1a",12.5609050788959,15038.7360616071,0.000835236753104743,0.000834539714862964,"Epiblast",FALSE,755,FALSE
"B-S",NA,"Tuba3a",9.19114381187781,12128.5416171051,0.000757811128661618,0.000757237285819387,"Exiting naïve pluripotency",FALSE,800,FALSE
"B-S",NA,"Ndufab1",224.312860240803,172180.053459047,0.00130278075615858,0.00130108572671171,"Epiblast",FALSE,559,FALSE
"B-S",NA,"Sycp3",48.4629269160928,11559.0711993314,0.00419263157743122,0.00417512680893231,"Exiting naïve pluripotency",FALSE,199,TRUE
"B-S",NA,"Snhg4",49.050295117922,58205.9052765266,0.000842703070846372,0.000841993520321165,"Epiblast",FALSE,747,FALSE
"B-S",NA,"Igfbp3",0.000272686372252822,2666.55489338418,1.02261675891003e-07,1.02261665433554e-07,"Exiting naïve pluripotency",FALSE,2832,FALSE
"B-S",NA,"Klf4",0.0944643102514873,942.482656672743,0.000100229229241179,0.000100219184349576,"Exiting naïve pluripotency",FALSE,1879,FALSE
"B-S",NA,"Smad7",27.0970355188288,22196.8453307272,0.00122076065833185,0.00121927221877537,"Exiting naïve pluripotency",FALSE,584,FALSE
"B-S",NA,"Wfdc2",20.4000460837659,7636.0807873277,0.00267153355915516,0.00266441548377472,"Exiting naïve pluripotency",FALSE,304,TRUE
"B-S",NA,"Adcy2",0.0178986340085376,505.459997893049,3.54105845826494e-05,3.5409330717549e-05,"Epiblast",FALSE,2293,FALSE
"B-S",NA,"Med29",23.7700438516591,33617.3582678749,0.000707076494894424,0.000706576890982974,"Epiblast",FALSE,837,FALSE
"B-S",NA,"Cfc1",0.00114568138958314,668.527656197323,1.71373821107108e-06,1.71373527417746e-06,"Epiblast",FALSE,2757,FALSE
"B-S",NA,"Idi1",487.389455716983,120321.574179192,0.00405072372965405,0.00403438156451618,"Epiblast",FALSE,208,TRUE
"B-S",NA,"Atf4",20.3418226062177,80926.2371858181,0.000251362516207321,0.000251299348970642,"Epiblast",FALSE,1434,FALSE
"B-S",NA,"Cwc22",10.2306119904658,23531.269590281,0.000434766681466744,0.000434577741544214,"Epiblast",FALSE,1115,FALSE
"B-S",NA,"Cdk2ap1",371.139150094658,169429.581022632,0.00219052155978053,0.00218573366306764,"Epiblast",FALSE,353,TRUE
"B-S",NA,"Smc6",50.6535087462816,45803.4172654348,0.00110588929321016,0.00110466765308006,"Epiblast",FALSE,616,FALSE
"B-S",NA,"Calm1",36.5203994407547,200712.318087392,0.000181953951749257,0.000181920850531597,"Exiting naïve pluripotency",FALSE,1593,FALSE
"B-S",NA,"Aldh1a2",0.000830033169648256,160.578951099205,5.16900355847674e-06,5.16897684001706e-06,"Epiblast",FALSE,2672,FALSE
"B-S",NA,"Hmgn5",6.20818768987135,22080.8669578467,0.000281156881282018,0.000281077854309103,"Exiting naïve pluripotency",FALSE,1372,FALSE
"B-S",NA,"Marcks",108.873779923143,67347.5540045531,0.00161659590362826,0.00161398673927703,"Epiblast",FALSE,456,TRUE
"B-S",NA,"Msmo1",353.980440820329,103443.019854926,0.00342198479236947,0.00341031474716747,"Epiblast",FALSE,251,TRUE
"B-S",NA,"Sumo3",23.2997223155204,39597.2423772398,0.000588417801763714,0.000588071769865611,"Epiblast",FALSE,943,FALSE
"B-S",NA,"Mthfd2",2.69212591169693,53803.4865909711,5.00362724104334e-05,5.00337689071426e-05,"Epiblast",FALSE,2182,FALSE
"B-S",NA,"Amot",1.27223711003886,2848.88589614217,0.000446573557670972,0.000446374218748053,"Epiblast",FALSE,1106,FALSE
"B-S",NA,"Zfp503",0.023261215820373,135.399907476157,0.000171796393763926,0.000171766884832544,"Epiblast",FALSE,1622,FALSE
"B-S",NA,"Dhx16",362.453912025617,30405.7868454148,0.0119205568949213,0.011780131171067,"Exiting naïve pluripotency",FALSE,61,TRUE
"B-S",NA,"Pdcd5",22.6532796927474,90076.102335617,0.000251490452021813,0.000251427220476485,"Exiting naïve pluripotency",FALSE,1431,FALSE
"B-S",NA,"Platr10",1.29732917097196,37010.862483196,3.50526597849748e-05,3.50514311390842e-05,"Exiting naïve pluripotency",FALSE,2299,FALSE
"B-S",NA,"Hspd1-ps3",0.00420090721173307,188.220050208095,2.23191270382118e-05,2.23186289058979e-05,"Epiblast",FALSE,2441,FALSE
"B-S",NA,"Zfp428",35.6089777118719,30608.4928045814,0.00116336919753664,0.00116201734235354,"Exiting naïve pluripotency",FALSE,602,FALSE
"B-S",NA,"Bmp2",0.0203651348990772,132.574908082691,0.000153612287525592,0.000153588694414905,"Epiblast",FALSE,1675,FALSE
"B-S",NA,"Myl9",0.914021422863092,2999.49857761259,0.000304724739556501,0.000304631910676859,"Epiblast",FALSE,1331,FALSE
"B-S",NA,"Gtsf1l",155.178446674925,11054.5485529378,0.0140375200246134,0.0138431958851707,"Exiting naïve pluripotency",FALSE,46,TRUE
"B-S",NA,"Hoxb4",0.00464141274594457,80.4084698499961,5.77229333502209e-05,5.77196016055044e-05,"Epiblast",FALSE,2122,FALSE
"B-S",NA,"Ndufab1-ps",1.67112524615747,1202.30245289976,0.00138993748380617,0.00138800823912677,"Exiting naïve pluripotency",FALSE,526,FALSE
"B-S",NA,"Atrx",17.1505912281145,112450.322836783,0.000152517047487786,0.000152493789585239,"Epiblast",FALSE,1682,FALSE
"B-S",NA,"Nusap1",0.027119642644732,33023.9842223159,8.21210501499877e-07,8.21209827113743e-07,"Exiting naïve pluripotency",FALSE,2783,FALSE
"B-S",NA,"Dnajb6",84.0735121749642,62283.219893739,0.00134985815310129,0.0013480384923517,"Exiting naïve pluripotency",FALSE,540,FALSE
"B-S",NA,"Pabpc1",43.3528600696534,191236.261039124,0.000226697906736338,0.000226646526443224,"Exiting naïve pluripotency",FALSE,1489,FALSE
"B-S",NA,"Cald1",3.44106685480115,27616.0213960814,0.000124604004517806,0.000124588480294244,"Epiblast",FALSE,1784,FALSE
"B-S",NA,"Akr1b3",252.615721152783,144732.837878332,0.00174539326980614,0.00174235218003747,"Epiblast",FALSE,430,TRUE
"B-S",NA,"Cdk1",97.742622732642,89116.9862012639,0.00109679003856681,0.00109558840811442,"Epiblast",FALSE,623,FALSE
"B-S",NA,"Cdh2",0.100770876740002,1033.98237215973,9.74589891020257e-05,9.7449491773069e-05,"Epiblast",FALSE,1890,FALSE
"B-S",NA,"Gdf3",46.5333122164615,6148.86724830508,0.00756778612016519,0.00751094489563468,"Exiting naïve pluripotency",FALSE,101,TRUE
"B-S",NA,"Prxl2a",42.146791546223,16097.7368757381,0.00261818116866757,0.00261134419646747,"Epiblast",FALSE,308,TRUE
"B-S",NA,"Arl4d",5.03693295981214,7531.57645665017,0.00066877538703928,0.000668328425437888,"Epiblast",FALSE,866,FALSE
"B-S",NA,"Plxna2",0.00871747729303187,373.112633730515,2.33641975772071e-05,2.33636517042326e-05,"Epiblast",FALSE,2426,FALSE
"B-S",NA,"Eif2s2",30.7558149596458,199047.201188751,0.000154515184217441,0.000154491312963758,"Exiting naïve pluripotency",FALSE,1670,FALSE
"B-S",NA,"Tdrd12",85.2479677782797,11127.6184942427,0.00766093552024506,0.00760269178867175,"Exiting naïve pluripotency",FALSE,99,TRUE
"B-S",NA,"Sae1",45.7098790671119,122268.731684243,0.000373847658656973,0.000373707948815287,"Epiblast",FALSE,1208,FALSE
"B-S",NA,"C1ql2",0.0147511791464253,19.4335559526776,0.000759057126876097,0.000758481396166734,"Exiting naïve pluripotency",FALSE,798,FALSE
"B-S",NA,"Fgf3",0.000648588385976777,395.864932638928,1.63840828651615e-06,1.63840560213883e-06,"Epiblast",FALSE,2760,FALSE
"B-S",NA,"Gpx1",393.168629722683,156450.71435637,0.00251305103552999,0.00250675144122481,"Exiting naïve pluripotency",FALSE,324,TRUE
"B-S",NA,"Pfkp",161.10095576436,7266.59665214589,0.0221700699070432,0.0216892184184764,"Exiting naïve pluripotency",FALSE,30,TRUE
"B-S",NA,"Rtl8a",1.83889173260878,3336.57796270536,0.000551131054979988,0.000550827476851559,"Epiblast",FALSE,974,FALSE
"B-S",NA,"E330020D12Rik",2.84280884461821,742.793770927746,0.0038271845509253,0.00381259305369125,"Exiting naïve pluripotency",FALSE,220,TRUE
"B-S",NA,"Smoc2",0.000303975901698417,140.266198941675,2.16713580315109e-06,2.16713110668368e-06,"Epiblast",FALSE,2739,FALSE
"B-S",NA,"Ppib",1.04906877018425,170545.971609482,6.15123746567535e-06,6.15119962818574e-06,"Epiblast",FALSE,2655,FALSE
"B-S",NA,"Srm",21.5150532243386,171024.101837971,0.000125801293461679,0.000125785469486918,"Exiting naïve pluripotency",FALSE,1779,FALSE
"B-S",NA,"Hells",37.8266154770361,174420.305649448,0.000216870480396132,0.00021682345778868,"Exiting naïve pluripotency",FALSE,1509,FALSE
"B-S",NA,"Set",58.0104356361446,180288.65392422,0.000321764206307337,0.000321660707405118,"Exiting naïve pluripotency",FALSE,1294,FALSE
"B-S",NA,"Hnrnpa3",10.9892198521292,192164.962774179,5.71863865997417e-05,5.71831165039343e-05,"Exiting naïve pluripotency",FALSE,2132,FALSE
"B-S",NA,"Bhlhe41",0.00364973680427124,1209.77702531247,3.01686734654972e-06,3.01685824508859e-06,"Exiting naïve pluripotency",FALSE,2720,FALSE
"B-S",NA,"Lef1",20.2298992890473,30404.5706328091,0.000665357177161302,0.000664914771345986,"Epiblast",FALSE,869,FALSE
"B-S",NA,"Cdc20",0.752976886980275,82005.9562804027,9.18197800664165e-06,9.18189369869565e-06,"Exiting naïve pluripotency",FALSE,2611,FALSE
"B-S",NA,"Hormad1",47.3965841919695,5148.30563256155,0.00920624911858374,0.0091222672537197,"Exiting naïve pluripotency",FALSE,84,TRUE
"B-S",NA,"Cox7c",98.0581266654437,190938.900424247,0.000513557616847946,0.000513294010799017,"Exiting naïve pluripotency",FALSE,1021,FALSE
"B-S",NA,"Dab2",3.43917400105329,2267.55190906857,0.00151669030697779,0.00151439344112469,"Epiblast",FALSE,484,TRUE
"B-S",NA,"Hmgcr",436.221610412897,109177.075806444,0.00399554217028359,0.00397964134546518,"Epiblast",FALSE,210,TRUE
"B-S",NA,"Pycr2",11.0689377546707,47924.1386865575,0.000230967901730396,0.000230914567877174,"Exiting naïve pluripotency",FALSE,1481,FALSE
"B-S",NA,"Cox6c",74.2458969493214,190315.720620288,0.000390119621791278,0.000389967487822418,"Exiting naïve pluripotency",FALSE,1180,FALSE
"B-S",NA,"Klf9",244.157179084989,22322.6649103504,0.0109376358094136,0.0108192982652746,"Exiting naïve pluripotency",FALSE,64,TRUE
"B-S",NA,"Nhp2",122.546224340841,198001.99014981,0.000618914104086131,0.000618531286349191,"Exiting naïve pluripotency",FALSE,915,FALSE
"B-S",NA,"Cenpa",4.92143714935069,107930.532089792,4.55981922266106e-05,4.55961131262795e-05,"Epiblast",FALSE,2212,FALSE
"B-S",NA,"1700097N02Rik",8.86326505858385,2273.89176791122,0.00389783945905464,0.00388270529713956,"Exiting naïve pluripotency",FALSE,218,TRUE
"B-S",NA,"Taf7l",4.108792208046,5213.95866718936,0.000788036973500001,0.000787416460215808,"Epiblast",FALSE,783,FALSE
"B-S",NA,"Triml2",83.7824960422002,3335.00759661372,0.0251221304944765,0.0245064756160894,"Exiting naïve pluripotency",FALSE,24,TRUE
"B-S",NA,"Zbed5",2.00083267160873,5647.14438029688,0.000354308750913066,0.000354183260684379,"Exiting naïve pluripotency",FALSE,1247,FALSE
"B-S",NA,"Slc38a2",749.599083419328,96356.0075522496,0.00777947428978784,0.00771942125063647,"Exiting naïve pluripotency",FALSE,97,TRUE
"B-S",NA,"Tmem176a",0.0590870647623449,348.238200492542,0.000169674276626669,0.000169645492150505,"Epiblast",FALSE,1632,FALSE
"B-S",NA,"Map7d3",0.678927791227124,31971.6981279668,2.12352746641644e-05,2.12348237368499e-05,"Epiblast",FALSE,2462,FALSE
"B-S",NA,"Plk2",0.827782606062276,12584.3182102855,6.57788997568188e-05,6.57745731777631e-05,"Epiblast",FALSE,2067,FALSE
"B-S",NA,"Sec61g",20.9973812670463,136050.26298433,0.000154335469895157,0.000154311654133506,"Exiting naïve pluripotency",FALSE,1671,FALSE
"B-S",NA,"Ttn",0.0361151118068597,732.376988213268,4.93121881054283e-05,4.93097565334387e-05,"Exiting naïve pluripotency",FALSE,2188,FALSE
"B-S",NA,"Mki67",9.96142236673998,50477.8004587966,0.000197342639263198,0.000197303702829745,"Epiblast",FALSE,1550,FALSE
"B-S",NA,"Dpm1",0.0349049474060768,13795.9920308854,2.53007883216621e-06,2.53007243088351e-06,"Epiblast",FALSE,2731,FALSE
"B-S",NA,"Id2",7.2517242740264,4820.73685783521,0.00150427714432081,0.00150201769343421,"Epiblast",FALSE,486,TRUE
"B-S",NA,"Eef2",61.7591647307588,196342.113748729,0.000314548741233355,0.000314449831434696,"Exiting naïve pluripotency",FALSE,1314,FALSE
"B-S",NA,"Dut",25.6226167064621,198553.515515721,0.000129046401620793,0.00012902975079575,"Epiblast",FALSE,1768,FALSE
"B-S",NA,"Tpi1",9.554530947619,166643.483147559,5.73351610705275e-05,5.73318739383007e-05,"Epiblast",FALSE,2129,FALSE
"B-S",NA,"Cyp51",99.9543210061714,74101.4745508826,0.00134888437257125,0.00134706733449494,"Epiblast",FALSE,541,FALSE
"B-S",NA,"Spink10",1.17257738873227,1400.23661971751,0.000837413742949264,0.000836713067927277,"Exiting naïve pluripotency",FALSE,751,FALSE
"B-S",NA,"Phgdh",276.08449738988,59561.6678760054,0.00463527142934662,0.0046138848208582,"Exiting naïve pluripotency",FALSE,175,TRUE
"B-S",NA,"Pabpn1",186.478179353131,170592.546698894,0.00109312032068011,0.00109192671340099,"Epiblast",FALSE,625,FALSE
"B-S",NA,"Txnip",24.4808314834867,20080.6266847961,0.00121912686629557,0.00121764240572521,"Exiting naïve pluripotency",FALSE,585,FALSE
"B-S",NA,"Nasp",27.1404559393272,195924.064960856,0.000138525381987913,0.000138506195364292,"Exiting naïve pluripotency",FALSE,1733,FALSE
"B-S",NA,"Gbx2",0.707786018855503,1347.57913845215,0.000525227794538641,0.000524952075117988,"Epiblast",FALSE,1004,FALSE
"B-S",NA,"Tcl1",0.00149467617134121,1040.81430009356,1.43606421549632e-06,1.43606215321885e-06,"Exiting naïve pluripotency",FALSE,2763,FALSE
"B-S",NA,"Pou4f3",0.026711784614468,238.735991119421,0.000111888385530886,0.000111875867920645,"Exiting naïve pluripotency",FALSE,1828,FALSE
"B-S",NA,"Zfp703",0.00908046451978957,88.8944128276221,0.000102148877876023,0.000102138444548525,"Epiblast",FALSE,1864,FALSE
"B-S",NA,"Kras",44.9419476383992,127571.036799319,0.00035228958520653,0.000352165520961227,"Exiting naïve pluripotency",FALSE,1250,FALSE
"B-S",NA,"Bex2",31.3494488246212,39608.1999157529,0.000791488855623377,0.000790862896454507,"Epiblast",FALSE,782,FALSE
"B-S",NA,"Pttg1",12.8012891306586,34252.9328932758,0.000373728263519635,0.000373588642884859,"Epiblast",FALSE,1211,FALSE
"B-S",NA,"Ahnak2",1.99395130411372,730.715537267801,0.00272876543937912,0.00272133954208786,"Exiting naïve pluripotency",FALSE,297,TRUE
"B-S",NA,"Mycn",32.9763311936048,26965.8648495236,0.00122289165868112,0.00122139802122903,"Exiting naïve pluripotency",FALSE,583,FALSE
"B-S",NA,"Pitx2",0.0147673755437803,1017.74876550775,1.45098437298648e-05,1.45096331973546e-05,"Epiblast",FALSE,2551,FALSE
"B-S",NA,"Eif1",69.4806861958467,192198.094331625,0.000361505593681707,0.000361374954614198,"Exiting naïve pluripotency",FALSE,1234,FALSE
"B-S",NA,"Sp140",2.50500500079728,808.464315494768,0.00309847318278266,0.00308890230183618,"Exiting naïve pluripotency",FALSE,276,TRUE
"B-S",NA,"Prph",1.42983498402035,4360.90959247928,0.0003278754016103,0.000327767934567119,"Exiting naïve pluripotency",FALSE,1288,FALSE
"B-S",NA,"Dcxr",0.0717759465857943,8825.21287664742,8.1330555522034e-06,8.13298940614876e-06,"Epiblast",FALSE,2625,FALSE
"B-S",NA,"Eprn",0.159112730516458,27.6269674385079,0.00575932667494581,0.00572634677322479,"Exiting naïve pluripotency",FALSE,128,TRUE
"B-S",NA,"Calr",51.8212577706078,169596.306053654,0.000305556524056683,0.000305463187786796,"Epiblast",FALSE,1329,FALSE
"B-S",NA,"Socs2",1.85574717932302,25696.5732723247,7.22176906491132e-05,7.22124756308871e-05,"Exiting naïve pluripotency",FALSE,2022,FALSE
"B-S",NA,"Pdzrn4",2.06780479188365,1581.50108395424,0.00130749502030912,0.00130578770938152,"Exiting naïve pluripotency",FALSE,556,FALSE
"B-S",NA,"Phlda3",0.179600740852165,49057.342545588,3.66103689137392e-06,3.66102348823187e-06,"Epiblast",FALSE,2705,FALSE
"B-S",NA,"Hmmr",85.0345921049924,52485.9845696988,0.00162013902953598,0.00161751842480496,"Exiting naïve pluripotency",FALSE,454,TRUE
"B-S",NA,"Alox15",0.238855346751767,484.409768115524,0.000493085322537929,0.000492842309228922,"Epiblast",FALSE,1048,FALSE
"B-S",NA,"Nsa2",8.79165136971173,94783.6111896542,9.27549737698889e-05,9.27463710826719e-05,"Epiblast",FALSE,1919,FALSE
"B-S",NA,"Adprh",219.639039164608,6118.21813631153,0.0358991840877744,0.0346550944717537,"Exiting naïve pluripotency",FALSE,15,TRUE
"B-S",NA,"2610005L07Rik",0.46680669868586,21861.8851410367,2.13525364200922e-05,2.13520804990157e-05,"Epiblast",FALSE,2459,FALSE
"B-S",NA,"Kpna2",5.45725588657287,52419.6686322402,0.000104107027552182,0.000104096190407219,"Epiblast",FALSE,1856,FALSE
"B-S",NA,"Pim1",15.5030583740422,3970.77291273094,0.00390429236694369,0.00388910815167289,"Exiting naïve pluripotency",FALSE,217,TRUE
"B-S",NA,"Vcp",22.5218647036561,153410.561373929,0.000146807784952695,0.000146786235590587,"Epiblast",FALSE,1698,FALSE
"B-S",NA,"Dnd1",0.500336385268731,3170.47683295719,0.000157811083830584,0.000157786183421964,"Epiblast",FALSE,1662,FALSE
"B-S",NA,"Maml3",0.00334768320507756,481.987355064158,6.94558305296607e-06,6.94553481217718e-06,"Exiting naïve pluripotency",FALSE,2644,FALSE
"B-S",NA,"Myl12b",9.24333126122453,28630.7462698495,0.00032284632660653,0.000322742130495259,"Epiblast",FALSE,1292,FALSE
"B-S",NA,"Gstt2",1.85434072206972,19527.3417094322,9.49612471406709e-05,9.49522303584572e-05,"Exiting naïve pluripotency",FALSE,1900,FALSE
"B-S",NA,"Pla2g1b",1.74948788873252,59972.3154534353,2.91715915169373e-05,2.91707405600095e-05,"Epiblast",FALSE,2359,FALSE
"B-S",NA,"H4c9",4.17991795654914,10526.8527889948,0.000397071949264739,0.000396914345711796,"Epiblast",FALSE,1170,FALSE
"B-S",NA,"Gng5",63.2159740244685,200259.192388347,0.000315670772814657,0.000315571156223894,"Exiting naïve pluripotency",FALSE,1310,FALSE
"B-S",NA,"Foxc1",0.000417767925642513,19.4334921480715,2.14973162033552e-05,2.14968540786857e-05,"Epiblast",FALSE,2454,FALSE
"B-S",NA,"Atp5g2",43.6231508489926,199536.11625453,0.000218622832136045,0.000218575046640315,"Exiting naïve pluripotency",FALSE,1504,FALSE
"B-S",NA,"Khdrbs1",91.4647570694827,132826.331444831,0.000688604104883165,0.000688130255564489,"Epiblast",FALSE,852,FALSE
"B-S",NA,"Rnf17",22.9833109593579,40637.1540860651,0.000565573832032671,0.000565254139083157,"Exiting naïve pluripotency",FALSE,963,FALSE
"B-S",NA,"Selenop",15.2999502936617,8631.93876222121,0.00177248132952749,0.0017693451981982,"Epiblast",FALSE,425,TRUE
"B-S",NA,"Smagp",198.824474748687,20422.1973609074,0.00973570430424302,0.00964183425696668,"Exiting naïve pluripotency",FALSE,78,TRUE
"B-S",NA,"Cenpm",144.903545196479,51581.164657168,0.00280923368364351,0.00280136399754147,"Exiting naïve pluripotency",FALSE,289,TRUE
"B-S",NA,"Ccne1",16.8104088327636,101001.9356453,0.000166436501690409,0.000166408805191023,"Epiblast",FALSE,1637,FALSE
"B-S",NA,"Oaz1-ps",0.000806894754449663,30.2638687590575,2.6661983002691e-05,2.66612721603059e-05,"Epiblast",FALSE,2384,FALSE
"B-S",NA,"Tfcp2l1",5.31709569861926,1633.16069931072,0.00325570882330401,0.00324514358071539,"Exiting naïve pluripotency",FALSE,266,TRUE
"B-S",NA,"Ttc3",50.6155708107338,32703.6697028363,0.0015477030948103,0.00154531141155619,"Epiblast",FALSE,476,TRUE
"B-S",NA,"4930566F21Rik",25.7600610798491,4874.63704721939,0.00528450853475198,0.00525672930388074,"Exiting naïve pluripotency",FALSE,144,TRUE
"B-S",NA,"Hmox1",0.0076048415924358,19528.2729410843,3.89427248143201e-07,3.89427096489679e-07,"Epiblast",FALSE,2805,FALSE
"B-S",NA,"Sfpq",140.156611485832,187400.050273154,0.000747900607718835,0.000747341670429347,"Epiblast",FALSE,807,FALSE
"B-S",NA,"Ostf1",131.705034864365,9702.28812384637,0.0135746365376079,0.0133928336880836,"Exiting naïve pluripotency",FALSE,49,TRUE
"B-S",NA,"Cubn",0.0360984106335552,88.5371769902848,0.000407720370816841,0.000407554202666202,"Exiting naïve pluripotency",FALSE,1154,FALSE
"B-S",NA,"Dppa4",215.298117419209,38002.7725395061,0.00566532658098547,0.00563341146526965,"Exiting naïve pluripotency",FALSE,132,TRUE
"B-S",NA,"Hspe1",28.2262943317097,183198.473532671,0.000154074942806092,0.000154051207375126,"Exiting naïve pluripotency",FALSE,1673,FALSE
"B-S",NA,"Gfra3",0.00934045703975016,190.489449792306,4.9033986133795e-05,4.9031581919887e-05,"Exiting naïve pluripotency",FALSE,2192,FALSE
"B-S",NA,"Grb10",2.11523383331651,2917.46040347428,0.00072502572127374,0.000724500439819797,"Epiblast",FALSE,822,FALSE
"B-S",NA,"Xist",4.96380368578081,1243.61496254603,0.00399143129929743,0.00397556311225883,"Exiting naïve pluripotency",FALSE,211,TRUE
"B-S",NA,"Cenpe",3.43871934554602,51031.775397517,6.73838861916871e-05,6.73793459095107e-05,"Epiblast",FALSE,2053,FALSE
"B-S",NA,"Cox8a",191.035623009992,194507.346339589,0.000982151196883147,0.000981187522383671,"Exiting naïve pluripotency",FALSE,672,FALSE
"B-S",NA,"Fam25c",41.4185708331105,2856.99310024253,0.0144972596642234,0.0142900924828734,"Exiting naïve pluripotency",FALSE,44,TRUE
"B-S",NA,"Ccng1",54.3770704410484,87557.80115278,0.000621041982840177,0.000620656529078695,"Epiblast",FALSE,913,FALSE
"B-S",NA,"Hspa1a",0.0884237141170163,409.115430261019,0.000216133901526523,0.000216087197757402,"Epiblast",FALSE,1512,FALSE
"B-S",NA,"Slc29a1",36.4363473556052,6013.40923949262,0.00605918305315264,0.00602269046912772,"Exiting naïve pluripotency",FALSE,123,TRUE
"B-S",NA,"Sap18b",2.6334341103018,109344.586484479,2.40838087642832e-05,2.40832287484075e-05,"Exiting naïve pluripotency",FALSE,2419,FALSE
"B-S",NA,"Ccnb1",0.222983097680704,105365.966962451,2.11627249394644e-06,2.11626801534665e-06,"Epiblast",FALSE,2740,FALSE
"B-S",NA,"Hspd1",24.5395044090728,186746.294540725,0.000131405576048639,0.00013138831089196,"Exiting naïve pluripotency",FALSE,1761,FALSE
"B-S",NA,"Thbs1",0.0215492837256732,157.527368822403,0.000136797077782515,0.000136778366901619,"Epiblast",FALSE,1742,FALSE
"B-S",NA,"Ctsh",0.0337025670293766,342.432253959915,9.84211231262165e-05,9.84114373620229e-05,"Exiting naïve pluripotency",FALSE,1888,FALSE
"B-S",NA,"Eif4a1",71.7406758584572,192970.299012196,0.00037177055860769,0.000371632396624,"Exiting naïve pluripotency",FALSE,1213,FALSE
"B-S",NA,"Sap18",43.7179753192804,139068.596656319,0.000314362669721337,0.000314263876890001,"Epiblast",FALSE,1315,FALSE
"B-S",NA,"Aldh2",316.781899995098,54052.3329555989,0.00586065175494491,0.00582650464029955,"Exiting naïve pluripotency",FALSE,127,TRUE
"B-S",NA,"Xlr3c",0.123411730155298,5953.52807327232,2.07291758158227e-05,2.07287461259999e-05,"Exiting naïve pluripotency",FALSE,2467,FALSE
"B-S",NA,"Ndufs5-ps",0.164994984730764,10444.0343849772,1.57980124010405e-05,1.57977628277875e-05,"Epiblast",FALSE,2530,FALSE
"B-S",NA,"Tuba4a",150.697992840251,45432.5515166977,0.00331696080914288,0.00330599495344707,"Exiting naïve pluripotency",FALSE,260,TRUE
"B-S",NA,"Apln",0.290185657628366,920.248993616928,0.000315333849470269,0.000315234445379122,"Epiblast",FALSE,1312,FALSE
"B-S",NA,"Pcdh7",0.000512749998893873,20.1289682329763,2.5473238019913e-05,2.54725891505866e-05,"Epiblast",FALSE,2400,FALSE
"B-S",NA,"Nanos3",0.00727361289288493,51.3561807218757,0.000141630720794365,0.000141610664373898,"Exiting naïve pluripotency",FALSE,1721,FALSE
"B-S",NA,"Ephx2",14.0608536855652,1319.95970662951,0.0106524870531611,0.0105402076278676,"Exiting naïve pluripotency",FALSE,67,TRUE
"B-S",NA,"Hmgb1-ps4",0.0038411355631244,100.740299242111,3.81290862943827e-05,3.8127632522592e-05,"Epiblast",FALSE,2269,FALSE
"B-S",NA,"Atp1b1",232.307697585335,11085.958347521,0.0209551299313046,0.0205250253580827,"Exiting naïve pluripotency",FALSE,32,TRUE
"B-S",NA,"Eif2s3y",33.2747890285361,15232.3200210833,0.00218448594714922,0.00217972436989453,"Exiting naïve pluripotency",FALSE,354,TRUE
"B-S",NA,"Hspa4",6.90357244084166,195859.409390484,3.52475914347215e-05,3.52463490858094e-05,"Exiting naïve pluripotency",FALSE,2296,FALSE
"B-S",NA,"Zfp985",46.9389418678323,37890.0928394412,0.00123881833878675,0.00123728556673636,"Exiting naïve pluripotency",FALSE,579,FALSE
"B-S",NA,"Pmepa1",2.14200901068264,5850.73938691553,0.000366109113571694,0.000365975126742453,"Exiting naïve pluripotency",FALSE,1228,FALSE
"B-S",NA,"Sox18",0.0085232725983632,83.2624422133433,0.000102366353565801,0.000102355875768033,"Epiblast",FALSE,1862,FALSE
"B-S",NA,"Cox6a2",0.0274597017921914,261.181757562335,0.000105136369585987,0.000105125317091797,"Exiting naïve pluripotency",FALSE,1848,FALSE
"B-S",NA,"Trp53inp1",3.1568239738039,21519.3741586449,0.000146696830053291,0.00014667531324979,"Epiblast",FALSE,1700,FALSE
"B-S",NA,"Cldn7",6.63311030739407,14025.5663808797,0.000472929942881783,0.00047270638587771,"Epiblast",FALSE,1075,FALSE
"B-S",NA,"Ccn2",0.0374214059530798,1325.1900621024,2.82385199098996e-05,2.82377225184101e-05,"Exiting naïve pluripotency",FALSE,2372,FALSE
"B-S",NA,"Zfp989",1.70884436907937,5951.16870537583,0.000287144333101451,0.00028706190490221,"Exiting naïve pluripotency",FALSE,1361,FALSE
"B-S",NA,"Atf5",0.0131505895198735,4263.6603551633,3.08434265969337e-06,3.08433314655307e-06,"Exiting naïve pluripotency",FALSE,2716,FALSE
"B-S",NA,"Jund",1.7005902872379,56299.1004661634,3.02063491806584e-05,3.02054367846877e-05,"Exiting naïve pluripotency",FALSE,2341,FALSE
"B-S",NA,"Arid5b",7.8962744445866,4877.58569852043,0.00161888994528212,0.00161627337656398,"Exiting naïve pluripotency",FALSE,455,TRUE
"B-S",NA,"Xlr3a",0.199541409967133,14887.5379754609,1.34032511148611e-05,1.34030714701285e-05,"Epiblast",FALSE,2563,FALSE
"B-S",NA,"S100a6",2.36492703987368,9981.4904927462,0.000236931252060234,0.000236875128939352,"Epiblast",FALSE,1464,FALSE
"B-S",NA,"Gal",0.0413287489171506,462.211377709615,8.94152565476557e-05,8.94072621743711e-05,"Epiblast",FALSE,1933,FALSE
"B-S",NA,"Atp5l-ps1",0.00182937872696401,417.194077183034,4.38495852893283e-06,4.38493930115584e-06,"Exiting naïve pluripotency",FALSE,2688,FALSE
"B-S",NA,"Sox2",87.4653076261411,8180.76660262937,0.0106915784149164,0.0105784777901129,"Exiting naïve pluripotency",FALSE,66,TRUE
"B-S",NA,"0610040J01Rik",0.251465361425007,576.956110051451,0.000435848337584261,0.000435658456570211,"Epiblast",FALSE,1114,FALSE
"B-S",NA,"Cbx1",43.3240895547355,197969.307332401,0.000218842456633907,0.000218794575091596,"Exiting naïve pluripotency",FALSE,1503,FALSE
"B-S",NA,"Hes5",0.0300967873532614,159.908303026654,0.000188212786851004,0.000188177369463875,"Epiblast",FALSE,1574,FALSE
"B-S",NA,"Atxn7l3b",1.18002870189473,19136.7522550678,6.16629554569393e-05,6.16591533713114e-05,"Epiblast",FALSE,2090,FALSE
"B-S",NA,"Cox7a2",41.0142199430156,197317.999170508,0.000207858482831939,0.000207815286661744,"Exiting naïve pluripotency",FALSE,1532,FALSE
"B-S",NA,"Adgrl2",11.2022310208416,8325.69389265318,0.001345501187682,0.00134369324682252,"Epiblast",FALSE,543,FALSE
"B-S",NA,"Glrx2",7.03764444544379,32799.3298314199,0.000214566714674216,0.000214520685675461,"Epiblast",FALSE,1514,FALSE
"B-S",NA,"Irx1",0.0391296195540656,174.566440680118,0.000224153161407284,0.000224102928027486,"Epiblast",FALSE,1493,FALSE
"B-S",NA,"Rlim",19.1806297575602,46225.2675709915,0.000414938209456617,0.000414766107150773,"Exiting naïve pluripotency",FALSE,1143,FALSE
"B-S",NA,"Rilp",0.0144588197293759,350.606769720077,4.12394197092081e-05,4.12377190896027e-05,"Epiblast",FALSE,2241,FALSE
"B-S",NA,"Cdkn2a",1.38661171111332,16158.299694404,8.58142092508367e-05,8.58068458042157e-05,"Exiting naïve pluripotency",FALSE,1953,FALSE
"B-S",NA,"Elob",0.00676720746355265,197407.788635372,3.42803468410875e-08,3.42803456659454e-08,"Exiting naïve pluripotency",FALSE,2842,FALSE
"B-S",NA,"Vamp3",0.328717991335683,1692.24543407296,0.000194249595665631,0.000194211870088393,"Epiblast",FALSE,1558,FALSE
"B-S",NA,"1700007K13Rik",0.0557781308670058,5407.01550278294,1.03158814392704e-05,1.03157750229583e-05,"Exiting naïve pluripotency",FALSE,2597,FALSE
"B-S",NA,"Slc25a5",75.7089959781169,188737.779902485,0.000401133233723705,0.000400972390372121,"Exiting naïve pluripotency",FALSE,1164,FALSE
"B-S",NA,"Tomm5",35.7215803853524,184310.132122976,0.00019381235298295,0.000193774797033588,"Exiting naïve pluripotency",FALSE,1560,FALSE
"B-S",NA,"Nap1l1",1.65260565443848,192612.401320913,8.57995457771724e-06,8.5798809627283e-06,"Exiting naïve pluripotency",FALSE,2617,FALSE
"B-S",NA,"Perp",0.342161744273602,1878.33341947774,0.00018216241095723,0.000182129233856884,"Epiblast",FALSE,1592,FALSE
"B-S",NA,"Tagln2",161.328146249308,24747.6674220299,0.00651892331903961,0.00647670219407617,"Exiting naïve pluripotency",FALSE,115,TRUE
"B-S",NA,"Dst",2.05244846388317,28543.0075941365,7.19072248120341e-05,7.19020545348343e-05,"Exiting naïve pluripotency",FALSE,2026,FALSE
"B-S",NA,"Hoxa7",0.025525820526048,250.51063236902,0.000101895158240017,0.000101884776674576,"Exiting naïve pluripotency",FALSE,1866,FALSE
"B-S",NA,"Jarid2",177.136479132961,87647.9359763793,0.00202100000598643,0.00201692380296856,"Exiting naïve pluripotency",FALSE,387,TRUE
"B-S",NA,"Hat1",102.051344152279,175888.967935406,0.000580203212004499,0.000579866771441174,"Exiting naïve pluripotency",FALSE,952,FALSE
"B-S",NA,"Snhg3",2.60039970527369,10015.1731993176,0.000259646004469585,0.000259578605921712,"Epiblast",FALSE,1417,FALSE
"B-S",NA,"Tpx2",11.8702013672868,105584.493340585,0.000112423718594709,0.00011241108092298,"Epiblast",FALSE,1825,FALSE
"B-S",NA,"2410137M14Rik",3.92082510071035,178.802944119069,0.0219281909480158,0.0214576632118091,"Exiting naïve pluripotency",FALSE,31,TRUE
"B-S",NA,"Aass",0.107398810287006,263.980734614094,0.000406843364702389,0.000406677910492934,"Exiting naïve pluripotency",FALSE,1155,FALSE
"B-S",NA,"Rtp4",0.00244983874169157,49.9086053652037,4.90864996880799e-05,4.90840903218957e-05,"Epiblast",FALSE,2191,FALSE
"B-S",NA,"Atpsckmt",0.799488546419547,3620.27625196257,0.000220836337002222,0.000220787579082001,"Epiblast",FALSE,1498,FALSE
"B-S",NA,"Myl6",2.38351981162808,186892.220250353,1.27534458547028e-05,1.2753283206396e-05,"Epiblast",FALSE,2567,FALSE
"B-S",NA,"Tet1",471.227159168799,46022.371769112,0.0102390889703139,0.0101353126028315,"Exiting naïve pluripotency",FALSE,73,TRUE
"B-S",NA,"Hes1",0.000671604281507433,2494.81874327458,2.69199629559427e-07,2.69199557091006e-07,"Epiblast",FALSE,2817,FALSE
"B-S",NA,"Ddit3",2.00612900203822,1745.26406067342,0.00114947018462303,0.00114815041994784,"Exiting naïve pluripotency",FALSE,609,FALSE
"B-S",NA,"Dusp2",0.993000503225537,1425.26168701528,0.00069671451374311,0.000696229440586957,"Epiblast",FALSE,844,FALSE
"B-S",NA,"Msh6",120.685857298587,93540.4662601316,0.0012901994412019,0.00128853697152127,"Exiting naïve pluripotency",FALSE,564,FALSE
"B-S",NA,"Abracl",11.155574961656,30552.4393071696,0.000365128782337132,0.000364995511970288,"Epiblast",FALSE,1229,FALSE
"B-S",NA,"Ctf2",0.104774641778992,96.3021929192703,0.00108797773553115,0.00108679532641293,"Exiting naïve pluripotency",FALSE,629,FALSE
"B-S",NA,"Phlda1",0.29124990972567,1568.1475647729,0.000185728636939757,0.000185694148218721,"Epiblast",FALSE,1583,FALSE
"B-S",NA,"Ptn",3.27789024048003,4089.24946588381,0.000801587251603781,0.000800945224122891,"Epiblast",FALSE,776,FALSE
"B-S",NA,"Nr2f1",0.000200872254082203,115.952067152519,1.7323732039894e-06,1.73237020287768e-06,"Exiting naïve pluripotency",FALSE,2755,FALSE
"B-S",NA,"Ung",13.427162346767,30757.9414395684,0.00043654294527961,0.000436352458692112,"Exiting naïve pluripotency",FALSE,1113,FALSE
"B-S",NA,"Hnrnpa0",151.79011650601,181551.523063132,0.000836071843105536,0.000835373410918188,"Epiblast",FALSE,754,FALSE
"B-S",NA,"Inka1",0.0025020185235837,685.371773993324,3.65060047484254e-06,3.65058714800736e-06,"Epiblast",FALSE,2706,FALSE
"B-S",NA,"Iqgap1",0.521956375287137,126044.343834001,4.14105353251351e-06,4.14103638426016e-06,"Exiting naïve pluripotency",FALSE,2693,FALSE
"B-S",NA,"G0s2",0.916302342766502,3288.03664729366,0.000278677655104817,0.000278600015505784,"Epiblast",FALSE,1376,FALSE
"B-S",NA,"Kitl",0.124936897965417,723.393703087718,0.000172709407660225,0.000172679584271511,"Epiblast",FALSE,1620,FALSE
"B-S",NA,"Zfp978",34.3104316846095,6724.81796335102,0.00510206103296696,0.00507616214389557,"Exiting naïve pluripotency",FALSE,151,TRUE
"B-S",NA,"Gnpda1",20.2895081610267,10382.2858877079,0.00195424286910153,0.00195043125273421,"Exiting naïve pluripotency",FALSE,393,TRUE
"B-S",NA,"Ccnd1",3.94326688603628,39000.568141679,0.000101107934420632,0.000101097712639732,"Epiblast",FALSE,1873,FALSE
"B-S",NA,"0610010K14Rik",0.00324847752254844,18447.5020418558,1.76093083777843e-07,1.76093052769074e-07,"Epiblast",FALSE,2827,FALSE
"B-S",NA,"Gbp2",0.901149129529375,1026.37451857044,0.000877992500032564,0.000877222305427537,"Exiting naïve pluripotency",FALSE,723,FALSE
"B-S",NA,"Ercc4",0.00374680963014523,2118.81153560229,1.76835436620377e-06,1.76835123913214e-06,"Epiblast",FALSE,2754,FALSE
"B-S",NA,"Noct",0.223321350080721,8487.15072481495,2.63128766439564e-05,2.63121842946969e-05,"Epiblast",FALSE,2391,FALSE
"B-S",NA,"Mta3",23.1012812750453,26243.4633533545,0.000880268010513651,0.000879493820238251,"Exiting naïve pluripotency",FALSE,720,FALSE
"B-S",NA,"H1f10",198.564112974919,43886.6870361124,0.00452447259943612,0.00450409394977508,"Epiblast",FALSE,176,TRUE
"B-S",NA,"Tmem114",0.00510174947494819,597.96936115951,8.53179076776693e-06,8.53171797693426e-06,"Epiblast",FALSE,2618,FALSE
"B-S",NA,"Zfp991",0.219949090725427,12385.0637689067,1.77592214969147e-05,1.77589061125675e-05,"Exiting naïve pluripotency",FALSE,2507,FALSE
"B-S",NA,"Synj2bp",0.0677667904772194,1407.56912836129,4.81445558244905e-05,4.81422380378238e-05,"Exiting naïve pluripotency",FALSE,2196,FALSE
"B-S",NA,"Psat1",17.3451554748516,97670.6391096778,0.000177588225417202,0.000177556693439103,"Exiting naïve pluripotency",FALSE,1608,FALSE
"B-S",NA,"Khdc1a",0.00276319118943192,36.935328825154,7.48116038850617e-05,7.48060075276583e-05,"Epiblast",FALSE,2007,FALSE
"B-S",NA,"Rrm2",84.2580998370125,44960.4775237544,0.0018740481524578,0.00187054266543156,"Exiting naïve pluripotency",FALSE,405,TRUE
"B-S",NA,"Anp32b",0.734987303381959,188548.978813957,3.89812402064069e-06,3.89810882532904e-06,"Exiting naïve pluripotency",FALSE,2699,FALSE
"B-S",NA,"Mogat2",3.62794316729466,1995.09414364333,0.00181843206690462,0.00181513137380885,"Epiblast",FALSE,415,TRUE
"B-S",NA,"Nkx6-2",0.566901130475845,879.286453051674,0.00064472860750708,0.000644313200354617,"Exiting naïve pluripotency",FALSE,889,FALSE
"B-S",NA,"Cox6b2",160.072698097129,24618.4523957938,0.0065021430073516,0.0064601382645085,"Exiting naïve pluripotency",FALSE,116,TRUE
"B-S",NA,"Sub1",51.1313335332114,192678.88701324,0.000265370712514536,0.000265300309582352,"Exiting naïve pluripotency",FALSE,1403,FALSE
"B-S",NA,"Ms4a10",1.15763113351427,732.716770721961,0.00157991625109608,0.00157742405319956,"Exiting naïve pluripotency",FALSE,467,TRUE
"B-S",NA,"Nedd4",93.0323393669486,192921.154779244,0.000482229849149534,0.000481997415608515,"Exiting naïve pluripotency",FALSE,1061,FALSE
"B-S",NA,"Tmem252",0.490573237360994,775.211439184589,0.000632825075281406,0.000632424860971152,"Exiting naïve pluripotency",FALSE,905,FALSE
"B-S",NA,"Bnip3l",19.7478682131578,43072.2942094963,0.000458481921513342,0.000458271812172322,"Epiblast",FALSE,1093,FALSE
"B-S",NA,"Evx1os",0.000321568556893737,16.6477371215547,1.93160520583536e-05,1.93156789556934e-05,"Epiblast",FALSE,2488,FALSE
"B-S",NA,"Csrp2",939.57744141899,71948.2418452356,0.0130590743751608,0.0128907333298559,"Exiting naïve pluripotency",FALSE,52,TRUE
"B-S",NA,"Wnt5a",0.0138777352926222,235.345581294101,5.89674775974648e-05,5.89640006390781e-05,"Epiblast",FALSE,2116,FALSE
"B-S",NA,"Fxyd6",2.59808269093248,10088.1133260382,0.000257539007241981,0.000257472697978952,"Exiting naïve pluripotency",FALSE,1421,FALSE
"B-S",NA,"Myef2",7.24354073783678,60627.5104314767,0.000119476136926712,0.000119461864084681,"Epiblast",FALSE,1799,FALSE
"B-S",NA,"Myl12a",2.9394814598487,17763.5753283393,0.00016547803049306,0.000165450652045016,"Epiblast",FALSE,1639,FALSE
"B-S",NA,"Tle4",51.826964341892,68287.5436246054,0.000758951949228082,0.000758376377997752,"Exiting naïve pluripotency",FALSE,799,FALSE
"B-S",NA,"Socs3",0.0153095432587131,149.099251441765,0.000102680215431482,0.000102669673287311,"Exiting naïve pluripotency",FALSE,1860,FALSE
"B-S",NA,"Lrpap1",28.2466156333458,8214.13945898895,0.00343877965237549,0.00342699497179768,"Exiting naïve pluripotency",FALSE,249,TRUE
"B-S",NA,"Pfdn5",151.856571534332,176247.782969912,0.00086160840707004,0.000860866677103681,"Epiblast",FALSE,734,FALSE
"B-S",NA,"Xlr3b",18.1893878357256,17740.2233731861,0.00102531898573602,0.00102426878350579,"Epiblast",FALSE,655,FALSE
"B-S",NA,"Mat2a",107.18781351989,149644.389803918,0.000716283541670629,0.000715770846793464,"Epiblast",FALSE,832,FALSE
"B-S",NA,"Uap1l1",53.7296292459244,5577.5852226301,0.00963313460956645,0.00954122272670029,"Exiting naïve pluripotency",FALSE,79,TRUE
"B-S",NA,"Hexa",29.3023341659477,6298.97053521271,0.00465192431082839,0.00463038411439815,"Exiting naïve pluripotency",FALSE,173,TRUE
"B-S",NA,"Nfam1",0.012612759872351,113.904974189244,0.000110730545019008,0.000110718285122952,"Epiblast",FALSE,1831,FALSE
"B-S",NA,"Psph",6.93092688692705,33255.8608261848,0.000208412193061315,0.000208368766469729,"Exiting naïve pluripotency",FALSE,1530,FALSE
"B-S",NA,"AI838599",0.00228396381627331,67.251447899182,3.39615560351541e-05,3.39604026870352e-05,"Exiting naïve pluripotency",FALSE,2307,FALSE
"B-S",NA,"Txnrd1",49.046195841725,187709.416857105,0.000261287881358993,0.000261219627835866,"Exiting naïve pluripotency",FALSE,1413,FALSE
"B-S",NA,"Cox4i1",237.807349195019,151693.266613787,0.00156768559675414,0.00156523180539723,"Exiting naïve pluripotency",FALSE,472,TRUE
"B-S",NA,"Arl4a",129.275807626771,16281.1312265805,0.00794022269261703,0.00787767222088376,"Exiting naïve pluripotency",FALSE,94,TRUE
"B-S",NA,"Nexmif",13.7589699418114,8945.99487515256,0.001538003333763,0.00153564151199809,"Exiting naïve pluripotency",FALSE,479,TRUE
"B-S",NA,"Sumo2",15.0906776277564,191024.257443668,7.89987503665945e-05,7.89925100570117e-05,"Exiting naïve pluripotency",FALSE,1989,FALSE
"B-S",NA,"Zfas1",40.5747076014075,55134.5077898503,0.00073592218789839,0.000735381004700472,"Epiblast",FALSE,813,FALSE
"B-S",NA,"Amd1",32.4149915278407,44126.6107287592,0.000734590556412583,0.000734051329238202,"Epiblast",FALSE,815,FALSE
"B-S",NA,"Ccnd3",33.8895944756817,8996.29034215869,0.00376706322125546,0.00375292571283055,"Exiting naïve pluripotency",FALSE,225,TRUE
"B-S",NA,"Ccno",3.11594420949462e-05,2277.04091520073,1.3684181907728e-08,1.36841817204712e-08,"Epiblast",FALSE,2847,FALSE
"B-S",NA,"Glud1",139.257783499699,131252.332601151,0.00106099282763131,0.00105986831495091,"Exiting naïve pluripotency",FALSE,640,FALSE
"B-S",NA,"Acsl3",125.62249492072,51063.1973528283,0.00246013766142989,0.0024541002370119,"Epiblast",FALSE,330,TRUE
"B-S",NA,"Calm2",15.8063154132595,193078.153835181,8.18648567913714e-05,8.18581554851954e-05,"Epiblast",FALSE,1969,FALSE
"B-S",NA,"Glrx",30.4060005948674,9599.19924875815,0.00316755593950204,0.00315755420991014,"Exiting naïve pluripotency",FALSE,270,TRUE
"B-S",NA,"Cdv3",0.745805966780086,198041.399335878,3.76590939713166e-06,3.76589521511148e-06,"Exiting naïve pluripotency",FALSE,2703,FALSE
"B-S",NA,"Eno1b",2.41592461403064,11975.5314244167,0.00020173840545438,0.000201697715278916,"Epiblast",FALSE,1542,FALSE
"B-S",NA,"Erh",39.4080031563949,183859.416870073,0.000214337692500369,0.000214291761698645,"Exiting naïve pluripotency",FALSE,1516,FALSE
"B-S",NA,"Smarca5-ps",16.6222100097719,6515.80016048558,0.00255106197249198,0.00254457061515933,"Exiting naïve pluripotency",FALSE,321,TRUE
"B-S",NA,"Arpc1b",57.9023073097587,35081.7518058045,0.00165049646409557,0.00164777681428997,"Exiting naïve pluripotency",FALSE,445,TRUE
"B-S",NA,"Pmaip1",0.000602159505809971,8577.07657738275,7.0205681432043e-08,7.02056765032056e-08,"Exiting naïve pluripotency",FALSE,2835,FALSE
"B-S",NA,"Asb4",0.00400101806992906,72.127649615804,5.54713496313957e-05,5.54682727314455e-05,"Exiting naïve pluripotency",FALSE,2147,FALSE
"B-S",NA,"Xlr5a",13.3796860558086,1854.63745524778,0.00721417871614216,0.00716250710979645,"Exiting naïve pluripotency",FALSE,108,TRUE
"B-S",NA,"Chchd2",76.9332658205355,185082.753364332,0.000415669555493881,0.000415496846104552,"Exiting naïve pluripotency",FALSE,1141,FALSE
"B-S",NA,"Psme1",1.20919902695196,41151.05575369,2.93843986455567e-05,2.93835352280439e-05,"Exiting naïve pluripotency",FALSE,2356,FALSE
"B-S",NA,"Cacna1s",0.00409258315330045,221.876930552607,1.8445284704036e-05,1.84449444817837e-05,"Exiting naïve pluripotency",FALSE,2493,FALSE
"B-S",NA,"Ubald2",80.068457833503,34469.7418505746,0.00232286212587833,0.00231747894181687,"Exiting naïve pluripotency",FALSE,341,TRUE
"B-S",NA,"Zfp979",28.6591876326979,32186.8761891701,0.000890399784814807,0.000889607678329453,"Exiting naïve pluripotency",FALSE,711,FALSE
"B-S",NA,"Rnasek",32.543695534379,7456.13459422962,0.00436468724150512,0.004345719534896,"Exiting naïve pluripotency",FALSE,187,TRUE
"B-S",NA,"Ndufs5",0.0171117678021716,7580.51155098981,2.2573368152097e-06,2.2573317196517e-06,"Exiting naïve pluripotency",FALSE,2738,FALSE
"B-S",NA,"Mrps24",671.154235180882,164523.024714492,0.00407939397142486,0.00406282012748979,"Exiting naïve pluripotency",FALSE,207,TRUE
"B-S",NA,"Snrpd1",10.8415606622172,200960.752780119,5.39486467493456e-05,5.39457364498663e-05,"Epiblast",FALSE,2162,FALSE
"B-S",NA,"Col4a1",6.972612265506,3892.06979260911,0.00179149209470671,0.00178828839019262,"Epiblast",FALSE,419,TRUE
"B-S",NA,"Ctsc",6.16311989833008,7397.46410443478,0.000833139547731673,0.000832446004044352,"Exiting naïve pluripotency",FALSE,756,FALSE
"B-S",NA,"Map1b",462.115448344721,50705.8308405202,0.00911365499163529,0.0090313464162873,"Exiting naïve pluripotency",FALSE,85,TRUE
"B-S",NA,"Cyb5a",28.3913441513995,153719.656061547,0.000184695600281802,0.000184661494116297,"Epiblast",FALSE,1585,FALSE
"B-S",NA,"Skil",6.85198330013438,67325.0715653386,0.000101774615916815,0.000101764258898451,"Epiblast",FALSE,1868,FALSE
"B-S",NA,"Bcat1",56.5721842005938,14815.0065063308,0.00381857302434658,0.00380404699311533,"Exiting naïve pluripotency",FALSE,222,TRUE
"B-S",NA,"Commd1",10.6196212361515,46137.617392158,0.000230172727514025,0.00023011976022116,"Epiblast",FALSE,1483,FALSE
"B-S",NA,"Nes",16.0917091387911,7467.79354055126,0.00215481441089803,0.00215018116952789,"Epiblast",FALSE,358,TRUE
"B-S",NA,"Ndn",13.9116676893734,6476.06803469752,0.00214816577201434,0.00214356104754179,"Epiblast",FALSE,361,TRUE
"B-S",NA,"Nme3",0.153571536202374,1887.92117999426,8.13442519898215e-05,8.13376356406917e-05,"Epiblast",FALSE,1972,FALSE
"B-S",NA,"Tceal8",371.292748383062,70817.6091480883,0.00524294385040087,0.00521559875896142,"Epiblast",FALSE,147,TRUE
"B-S",NA,"Rhox9",0.728860127221772,2512.51033364654,0.000290092389854548,0.000290008260665134,"Epiblast",FALSE,1354,FALSE
"B-S",NA,"Slc7a3",3.82655155552517,21227.0792461199,0.00018026745512926,0.000180234964630861,"Exiting naïve pluripotency",FALSE,1601,FALSE
"B-S",NA,"Kctd12",0.453474937188162,854.306572632645,0.000530810544733053,0.000530528934380398,"Epiblast",FALSE,996,FALSE
"B-S",NA,"Pla2g7",0.0343655290437246,161.465648511924,0.000212834924087192,0.000212789635021376,"Epiblast",FALSE,1522,FALSE
"B-S",NA,"Ssr2",120.885035359676,127863.820629262,0.000945420172530107,0.000944527197464122,"Exiting naïve pluripotency",FALSE,689,FALSE
"B-S",NA,"Ano3",0.289214324025628,700.065625600394,0.00041312458925203,0.000412953987805438,"Epiblast",FALSE,1146,FALSE
"B-S",NA,"Esco2",140.749094753343,78966.5972810013,0.00178238773860914,0.00177921648496201,"Exiting naïve pluripotency",FALSE,421,TRUE
"B-S",NA,"Gdf15",4.6000618934257,843.994866898109,0.00545034344857104,0.00542079823641716,"Exiting naïve pluripotency",FALSE,138,TRUE
"B-S",NA,"Marcksl1",269.540248676267,75499.2178254095,0.00357010650493855,0.00355740618597329,"Epiblast",FALSE,234,TRUE
"B-S",NA,"Cldn6",28.572446181244,15382.0516908879,0.0018575185388416,0.0018540745609722,"Epiblast",FALSE,408,TRUE
"B-S",NA,"Snhg12",0.677424929934674,40953.3665512731,1.6541373444514e-05,1.65410998320044e-05,"Epiblast",FALSE,2519,FALSE
"B-S",NA,"Atp1a2",0.0477722697752009,192.51203138462,0.000248152125514465,0.000248090561314355,"Epiblast",FALSE,1443,FALSE
"B-S",NA,"Snai1",0.250383287816332,646.067251711394,0.000387549883008436,0.000387399746282087,"Exiting naïve pluripotency",FALSE,1184,FALSE
"B-S",NA,"Fbp2",0.00621990069866815,340.403357858121,1.82721484823325e-05,1.82718146170228e-05,"Exiting naïve pluripotency",FALSE,2497,FALSE
"B-S",NA,"Foxd1",0.0178242860474752,125.076995560225,0.000142506509431567,0.000142486204219961,"Epiblast",FALSE,1716,FALSE
"B-S",NA,"Serpine2",0.120331087094868,8099.89478507677,1.48558827352382e-05,1.4855662041265e-05,"Epiblast",FALSE,2540,FALSE
"B-S",NA,"Slc7a7",8.33330172724482,25077.4710808787,0.000332302316304888,0.000332191928157703,"Exiting naïve pluripotency",FALSE,1279,FALSE
"B-S",NA,"Fjx1",0.00552873798792115,5121.5303829787,1.07950896987662e-06,1.07950780453826e-06,"Epiblast",FALSE,2777,FALSE
"B-S",NA,"Etfb",387.781872800592,52230.9293560333,0.00742437244716187,0.00736965736606821,"Exiting naïve pluripotency",FALSE,105,TRUE
"B-S",NA,"Mnx1",0.010782490390819,99.6886108856658,0.00010816170769182,0.000108150010002052,"Epiblast",FALSE,1839,FALSE
"B-S",NA,"Mrpl15",1.90172821318443,132740.257373061,1.43266877043918e-05,1.43264824533517e-05,"Exiting naïve pluripotency",FALSE,2554,FALSE
"B-S",NA,"Hoxb9",0.00931218681408175,41.5786513193261,0.000223965581340378,0.000223915431990481,"Exiting naïve pluripotency",FALSE,1494,FALSE
"B-S",NA,"Myo1f",0.146776551643945,179.907788090026,0.000815843233926579,0.000815178176326978,"Exiting naïve pluripotency",FALSE,768,FALSE
"B-S",NA,"Nfkbia",27.5223716456868,3661.5122271401,0.00751666796076323,0.00746058918903757,"Exiting naïve pluripotency",FALSE,102,TRUE
"B-S",NA,"Atp6v0c",19.0855212113707,185125.09969031,0.000103095265003494,0.000103084637465476,"Exiting naïve pluripotency",FALSE,1859,FALSE
"B-S",NA,"Pla2g10",0.481127596838115,20515.9543543171,2.34513875654472e-05,2.34508376107656e-05,"Exiting naïve pluripotency",FALSE,2424,FALSE
"B-S",NA,"Gbp2b",0.520128368944954,847.237775115365,0.00061391073937199,0.000613534084208724,"Exiting naïve pluripotency",FALSE,921,FALSE
"B-S",NA,"Selenoh",22.4255408691586,198169.490762179,0.000113163437938443,0.00011315063342376,"Exiting naïve pluripotency",FALSE,1823,FALSE
"B-S",NA,"Nolc1",10.2027920514411,187757.130044724,5.43403707172705e-05,5.43374180018325e-05,"Exiting naïve pluripotency",FALSE,2155,FALSE
"B-S",NA,"Tgfb2",0.00979471088098588,95.5482452203011,0.000102510630712293,0.000102500123359999,"Epiblast",FALSE,1861,FALSE
"B-S",NA,"Atp6v0b",31.7357826014514,70996.6354341123,0.000447004036281458,0.000446804312950142,"Exiting naïve pluripotency",FALSE,1103,FALSE
"B-S",NA,"Sox21",0.00446291969429809,63.8564794872359,6.98898487692258e-05,6.98849645196242e-05,"Epiblast",FALSE,2041,FALSE
"B-S",NA,"Dkc1",38.1380770859272,158015.443717839,0.000241356643303983,0.000241298404331079,"Epiblast",FALSE,1453,FALSE
"B-S",NA,"Plp2",48.7029693966959,61252.4286062579,0.000795118993726237,0.000794487281798205,"Exiting naïve pluripotency",FALSE,779,FALSE
"B-S",NA,"Plcd4",0.0555108381150902,434.120061068127,0.00012786978325422,0.000127853434663241,"Epiblast",FALSE,1774,FALSE
"B-S",NA,"Hoxa1",3.21346974945313e-05,127.514272212075,2.52008633520542e-07,2.52008570012207e-07,"Exiting naïve pluripotency",FALSE,2823,FALSE
"B-S",NA,"Cabp1",0.0480143355365026,1458.317113956,3.29244819778967e-05,3.29233979920728e-05,"Exiting naïve pluripotency",FALSE,2318,FALSE
"B-S",NA,"Clic1",14.5529243030922,31605.4776605431,0.00046045576211178,0.000460243840183591,"Exiting naïve pluripotency",FALSE,1090,FALSE
"B-S",NA,"Hmgb1-ps7",0.00923020907941496,110.508465760022,8.35249047747991e-05,8.35179289477367e-05,"Exiting naïve pluripotency",FALSE,1962,FALSE
"B-S",NA,"Tbrg1",1451.31012838919,117402.01157105,0.0123618846812593,0.0122109345169108,"Exiting naïve pluripotency",FALSE,55,TRUE
"B-S",NA,"Smc1b",94.6679152706024,8516.66598552089,0.0111156073787027,0.0109934089609394,"Exiting naïve pluripotency",FALSE,63,TRUE
"B-S",NA,"Sec11a",13.2704751668579,38959.6225785343,0.000340621245498657,0.000340505262172157,"Exiting naïve pluripotency",FALSE,1266,FALSE
"B-S",NA,"Impact",228.339623278397,70497.2784674799,0.00323898494015949,0.00322852778727761,"Exiting naïve pluripotency",FALSE,267,TRUE
"B-S",NA,"Setx",425.923724135741,53954.130366042,0.00789418198840644,0.00783235197650664,"Exiting naïve pluripotency",FALSE,95,TRUE
"B-S",NA,"Apobec2",1.28939118078141,302.092636986071,0.00426819797279886,0.00425005788435259,"Exiting naïve pluripotency",FALSE,195,TRUE
"B-S",NA,"Dusp27",11.3451583921612,928.960672771447,0.012212743472029,0.0120653919354321,"Exiting naïve pluripotency",FALSE,59,TRUE
"B-S",NA,"Ap2m1",0.0785042313010432,14911.4231773799,5.26470413770641e-06,5.26467642074267e-06,"Exiting naïve pluripotency",FALSE,2668,FALSE
"B-S",NA,"Foxa1",0.00574101758383465,71.9729877147572,7.97662812969139e-05,7.97599191447672e-05,"Epiblast",FALSE,1984,FALSE
"B-S",NA,"Psmb10",7.46066349741901,48844.7745579736,0.000152742305905496,0.000152718979256449,"Exiting naïve pluripotency",FALSE,1680,FALSE
"B-S",NA,"Cd81",9.20026927354713,75666.2959196487,0.000121590057524648,0.000121575275179945,"Exiting naïve pluripotency",FALSE,1793,FALSE
"B-S",NA,"Psip1",188.496849645139,180648.358980972,0.00104344623282736,0.00104235858768578,"Epiblast",FALSE,645,FALSE
"B-S",NA,"Slc11a1",0.856442753402798,416.068242236113,0.00205841894781476,0.00205419056303738,"Exiting naïve pluripotency",FALSE,378,TRUE
"B-S",NA,"Slc27a2",16.4441512928212,11114.393445926,0.0014795365462655,0.0014773507518365,"Epiblast",FALSE,492,TRUE
"B-S",NA,"Tmprss2",0.00789619318627265,83.7091098730895,9.43289589179002e-05,9.43200618046651e-05,"Epiblast",FALSE,1905,FALSE
"B-S",NA,"Nkd1",0.0350290368333494,1167.49622563717,3.00035546703649e-05,3.00026544840808e-05,"Epiblast",FALSE,2345,FALSE
"B-S",NA,"Dio3",0.00154051103590791,166.019254493079,9.27911067069712e-06,9.27902456960122e-06,"Epiblast",FALSE,2608,FALSE
"B-S",NA,"Slc16a3",2.75769251243029,32830.5880430894,8.39976581842178e-05,8.39906031702421e-05,"Epiblast",FALSE,1960,FALSE
"B-S",NA,"Tma7",66.2914341475868,186377.867708428,0.000355682973320061,0.000355556507924139,"Epiblast",FALSE,1243,FALSE
"B-S",NA,"Pdgfra",0.0125945337093753,99.8549535892032,0.00012612828163927,0.00012611237530208,"Epiblast",FALSE,1778,FALSE
"B-S",NA,"Gas5",86.8023243369717,122784.481638764,0.000706948656527681,0.000706449233191371,"Exiting naïve pluripotency",FALSE,838,FALSE
"B-S",NA,"Pdlim4",0.650563187484424,1928.79222065614,0.00033729044555308,0.000337176719067276,"Epiblast",FALSE,1270,FALSE
"B-S",NA,"Ptgs1",0.016595530558589,116.732268029178,0.000142167464393315,0.000142147255678404,"Epiblast",FALSE,1719,FALSE
"B-S",NA,"Eef1d",42.3260383701779,192349.496759601,0.000220047564892136,0.000219999154613885,"Exiting naïve pluripotency",FALSE,1499,FALSE
"B-S",NA,"Foxj1",0.245263509861271,785.039708751904,0.000312421788512078,0.000312324211623287,"Epiblast",FALSE,1321,FALSE
"B-S",NA,"Fkbp6",1.62575884545319,4416.15526239611,0.000368138969047725,0.000368003492621345,"Exiting naïve pluripotency",FALSE,1221,FALSE
"B-S",NA,"Trim63",2.88883864598701,821.030028012938,0.00351855419098203,0.00350621737514223,"Exiting naïve pluripotency",FALSE,239,TRUE
"B-S",NA,"Twist1",0.562036936118672,2009.27576776515,0.00027972115382838,0.000279642931784841,"Epiblast",FALSE,1373,FALSE
"B-S",NA,"Kif21a",8.28612932662744,35624.7291728948,0.000232594872129778,0.00023254078433578,"Epiblast",FALSE,1474,FALSE
"B-S",NA,"Polr2l",11.3455143854887,133360.01172627,8.50743355420227e-05,8.506709851514e-05,"Epiblast",FALSE,1957,FALSE
"B-S",NA,"Rgs5",0.00883003933754699,84.8875727476816,0.000104020400769301,0.000104009581650933,"Epiblast",FALSE,1857,FALSE
"B-S",NA,"Dsp",0.0153027971135536,1857.68293193385,8.23757211227826e-06,8.23750425524293e-06,"Epiblast",FALSE,2624,FALSE
"B-S",NA,"Rab25",24.1850531093675,13969.5276123157,0.00173127207881,0.00172827995597785,"Exiting naïve pluripotency",FALSE,433,TRUE
"B-S",NA,"Eif3f",10.3850986712245,187228.648495026,5.54674658750228e-05,5.54643894058961e-05,"Exiting naïve pluripotency",FALSE,2148,FALSE
"B-S",NA,"Hhex",0.0790599853794685,887.839615678957,8.9047598218524e-05,8.90396694498133e-05,"Exiting naïve pluripotency",FALSE,1935,FALSE
"B-S",NA,"Pck2",11.0019327640568,11496.8861375256,0.000956948919250995,0.000956034043506295,"Exiting naïve pluripotency",FALSE,687,FALSE
"B-S",NA,"Ftl1",0.0879610429238191,1530.50312571373,5.74719786232385e-05,5.74686757847323e-05,"Epiblast",FALSE,2127,FALSE
"B-S",NA,"Fubp1",34.9986268801855,147897.970181086,0.000236640346296391,0.000236584360891302,"Epiblast",FALSE,1465,FALSE
"B-S",NA,"Rhox13",0.532217798297539,5245.00715714669,0.000101471319743073,0.000101461024359029,"Epiblast",FALSE,1872,FALSE
"B-S",NA,"Dnajc21",0.035927453188321,120287.227738167,2.98680532122042e-07,2.98680442912008e-07,"Exiting naïve pluripotency",FALSE,2815,FALSE
"B-S",NA,"Zfp296",6.22134605661814,3170.45579491293,0.00196228758861752,0.00195844455716999,"Exiting naïve pluripotency",FALSE,392,TRUE
"B-S",NA,"Renbp",13.5239803907706,3206.1623052811,0.00421812095055022,0.00420040314205595,"Exiting naïve pluripotency",FALSE,197,TRUE
"B-S",NA,"Cldn4",5.50606879634262,1533.5183510642,0.00359048119151728,0.00357763575761945,"Exiting naïve pluripotency",FALSE,233,TRUE
"B-S",NA,"Rbpms",92.6578533533048,109568.036625471,0.000845664996900795,0.000844950451879525,"Epiblast",FALSE,742,FALSE
"B-S",NA,"Blvrb",609.605650810985,50389.4127190133,0.0120978915592911,0.0119532820492812,"Exiting naïve pluripotency",FALSE,60,TRUE
"B-S",NA,"Ankrd12",3.24934226490964,6569.78388713208,0.000494588912014895,0.000494344414748644,"Exiting naïve pluripotency",FALSE,1045,FALSE
"B-S",NA,"Hspb11",9.21647394172061e-05,5158.29589620053,1.78672843264172e-08,1.78672840071774e-08,"Exiting naïve pluripotency",FALSE,2845,FALSE
"B-S",NA,"Plekhf2",0.951004081407714,15986.9531025824,5.94862620353903e-05,5.94827236305058e-05,"Exiting naïve pluripotency",FALSE,2112,FALSE
"B-S",NA,"Crip1",223.220966246722,42909.4173516903,0.00520214395868344,0.00517522171032821,"Exiting naïve pluripotency",FALSE,149,TRUE
"B-S",NA,"Dazl",0.0852207279733563,4177.71848363251,2.03988680202447e-05,2.03984519149162e-05,"Exiting naïve pluripotency",FALSE,2470,FALSE
"B-S",NA,"Insm1",0.0300298023875452,322.020943329112,9.32541904793261e-05,9.3245494946179e-05,"Epiblast",FALSE,1914,FALSE
"B-S",NA,"Kdm5b",185.666863035907,132763.738737669,0.00139847570429431,0.00139652270122615,"Exiting naïve pluripotency",FALSE,520,FALSE
"B-S",NA,"Mcl1",240.742354911256,88030.7003398713,0.00273475451157143,0.00272729602645868,"Exiting naïve pluripotency",FALSE,296,TRUE
"B-S",NA,"Ebf1",1.82069729718046,6236.26579985074,0.000291953126376371,0.000291867914626207,"Epiblast",FALSE,1352,FALSE
"B-S",NA,"Gadd45b",0.299794286454203,1072.03568650906,0.000279649539867878,0.000279571357866291,"Exiting naïve pluripotency",FALSE,1374,FALSE
"B-S",NA,"Bsg",0.52914528709448,174090.371517608,3.03948623052344e-06,3.03947699207497e-06,"Epiblast",FALSE,2719,FALSE
"B-S",NA,"Cacybp",90.6698265306716,200637.223800421,0.000451909295858595,0.000451705166095049,"Exiting naïve pluripotency",FALSE,1100,FALSE
"B-S",NA,"Matn4",0.0175770951303438,71.5488768463971,0.000245665563249563,0.000245605226503257,"Exiting naïve pluripotency",FALSE,1447,FALSE
"B-S",NA,"Ifit1",1.08017642305732,228.04185141209,0.00473674641899548,0.00471441542859642,"Exiting naïve pluripotency",FALSE,169,TRUE
"B-S",NA,"Gnai2",83.1339247902394,165852.44414859,0.000501252334368726,0.000501001206344525,"Epiblast",FALSE,1034,FALSE
"B-S",NA,"Pfn1",16.6786190373009,195284.438410701,8.54068003218168e-05,8.5399506623207e-05,"Exiting naïve pluripotency",FALSE,1956,FALSE
"B-S",NA,"Prex2",0.692673651126765,3121.92032363273,0.000221874224618506,0.000221825007366995,"Epiblast",FALSE,1496,FALSE
"B-S",NA,"1700108F19Rik",0.134657147324369,227.740914466425,0.000591273411015575,0.000590924013358545,"Exiting naïve pluripotency",FALSE,940,FALSE
"B-S",NA,"Cebpd",6.22912684257325,2308.80902581346,0.00269798271443371,0.00269072318977836,"Exiting naïve pluripotency",FALSE,302,TRUE
"B-S",NA,"Lamp1",375.361815469161,89528.09343126,0.0041926707146664,0.00417516562004236,"Exiting naïve pluripotency",FALSE,198,TRUE
"B-S",NA,"Dock11",7.40645113943983,6406.81010839818,0.00115602788503616,0.00115469302769748,"Epiblast",FALSE,606,FALSE
"B-S",NA,"Laptm5",10.2694803209574,732.889014053918,0.014012326728917,0.0138186946643135,"Exiting naïve pluripotency",FALSE,47,TRUE
"B-S",NA,"Nop10",35.5760043243064,197116.258460881,0.000180482343780722,0.000180449775782254,"Exiting naïve pluripotency",FALSE,1600,FALSE
"B-S",NA,"Pmvk",123.751173237828,61088.8912738785,0.0020257557578352,0.00202166036770493,"Epiblast",FALSE,385,TRUE
"B-S",NA,"Zdbf2",45.752550902047,34129.7110178345,0.00134054902715523,0.00133875436129859,"Epiblast",FALSE,545,FALSE
"B-S",NA,"Rest",630.843343995281,76380.9648184926,0.00825916961764469,0.00819151450988217,"Exiting naïve pluripotency",FALSE,89,TRUE
"B-S",NA,"Jpt1",32.3114461202677,132551.000794754,0.000243766142288882,0.000243706734838281,"Epiblast",FALSE,1449,FALSE
"B-S",NA,"Dpys",31.9785697030097,1201.23939816167,0.026621312747441,0.0259309956036244,"Exiting naïve pluripotency",FALSE,23,TRUE
"B-S",NA,"Tpm4",3.57050059223562,16762.8577872319,0.000213000708921794,0.000212955349281428,"Epiblast",FALSE,1521,FALSE
"B-S",NA,"Nsd2",11.0449974596449,9212.34806297861,0.00119893401596831,0.00119749829452894,"Epiblast",FALSE,591,FALSE
"B-S",NA,"Smim40",41.7543309998758,9721.99150108428,0.00429483311060486,0.00427646640110899,"Exiting naïve pluripotency",FALSE,192,TRUE
"B-S",NA,"Plk1",81.4631292034108,64419.7197835672,0.00126456820174172,0.00126297108866327,"Epiblast",FALSE,568,FALSE
"B-S",NA,"Fzd10",0.293491603753262,680.447084594425,0.000431321715380992,0.000431135757166649,"Epiblast",FALSE,1122,FALSE
"B-S",NA,"Olfr539",0.0194040999457382,126.537569825929,0.000153346551324096,0.000153323039764709,"Epiblast",FALSE,1676,FALSE
"B-S",NA,"Ybx1",88.6226176100995,179981.748432017,0.000492397803567143,0.000492155467296033,"Exiting naïve pluripotency",FALSE,1050,FALSE
"B-S",NA,"Foxp1",12.9349374200867,14432.7677758698,0.000896220158250779,0.00089541766688766,"Epiblast",FALSE,706,FALSE
"B-S",NA,"Smarce1",115.020204313014,54062.1551024171,0.00212755492442201,0.00212303804437596,"Epiblast",FALSE,367,TRUE
"B-S",NA,"Spry2",0.00091268140098468,12930.7067963533,7.05824836459884e-08,7.05824786641017e-08,"Epiblast",FALSE,2834,FALSE
"B-S",NA,"Sct",0.202773290045521,539.745930385862,0.000375682851189928,0.000375541766588315,"Epiblast",FALSE,1206,FALSE
"B-S",NA,"Pxdc1",0.679173559352629,2793.61068042621,0.000243116753566038,0.00024305766217628,"Epiblast",FALSE,1451,FALSE
"B-S",NA,"Top1",148.989858536521,166791.702080863,0.000893269009655457,0.000892471792261438,"Epiblast",FALSE,709,FALSE
"B-S",NA,"Eif5a",39.6982045723934,180540.368392685,0.000219885474510874,0.000219837135518015,"Exiting naïve pluripotency",FALSE,1500,FALSE
"B-S",NA,"Fgf17",0.00136198091022888,216.577490947646,6.28865402526118e-06,6.28861447834043e-06,"Exiting naïve pluripotency",FALSE,2651,FALSE
"B-S",NA,"1810037I17Rik",434.954412976615,98179.3340964125,0.00443020333127833,0.00441066319649209,"Exiting naïve pluripotency",FALSE,179,TRUE
"B-S",NA,"Nars",64.4298005128624,123166.816171039,0.000523110059314925,0.000522836558251925,"Exiting naïve pluripotency",FALSE,1008,FALSE
"B-S",NA,"Cdh11",0.012191460520167,224.805684236173,5.42311043494746e-05,5.42281634962814e-05,"Epiblast",FALSE,2157,FALSE
"B-S",NA,"Vsir",0.262882887379461,656.026893639023,0.000400719680745454,0.000400559168803212,"Epiblast",FALSE,1166,FALSE
"B-S",NA,"Nqo1",61.5169381341065,7008.97188452897,0.00877688470542932,0.00870052123368414,"Exiting naïve pluripotency",FALSE,86,TRUE
"B-S",NA,"Srsf7",18.4318592242094,196844.044305019,9.36368651095603e-05,9.3628098067971e-05,"Epiblast",FALSE,1912,FALSE
"B-S",NA,"Zfp993",1.28414938097777,9519.35533137998,0.000134898775838806,0.000134880580613597,"Epiblast",FALSE,1753,FALSE
"B-S",NA,"Mid1ip1",19.8235647314124,21846.5851007784,0.000907398782920358,0.000906576156819035,"Epiblast",FALSE,702,FALSE
"B-S",NA,"Pgam1",1.39252285802208,199582.045278604,6.97719504817279e-06,6.97714636726171e-06,"Exiting naïve pluripotency",FALSE,2642,FALSE
"B-S",NA,"Pkm",59.965560074238,194109.072038689,0.000308927137945854,0.000308831731442953,"Exiting naïve pluripotency",FALSE,1325,FALSE
"B-S",NA,"Ccn1",0.00994938771224801,233.900427638438,4.25368513119084e-05,4.25350420051511e-05,"Epiblast",FALSE,2233,FALSE
"B-S",NA,"Npy",0.00899991907571289,105.264534406005,8.54981131726686e-05,8.5490803870244e-05,"Epiblast",FALSE,1954,FALSE
"B-S",NA,"Zfp936",10.0626762501079,13728.4596244913,0.000732979265361738,0.000732442400269269,"Exiting naïve pluripotency",FALSE,816,FALSE
"B-S",NA,"Fabp7",0.0605009186711192,543.08765507474,0.000111401756430632,0.000111389347461677,"Epiblast",FALSE,1829,FALSE
"B-S",NA,"Cebpb",2.70210856966341,8853.81885458806,0.00030519130942725,0.000305098196109276,"Exiting naïve pluripotency",FALSE,1330,FALSE
"B-S",NA,"Psma7",9.7963823745086,198094.471262479,4.94530832288006e-05,4.94506377422966e-05,"Epiblast",FALSE,2187,FALSE
"B-S",NA,"Anp32a",232.039920778174,136800.453593137,0.00169619262716987,0.00169332042954185,"Epiblast",FALSE,439,TRUE
"B-S",NA,"Txn1",84.3467444491069,196925.650692556,0.000428317713576026,0.000428134336056103,"Exiting naïve pluripotency",FALSE,1124,FALSE
"B-S",NA,"Tshz1",0.00022684221157421,13.8853242994662,1.63368320884612e-05,1.63365652007386e-05,"Epiblast",FALSE,2522,FALSE
"B-S",NA,"Emc8",0.768758006638201,81257.2798929945,9.46078933051362e-06,9.46069982482566e-06,"Epiblast",FALSE,2607,FALSE
"B-S",NA,"Lonrf3",0.0178511146413434,278.968968908654,6.39896068411416e-05,6.39855124333575e-05,"Exiting naïve pluripotency",FALSE,2073,FALSE
"B-S",NA,"Nrarp",0.20591642562507,824.881260198849,0.00024963159615898,0.000249569295777323,"Epiblast",FALSE,1438,FALSE
"B-S",NA,"Upk3a",0.0138278261665692,113.590322084655,0.000121734192779767,0.000121719375369861,"Epiblast",FALSE,1792,FALSE
"B-S",NA,"Hoxa2",0.000141935205977177,9.71349557726833,1.46121656048659e-05,1.46119520926021e-05,"Epiblast",FALSE,2549,FALSE
"B-S",NA,"Trib3",0.210717360679151,4469.34747582378,4.71472316303427e-05,4.71450088736891e-05,"Exiting naïve pluripotency",FALSE,2203,FALSE
"B-S",NA,"Mtch1",12.799178767761,51153.0317995327,0.000250213493071547,0.000250150901940577,"Epiblast",FALSE,1437,FALSE
"B-S",NA,"Gjc1",17.3057754744547,3250.28781223604,0.00532438247754717,0.00529618357054628,"Exiting naïve pluripotency",FALSE,142,TRUE
"B-S",NA,"Alpl",0.22075786459117,2687.31378696173,8.2148153171483e-05,8.214140540673e-05,"Exiting naïve pluripotency",FALSE,1968,FALSE
"B-S",NA,"Gpa33",107.369256250119,2490.71433438559,0.0431078164074584,0.0413263286204919,"Exiting naïve pluripotency",FALSE,12,TRUE
"B-S",NA,"Csnk1e",25.3881228720275,11736.7177748084,0.00216313652242029,0.00215846746261945,"Exiting naïve pluripotency",FALSE,357,TRUE
"B-S",NA,"Ash2l",634.123821954381,67518.0560583902,0.00939191468139998,0.00930452735433729,"Exiting naïve pluripotency",FALSE,81,TRUE
"B-S",NA,"Nudt5",5.27401128288837,38923.8300723785,0.000135495691792956,0.000135477335197701,"Epiblast",FALSE,1749,FALSE
"B-S",NA,"Rif1",148.018006877256,153581.425903851,0.000963775443587309,0.000962847474835143,"Exiting naïve pluripotency",FALSE,681,FALSE
"B-S",NA,"P4ha2",0.350072419969848,4401.34342346656,7.95376289210639e-05,7.95313031897832e-05,"Epiblast",FALSE,1987,FALSE
"B-S",NA,"Atad2",60.252899417485,128263.517054383,0.000469758671843827,0.000469538102248535,"Epiblast",FALSE,1077,FALSE
"B-S",NA,"Cox5a",104.492448143239,200691.955604647,0.00052066086968171,0.000520389923011821,"Exiting naïve pluripotency",FALSE,1013,FALSE
"B-S",NA,"Pycard",123.297652112194,36658.4295709242,0.00336341882495664,0.00335214416018431,"Exiting naïve pluripotency",FALSE,257,TRUE
"B-S",NA,"Sfmbt2",0.000875225116165826,734.419457360681,1.19172375866942e-06,1.19172233846559e-06,"Exiting naïve pluripotency",FALSE,2771,FALSE
"B-S",NA,"Wls",1.11460929468528,952.522688411462,0.00117016561205921,0.00116879792492002,"Epiblast",FALSE,600,FALSE
"B-S",NA,"U2af1",13.0907940171775,189554.648020055,6.90607914599512e-05,6.90560223963894e-05,"Epiblast",FALSE,2045,FALSE
"B-S",NA,"Eras",0.50088785903359,12648.9645108754,3.95991196435829e-05,3.95975516153989e-05,"Epiblast",FALSE,2256,FALSE
"B-S",NA,"Polr2e",310.886662797526,155078.806261608,0.00200470115995787,0.0020006903736451,"Exiting naïve pluripotency",FALSE,389,TRUE
"B-S",NA,"Eif3a",3.30421466342874,199367.897315539,1.65734539407775e-05,1.65731792659543e-05,"Exiting naïve pluripotency",FALSE,2518,FALSE
"B-S",NA,"Atpif1",266.999232181016,198307.841539096,0.00134638766731964,0.00134457734496462,"Exiting naïve pluripotency",FALSE,542,FALSE
"B-S",NA,"Ptp4a3",24.5360640150217,11277.4661983624,0.00217567169641214,0.00217094842536869,"Exiting naïve pluripotency",FALSE,355,TRUE
"B-S",NA,"Cryzl1",9.15501195462619,4249.54929144388,0.00215434892661654,0.00214971768463013,"Exiting naïve pluripotency",FALSE,359,TRUE
"B-S",NA,"Ppp1r14b",0.595647471293448,199933.080766207,2.97923419681595e-06,2.97922532100599e-06,"Exiting naïve pluripotency",FALSE,2722,FALSE
"B-S",NA,"B2m",0.212603774015198,8152.23946425415,2.60791865778011e-05,2.60785064715652e-05,"Exiting naïve pluripotency",FALSE,2392,FALSE
"B-S",NA,"Grrp1",0.191070807072099,388.882284102452,0.000491333277146049,0.000491091987310543,"Epiblast",FALSE,1054,FALSE
"B-S",NA,"Kdr",0.0127218697232276,27.7605889706329,0.000458270886712298,0.000458060970705085,"Exiting naïve pluripotency",FALSE,1094,FALSE
"B-S",NA,"Ttll3",0.596069375221406,6192.2594691886,9.62604002928695e-05,9.62511351200742e-05,"Epiblast",FALSE,1896,FALSE
"B-S",NA,"Fam124a",0.0470166474044258,461.074512289085,0.000101971907254217,0.000101961510044571,"Epiblast",FALSE,1865,FALSE
"B-S",NA,"Espn",3.1542529337534,4800.96815604259,0.000657003510798836,0.000656572140597371,"Epiblast",FALSE,879,FALSE
"B-S",NA,"Gabarap",44.1790686211529,33328.6745499543,0.00132555732316734,0.00132380254700673,"Exiting naïve pluripotency",FALSE,547,FALSE
"B-S",NA,"Sparcl1",0.000449413096993936,19.3811733586097,2.31881263677099e-05,2.31875886909732e-05,"Epiblast",FALSE,2431,FALSE
"B-S",NA,"Soat1",13.8783888649247,42968.7551955855,0.000322987919984021,0.000322883632471172,"Epiblast",FALSE,1291,FALSE
"B-S",NA,"Napsa",1.8865535688945,334.723344082816,0.00563615774712069,0.00560456950926179,"Exiting naïve pluripotency",FALSE,134,TRUE
"B-S",NA,"Tsx",9.02989378469741,3466.96107619703,0.00260455585922022,0.00259778977065205,"Exiting naïve pluripotency",FALSE,309,TRUE
"B-S",NA,"Uqcrq",248.247975696227,187759.232831191,0.00132216121653746,0.0013204154144867,"Exiting naïve pluripotency",FALSE,550,FALSE
"B-S",NA,"Bax",126.061184200982,198984.400984291,0.000633522947414025,0.000633121850193418,"Exiting naïve pluripotency",FALSE,904,FALSE
"B-S",NA,"Ap3b2",0.760189245873493,1347.24792601767,0.000564253417053338,0.000563935214681457,"Exiting naïve pluripotency",FALSE,965,FALSE
"B-S",NA,"Cdc5l",17.4832402653563,94304.8535490871,0.000185390672986475,0.000185356309655486,"Exiting naïve pluripotency",FALSE,1584,FALSE
"B-S",NA,"Btf3",26.2900523560578,195612.750425031,0.000134398459706406,0.000134380399187741,"Exiting naïve pluripotency",FALSE,1754,FALSE
"B-S",NA,"Mtdh",7.1458157042769,189948.461943098,3.76197608086848e-05,3.76183456155207e-05,"Epiblast",FALSE,2271,FALSE
"B-S",NA,"Cited4",0.0921450637424306,271.252470037941,0.000339702210746843,0.000339586852342362,"Epiblast",FALSE,1268,FALSE
"B-S",NA,"Fgf15",1.10996013517793,4090.78657606167,0.000271331714461262,0.000271258113532256,"Exiting naïve pluripotency",FALSE,1392,FALSE
"B-S",NA,"Nkx2-9",0.137582428837357,1061.41645650212,0.000129621533559746,0.000129604733995369,"Exiting naïve pluripotency",FALSE,1766,FALSE
"B-S",NA,"Tsix",13.9447445798876,8658.06795691619,0.00161060696789153,0.00160801708437096,"Exiting naïve pluripotency",FALSE,458,TRUE
"B-S",NA,"Acot1",0.265625035888123,7778.24393830043,3.41497435661761e-05,3.41485774010147e-05,"Exiting naïve pluripotency",FALSE,2305,FALSE
"B-S",NA,"Xlr5b",12.4540920195305,1257.54937845864,0.0099034616316978,0.00980634487151555,"Exiting naïve pluripotency",FALSE,75,TRUE
"B-S",NA,"Sem1",47.7841899678885,190076.615572217,0.000251394364446339,0.000251331181203775,"Epiblast",FALSE,1433,FALSE
"B-S",NA,"Mrpl33",84.8367200155374,102599.640412615,0.00082687151411406,0.000826188362491823,"Exiting naïve pluripotency",FALSE,761,FALSE
"B-S",NA,"Aurka",4.20656317050181,42880.4474463655,9.8099796550942e-05,9.80901739248363e-05,"Epiblast",FALSE,1889,FALSE
"B-S",NA,"Hoxc13",0.113148341039706,417.770031537409,0.000270838816808655,0.000270765483005605,"Epiblast",FALSE,1394,FALSE
"B-S",NA,"Pnrc1",3.31435544999368,56739.3290690669,5.8413722974398e-05,5.84103110106718e-05,"Epiblast",FALSE,2119,FALSE
"B-S",NA,"Pwwp3b",1.16919952255234,1600.79345892562,0.000730387493797645,0.000729854417258986,"Epiblast",FALSE,817,FALSE
"B-S",NA,"Card19",87.3279594084233,21949.4583622746,0.00397859290954156,0.00396282643638003,"Exiting naïve pluripotency",FALSE,212,TRUE
"B-S",NA,"Nrk",2.69980566331347,3072.84408185164,0.000878601579318212,0.000877830316216012,"Epiblast",FALSE,721,FALSE
"B-S",NA,"Tspan6",17.1520805243492,5924.03216051873,0.00289533886035611,0.00288698007475659,"Epiblast",FALSE,284,TRUE
"B-S",NA,"Serf2",96.8590715935297,188249.804877247,0.000514524153991496,0.000514259555029013,"Exiting naïve pluripotency",FALSE,1020,FALSE
"B-S",NA,"Ttc28",0.042765531760504,475.19627177698,8.999551196095e-05,8.99874134976023e-05,"Epiblast",FALSE,1931,FALSE
"B-S",NA,"Zmynd8",285.640990893064,58901.7467181267,0.00484944856151711,0.00482604490499476,"Epiblast",FALSE,160,TRUE
"B-S",NA,"Meox1",0.00951700364338354,91.3566785762205,0.000104174142402116,0.000104163291280577,"Epiblast",FALSE,1855,FALSE
"B-S",NA,"Bex3",148.936369876981,182253.858054223,0.000817191863409939,0.000816524606145523,"Epiblast",FALSE,766,FALSE
"B-S",NA,"Tceal9",79.014897985907,106445.941926006,0.000742300707347144,0.000741750105718994,"Epiblast",FALSE,810,FALSE
"B-S",NA,"Nop56",7.14907705340104,163437.197708446,4.37420437552668e-05,4.37401304725658e-05,"Epiblast",FALSE,2226,FALSE
"B-S",NA,"Bnip3",10.040894575251,20125.4685579731,0.00049891482259543,0.000498666030721179,"Exiting naïve pluripotency",FALSE,1036,FALSE
"B-S",NA,"Ndrg1",0.0331358657964612,746.595405929884,4.43826275024965e-05,4.43806577722943e-05,"Exiting naïve pluripotency",FALSE,2224,FALSE
"B-S",NA,"H1f3",2.71090608719216,30641.5064665567,8.84716973739836e-05,8.84638708251754e-05,"Epiblast",FALSE,1939,FALSE
"B-S",NA,"Tal2",0.0219723552921042,1283.38641266664,1.71206076948016e-05,1.7120314584612e-05,"Epiblast",FALSE,2511,FALSE
"B-S",NA,"Myh13",0.0849234443012719,409.224055001031,0.000207523099542763,0.000207480042641221,"Exiting naïve pluripotency",FALSE,1534,FALSE
"B-S",NA,"Snrpf",172.666446297501,180181.350272049,0.000958292553789825,0.000957375108352308,"Epiblast",FALSE,685,FALSE
"B-S",NA,"Npc2",159.481264514709,65824.5950073089,0.0024228218114673,0.00241696593368559,"Exiting naïve pluripotency",FALSE,335,TRUE
"B-S",NA,"Phf5a",141.258595782082,197826.326125903,0.000714053576934857,0.00071354406824063,"Epiblast",FALSE,835,FALSE
"B-S",NA,"Resf1",4.04405869171471,84704.852662142,4.77429399215775e-05,4.77406606420846e-05,"Epiblast",FALSE,2198,FALSE
"B-S",NA,"Sp8",0.0346748203779459,195.681443547769,0.000177200350474118,0.000177168956073008,"Epiblast",FALSE,1611,FALSE
"B-S",NA,"Aard",0.37650529261157,2661.27898993581,0.00014147531845981,0.000141455306025342,"Epiblast",FALSE,1722,FALSE
"B-S",NA,"Eif3h",4.61917304981437,193509.711336645,2.3870497340459e-05,2.38699275534168e-05,"Epiblast",FALSE,2420,FALSE
"B-S",NA,"Gstm1",0.106488055950824,20075.8251657954,5.30429285328981e-06,5.30426471791637e-06,"Exiting naïve pluripotency",FALSE,2667,FALSE
"B-S",NA,"Tapbpl",0.344190899160218,1783.59779794626,0.000192975624637203,0.000192938392230445,"Epiblast",FALSE,1561,FALSE
"B-S",NA,"Yae1d1",5.34006823086601,6485.24667748765,0.000823417904734925,0.000822740445521133,"Epiblast",FALSE,764,FALSE
"B-S",NA,"Ythdc1",67.9280938820187,101381.875523294,0.00067002206786371,0.000669573438883603,"Epiblast",FALSE,865,FALSE
"B-S",NA,"Igsf23",0.384401346877062,14501.2734730287,2.6508109621684e-05,2.65074069604345e-05,"Exiting naïve pluripotency",FALSE,2386,FALSE
"B-S",NA,"Herpud1",0.377583239780843,5905.85653744659,6.39336965581104e-05,6.39296093018682e-05,"Exiting naïve pluripotency",FALSE,2075,FALSE
"B-S",NA,"Marc2",2.63124971207817,11859.5759139855,0.000221867099731218,0.000221817885640263,"Exiting naïve pluripotency",FALSE,1497,FALSE
"B-S",NA,"Tcea3",24.2309368920994,7086.19508021623,0.00341945665026202,0.00340780381285138,"Exiting naïve pluripotency",FALSE,252,TRUE
"B-S",NA,"Kcnk1",16.1105260530683,27920.9110057877,0.00057700574489596,0.000576673001261306,"Epiblast",FALSE,956,FALSE
"B-S",NA,"Nefh",4.37359503803572,6370.93870181826,0.00068649146424647,0.00068602051701724,"Epiblast",FALSE,854,FALSE
"B-S",NA,"Sfrp1",1.58601646360664,4181.36096219896,0.000379306278014457,0.000379162459313252,"Epiblast",FALSE,1201,FALSE
"B-S",NA,"Tex101",0.175314397685275,403.93921774384,0.00043401182649329,0.000433823541945474,"Exiting naïve pluripotency",FALSE,1116,FALSE
"B-S",NA,"Eif1-ps1",0.000916602609329097,40.9770825939111,2.23686644169563e-05,2.23681640710006e-05,"Epiblast",FALSE,2440,FALSE
"B-S",NA,"Dact1",0.380144153654281,612.086532936329,0.000621062763512598,0.00062067728396337,"Exiting naïve pluripotency",FALSE,912,FALSE
"B-S",NA,"Spic",0.0133168110446173,25.0220644817163,0.000532202730687866,0.000531919641602099,"Exiting naïve pluripotency",FALSE,995,FALSE
"B-S",NA,"9530053A07Rik",1.2073781486234,435.702816188228,0.00277110476169564,0.00276344696066425,"Exiting naïve pluripotency",FALSE,293,TRUE
"B-S",NA,"Junb",1.58099835416429,2174.06454406668,0.000727208563553942,0.000726680115550949,"Exiting naïve pluripotency",FALSE,820,FALSE
"B-S",NA,"Mafb",0.653726370360187,1587.10459083141,0.000411898733162714,0.000411729142450533,"Epiblast",FALSE,1148,FALSE
"B-S",NA,"Ubxn2a",22.7072357475431,8779.19658108418,0.00258648220686486,0.00257980957530125,"Exiting naïve pluripotency",FALSE,314,TRUE
"B-S",NA,"Ddt",125.898852123664,178466.593326133,0.000705447724289746,0.000704950418621192,"Epiblast",FALSE,839,FALSE
"B-S",NA,"Pax3",0.00674674141921488,119.712944491845,5.6357659966124e-05,5.63544839592795e-05,"Exiting naïve pluripotency",FALSE,2140,FALSE
"B-S",NA,"Irs4",2.10378750146654,2312.11725886856,0.000909896543264434,0.000909069384174186,"Epiblast",FALSE,701,FALSE
"B-S",NA,"Tex15",0.621183402621467,3892.60021802491,0.000159580580544861,0.000159555118646398,"Epiblast",FALSE,1657,FALSE
"B-S",NA,"Uchl1",5.40870789319239,28967.0192658033,0.000186719518620874,0.000186684660950848,"Epiblast",FALSE,1579,FALSE
"B-S",NA,"Atp5h",75.5210699261892,196907.271137846,0.000383536217275187,0.000383389173641784,"Exiting naïve pluripotency",FALSE,1195,FALSE
"B-S",NA,"Ccdc34",10.197867064765,35507.2848195236,0.00028720492475273,0.000287122461767703,"Epiblast",FALSE,1360,FALSE
"B-S",NA,"Cdc42ep5",4.65624774952681,11455.5472962083,0.00040646226925081,0.000406297124799474,"Exiting naïve pluripotency",FALSE,1156,FALSE
"B-S",NA,"Mfap1a",15.3142899174881,68012.4848936883,0.000225168804542668,0.00022511811496584,"Epiblast",FALSE,1490,FALSE
"B-S",NA,"Pdia6",162.471653052093,148889.151365247,0.00109122559677653,0.00109003612145939,"Epiblast",FALSE,627,FALSE
"B-S",NA,"Ifrd1",10.8136798087551,57540.0223274064,0.000187933187568552,0.000187897875321905,"Epiblast",FALSE,1576,FALSE
"B-S",NA,"Mfap1b",7.4017194892248,37365.7125612499,0.00019808854112154,0.000198049309822687,"Epiblast",FALSE,1546,FALSE
"B-S",NA,"Tex13b",0.0586226432329051,190.280724603335,0.000308085032549207,0.000307990145395238,"Exiting naïve pluripotency",FALSE,1328,FALSE
"B-S",NA,"Impdh2",6.84954004565834,91989.0041577058,7.44604217468808e-05,7.44548778052783e-05,"Epiblast",FALSE,2008,FALSE
"B-S",NA,"Cfap126",0.000736152417002003,106.151277309135,6.93493696602605e-06,6.93488887300885e-06,"Exiting naïve pluripotency",FALSE,2645,FALSE
"B-S",NA,"Patl2",21.2848427683915,3704.27666785948,0.00574601863653208,0.00571319053723109,"Exiting naïve pluripotency",FALSE,129,TRUE
"B-S",NA,"Nme1",0.466249108133983,197016.402382465,2.36654970091709e-06,2.36654410037286e-06,"Epiblast",FALSE,2735,FALSE
"B-S",NA,"Plekha1",47.5155018631537,46454.5892401718,0.00102283762789284,0.00102179250007587,"Epiblast",FALSE,658,FALSE
"B-S",NA,"Smc4",78.2986097885891,78885.8718929036,0.000992555547777785,0.00099157135812526,"Epiblast",FALSE,669,FALSE
"B-S",NA,"S100a1",0.0320330034501478,1212.23434525569,2.6424761495593e-05,2.6424063246024e-05,"Exiting naïve pluripotency",FALSE,2388,FALSE
"B-S",NA,"Utp14a",338.686558354278,129189.804885659,0.00262161986121147,0.00261476494150841,"Epiblast",FALSE,307,TRUE
"B-S",NA,"Wnt3",0.340307243961104,797.154822393396,0.000426902321106655,0.000426720153282755,"Epiblast",FALSE,1126,FALSE
"B-S",NA,"Ina",81.5121223515825,22664.1265235163,0.00359652609011892,0.00358363744455206,"Epiblast",FALSE,231,TRUE
"B-S",NA,"Gng3",166.318480169945,35065.0370964053,0.00474314285516599,0.00472075165567934,"Epiblast",FALSE,168,TRUE
"B-S",NA,"Taf9",0.294202911782256,2889.59386582049,0.000101814623591997,0.000101804258429745,"Exiting naïve pluripotency",FALSE,1867,FALSE
"B-S",NA,"Dcn",0.169847231429447,881.808957013826,0.000192612277385593,0.000192575185040634,"Exiting naïve pluripotency",FALSE,1563,FALSE
"B-S",NA,"Upk1a",0.214357970839755,110.499261099894,0.00193990411072495,0.00193614816893306,"Exiting naïve pluripotency",FALSE,398,TRUE
"B-S",NA,"Lncenc1",21.8977452693509,4552.77632691936,0.00480975644243169,0.00478673342052412,"Exiting naïve pluripotency",FALSE,164,TRUE
"B-S",NA,"Catip",0.0150944182557246,155.249178634326,9.722704099632e-05,9.72175888178264e-05,"Exiting naïve pluripotency",FALSE,1891,FALSE
"B-S",NA,"Greb1l",0.0313927472733549,445.959568267499,7.03937072037989e-05,7.03887522785805e-05,"Epiblast",FALSE,2036,FALSE
"B-S",NA,"Ndufaf4",15.4230406936652,16937.6166980867,0.000910579154587162,0.000909750754514231,"Epiblast",FALSE,700,FALSE
"B-S",NA,"Ptges3",102.708364943241,197087.721952752,0.000521130204995029,0.000520858769757572,"Exiting naïve pluripotency",FALSE,1011,FALSE
"B-S",NA,"Hsph1",3.68916137282897,67658.76274921,5.45259951989301e-05,5.45230222768792e-05,"Epiblast",FALSE,2152,FALSE
"B-S",NA,"Id4",0.00847684827793177,214.493074044581,3.95203822579833e-05,3.95188204590924e-05,"Epiblast",FALSE,2259,FALSE
"B-S",NA,"Mid1",5.8169969802574,13058.0426094811,0.000445472354029068,0.000445273996773538,"Epiblast",FALSE,1107,FALSE
"B-S",NA,"Pole4",14.8120160309616,31871.1846448038,0.000464746327946003,0.000464530439130198,"Exiting naïve pluripotency",FALSE,1086,FALSE
"B-S",NA,"Zfp984",26.126571609959,18179.3706815954,0.00143715489757901,0.00143509244743969,"Exiting naïve pluripotency",FALSE,503,FALSE
"B-S",NA,"Smtnl1",1.02375429885959,2303.68774810071,0.000444398030811092,0.000444200628926312,"Exiting naïve pluripotency",FALSE,1108,FALSE
"B-S",NA,"Rec114",5.01366405039184,3287.70837741711,0.00152497225265785,0.00152265025327111,"Exiting naïve pluripotency",FALSE,481,TRUE
"B-S",NA,"Lhpp",13.5321696818279,8612.42722324787,0.00157123762338449,0.00156877270868207,"Epiblast",FALSE,471,TRUE
"B-S",NA,"Synm",0.412627165253524,2191.10451694869,0.000188319252715587,0.000188283795251967,"Epiblast",FALSE,1573,FALSE
"B-S",NA,"Rragd",0.00867954583942159,25498.1123794384,3.40399544494154e-07,3.40399428622343e-07,"Epiblast",FALSE,2813,FALSE
"B-S",NA,"Ndufa4",50.4977090400308,198581.102954003,0.00025429262043996,0.000254227972142735,"Exiting naïve pluripotency",FALSE,1428,FALSE
"B-S",NA,"Wnt8b",0.000794539396558142,154.299072436968,5.14934655153364e-06,5.14932003590027e-06,"Epiblast",FALSE,2673,FALSE
"B-S",NA,"Rhox6",0.832598664603126,1385.52179737764,0.000600927871491432,0.000600566974058023,"Epiblast",FALSE,933,FALSE
"B-S",NA,"Sqstm1",98.0883846562149,30871.2540391342,0.00317733722549374,0.00316727372877198,"Exiting naïve pluripotency",FALSE,268,TRUE
"B-S",NA,"Nrp2",0.0156063434898152,659.591366892631,2.36606242488247e-05,2.36600644369303e-05,"Epiblast",FALSE,2423,FALSE
"B-S",NA,"Snu13",66.103025048744,198810.851182533,0.000332492037811624,0.000332381523601511,"Exiting naïve pluripotency",FALSE,1278,FALSE
"B-S",NA,"Vwa3b",5.9480185849183,317.850418368601,0.0187132633502485,0.0183695098743547,"Exiting naïve pluripotency",FALSE,36,TRUE
"B-S",NA,"Itm2a",44.3252424881146,15886.4265044083,0.00279013297772252,0.00278236979599849,"Epiblast",FALSE,290,TRUE
"B-S",NA,"H1f1",3.62133178871325,40676.9417594347,8.90266483190887e-05,8.90187232805174e-05,"Epiblast",FALSE,1936,FALSE
"B-S",NA,"Elobl",0.0575877124212419,41.5555947814535,0.00138579925817699,0.00138388147625379,"Exiting naïve pluripotency",FALSE,528,FALSE
"B-S",NA,"Mab21l2",0.00338404014087261,55.3992319658267,6.10846038977593e-05,6.10808727968387e-05,"Epiblast",FALSE,2100,FALSE
"B-S",NA,"Snrpd2",79.2783763866009,198547.91498544,0.000399290903620996,0.00039913153403011,"Exiting naïve pluripotency",FALSE,1168,FALSE
"B-S",NA,"Tra2a",2.16015811039474,52775.9636731373,4.09307184568615e-05,4.09290432017175e-05,"Epiblast",FALSE,2243,FALSE
"B-S",NA,"Edn2",0.240124677987162,224.775764863028,0.00106828544497885,0.00106714542904932,"Exiting naïve pluripotency",FALSE,637,FALSE
"B-S",NA,"Ywhaq",623.938760292155,185664.293928882,0.00336057486923767,0.00334931923120024,"Exiting naïve pluripotency",FALSE,258,TRUE
"B-S",NA,"Snx6",1.02298889979016,22755.3629945522,4.49559473094351e-05,4.49539263630902e-05,"Epiblast",FALSE,2220,FALSE
"B-S",NA,"Dpysl2",12.6416684931201,5162.78630375949,0.002448613548834,0.00244263248583436,"Epiblast",FALSE,333,TRUE
"B-S",NA,"Epp13",2.36220080568889,4428.72956391869,0.000533381135965941,0.000533096792193341,"Epiblast",FALSE,993,FALSE
"B-S",NA,"Gadd45a",24.6238607430967,6131.25677869581,0.00401611963613347,0.00400005493695555,"Exiting naïve pluripotency",FALSE,209,TRUE
"B-S",NA,"Tnrc6c",26.605634201655,29065.4928252612,0.000915368418543781,0.000914531285487275,"Epiblast",FALSE,697,FALSE
"B-S",NA,"Atp5l2-ps",0.0193052404963546,238.492715573527,8.0946876930515e-05,8.09403250639833e-05,"Epiblast",FALSE,1976,FALSE
"B-S",NA,"Rtraf",2.11813298214485,195441.640131292,1.08376750252502e-05,1.08375575713232e-05,"Exiting naïve pluripotency",FALSE,2588,FALSE
"B-S",NA,"Eid1",7.39676702797858,7210.14533589121,0.00102588320808991,0.00102483185030357,"Epiblast",FALSE,654,FALSE
"B-S",NA,"1110038B12Rik",41.8888684492844,117449.123512401,0.000356655436810149,0.000356528279061046,"Epiblast",FALSE,1239,FALSE
"B-S",NA,"Myof",3.85038443597779,313.001581621987,0.0123014855580759,0.0121519979310256,"Exiting naïve pluripotency",FALSE,56,TRUE
"B-S",NA,"Zfp706",45.0280412533006,169384.020319124,0.000265834056651074,0.0002657634076863,"Epiblast",FALSE,1401,FALSE
"B-S",NA,"Nefm",0.169420056842072,330.03311336516,0.000513342601033552,0.000513079215614472,"Epiblast",FALSE,1022,FALSE
"B-S",NA,"Arhgef26",1.96615426862614,1975.56666571003,0.000995235596324204,0.00099424608722669,"Epiblast",FALSE,668,FALSE
"B-S",NA,"Atp5b",136.886375825568,200088.285414975,0.000684129885673575,0.000683662171950039,"Exiting naïve pluripotency",FALSE,855,FALSE
"B-S",NA,"Epha1",22.0237736986664,6342.52435367793,0.00347239875963506,0.00346038293024023,"Epiblast",FALSE,247,TRUE
"B-S",NA,"Ccdc136",23.9127486508692,32351.8112666908,0.000739147136268367,0.000738601201305578,"Epiblast",FALSE,811,FALSE
"B-S",NA,"Tgfb1",0.000497394194265864,1299.23630414774,3.82835818763655e-07,3.82835672200447e-07,"Exiting naïve pluripotency",FALSE,2807,FALSE
"B-S",NA,"Dbi",150.965522701088,171300.45596248,0.000881290839845485,0.000880514850173679,"Epiblast",FALSE,719,FALSE
"B-S",NA,"Fdft1",37.605328563176,76444.4889826695,0.000491929883548589,0.000491688007524305,"Epiblast",FALSE,1052,FALSE
"B-S",NA,"Ndufb9",164.916660956713,197003.061333874,0.000837127402183956,0.00083642720604984,"Exiting naïve pluripotency",FALSE,753,FALSE
"B-S",NA,"Hypk",1.26058483912014,6929.53408935326,0.000181914804497021,0.000181881717519936,"Exiting naïve pluripotency",FALSE,1594,FALSE
"B-S",NA,"Tmem238",6.80236195698861,55544.2893462421,0.000122467350596301,0.00012245235418091,"Exiting naïve pluripotency",FALSE,1790,FALSE
"B-S",NA,"Mir6236",0.820444496844171,1127.09515690147,0.000727928331357288,0.000727398837135541,"Exiting naïve pluripotency",FALSE,818,FALSE
"B-S",NA,"Alg13",0.412208438072931,46419.8296852561,8.88000754995997e-06,8.87992869612611e-06,"Exiting naïve pluripotency",FALSE,2613,FALSE
"B-S",NA,"Hnrnpab",19.5786664399587,196178.590605682,9.98002196850914e-05,9.97902605951615e-05,"Exiting naïve pluripotency",FALSE,1883,FALSE
"B-S",NA,"Tmed10",62.7733464692564,52438.3601719214,0.00119708828162153,0.00119565697466832,"Epiblast",FALSE,592,FALSE
"B-S",NA,"Mreg",17.6940619516632,2219.47994060763,0.00797216574384495,0.00790911298424774,"Exiting naïve pluripotency",FALSE,93,TRUE
"B-S",NA,"Srsf3",43.2679557272229,197450.424184584,0.000219133262974277,0.000219085254107675,"Exiting naïve pluripotency",FALSE,1502,FALSE
"B-S",NA,"Atp6v1g1",200.003454797251,117159.5146559,0.00170710381811213,0.00170419458103603,"Exiting naïve pluripotency",FALSE,437,TRUE
"B-S",NA,"Lrp8",0.992614033898683,2857.90325039432,0.000347322476281073,0.000347201885262514,"Epiblast",FALSE,1255,FALSE
"B-S",NA,"Matn1",0.271496495395836,164.88973875499,0.00164653360145868,0.00164382698509275,"Exiting naïve pluripotency",FALSE,448,TRUE
"B-S",NA,"Tafa5",69.6317387531122,15433.4137932889,0.00451175220762831,0.00449148772795617,"Epiblast",FALSE,177,TRUE
"B-S",NA,"Rgs17",1.87324794978498,2259.93438211446,0.000828894840757418,0.000828208343134721,"Epiblast",FALSE,760,FALSE
"B-S",NA,"Plet1",1.25475282454857,284.70819355925,0.0044071538962838,0.00438781611539466,"Exiting naïve pluripotency",FALSE,181,TRUE
"B-S",NA,"Csnk2a1",6.518899420422,164686.047730822,3.95837990542896e-05,3.95822322391626e-05,"Epiblast",FALSE,2257,FALSE
"B-S",NA,"Wnt5b",0.0157889442619588,256.043529208394,6.16650782418646e-05,6.16612758944621e-05,"Epiblast",FALSE,2089,FALSE
"B-S",NA,"Tle5",37.1470330152767,5960.50710778457,0.00623219339286782,0.00619359371901407,"Exiting naïve pluripotency",FALSE,119,TRUE
"B-S",NA,"Dnah8",5.16216252903405,4165.87885225527,0.0012391533004469,0.00123761969991105,"Exiting naïve pluripotency",FALSE,577,FALSE
"B-S",NA,"Top2b",11.2850757296587,17055.8189619465,0.000661655459338361,0.000661217960864743,"Epiblast",FALSE,874,FALSE
"B-S",NA,"Nrip1",0.539945597980956,3224.2905442408,0.000167461830927552,0.000167433792158158,"Exiting naïve pluripotency",FALSE,1633,FALSE
"B-S",NA,"Thrap3",161.313963542114,141008.338929714,0.00114400300554225,0.0011426957581605,"Epiblast",FALSE,610,FALSE
"B-S",NA,"Trim30a",0.480209026667502,295.573653947715,0.00162466789666053,0.00162203263231547,"Exiting naïve pluripotency",FALSE,453,TRUE
"B-S",NA,"Eif3s6-ps2",0.0516676829124589,5399.95520628384,9.56816879746226e-06,9.56807724848408e-06,"Epiblast",FALSE,2604,FALSE
"B-S",NA,"Dgkk",0.347005132137575,553.099159478628,0.000627383220876117,0.000626989857959573,"Epiblast",FALSE,909,FALSE
"B-S",NA,"Rbms1",1.80402822501746,7264.37689416888,0.000248339018101547,0.000248277361145463,"Epiblast",FALSE,1442,FALSE
"B-S",NA,"Mis18bp1",0.0623572218242777,26850.8620585324,2.32235455563194e-06,2.32234916231379e-06,"Epiblast",FALSE,2736,FALSE
"B-S",NA,"Tcf4",1.342441046965,8166.7895394126,0.000164378063189511,0.000164351047482642,"Exiting naïve pluripotency",FALSE,1643,FALSE
"B-S",NA,"Ssbp4",22.0816678170262,6763.47430337717,0.00326484094217676,0.00325421644309863,"Exiting naïve pluripotency",FALSE,265,TRUE
"B-S",NA,"3830417A13Rik",0.0186473471638265,124.586555958037,0.000149673831341058,0.000149651432437799,"Epiblast",FALSE,1690,FALSE
"B-S",NA,"Tnni1",0.852230076160383,509.847796413381,0.00167153821621973,0.00166874883876246,"Exiting naïve pluripotency",FALSE,440,TRUE
"B-S",NA,"Col4a2",1.02635238568524,1001.87563243175,0.0010244309298092,0.00102338254507699,"Epiblast",FALSE,656,FALSE
"B-S",NA,"Fkbp11",41.1634308883507,64790.5682293429,0.000635330604643599,0.000634927215951584,"Epiblast",FALSE,902,FALSE
"B-S",NA,"Rhox1",1.11132473131239,3556.06547027541,0.000312515261769441,0.000312417626493116,"Exiting naïve pluripotency",FALSE,1320,FALSE
"B-S",NA,"Emp3",2.08304751257378,7908.90492557441,0.000263380016851384,0.000263310666083714,"Epiblast",FALSE,1406,FALSE
"B-S",NA,"Hdgf",1.11804291482534,196418.057093508,5.69215952631623e-06,5.69212712582059e-06,"Exiting naïve pluripotency",FALSE,2661,FALSE
"B-S",NA,"Krt42",0.924457433117337,1065.02609576652,0.000868013879464603,0.000867261084805872,"Exiting naïve pluripotency",FALSE,731,FALSE
"B-S",NA,"Efhc2",0.645291228609946,192.450045096025,0.00335303235854255,0.00334182710412576,"Exiting naïve pluripotency",FALSE,259,TRUE
"B-S",NA,"Nucks1",111.846860073832,188010.908217011,0.000594895589487459,0.000594541899133899,"Epiblast",FALSE,938,FALSE
"B-S",NA,"Wnt10a",0.000911555553589106,27.7606562158896,3.28362394065941e-05,3.28351612233792e-05,"Epiblast",FALSE,2319,FALSE
"B-S",NA,"Hopx",0.737198704613613,2264.74651860243,0.000325510470402902,0.000325404547815472,"Exiting naïve pluripotency",FALSE,1289,FALSE
"B-S",NA,"Hspa9",31.3106139545088,165795.203653846,0.00018885114445096,0.000188815486430257,"Exiting naïve pluripotency",FALSE,1572,FALSE
"B-S",NA,"Adnp",2.14205676992163,10843.0666064577,0.000197550826501969,0.000197511807881078,"Epiblast",FALSE,1549,FALSE
"B-S",NA,"Hsf2bp",28.142904583257,5807.95454240511,0.00484557934773416,0.00482221293233885,"Exiting naïve pluripotency",FALSE,161,TRUE
"B-S",NA,"Limd2",12.394025896958,18968.9693315523,0.00065338425511302,0.000652957622882972,"Epiblast",FALSE,883,FALSE
"B-S",NA,"Zc3hav1",0.168405585080378,518.360779391061,0.000324881032238223,0.000324775518832419,"Exiting naïve pluripotency",FALSE,1290,FALSE
"B-S",NA,"Ctcf",128.901129143509,103174.624429755,0.00124934914816453,0.00124779022251294,"Epiblast",FALSE,574,FALSE
"B-S",NA,"Mlana",0.140460714046092,1274.61761375556,0.000110198315581278,0.000110186173250586,"Exiting naïve pluripotency",FALSE,1833,FALSE
"B-S",NA,"Mtss1",8.74454843825297,47499.5405511519,0.000184097537297988,0.000184063651633016,"Exiting naïve pluripotency",FALSE,1587,FALSE
"B-S",NA,"Sftpd",0.000600601883503376,264.534301022532,2.27041212115709e-06,2.2704069663976e-06,"Exiting naïve pluripotency",FALSE,2737,FALSE
"B-S",NA,"Ebp",0.070344099436911,5802.12036391667,1.21238607655195e-05,1.21237137793017e-05,"Exiting naïve pluripotency",FALSE,2574,FALSE
"B-S",NA,"Drg1",13.3376865991457,12773.7038635121,0.00104415185616168,0.00104306274026534,"Epiblast",FALSE,643,FALSE
"B-S",NA,"Tardbp",17.0951909791598,106149.637087694,0.000161048039806644,0.000161022107511863,"Epiblast",FALSE,1653,FALSE
"B-S",NA,"2310043M15Rik",0.00107504594160893,30.5075398412781,3.52386966370308e-05,3.52374549150468e-05,"Epiblast",FALSE,2297,FALSE
"B-S",NA,"Zfp638",0.384963736108751,54512.7765589015,7.06189925388949e-06,7.0618493838206e-06,"Epiblast",FALSE,2638,FALSE
"B-S",NA,"Pgls",1.11657873495804,113414.330381151,9.84512919315899e-06,9.8450322675444e-06,"Epiblast",FALSE,2600,FALSE
"B-S",NA,"Cox7b2",0.00392990006091596,1322.06616593828,2.97254416016833e-06,2.97253532417581e-06,"Epiblast",FALSE,2723,FALSE
"B-S",NA,"Gcat",39.4349142712235,38661.1167341085,0.00102001487806048,0.00101897550788206,"Exiting naïve pluripotency",FALSE,659,FALSE
"B-S",NA,"Cxcl10",0.0301570666520683,423.693183922711,7.11766622556041e-05,7.11715964989179e-05,"Epiblast",FALSE,2032,FALSE
"B-S",NA,"Esrrb",7.72185712579037,280.146629177432,0.0275636267638248,0.0268242530641463,"Exiting naïve pluripotency",FALSE,22,TRUE
"B-S",NA,"Pcsk1n",2.23422089920698,14526.412034564,0.000153804042862814,0.000153780390816994,"Epiblast",FALSE,1674,FALSE
"B-S",NA,"Hoxb3os",0.000641281282362881,20.127840504412,3.1860411563889e-05,3.1859396510404e-05,"Epiblast",FALSE,2326,FALSE
"B-S",NA,"Sfrp5",0.0156906246732447,233.881252198832,6.70879966894716e-05,6.70834961921012e-05,"Epiblast",FALSE,2060,FALSE
"B-S",NA,"Jaml",0.000720300522669624,24.9584856580156,2.88599449717933e-05,2.88591120994062e-05,"Epiblast",FALSE,2364,FALSE
"B-S",NA,"Ptk7",0.593661668101494,7197.98538535887,8.24760868935684e-05,8.24692851496404e-05,"Epiblast",FALSE,1967,FALSE
"B-S",NA,"Myb",8.13740839711439,19398.2777856572,0.000419491280980164,0.000419315381833504,"Exiting naïve pluripotency",FALSE,1135,FALSE
"B-S",NA,"Slfn9",9.58088357611557,7041.22370424473,0.00136068444613396,0.00135883549980452,"Exiting naïve pluripotency",FALSE,535,FALSE
"B-S",NA,"Eif4g2",60.4569956916322,195481.417640484,0.000309272341183961,0.000309176721375502,"Epiblast",FALSE,1324,FALSE
"B-S",NA,"Hacd2",2.60654780889426,19042.2749025658,0.000136882164669466,0.000136863430506834,"Exiting naïve pluripotency",FALSE,1741,FALSE
"B-S",NA,"Lrrc2",31.1731971539274,562.708047583146,0.0553985273319221,0.0524906240602507,"Exiting naïve pluripotency",FALSE,10,TRUE
"B-S",NA,"Apela",14.6695123713217,8901.48213457592,0.0016479853747435,0.00164527398727503,"Exiting naïve pluripotency",FALSE,447,TRUE
"B-S",NA,"Ncoa3",53.9221303442083,10290.1466833327,0.00524017120490109,0.00521285495248376,"Exiting naïve pluripotency",FALSE,148,TRUE
"B-S",NA,"Siva1",0.744785925585896,191991.051934898,3.87927415408112e-06,3.87925910537154e-06,"Epiblast",FALSE,2700,FALSE
"B-S",NA,"Khdrbs3",47.8263256426281,23391.7063611261,0.0020445847303431,0.00204041293321625,"Epiblast",FALSE,381,TRUE
"B-S",NA,"Sox3",16.9514326188215,8262.21643892169,0.00205168101612137,0.00204748023978252,"Epiblast",FALSE,379,TRUE
"B-S",NA,"Sqle",121.578971621225,71017.6228533675,0.00171195495901423,0.00170902917803779,"Epiblast",FALSE,436,TRUE
"B-S",NA,"Nr5a2",0.937128721012345,213.347039280338,0.0043925086758807,0.00437329892242174,"Exiting naïve pluripotency",FALSE,185,TRUE
"B-S",NA,"Cct3",21.761005138407,200483.202560936,0.00010854278493378,0.00010853100467628,"Exiting naïve pluripotency",FALSE,1837,FALSE
"B-S",NA,"Hebp1",96.7714131098383,7810.86183787433,0.0123893387334801,0.0122377214570231,"Exiting naïve pluripotency",FALSE,54,TRUE
"B-S",NA,"Cryab",0.0681143482639618,479.027188976805,0.00014219307344423,0.000142172857448669,"Epiblast",FALSE,1717,FALSE
"B-S",NA,"Phf10",0.714610598646652,21464.4598967491,3.32927360895245e-05,3.32916277201488e-05,"Epiblast",FALSE,2313,FALSE
"B-S",NA,"Nkx6-1",0.000326652784666862,16.6679114263739,1.95977034141179e-05,1.95973193516656e-05,"Epiblast",FALSE,2484,FALSE
"B-S",NA,"Pglyrp1",0.00744445356095884,191.073230783242,3.89612586255163e-05,3.89597407049827e-05,"Epiblast",FALSE,2262,FALSE
"B-S",NA,"Bptf",6.29657601667922,158899.136166627,3.96262444754667e-05,3.96246742984357e-05,"Epiblast",FALSE,2254,FALSE
"B-S",NA,"Lrrc58",0.246005022793136,18445.7528158334,1.33366756699662e-05,1.33364978054204e-05,"Epiblast",FALSE,2564,FALSE
"B-S",NA,"Chst7",0.604540065669304,476.817291640857,0.00126786523112221,0.00126625978436805,"Exiting naïve pluripotency",FALSE,567,FALSE
"B-S",NA,"Chchd2-ps",0.0282415725113532,188.298577677511,0.00014998293061842,0.000149960439112285,"Epiblast",FALSE,1687,FALSE
"B-S",NA,"Naa10",15.8238095020666,33822.8956579991,0.000467843133895729,0.000467624359050105,"Epiblast",FALSE,1080,FALSE
"B-S",NA,"Tchh",0.0577988757460591,217.065140301706,0.000266274334357523,0.000266203451210748,"Epiblast",FALSE,1399,FALSE
"B-S",NA,"Vcan",1.76865970568643,3337.26969343737,0.000529972063439893,0.000529691341826479,"Epiblast",FALSE,997,FALSE
"B-S",NA,"Btg1",1.07758264208071,6685.99122667378,0.000161170214789049,0.00016114424313677,"Epiblast",FALSE,1652,FALSE
"B-S",NA,"Uqcr10",317.038600756349,189823.963079219,0.00167017164542097,0.00166738682322687,"Exiting naïve pluripotency",FALSE,441,TRUE
"B-S",NA,"Eif1a",3.75839204118274,81693.2893219999,4.6006129418645e-05,4.60040129520713e-05,"Epiblast",FALSE,2209,FALSE
"B-S",NA,"Tspan13",3.25670292693054,11556.2953935389,0.000281812018127484,0.000281732622488568,"Epiblast",FALSE,1371,FALSE
"B-S",NA,"Ddx3y",0.655544156826375,9241.91045657508,7.09316715311815e-05,7.09266405860086e-05,"Exiting naïve pluripotency",FALSE,2033,FALSE
"B-S",NA,"Psmd13",12.9107015387671,24645.5234461294,0.000523855846153462,0.000523581564889757,"Epiblast",FALSE,1005,FALSE
"B-S",NA,"Nectin2",29.4919275494108,9301.98072407618,0.00317049974884137,0.00316047944954038,"Exiting naïve pluripotency",FALSE,269,TRUE
"B-S",NA,"Stox1",0.00907960561690218,90.9809157229505,9.97968150216341e-05,9.97868566111633e-05,"Epiblast",FALSE,1884,FALSE
"B-S",NA,"Map4k4",1.0518247264842,47743.0342246834,2.20309568414569e-05,2.20304714890904e-05,"Epiblast",FALSE,2446,FALSE
"B-S",NA,"Cdc6",3.69891851587997,15263.0846774617,0.000242344099770474,0.000242285383337361,"Epiblast",FALSE,1452,FALSE
"B-S",NA,"Cenpv",310.849419026651,39881.3229637342,0.00779436076655029,0.0077340785679945,"Exiting naïve pluripotency",FALSE,96,TRUE
"B-S",NA,"Bend7",0.747242335523052,1847.36459815281,0.000404490990176073,0.00040432744336815,"Epiblast",FALSE,1160,FALSE
"B-S",NA,"Anxa1",3.38116770854536,148.549018822703,0.0227612927728649,0.0222547459839387,"Exiting naïve pluripotency",FALSE,27,TRUE
"B-S",NA,"Macf1",59.9335555001134,43401.7956659669,0.0013809003655374,0.00137899610930599,"Exiting naïve pluripotency",FALSE,529,FALSE
"B-S",NA,"Sept11",22.7787685856607,37363.1270589841,0.000609659051013063,0.000609287593317127,"Epiblast",FALSE,923,FALSE
"B-S",NA,"Pdia3",86.2714209096266,123168.850182672,0.000700432136710518,0.000699941874927489,"Epiblast",FALSE,841,FALSE
"B-S",NA,"Hmgb1-ps1",0.000953788861010036,44.6431763689621,2.13647177146909e-05,2.13642612732796e-05,"Epiblast",FALSE,2457,FALSE
"B-S",NA,"Fbl",49.2088348772794,148359.866335725,0.000331685624236977,0.000331575645362064,"Epiblast",FALSE,1283,FALSE
"B-S",NA,"Snrpe",32.5228881238519,199882.690222773,0.000162709877916915,0.000162683407719506,"Exiting naïve pluripotency",FALSE,1649,FALSE
"B-S",NA,"Ly6g6e",0.205002385493691,107.996790946231,0.00189822663893557,0.00189463020141631,"Exiting naïve pluripotency",FALSE,402,TRUE
"B-S",NA,"Ddah2",0.149277611372961,16417.5629731894,9.09255603993955e-06,9.09247336611593e-06,"Exiting naïve pluripotency",FALSE,2612,FALSE
"B-S",NA,"Ascl2",0.914537083435496,2374.02340211969,0.000385226650511927,0.000385078308085118,"Epiblast",FALSE,1192,FALSE
"B-S",NA,"Irf2bpl",34.9190271921416,8469.49915821005,0.00412291524443831,0.00410598660965191,"Exiting naïve pluripotency",FALSE,203,TRUE
"B-S",NA,"Nt5dc2",138.302656249776,67528.2365010385,0.00204807149447252,0.0020438854709016,"Epiblast",FALSE,380,TRUE
"B-S",NA,"Vangl1",6.8080633246415,1071.48129856782,0.00635387974922325,0.00631376285925046,"Exiting naïve pluripotency",FALSE,117,TRUE
"B-S",NA,"Aim2",13.2458125860391,13181.5244601602,0.00100487713891312,0.00100386837453307,"Exiting naïve pluripotency",FALSE,663,FALSE
"B-S",NA,"Impdh2-ps",1.29503388636018,32462.1053519988,3.98937121396668e-05,3.98921206948872e-05,"Epiblast",FALSE,2248,FALSE
"B-S",NA,"2610528J11Rik",0.0143122028575015,1254.02478028697,1.14130143857494e-05,1.14128841303387e-05,"Exiting naïve pluripotency",FALSE,2580,FALSE
"B-S",NA,"Cox6b1",17.7762535911073,176384.467064571,0.000100781286963323,0.00010077113111904,"Exiting naïve pluripotency",FALSE,1875,FALSE
"B-S",NA,"Dusp9",17.4165276178013,8768.25638425098,0.00198631596232562,0.00198237833260021,"Exiting naïve pluripotency",FALSE,390,TRUE
"B-S",NA,"Fbxo5",10.0136821394588,56689.6400825453,0.00017664042539127,0.000176609229061921,"Exiting naïve pluripotency",FALSE,1612,FALSE
"B-S",NA,"Sycp1",0.125840324303445,2293.32978606635,5.48723193096853e-05,5.48693085034688e-05,"Epiblast",FALSE,2149,FALSE
"B-S",NA,"Gap43",2.05464221947549,1900.73279771524,0.00108097372862995,0.00107980648618638,"Epiblast",FALSE,633,FALSE
"B-S",NA,"Slc38a4",6.54958651716277,20465.430437064,0.00032003170113154,0.000319929313609063,"Epiblast",FALSE,1298,FALSE
"B-S",NA,"Irak3",0.32266433097811,186.460709204599,0.00173046821689419,0.00172747886961497,"Exiting naïve pluripotency",FALSE,434,TRUE
"B-S",NA,"Slc9b1",7.16956102668895,8556.71529632452,0.000837887060443461,0.000837185593467504,"Exiting naïve pluripotency",FALSE,750,FALSE
"B-S",NA,"Impa2",128.940097148981,25785.6981377286,0.00500045011231716,0.00497557002263862,"Exiting naïve pluripotency",FALSE,155,TRUE
"B-S",NA,"Enah",146.516353551843,39922.3097735633,0.00367003698891358,0.003656617069016,"Exiting naïve pluripotency",FALSE,228,TRUE
"B-S",NA,"Atp5pb",30.257223965917,192307.305352138,0.000157337881213157,0.000157313129898612,"Exiting naïve pluripotency",FALSE,1664,FALSE
"B-S",NA,"Psrc1",0.909763668380083,30073.1110684831,3.02517310666113e-05,3.02508159270633e-05,"Exiting naïve pluripotency",FALSE,2339,FALSE
"B-S",NA,"Eif3j2",122.8113099304,86261.7480708975,0.00142370532335448,0.00142168126816488,"Epiblast",FALSE,507,FALSE
"B-S",NA,"Cnn3",15.9061258790575,33213.8530956364,0.000478900350201983,0.000478671114437648,"Exiting naïve pluripotency",FALSE,1065,FALSE
"B-S",NA,"Kif26b",0.00261665513180794,85.6594539460585,3.05471843593085e-05,3.05462512573398e-05,"Exiting naïve pluripotency",FALSE,2336,FALSE
"B-S",NA,"Rbmx2",2.79221444346322,19902.6460711763,0.000140293628971627,0.000140273949430211,"Epiblast",FALSE,1728,FALSE
"B-S",NA,"Mt3",1.03969696601713,11856.5260291749,8.76898480599455e-05,8.76821592247255e-05,"Epiblast",FALSE,1945,FALSE
"B-S",NA,"Cidea",0.255509599822956,1017.17068897722,0.000251196384826892,0.000251133301049559,"Epiblast",FALSE,1435,FALSE
"B-S",NA,"Anxa8",0.062302271494475,285.624103459329,0.000218126799313863,0.000218079230389341,"Exiting naïve pluripotency",FALSE,1507,FALSE
"B-S",NA,"Dynll2",80.9695884666065,70181.6404825201,0.00115371467395057,0.00115238515029263,"Epiblast",FALSE,608,FALSE
"B-S",NA,"Cnn2",0.339758268292586,3411.45291964181,9.9593421423579e-05,9.9583503561742e-05,"Epiblast",FALSE,1886,FALSE
"B-S",NA,"Uqcrh",2.40188203712083,197547.119468044,1.21585272596666e-05,1.21583794316788e-05,"Epiblast",FALSE,2572,FALSE
"B-S",NA,"Them5",0.0530707571146798,427.231152419778,0.000124220241932487,0.000124204813180544,"Exiting naïve pluripotency",FALSE,1785,FALSE
"B-S",NA,"Slc44a5",0.0127080757297726,26.4059114870357,0.000481258741475817,0.000481027242910278,"Exiting naïve pluripotency",FALSE,1063,FALSE
"B-S",NA,"Cxcr4",0.00108320961312676,30.5736031927155,3.54295699561132e-05,3.54283147461575e-05,"Epiblast",FALSE,2292,FALSE
"B-S",NA,"Stpg3",0.0542920404958282,309.348263283352,0.000175504591231853,0.000175473794775229,"Epiblast",FALSE,1615,FALSE
"B-S",NA,"Tpt1-ps5",0.000436326378059094,22.578036123574,1.9325258214266e-05,1.93248847558782e-05,"Epiblast",FALSE,2487,FALSE
"B-S",NA,"Mpc1",15.8432480381559,6309.45772381512,0.00251103164989209,0.00250474216304586,"Exiting naïve pluripotency",FALSE,325,TRUE
"B-S",NA,"Ifi27",0.023613170108028,283.710152185612,8.32299088563441e-05,8.32229822151195e-05,"Exiting naïve pluripotency",FALSE,1963,FALSE
"B-S",NA,"Lsm7",38.077630077099,134602.394512827,0.000282889693121101,0.000282809689174918,"Epiblast",FALSE,1368,FALSE
"B-S",NA,"Exosc6",0.461702826489577,6041.13622853719,7.64264881676694e-05,7.64206476059494e-05,"Exiting naïve pluripotency",FALSE,2000,FALSE
"B-S",NA,"Ybx3",37.94919264319,187039.096141065,0.000202894439858545,0.000202853282055509,"Epiblast",FALSE,1539,FALSE
"B-S",NA,"Bicc1",0.0524548735913824,767.84676631632,6.83142469206848e-05,6.83095804031421e-05,"Epiblast",FALSE,2048,FALSE
"B-S",NA,"Tspo",0.561461988268143,22443.9166683328,2.50162213915336e-05,2.50155955958559e-05,"Exiting naïve pluripotency",FALSE,2404,FALSE
"B-S",NA,"Hnrnpd",9.17041413633622,199086.947146965,4.60623575164205e-05,4.60602358733684e-05,"Epiblast",FALSE,2208,FALSE
"B-S",NA,"1700029P11Rik",6.9370834317704,2410.79052388913,0.00287751397851829,0.00286925764952382,"Exiting naïve pluripotency",FALSE,285,TRUE
"B-S",NA,"Bub3",17.3402667967639,74972.1889135696,0.000231289322721447,0.000231235840340546,"Epiblast",FALSE,1480,FALSE
"B-S",NA,"Hoxb7",0.00494001469746517,63.6758480530868,7.75806659590408e-05,7.75746476662133e-05,"Epiblast",FALSE,1994,FALSE
"B-S",NA,"Usp9x",78.6406760601299,37754.5395109922,0.00208294623848435,0.00207861659187305,"Exiting naïve pluripotency",FALSE,375,TRUE
"B-S",NA,"Zfp207",181.510247755103,69961.932139688,0.00259441445088586,0.0025877008823222,"Epiblast",FALSE,311,TRUE
"B-S",NA,"Car6",0.02980661367958,231.487738516802,0.000128761090632956,0.000128744513349004,"Exiting naïve pluripotency",FALSE,1769,FALSE
"B-S",NA,"1700028P14Rik",0.0123904814992358,27.7364381701319,0.000446722157446248,0.000446522685868668,"Exiting naïve pluripotency",FALSE,1105,FALSE
"B-S",NA,"Pim3",8.22929609563948,7602.51358950306,0.00108244411519393,0.00108127369684387,"Exiting naïve pluripotency",FALSE,630,FALSE
"B-S",NA,"Snx20",0.000786369546259252,394.200222935654,1.99484805057457e-06,1.99484407116377e-06,"Epiblast",FALSE,2747,FALSE
"B-S",NA,"Uhrf2",11.195899544638,12689.041575889,0.000882328226105888,0.00088155040929703,"Epiblast",FALSE,718,FALSE
"B-S",NA,"Snhg14",32.3579033918367,22432.4539237426,0.00144245937166905,0.00144038167961651,"Epiblast",FALSE,501,FALSE
"B-S",NA,"Nsd1",313.084005580963,88368.195734907,0.00354294894194937,0.00353044077055671,"Exiting naïve pluripotency",FALSE,237,TRUE
"B-S",NA,"Ada",0.976712594335402,1980.36798816865,0.000493197527010433,0.000492954403117886,"Epiblast",FALSE,1047,FALSE
"B-S",NA,"Psmb5",6.95100666925284,193263.308565394,3.59665097366418e-05,3.59652161933434e-05,"Exiting naïve pluripotency",FALSE,2289,FALSE
"B-S",NA,"Tpt1-ps6",0.0419486079580827,158.863217478192,0.00026405488082124,0.000263985174247516,"Exiting naïve pluripotency",FALSE,1405,FALSE
"B-S",NA,"Ptms",32.1264016440643,88188.5259974994,0.000364292307652077,0.000364159647093884,"Exiting naïve pluripotency",FALSE,1230,FALSE
"B-S",NA,"Chd7",20.8674099673851,13837.1546315955,0.00150807088039161,0.00150580002721887,"Epiblast",FALSE,485,TRUE
"B-S",NA,"Fkbp3",7.09630039091229,197190.180006278,3.59870881536107e-05,3.59857931297011e-05,"Exiting naïve pluripotency",FALSE,2288,FALSE
"B-S",NA,"Lor",0.00680672788082355,267.485814580826,2.5447061151599e-05,2.54464136151557e-05,"Epiblast",FALSE,2401,FALSE
"B-S",NA,"Crym",0.0258131654566159,5435.75821005778,4.74876998922686e-06,4.74874743851754e-06,"Epiblast",FALSE,2682,FALSE
"B-S",NA,"Hand1",0.0818533328492118,132.624646528925,0.000617180403427955,0.000616799726723781,"Exiting naïve pluripotency",FALSE,917,FALSE
"B-S",NA,"Slc25a3",0.26811091372793,198506.539156909,1.35064020997315e-06,1.35063838574664e-06,"Exiting naïve pluripotency",FALSE,2766,FALSE
"B-S",NA,"Lars",0.0535166875060501,155227.546886932,3.44762824507119e-07,3.44762705645755e-07,"Exiting naïve pluripotency",FALSE,2811,FALSE
"B-S",NA,"Ppp4r4",0.670677131699579,1689.08931355723,0.000397064338940804,0.000396906741427897,"Epiblast",FALSE,1171,FALSE
"B-S",NA,"Yaf2",70.8498257083423,16727.1398453331,0.00423562105437347,0.00421775623725274,"Epiblast",FALSE,196,TRUE
"B-S",NA,"Acp1",16.489357192659,80522.3904178988,0.000204779777488992,0.000204737851317356,"Epiblast",FALSE,1537,FALSE
"B-S",NA,"Ucma",0.101623176659534,116.129474197588,0.000875085135463784,0.000874320031001016,"Exiting naïve pluripotency",FALSE,726,FALSE
"B-S",NA,"Dnajb14",0.896305064543653,2814.34025186407,0.000318477861356667,0.000318376465500828,"Epiblast",FALSE,1302,FALSE
"B-S",NA,"Alx3",0.000918533146724221,27.6892326335236,3.31729361691355e-05,3.31718357619451e-05,"Epiblast",FALSE,2315,FALSE
"B-S",NA,"Isyna1",15.3555251943855,43090.2796881902,0.000356357055593537,0.000356230110480253,"Epiblast",FALSE,1240,FALSE
"B-S",NA,"Aire",1.73310841290704,231.833057601341,0.00747567422367906,0.00742020320186839,"Exiting naïve pluripotency",FALSE,103,TRUE
"B-S",NA,"Enc1",2.17358586484625,30132.6882597899,7.213381846673e-05,7.21286155542693e-05,"Epiblast",FALSE,2023,FALSE
"B-S",NA,"Marveld1",0.182875963774468,1732.7321355024,0.000105541970410472,0.000105530832478473,"Exiting naïve pluripotency",FALSE,1846,FALSE
"B-S",NA,"Aprt",3.12997251113847,187683.435533611,1.667687136182e-05,1.66765932484196e-05,"Exiting naïve pluripotency",FALSE,2517,FALSE
"B-S",NA,"Kit",0.257015951409831,864.027446253534,0.000297462716635062,0.000297374258880158,"Epiblast",FALSE,1341,FALSE
"B-S",NA,"Tmem40",15.8101369593759,951.195145023023,0.0166213389987322,0.0163495869711947,"Exiting naïve pluripotency",FALSE,41,TRUE
"B-S",NA,"Col13a1",0.0632606637853264,171.392177592679,0.00036909889747517,0.000368962713744317,"Exiting naïve pluripotency",FALSE,1218,FALSE
"B-S",NA,"Ier2",8.14860979300174,36332.1883015004,0.000224280732153566,0.000224230441585956,"Epiblast",FALSE,1492,FALSE
"B-S",NA,"Gng11",0.648364980127712,1415.65205478364,0.000457997413938556,0.000457787748333687,"Epiblast",FALSE,1095,FALSE
"B-S",NA,"Dtl",1.1370541773678,21846.8886784197,5.2046503925796e-05,5.20437952282034e-05,"Exiting naïve pluripotency",FALSE,2174,FALSE
"B-S",NA,"Cnbp",5.63656919056997,180125.095601142,3.12925257402846e-05,3.12915465487587e-05,"Exiting naïve pluripotency",FALSE,2332,FALSE
"B-S",NA,"Apom",1.04276907189125,243.233565504501,0.00428711008584853,0.00426880923074086,"Exiting naïve pluripotency",FALSE,193,TRUE
"B-S",NA,"Pdzd4",24.5884515812025,28874.5917879154,0.000851560145397214,0.000850835607703409,"Epiblast",FALSE,739,FALSE
"B-S",NA,"Wnt4",0.31789222485121,1000.59055025466,0.000317704604316225,0.000317603700158336,"Epiblast",FALSE,1306,FALSE
"B-S",NA,"Eif3s6-ps3",0.257100853011469,165.751293252455,0.0015511242655578,0.00154872200527481,"Exiting naïve pluripotency",FALSE,475,TRUE
"B-S",NA,"Mrto4-ps1",0.0552957904667418,468.605079121908,0.000118000834669478,0.000117986912115368,"Exiting naïve pluripotency",FALSE,1802,FALSE
"B-S",NA,"Ptch1",4.63724638388966,12583.1021444723,0.000368529662292122,0.000368393898213223,"Exiting naïve pluripotency",FALSE,1219,FALSE
"B-S",NA,"Taf1d",109.846479961028,133121.994168956,0.000825156508860688,0.00082447618696861,"Epiblast",FALSE,762,FALSE
"B-S",NA,"Clu",0.980097250878063,2516.52762020211,0.00038946413423404,0.000389312510974007,"Epiblast",FALSE,1181,FALSE
"B-S",NA,"Apoc1",32.6350763116052,13230.236017472,0.00246670401559783,0.00246063435894371,"Exiting naïve pluripotency",FALSE,328,TRUE
"B-S",NA,"Csnk2a2",194.235806331484,74989.3611339116,0.00259017817186933,0.00258348648157743,"Epiblast",FALSE,312,TRUE
"B-S",NA,"Mdn1",47.1829261488117,50682.7336174273,0.000930946750129276,0.00093008089434333,"Epiblast",FALSE,695,FALSE
"B-S",NA,"AU018091",16.1227716328891,777.782438516622,0.0207291535967799,0.0203081821693207,"Exiting naïve pluripotency",FALSE,33,TRUE
"B-S",NA,"Ndufa7",58.4499250267196,199004.605921638,0.000293711418165545,0.00029362517709837,"Exiting naïve pluripotency",FALSE,1351,FALSE
"B-S",NA,"Mt4",0.0016991723876152,227.801035560921,7.45901959326602e-06,7.45896395670772e-06,"Exiting naïve pluripotency",FALSE,2634,FALSE
"B-S",NA,"Epha4",0.357861681714309,2633.43450185494,0.00013589162041518,0.000135873156391787,"Exiting naïve pluripotency",FALSE,1745,FALSE
"B-S",NA,"Hirip3",10.3195548024508,49712.1280830562,0.000207586261147572,0.000207543178035217,"Epiblast",FALSE,1533,FALSE
"B-S",NA,"Nav2",8.64133092343866,12673.2182048569,0.000681857661073566,0.000681393048003583,"Epiblast",FALSE,856,FALSE
"B-S",NA,"Tdrd5",0.0938738411358759,896.558312897029,0.000104704668715349,0.000104693706795463,"Epiblast",FALSE,1853,FALSE
"B-S",NA,"Knop1",0.430063448905994,88332.5119564233,4.86868808981857e-06,4.86866438581026e-06,"Exiting naïve pluripotency",FALSE,2680,FALSE
"B-S",NA,"Pmp22",0.39875803971772,974.088955137061,0.000409365117646378,0.000409197606420085,"Epiblast",FALSE,1152,FALSE
"B-S",NA,"Hmgn1",64.2437423515258,193370.220053842,0.00033223183142491,0.000332121490094,"Exiting naïve pluripotency",FALSE,1280,FALSE
"B-S",NA,"Krt5",0.00644186115770108,73.0568506444598,8.8176004041718e-05,8.81682297195379e-05,"Epiblast",FALSE,1943,FALSE
"B-S",NA,"Cmtm8",3.95751107291536,4073.84246904602,0.00097144430669213,0.00097050151851733,"Epiblast",FALSE,678,FALSE
"B-S",NA,"Npm3",12.3375451886344,98949.5442859944,0.000124685214850259,0.000124669670385621,"Exiting naïve pluripotency",FALSE,1783,FALSE
"B-S",NA,"Cd160",0.000743027061265629,24.956838212993,2.9772483794794e-05,2.97715974203923e-05,"Epiblast",FALSE,2349,FALSE
"B-S",NA,"Nxf7",0.430922718447927,596.731946073705,0.000722137839750751,0.000721616733002053,"Exiting naïve pluripotency",FALSE,826,FALSE
"B-S",NA,"Robo3",0.0230336267352068,135.057311893557,0.000170547054522752,0.000170517973184682,"Epiblast",FALSE,1628,FALSE
"B-S",NA,"Atp5pb-ps",0.0114728674289758,60.5965968631063,0.000189331877083694,0.000189296037309625,"Exiting naïve pluripotency",FALSE,1570,FALSE
"B-S",NA,"Glod4",2.08756776915618,19708.1960272564,0.000105923838299004,0.000105912619627809,"Epiblast",FALSE,1845,FALSE
"B-S",NA,"Uhrf1",56.1395566193448,58330.2806909012,0.000962442764793723,0.000961517359367976,"Exiting naïve pluripotency",FALSE,683,FALSE
"B-S",NA,"H1f2",0.474248472227796,19585.2160532403,2.4214615296487e-05,2.42140289630909e-05,"Epiblast",FALSE,2415,FALSE
"B-S",NA,"Prickle1",3.74249974674493,6585.6881081232,0.000568277708464313,0.000567954952325495,"Epiblast",FALSE,961,FALSE
"B-S",NA,"Eif3s6-ps1",0.000301927222021233,32.8406873889364,9.19369373866848e-06,9.193609215441e-06,"Exiting naïve pluripotency",FALSE,2610,FALSE
"B-S",NA,"Rbpj",90.8140438406681,12261.6926437427,0.00740632198826252,0.00735187165953561,"Exiting naïve pluripotency",FALSE,106,TRUE
"B-S",NA,"Ogt",2.28849621743455,8741.71255982252,0.000261790375944483,0.000261721859680445,"Exiting naïve pluripotency",FALSE,1411,FALSE
"B-S",NA,"Polr2f",2.69307168899311,197152.304891581,1.36598539412161e-05,1.36596673521552e-05,"Exiting naïve pluripotency",FALSE,2559,FALSE
"B-S",NA,"Calr4",0.675564220993423,1118.55500640707,0.000603961554973869,0.000603597005587797,"Exiting naïve pluripotency",FALSE,929,FALSE
"B-S",NA,"Galnt6",3.10240934509907,1862.67473621238,0.0016655668779873,0.00166279737775011,"Exiting naïve pluripotency",FALSE,442,TRUE
"B-S",NA,"Sult6b1",0.773287094639202,524.253845586577,0.0014750241722576,0.00147285168042682,"Exiting naïve pluripotency",FALSE,494,TRUE
"B-S",NA,"Zfp36l1",3.02902831959415,7306.21507496683,0.000414582419010968,0.000414410611657123,"Epiblast",FALSE,1145,FALSE
"B-S",NA,"Gata2",0.0304230745894575,166.539684403963,0.00018267762844838,0.000182644263427487,"Epiblast",FALSE,1590,FALSE
"B-S",NA,"Cpz",6.6563608045553e-05,263.870830649173,2.52258303359237e-07,2.52258239725002e-07,"Epiblast",FALSE,2822,FALSE
"B-S",NA,"Phf3",24.0892473368188,57618.8919495864,0.000418078975866035,0.000417904258881472,"Epiblast",FALSE,1138,FALSE
"B-S",NA,"Aen",94.6030724447834,67645.4656007053,0.00139851313912454,0.00139656003157081,"Epiblast",FALSE,519,FALSE
"B-S",NA,"Ak6",17.0662366354065,132962.838990371,0.000128353431417348,0.000128336958928292,"Epiblast",FALSE,1772,FALSE
"B-S",NA,"Hs3st3b1",0.000181365446675661,55.5308163047662,3.26603242567666e-06,3.26602175874369e-06,"Exiting naïve pluripotency",FALSE,2714,FALSE
"B-S",NA,"Eif4e2",4.62763685431775,75551.5470959389,6.12513844149526e-05,6.12476329126446e-05,"Epiblast",FALSE,2096,FALSE
"B-S",NA,"Hsd11b2",0.097323272072509,436.052333493612,0.000223191724013409,0.000223141920583454,"Epiblast",FALSE,1495,FALSE
"B-S",NA,"Neurod1",0.706252381158816,2853.8441912365,0.000247474050380029,0.000247412822126822,"Epiblast",FALSE,1445,FALSE
"B-S",NA,"Mxd4",7.36093521597109,6801.35406698971,0.00108227496223102,0.00108110490945597,"Epiblast",FALSE,631,FALSE
"B-S",NA,"Mcm4",7.95925184771501,87077.2575039835,9.14044846595094e-05,9.13961306432881e-05,"Epiblast",FALSE,1925,FALSE
"B-S",NA,"Tars",4.27998389329868,150980.003213881,2.83480182950822e-05,2.83472147077211e-05,"Epiblast",FALSE,2371,FALSE
"B-S",NA,"Kif11",0.899775222315599,41913.8085858891,2.1467274215174e-05,2.14668133812047e-05,"Epiblast",FALSE,2455,FALSE
"B-S",NA,"Axin2",0.0175453434446937,2233.68016303592,7.85490408834845e-06,7.85484238931485e-06,"Epiblast",FALSE,2629,FALSE
"B-S",NA,"Epop",5.2630526910775,14369.2810658631,0.000366271121495485,0.000366137016079985,"Exiting naïve pluripotency",FALSE,1227,FALSE
"B-S",NA,"Psmb3",37.4673128013787,185579.811774398,0.000201893257909574,0.000201852505249672,"Epiblast",FALSE,1541,FALSE
"B-S",NA,"Erich2",0.00359066207358744,62.4347042195284,5.75106764494665e-05,5.75073691617651e-05,"Epiblast",FALSE,2126,FALSE
"B-S",NA,"Usp28",41.7187054120355,29369.5837044855,0.0014204731613429,0.00141845827942649,"Exiting naïve pluripotency",FALSE,510,FALSE
"B-S",NA,"Ahcy",52.3589363097824,36237.1276094796,0.00144489753365786,0.00144281281697708,"Epiblast",FALSE,500,TRUE
"B-S",NA,"Cltb",8.75050446528883,5089.99100985336,0.00171915911999635,0.00171620868418512,"Exiting naïve pluripotency",FALSE,435,TRUE
"B-S",NA,"Ebf2",0.000975155403293,28.487380275707,3.42311365192319e-05,3.42299647886342e-05,"Epiblast",FALSE,2304,FALSE
"B-S",NA,"Sall3",0.37701239595519,1280.80919073879,0.000294354849013632,0.0002942682297333,"Epiblast",FALSE,1348,FALSE
"B-S",NA,"Cdh6",0.00320051953525828,60.3573748881882,5.30261553155224e-05,5.30233436914645e-05,"Epiblast",FALSE,2168,FALSE
"B-S",NA,"Gtsf1",6.6188973730647,2380.58524017845,0.00278036562663412,0.00277265662745269,"Exiting naïve pluripotency",FALSE,291,TRUE
"B-S",NA,"Galnt1",3.8616260419515,4095.76268730496,0.000942834421027573,0.000941946321612796,"Exiting naïve pluripotency",FALSE,691,FALSE
"B-S",NA,"Hoxc4",0.0546481688101912,47.0424402001603,0.0011616780204783,0.00116033009051565,"Exiting naïve pluripotency",FALSE,603,FALSE
"B-S",NA,"Lmnb1",44.6624308553419,147056.717794081,0.000303708878623833,0.000303616667546201,"Epiblast",FALSE,1335,FALSE
"B-S",NA,"Prrc1",32.8205532556124,6794.94605882978,0.00483014183945777,0.00480692371609756,"Exiting naïve pluripotency",FALSE,162,TRUE
"B-S",NA,"Higd1a",97.1406383931126,129528.389049686,0.000749956354014798,0.000749394340967127,"Epiblast",FALSE,805,FALSE
"B-S",NA,"Laptm4b",30.8708763207648,11924.4166330303,0.00258887937840526,0.00258219438860158,"Exiting naïve pluripotency",FALSE,313,TRUE
"B-S",NA,"Slc24a5",1.51960073145089,48344.9157272689,3.14324827873009e-05,3.14314948173811e-05,"Exiting naïve pluripotency",FALSE,2330,FALSE
"B-S",NA,"Egln1",2.94682537790998,5570.84065056597,0.000528973195025888,0.000528693530319965,"Epiblast",FALSE,998,FALSE
"B-S",NA,"Ppp1cb",0.757783706791521,22452.9501441713,3.37498503281645e-05,3.37487113142088e-05,"Exiting naïve pluripotency",FALSE,2308,FALSE
"B-S",NA,"Tpm3",52.5247903822163,193890.139170883,0.000270899750790958,0.000270826383991028,"Epiblast",FALSE,1393,FALSE
"B-S",NA,"Cct6a",18.2601572138161,197579.033193353,9.24195088855738e-05,9.24109683092671e-05,"Exiting naïve pluripotency",FALSE,1920,FALSE
"B-S",NA,"Rbmxl1",107.262033092537,103639.302001531,0.00103495518612189,0.00103388516131234,"Epiblast",FALSE,647,FALSE
"B-S",NA,"Samd3",0.00119867603128403,30.5006221894176,3.93000517773019e-05,3.92985073439285e-05,"Epiblast",FALSE,2261,FALSE
"B-S",NA,"Liph",43.7023814909418,2510.12421383668,0.0174104457660059,0.0171125093500467,"Exiting naïve pluripotency",FALSE,38,TRUE
"B-S",NA,"Bcl7c",13.6463679956676,30812.6612850139,0.00044288183579601,0.000442685778305833,"Epiblast",FALSE,1109,FALSE
"B-S",NA,"Ezr",1.93081026515411,95427.7850419652,2.02332084340532e-05,2.02327990596126e-05,"Exiting naïve pluripotency",FALSE,2472,FALSE
"B-S",NA,"Efnb1",0.0734532607476949,251.843540582431,0.000291662278007297,0.000291577235926451,"Epiblast",FALSE,1353,FALSE
"B-S",NA,"Zcrb1",347.142898930935,105584.474620597,0.00328782143566415,0.00327704708999598,"Epiblast",FALSE,264,TRUE
"B-S",NA,"Foxd2os",0.0150880734958176,105.654041700919,0.000142806401467615,0.000142786010711246,"Epiblast",FALSE,1714,FALSE
"B-S",NA,"Etv5",29.4608597424941,28540.4560565285,0.00103224908824662,0.00103118464883304,"Exiting naïve pluripotency",FALSE,651,FALSE
"B-S",NA,"Hdgfl3",16.7518984398787,4408.88639734679,0.00379957588609219,0.00378519375517584,"Epiblast",FALSE,223,TRUE
"B-S",NA,"Pde8a",0.920821492799168,168.069952469384,0.00547879903141464,0.00544894535488208,"Exiting naïve pluripotency",FALSE,137,TRUE
"B-S",NA,"Slc30a2",0.0028740343465795,955.69678204963,3.00726590332943e-06,3.00725685970841e-06,"Exiting naïve pluripotency",FALSE,2721,FALSE
"B-S",NA,"Wdr95",0.599594150672302,216.622608542805,0.0027679204617916,0.00276028022567468,"Exiting naïve pluripotency",FALSE,294,TRUE
"B-S",NA,"Cgnl1",13.030872731927,28690.2391556561,0.000454191847660426,0.000453985651078752,"Epiblast",FALSE,1099,FALSE
"B-S",NA,"Irx3",0.88364838619515,1413.49915828438,0.000625149566602976,0.000624758998785654,"Epiblast",FALSE,911,FALSE
"B-S",NA,"Pcbp2",0.00314525349216666,194919.980664991,1.61361266373836e-08,1.6136126377009e-08,"Exiting naïve pluripotency",FALSE,2846,FALSE
"B-S",NA,"1190005I06Rik",190.781117750483,6132.32243871403,0.0311107446904718,0.0301720691503519,"Exiting naïve pluripotency",FALSE,19,TRUE
"B-S",NA,"Cst6",1.37181420038225e-08,384.140626233389,3.57112501698477e-11,3.57112501685724e-11,"Exiting naïve pluripotency",FALSE,2854,FALSE
"B-S",NA,"Platr3",9.05163663391286,6027.52159933837,0.00150171782626319,0.00149946605136398,"Exiting naïve pluripotency",FALSE,488,TRUE
"B-S",NA,"Tnnc2",0.287185999382842,1080.18122458836,0.00026586834953763,0.000265797682346514,"Epiblast",FALSE,1400,FALSE
"B-S",NA,"Maged2",1.16340861433107,4757.38407278058,0.000244547969332037,0.000244488180244032,"Exiting naïve pluripotency",FALSE,1448,FALSE
"B-S",NA,"Ltb4r2",0.026525889656155,371.321616771498,7.1436427231971e-05,7.1431324433361e-05,"Exiting naïve pluripotency",FALSE,2030,FALSE
"B-S",NA,"Emp2",0.500525888802024,1017.0241826623,0.000492147480202271,0.000491905390203984,"Epiblast",FALSE,1051,FALSE
"B-S",NA,"Tasor",0.136854452195398,32731.154983202,4.18116782819407e-06,4.18115034610276e-06,"Exiting naïve pluripotency",FALSE,2692,FALSE
"B-S",NA,"Pa2g4",94.8897895598176,198232.864013086,0.00047867839690574,0.00047844937352662,"Epiblast",FALSE,1066,FALSE
"B-S",NA,"Cnpy2",4.56636957114904,90577.2092984189,5.04141119661185e-05,5.04115705115583e-05,"Exiting naïve pluripotency",FALSE,2181,FALSE
"B-S",NA,"Nudc",1.10510053468481,200343.548957353,5.51602754586352e-06,5.51599711947146e-06,"Epiblast",FALSE,2662,FALSE
"B-S",NA,"Stk38",77.7756153589438,16247.7180666782,0.00478686391773689,0.00476405901553346,"Exiting naïve pluripotency",FALSE,165,TRUE
"B-S",NA,"1300002E11Rik",0.104903636367248,1539.76216455642,6.81297662600178e-05,6.81251249111812e-05,"Exiting naïve pluripotency",FALSE,2049,FALSE
"B-S",NA,"Birc5",70.3399985229321,150812.971195191,0.000466405495266678,0.000466188062592457,"Epiblast",FALSE,1084,FALSE
"B-S",NA,"Plk3",0.18420906495678,3052.02118039288,6.03564176225889e-05,6.03527749452996e-05,"Exiting naïve pluripotency",FALSE,2105,FALSE
"B-S",NA,"Cpm",0.012625625049969,468.362716520405,2.69569387242611e-05,2.69562120673042e-05,"Epiblast",FALSE,2382,FALSE
"B-S",NA,"Pcnp",42.368950996948,57655.1968343386,0.00073486785794327,0.000734328223734467,"Epiblast",FALSE,814,FALSE
"B-S",NA,"Eif5",25.515924739843,182048.262260482,0.000140160221377635,0.000140140579243024,"Epiblast",FALSE,1730,FALSE
"B-S",NA,"Mmrn2",0.106827327123294,338.087646635237,0.000315975245432584,0.000315875436613973,"Exiting naïve pluripotency",FALSE,1308,FALSE
"B-S",NA,"Fignl2",0.360409939483605,1077.07357984102,0.000334619608380705,0.000334507675553311,"Epiblast",FALSE,1274,FALSE
"B-S",NA,"Cfl1",0.070892637302249,199321.686636604,3.55669463260652e-07,3.5566933675993e-07,"Exiting naïve pluripotency",FALSE,2809,FALSE
"B-S",NA,"Pcdh17",0.0165442390350938,141.629255258176,0.000116813712004171,0.000116800068154647,"Epiblast",FALSE,1810,FALSE
"B-S",NA,"C78283",0.169922657988312,287.823221538825,0.000590371607543803,0.000590023274554716,"Exiting naïve pluripotency",FALSE,942,FALSE
"B-S",NA,"Incenp",87.7809651801466,65986.4197317179,0.00133028834625426,0.00132852103021002,"Epiblast",FALSE,546,FALSE
"B-S",NA,"Trip12",75.3274776398434,32735.7360485593,0.00230107786573378,0.00229579506253113,"Exiting naïve pluripotency",FALSE,344,TRUE
"B-S",NA,"Fmr1nb",11.6217603067135,12729.4541816657,0.000912981824739386,0.00091214904923598,"Epiblast",FALSE,698,FALSE
"B-S",NA,"2900097C17Rik",2.10279363485448,10499.747942114,0.000200270868067248,0.000200230767677591,"Epiblast",FALSE,1544,FALSE
"B-S",NA,"Zbp1",0.450799473691862,163.208957124791,0.002762100080985,0.00275449189868856,"Exiting naïve pluripotency",FALSE,295,TRUE
"B-S",NA,"Pik3c2b",0.035945974624433,271.656780425638,0.000132321286323544,0.000132303779717226,"Exiting naïve pluripotency",FALSE,1758,FALSE
"B-S",NA,"Mex3b",0.557522249290407,805.869587641948,0.000691826888419714,0.00069134859487251,"Exiting naïve pluripotency",FALSE,849,FALSE
"B-S",NA,"Cda",1.4955179891515,3036.71928555334,0.000492478180734772,0.000492235765360554,"Epiblast",FALSE,1049,FALSE
"B-S",NA,"Krt72",0.0426757698890967,312.610048937511,0.000136514389201952,0.000136495755567252,"Epiblast",FALSE,1744,FALSE
"B-S",NA,"Lyar",12.8301708070921,192226.477849084,6.67450756558363e-05,6.67406210480351e-05,"Epiblast",FALSE,2061,FALSE
"B-S",NA,"Insig1",34.10554643853,24897.0492918374,0.00136986299214629,0.00136798903459414,"Epiblast",FALSE,532,FALSE
"B-S",NA,"Zbtb8a",11.5750382273541,10013.9300632029,0.00115589365556762,0.00115455910801969,"Exiting naïve pluripotency",FALSE,607,FALSE
"B-S",NA,"Enkur",0.00470418489496581,63.7641324925874,7.37747807595857e-05,7.37693384428153e-05,"Epiblast",FALSE,2013,FALSE
"B-S",NA,"Slc3a2",149.76866372428,58529.5568391554,0.00255885524873968,0.00255232422051154,"Exiting naïve pluripotency",FALSE,320,TRUE
"B-S",NA,"Cxcl16",0.0976567940980639,482.34324227769,0.000202463278301393,0.000202422295219901,"Exiting naïve pluripotency",FALSE,1540,FALSE
"B-S",NA,"Rflna",0.00326283318394589,351.959801159582,9.27047115379662e-06,9.27038521295792e-06,"Epiblast",FALSE,2609,FALSE
"B-S",NA,"Chchd3",4.56274579313851,17267.234456752,0.00026424299760141,0.000264173191685353,"Epiblast",FALSE,1404,FALSE
"B-S",NA,"Ly6e",22.5578462770816,59847.3085509326,0.000376923320751909,0.000376781303091951,"Epiblast",FALSE,1204,FALSE
"B-S",NA,"Dnajc9",167.1503216986,91311.734744247,0.00183054590044497,0.00182720112491647,"Epiblast",FALSE,413,TRUE
"B-S",NA,"Gldc",34.8516345083457,21194.3233991863,0.00164438533148379,0.00164168576748883,"Exiting naïve pluripotency",FALSE,449,TRUE
"B-S",NA,"Pigp",4.97158566281193,14363.8958895796,0.000346116798745292,0.00034599704335627,"Epiblast",FALSE,1257,FALSE
"B-S",NA,"Agtrap",110.583733338842,14586.8936983796,0.0075810337434026,0.00752399409031873,"Exiting naïve pluripotency",FALSE,100,TRUE
"B-S",NA,"Scand1",5.99715492549957,56953.2643108323,0.000105299582000587,0.000105288495166056,"Epiblast",FALSE,1847,FALSE
"B-S",NA,"Cpvl",0.0074458799198591,80.182028614897,9.2862204267999e-05,9.285358167973e-05,"Epiblast",FALSE,1917,FALSE
"B-S",NA,"Egr3",0.0276337608793474,173.792338998782,0.000159004482237511,0.000158979203831519,"Epiblast",FALSE,1659,FALSE
"B-S",NA,"Pdpn",1.95640125783815,7702.96995934568,0.000253980123012752,0.000253915633488924,"Epiblast",FALSE,1430,FALSE
"B-S",NA,"Parp1",9.22618553104484,170224.693134732,5.42000420805127e-05,5.4197104595163e-05,"Exiting naïve pluripotency",FALSE,2158,FALSE
"B-S",NA,"Tox3",1.06967097580937,2514.45448542734,0.000425408764409421,0.000425227868747185,"Epiblast",FALSE,1127,FALSE
"B-S",NA,"Cygb",0.0523483778193905,372.145825511923,0.000140666303988175,0.000140646519762071,"Epiblast",FALSE,1724,FALSE
"B-S",NA,"Abcg1",5.23657531675474,10082.1369744286,0.000519391407797404,0.000519121780405061,"Epiblast",FALSE,1014,FALSE
"B-S",NA,"Sohlh2",1.70103036162902,5639.88015441392,0.000301607536872526,0.00030151659719432,"Exiting naïve pluripotency",FALSE,1336,FALSE
"B-S",NA,"Prrc2c",22.1210964183846,193534.022631592,0.000114300814490349,0.000114287751307288,"Epiblast",FALSE,1819,FALSE
"B-S",NA,"Cst3",3.29966968585317,45372.703866554,7.27236731484605e-05,7.27183848004124e-05,"Exiting naïve pluripotency",FALSE,2018,FALSE
"B-S",NA,"Bmp7",0.135867820720875,329.720274847626,0.000412069960767998,0.00041190022905677,"Exiting naïve pluripotency",FALSE,1147,FALSE
"B-S",NA,"Rgs14",0.00261777115070901,120.493476203709,2.17254181154452e-05,2.17249461319069e-05,"Epiblast",FALSE,2452,FALSE
"B-S",NA,"Greb1",1.00117134398071,1472.88938792921,0.000679732878915159,0.000679271155976743,"Epiblast",FALSE,859,FALSE
"B-S",NA,"Isy1",18.5147852635976,18490.9737535625,0.00100128773694411,0.00100028616267599,"Epiblast",FALSE,665,FALSE
"B-S",NA,"Ppp3ca",7.02801634528498,20631.9094429853,0.000340638192732785,0.000340522197866718,"Epiblast",FALSE,1265,FALSE
"B-S",NA,"Tmem54",23.1132780103757,10885.805626653,0.00212324919285576,0.00211875055744481,"Epiblast",FALSE,369,TRUE
"B-S",NA,"Irx5",0.0605882126598181,723.683536221721,8.37219718665193e-05,8.37149630847351e-05,"Epiblast",FALSE,1961,FALSE
"B-S",NA,"Sod1",79.1191330815285,65441.8222915567,0.00120899954052374,0.00120753962567114,"Exiting naïve pluripotency",FALSE,588,FALSE
"B-S",NA,"Pdk1",201.06572920937,16370.2097854347,0.0122824161598874,0.0121333888288616,"Exiting naïve pluripotency",FALSE,57,TRUE
"B-S",NA,"Pten",305.976525098356,115135.636880948,0.00265753100766482,0.00265048725559765,"Epiblast",FALSE,305,TRUE
"B-S",NA,"Timm10b",155.581301162066,89028.3181856336,0.00174754846921473,0.00174449987113538,"Epiblast",FALSE,428,TRUE
"B-S",NA,"Wt1",0.0304066466961817,2738.64848907721,1.11027927890181e-05,1.1102669518379e-05,"Exiting naïve pluripotency",FALSE,2587,FALSE
"B-S",NA,"Hnrnpf",24.0789197093169,198826.465822012,0.000121105204026873,0.000121090539332402,"Exiting naïve pluripotency",FALSE,1796,FALSE
"B-S",NA,"Oasl2",0.241285221719801,569.788417663514,0.000423464595347902,0.000423285348988876,"Epiblast",FALSE,1129,FALSE
"B-S",NA,"Zfp640",27.5077779046366,5472.8213505442,0.00502625175256293,0.00500111489008189,"Exiting naïve pluripotency",FALSE,154,TRUE
"B-S",NA,"Carnmt1",23.8217569400217,47211.2208697391,0.000504578286711724,0.000504323815864767,"Exiting naïve pluripotency",FALSE,1031,FALSE
"B-S",NA,"Ets1",0.142337786733775,1155.31498292255,0.000123202580108248,0.000123187403102349,"Epiblast",FALSE,1788,FALSE
"B-S",NA,"Chd3",0.412282550122503,1002.00657565796,0.00041145693066114,0.000411287703485045,"Epiblast",FALSE,1150,FALSE
"B-S",NA,"Trmt112",0.43257769503774,68619.5421160982,6.30400147972216e-06,6.30396173953802e-06,"Epiblast",FALSE,2650,FALSE
"B-S",NA,"Adra2a",0.00822485432295885,82.7664620461103,9.93742407205551e-05,9.93643664620833e-05,"Epiblast",FALSE,1887,FALSE
"B-S",NA,"Ypel3",30.7244836019846,22062.912632042,0.00139258510942764,0.00139064851301596,"Epiblast",FALSE,523,FALSE
"B-S",NA,"Amn",0.420333851311113,833.769392863392,0.000504136821174943,0.000503882795304274,"Epiblast",FALSE,1033,FALSE
"B-S",NA,"Ckap2",0.144461818976256,16403.3999889421,8.80682169999154e-06,8.80674414056614e-06,"Exiting naïve pluripotency",FALSE,2614,FALSE
"B-S",NA,"Ranbp1",34.5565639529994,195713.103172443,0.00017656745201445,0.000176536281453046,"Exiting naïve pluripotency",FALSE,1613,FALSE
"B-S",NA,"Ndufb11",130.693242067697,74131.4642628654,0.00176299285825877,0.00175989018443229,"Exiting naïve pluripotency",FALSE,426,TRUE
"B-S",NA,"Trio",45.7187271748379,32116.2054976999,0.00142354074730628,0.00142151715970645,"Epiblast",FALSE,508,FALSE
"B-S",NA,"Luc7l",98.5843647672815,70893.3286031719,0.00139060143894655,0.0013886703519569,"Epiblast",FALSE,524,FALSE
"B-S",NA,"Capns1",96.6982837839698,35576.8359838673,0.00271801246822001,0.0027106449015806,"Exiting naïve pluripotency",FALSE,299,TRUE
"B-S",NA,"Zfhx4",0.000159173894440932,140.393680175067,1.13376823117997e-06,1.13376694575103e-06,"Epiblast",FALSE,2774,FALSE
"B-S",NA,"Card14",0.00277724744477873,52.5632549126511,5.28362912341314e-05,5.2833499707954e-05,"Epiblast",FALSE,2169,FALSE
"B-S",NA,"Hmgb1-ps9",0.000136633917726126,182.363964937269,7.49237481062258e-07,7.49236919705876e-07,"Exiting naïve pluripotency",FALSE,2785,FALSE
"B-S",NA,"Jmjd1c",2.90600958741784,42186.4576922037,6.88848921286626e-05,6.88801473271442e-05,"Epiblast",FALSE,2046,FALSE
"B-S",NA,"Hmcn2",0.0627250045229688,318.788937343616,0.000196760292391699,0.000196721585395037,"Exiting naïve pluripotency",FALSE,1552,FALSE
"B-S",NA,"Ppp4r2",43.5697514653966,67648.2329756803,0.000644063407850727,0.000643648857174316,"Epiblast",FALSE,890,FALSE
"B-S",NA,"Eprs",14.4154549894341,178444.365279063,8.07840301759611e-05,8.07775046435885e-05,"Epiblast",FALSE,1979,FALSE
"B-S",NA,"Nufip2",27.8639562858702,68853.8713703429,0.000404682492520993,0.000404518790848441,"Epiblast",FALSE,1159,FALSE
"B-S",NA,"Ube2l3",4.60724595745457,147008.902732698,3.13399112013766e-05,3.13389290421233e-05,"Epiblast",FALSE,2331,FALSE
"B-S",NA,"Dtymk",62.7614750670855,175615.931418542,0.000357379165774587,0.00035725149153457,"Exiting naïve pluripotency",FALSE,1238,FALSE
"B-S",NA,"Ifi27l2a",12.9378760936492,6344.7261304555,0.00203915438233743,0.00203500469359841,"Epiblast",FALSE,382,TRUE
"B-S",NA,"Clta",10.0798757412231,191264.865840612,5.27011361805626e-05,5.26983589171728e-05,"Exiting naïve pluripotency",FALSE,2171,FALSE
"B-S",NA,"En1",0.00193035588551092,38.8536647766347,4.96827235373629e-05,4.96802552869742e-05,"Epiblast",FALSE,2186,FALSE
"B-S",NA,"Raph1",0.397653532251107,4929.43595894016,8.06691750462671e-05,8.0662668055378e-05,"Epiblast",FALSE,1981,FALSE
"B-S",NA,"Anxa2",0.00529610271801175,844.170186661089,6.27373816523798e-06,6.27369880569435e-06,"Exiting naïve pluripotency",FALSE,2652,FALSE
"B-S",NA,"Trappc6a",6.28539203252169,10381.0767938116,0.000605466288070284,0.000605099920467527,"Exiting naïve pluripotency",FALSE,926,FALSE
"B-S",NA,"Cks1b",0.257074784124697,187334.020586109,1.37228029014907e-06,1.37227840699846e-06,"Epiblast",FALSE,2765,FALSE
"B-S",NA,"Serpinb9b",0.458732284501905,712.764783415906,0.00064359560850277,0.000643181659611175,"Exiting naïve pluripotency",FALSE,892,FALSE
"B-S",NA,"Chrd",0.136434848917586,337.754668783056,0.000403946596531636,0.00040378348956529,"Epiblast",FALSE,1161,FALSE
"B-S",NA,"Porcn",0.538017411172957,228.897942082037,0.00235046853754645,0.00234495679038874,"Exiting naïve pluripotency",FALSE,340,TRUE
"B-S",NA,"Sox6",0.00128628629605032,31.9187428275332,4.02987768973396e-05,4.02971529713624e-05,"Epiblast",FALSE,2245,FALSE
"B-S",NA,"Zbtb8os",3.51415834616369,22457.6333974838,0.00015647945996649,0.000156454977976028,"Exiting naïve pluripotency",FALSE,1666,FALSE
"B-S",NA,"Nenf",4.55152504578303,13821.0010718802,0.000329319491555746,0.000329211075931606,"Epiblast",FALSE,1287,FALSE
"B-S",NA,"Chd4",74.4092985589278,179200.153670036,0.000415230104634501,0.000415057760157322,"Epiblast",FALSE,1142,FALSE
"B-S",NA,"Rsad2",0.428541614179377,2444.66430503344,0.000175296711821345,0.000175265988269908,"Exiting naïve pluripotency",FALSE,1617,FALSE
"B-S",NA,"Bace2",0.00366081613602882,55.5496156314111,6.59017365722108e-05,6.58973938195225e-05,"Epiblast",FALSE,2064,FALSE
"B-S",NA,"Glrx3",20.9174886737322,141003.579093625,0.000148347217908867,0.000148325214275984,"Exiting naïve pluripotency",FALSE,1694,FALSE
"B-S",NA,"Rai14",10.0008066263643,10379.5242777991,0.000963513004902851,0.000962585541215558,"Exiting naïve pluripotency",FALSE,682,FALSE
"B-S",NA,"Iqca",0.163791808032939,174.869198822142,0.000936653276484275,0.00093577677809901,"Exiting naïve pluripotency",FALSE,692,FALSE
"B-S",NA,"Dctpp1",2.67862316555109,198749.73337857,1.34773673404078e-05,1.34771857034254e-05,"Exiting naïve pluripotency",FALSE,2562,FALSE
"B-S",NA,"Rap2b",5.21939885679339,13104.6168240708,0.00039828702562339,0.000398128456224744,"Epiblast",FALSE,1169,FALSE
"B-S",NA,"Srrm4",0.0178311815999018,580.861772573726,3.06978052986583e-05,3.06968629723355e-05,"Epiblast",FALSE,2334,FALSE
"B-S",NA,"Mcam",1.58830500697908,1131.17351168377,0.00140412146374862,0.0014021526710877,"Exiting naïve pluripotency",FALSE,518,FALSE
"B-S",NA,"Fus",76.5663185266695,148571.186734958,0.000515351059712937,0.000515085609798085,"Epiblast",FALSE,1019,FALSE
"B-S",NA,"Ltbp4",18.9177563890948,3955.78797689924,0.00478229786317404,0.00475953634269268,"Exiting naïve pluripotency",FALSE,166,TRUE
"B-S",NA,"Casp3",37.9434409191435,38946.0824596424,0.000974255650962123,0.000973307400726842,"Epiblast",FALSE,675,FALSE
"B-S",NA,"Ifi35",20.1014070109729,3423.94329212027,0.00587083526097921,0.00583656972165416,"Exiting naïve pluripotency",FALSE,126,TRUE
"B-S",NA,"Rac2",0.47720218216477,287.987270785917,0.00165702525970154,0.00165428406921213,"Exiting naïve pluripotency",FALSE,443,TRUE
"B-S",NA,"Ube4b",28.4674073351224,29169.7155518192,0.000975923377948299,0.000974971880097669,"Epiblast",FALSE,674,FALSE
"B-S",NA,"H1f6",0.078792613461752,848.402043382476,9.28717865266041e-05,9.28631621588319e-05,"Epiblast",FALSE,1916,FALSE
"B-S",NA,"Col18a1",1.78477784692786,37791.9230363193,4.72264363264242e-05,4.72242060954619e-05,"Epiblast",FALSE,2202,FALSE
"B-S",NA,"Zfy1",4.02577873902076,671.161429491929,0.0059982271956067,0.00596246298795952,"Exiting naïve pluripotency",FALSE,124,TRUE
"B-S",NA,"Dmgdh",0.00451978660410802,61.1382011846118,7.3927373009555e-05,7.39219081570772e-05,"Epiblast",FALSE,2012,FALSE
"B-S",NA,"Zfp36l3",5.25163565021358,3371.98692200946,0.00155743061040224,0.00155500879210997,"Epiblast",FALSE,474,TRUE
"B-S",NA,"Six1",5.46024557745241,1386.42125218857,0.00393837411885674,0.00392292417581248,"Exiting naïve pluripotency",FALSE,214,TRUE
"B-S",NA,"Peg12",0.0765839203324846,367.044362716983,0.000208650310729704,0.000208606784859223,"Epiblast",FALSE,1528,FALSE
"B-S",NA,"Dyrk4",0.000889301343818008,232.342053218473,3.8275522295647e-06,3.82753757946471e-06,"Exiting naïve pluripotency",FALSE,2701,FALSE
"B-S",NA,"Tspan1",0.0031378547309609,328.534609363829,9.55106293683032e-06,9.55097171489837e-06,"Exiting naïve pluripotency",FALSE,2605,FALSE
"B-S",NA,"Ascl1",0.000447947360785548,124.682604280376,3.59270135052875e-06,3.59268844307213e-06,"Exiting naïve pluripotency",FALSE,2709,FALSE
"B-S",NA,"Meis3",0.359574348460443,541.883146858487,0.000663564369080381,0.000663124343393835,"Epiblast",FALSE,872,FALSE
"B-S",NA,"Vldlr",0.0290254159901603,1242.74567050743,2.33558777785232e-05,2.33553322942366e-05,"Epiblast",FALSE,2427,FALSE
"B-S",NA,"Hmcn1",0.425779769055704,835.094913920074,0.000509857935856684,0.000509598113214564,"Epiblast",FALSE,1025,FALSE
"B-S",NA,"Arhgdib",0.0137084909788452,409.771211634572,3.34540118720449e-05,3.34528927385741e-05,"Exiting naïve pluripotency",FALSE,2312,FALSE
"B-S",NA,"Casp8ap2",1.93023189557647,28627.1625579324,6.74265880060691e-05,6.74220419678228e-05,"Epiblast",FALSE,2052,FALSE
"B-S",NA,"Slc25a36",25.7538185042318,11421.8616817093,0.00225478290859304,0.00224971030025873,"Exiting naïve pluripotency",FALSE,349,TRUE
"B-S",NA,"Pcna",28.7412065327808,125346.987771317,0.000229293156890346,0.000229240593590954,"Exiting naïve pluripotency",FALSE,1485,FALSE
"B-S",NA,"Dusp8",0.0261944479843851,147.305085527426,0.00017782446471957,0.000177792848801401,"Epiblast",FALSE,1607,FALSE
"B-S",NA,"Anxa3",0.348182733674563,1461.97095089081,0.000238159816692943,0.000238103110099888,"Epiblast",FALSE,1459,FALSE
"B-S",NA,"C330007P06Rik",0.286955519191615,1104.35671690708,0.000259839519965323,0.000259772020928105,"Epiblast",FALSE,1416,FALSE
"B-S",NA,"Zic2",23.1923947211937,26928.5444161451,0.000861256901330642,0.000860515776179703,"Epiblast",FALSE,735,FALSE
"B-S",NA,"Ccnb2",17.5851141484201,16856.8882837824,0.00104320049183326,0.00104211335866496,"Exiting naïve pluripotency",FALSE,646,FALSE
"B-S",NA,"Zfp973",1.83732240919474,2108.60143925503,0.000871346464528575,0.000870587880856529,"Exiting naïve pluripotency",FALSE,728,FALSE
"B-S",NA,"Platr5",2.1403703344652,4429.04317050791,0.000483257952579348,0.000483024527135319,"Exiting naïve pluripotency",FALSE,1059,FALSE
"B-S",NA,"Kdm2b",11.6804172925614,15666.9242349676,0.000745546293412938,0.000744990868232501,"Exiting naïve pluripotency",FALSE,808,FALSE
"B-S",NA,"Lrrc34",0.0306160667887815,160.111405161129,0.000191217276233201,0.000191180719176812,"Epiblast",FALSE,1567,FALSE
"B-S",NA,"Kif1a",24.2601710428044,8249.20398612396,0.0029409105513226,0.00293228695766929,"Epiblast",FALSE,282,TRUE
"B-S",NA,"Ackr3",0.00297604739538648,50.0456893923956,5.94666080439424e-05,5.94630719767481e-05,"Epiblast",FALSE,2113,FALSE
"B-S",NA,"Cox17",195.229374146745,62161.7607896765,0.00314066673251585,0.00313083382687076,"Exiting naïve pluripotency",FALSE,273,TRUE
"B-S",NA,"Triml1",18.8432510552994,1089.15387123089,0.0173008163061514,0.0170065884434962,"Exiting naïve pluripotency",FALSE,40,TRUE
"B-S",NA,"Pabpc4",36.4115564763056,41466.0764575985,0.000878104696342286,0.00087733430496883,"Epiblast",FALSE,722,FALSE
"B-S",NA,"Pphln1",217.476423998363,52438.5589457814,0.00414726164048905,0.00413013289874795,"Epiblast",FALSE,202,TRUE
"B-S",NA,"Gjb5",0.154449596120443,1660.28613288497,9.30258905746964e-05,9.30172375633332e-05,"Epiblast",FALSE,1915,FALSE
"B-S",NA,"Il17rd",0.227801798228183,9201.36371062848,2.47573952505594e-05,2.47567823371139e-05,"Epiblast",FALSE,2408,FALSE
"B-S",NA,"Ltb4r1",0.00286645521364916,82.9571330069409,3.45534507974056e-05,3.45522568976969e-05,"Exiting naïve pluripotency",FALSE,2300,FALSE
"B-S",NA,"Tcf12",11.6246840220351,12050.8095700109,0.000964639259669637,0.000963709627528001,"Epiblast",FALSE,679,FALSE
"B-S",NA,"Pfkl",22.3392697323465,40245.9554116193,0.000555068689607926,0.000554760759280226,"Epiblast",FALSE,972,FALSE
"B-S",NA,"Meioc",8.07151655352139,8194.35492209703,0.000985009391252459,0.000984040102510118,"Epiblast",FALSE,671,FALSE
"B-S",NA,"Dapk2",0.0766166817208044,731.446493617687,0.000104746802929991,0.000104735832186417,"Epiblast",FALSE,1851,FALSE
"B-S",NA,"Tsen34",0.989800842859528,21852.7009578389,4.52942107599962e-05,4.52921592873877e-05,"Epiblast",FALSE,2215,FALSE
"B-S",NA,"Ier5",0.326785820163672,8886.82512362346,3.67719422423415e-05,3.67705901163256e-05,"Exiting naïve pluripotency",FALSE,2278,FALSE
"B-S",NA,"Tead1",5.29169976003572,5005.07596825734,0.00105726662164494,0.00105614998951358,"Exiting naïve pluripotency",FALSE,641,FALSE
"B-S",NA,"Epm2a",0.00390550830661051,60.9509003718634,6.40763021183096e-05,6.40721966088823e-05,"Epiblast",FALSE,2071,FALSE
"B-S",NA,"Ninj2",0.0649279328969254,225.687643881489,0.000287689355873731,0.000287606614512057,"Epiblast",FALSE,1357,FALSE
"B-S",NA,"Ktn1",0.347374543999087,70145.3526222919,4.95221038904141e-06,4.95218586477512e-06,"Exiting naïve pluripotency",FALSE,2678,FALSE
"B-S",NA,"D230030E09Rik",0.00780923256418607,80.5405514512402,9.69602569571904e-05,9.69508565772245e-05,"Epiblast",FALSE,1893,FALSE
"B-S",NA,"Arhgap5",0.107054525853031,21410.617948015,5.00006707480182e-06,5.00004207425607e-06,"Exiting naïve pluripotency",FALSE,2676,FALSE
"B-S",NA,"Rsl1d1",0.15954303170706,194324.404423198,8.21013872038474e-07,8.21013197975249e-07,"Epiblast",FALSE,2784,FALSE
"B-S",NA,"Rbm39",54.8036336930416,192728.688645236,0.000284356387615551,0.000284275552046484,"Epiblast",FALSE,1365,FALSE
"B-S",NA,"Ruvbl1",156.131944647624,105756.648265951,0.00147633219478545,0.00147415585104243,"Epiblast",FALSE,493,TRUE
"B-S",NA,"Scml2",0.0344887457687153,480.016253449067,7.1849120776438e-05,7.18439588511614e-05,"Exiting naïve pluripotency",FALSE,2027,FALSE
"B-S",NA,"Fem1b",0.108297747569822,18770.7346195986,5.76949969005198e-06,5.76946640311735e-06,"Exiting naïve pluripotency",FALSE,2659,FALSE
"B-S",NA,"Lama1",0.014744560897001,664.943850844327,2.21741442954601e-05,2.21736526136875e-05,"Epiblast",FALSE,2443,FALSE
"B-S",NA,"Srrm2",5.49060330327389,196970.676251551,2.7875232028253e-05,2.78744550213517e-05,"Epiblast",FALSE,2379,FALSE
"B-S",NA,"Rangrf",17.2858804058516,49167.9987598653,0.000351567703421796,0.000351444147010151,"Epiblast",FALSE,1251,FALSE
"B-S",NA,"Bbx",0.997656066761101,18280.5506524724,5.45747273004693e-05,5.4571749062146e-05,"Epiblast",FALSE,2151,FALSE
"B-S",NA,"Dph3",87.9931961325252,103707.456562429,0.000848475114993835,0.000847755815280978,"Epiblast",FALSE,741,FALSE
"B-S",NA,"Luc7l2",24.5870317935418,73265.594293418,0.000335587693386807,0.00033547511206776,"Epiblast",FALSE,1272,FALSE
"B-S",NA,"Tgm2",0.0141295653603707,239.773730664387,5.89287463694174e-05,5.89252739768925e-05,"Epiblast",FALSE,2117,FALSE
"B-S",NA,"Eif4g3",100.681009988558,16510.5479076832,0.0060979811543205,0.00606102116150172,"Epiblast",FALSE,121,TRUE
"B-S",NA,"Gab1",9.72144395305976,18232.9137295504,0.000533181042660452,0.000532896912129212,"Exiting naïve pluripotency",FALSE,994,FALSE
"B-S",NA,"Sptbn1",52.7866464853981,68562.516700232,0.000769905321827538,0.000769313023636489,"Exiting naïve pluripotency",FALSE,794,FALSE
"B-S",NA,"Fgfr1",6.39877365877156,10556.1668216784,0.000606164507142016,0.000605797294323674,"Epiblast",FALSE,925,FALSE
"B-S",NA,"Manba",0.184924073059698,585.077324666184,0.00031606774910514,0.000315967881847935,"Exiting naïve pluripotency",FALSE,1307,FALSE
"B-S",NA,"Mcf2",20.7501631126677,5589.29941261833,0.00371248014837466,0.00369874861755815,"Exiting naïve pluripotency",FALSE,227,TRUE
"B-S",NA,"Lhfp",0.00697330700612655,206.62780777197,3.37481536552047e-05,3.37470147557653e-05,"Epiblast",FALSE,2309,FALSE
"B-S",NA,"Morf4l2",61.7272733178089,134894.781022058,0.000457595711636283,0.00045738641357487,"Epiblast",FALSE,1096,FALSE
"B-S",NA,"Syncrip",168.344348987549,124092.018724088,0.0013566089964404,0.00135477110177561,"Epiblast",FALSE,538,FALSE
"B-S",NA,"Sgo2a",1.69386193867024,25956.6506079715,6.52573386394486e-05,6.52530803970839e-05,"Exiting naïve pluripotency",FALSE,2069,FALSE
"B-S",NA,"Cdk4",11.0740963597146,172934.64183204,6.40363101481436e-05,6.40322097616998e-05,"Epiblast",FALSE,2072,FALSE
"B-S",NA,"Churc1",0.045946596287562,17483.5656948521,2.62798773942839e-06,2.62798083312698e-06,"Exiting naïve pluripotency",FALSE,2730,FALSE
"B-S",NA,"Eif3k",163.531072224335,193687.274435535,0.000844304679803645,0.000843592430766502,"Exiting naïve pluripotency",FALSE,743,FALSE
"B-S",NA,"Phc2",7.9420359095414,4564.79223788045,0.00173984608623263,0.0017368242793078,"Epiblast",FALSE,431,TRUE
"B-S",NA,"Arid3a",1.57869017701618,2651.91772693784,0.000595301340226376,0.000594947167380271,"Epiblast",FALSE,937,FALSE
"B-S",NA,"Ajap1",0.084337151826122,269.295127804222,0.000313177414362414,0.000313079364976401,"Epiblast",FALSE,1318,FALSE
"B-S",NA,"Anp32b-ps1",0.0176392728599505,137.597582198937,0.000128194642507946,0.000128178210748042,"Epiblast",FALSE,1773,FALSE
"B-S",NA,"Flrt2",0.0358108307642278,244.106500832059,0.000146701667682603,0.000146680149460061,"Epiblast",FALSE,1699,FALSE
"B-S",NA,"Col1a1",0.507640074792072,671.887105497382,0.000755543707623736,0.000754973292303312,"Epiblast",FALSE,801,FALSE
"B-S",NA,"Ifih1",0.00429193830818179,61.1833738676066,7.01487681517698e-05,7.0143847647264e-05,"Epiblast",FALSE,2039,FALSE
"B-S",NA,"Mmp9",0.00300015581528196,55.4524892916495,5.41031764958791e-05,5.41002495005319e-05,"Epiblast",FALSE,2159,FALSE
"B-S",NA,"Pou3f2",0.00711494439618465,80.5245979331627,8.83574035612102e-05,8.83495972201941e-05,"Epiblast",FALSE,1940,FALSE
"B-S",NA,"Itga6",4.26260732843175,32641.1327595481,0.000130590055186883,0.00013057300365113,"Exiting naïve pluripotency",FALSE,1762,FALSE
"B-S",NA,"Rftn1",0.656505425261822,1147.37171473974,0.000572181984990573,0.000571854779987433,"Epiblast",FALSE,959,FALSE
"B-S",NA,"Npl",0.151002269261901,1336.75385442535,0.000112961910498335,0.000112949151546387,"Exiting naïve pluripotency",FALSE,1824,FALSE
"B-S",NA,"Chd9",0.351693903198027,28151.8436575263,1.24927485203621e-05,1.24925924535462e-05,"Exiting naïve pluripotency",FALSE,2569,FALSE
"B-S",NA,"Sms",5.23834780184264,103002.815938907,5.08563552762442e-05,5.08537690388988e-05,"Epiblast",FALSE,2178,FALSE
"B-S",NA,"Cabp7",0.00367220489279182,182.007890145025,2.01760752781969e-05,2.01756682123963e-05,"Epiblast",FALSE,2473,FALSE
"B-S",NA,"Prmt1",29.9434922284396,192443.238522459,0.000155596488909352,0.000155572282408438,"Epiblast",FALSE,1668,FALSE
"B-S",NA,"Zic5",18.8349316679849,28699.8778703543,0.000656272188790063,0.000655841778070868,"Epiblast",FALSE,881,FALSE
"B-S",NA,"Ddx18",289.476347958452,135611.303858113,0.00213460338277792,0.00213005655684616,"Epiblast",FALSE,365,TRUE
"B-S",NA,"Dancr",7.09677757589504,38035.4408524887,0.000186583286977485,0.000186548480148878,"Exiting naïve pluripotency",FALSE,1581,FALSE
"B-S",NA,"Mfge8",1.86182685957924,4436.62994850271,0.000419648895939041,0.000419472864614529,"Exiting naïve pluripotency",FALSE,1134,FALSE
"B-S",NA,"Tfrc",1.9493461018344,21442.6789761374,9.09096341928049e-05,9.09013703824758e-05,"Epiblast",FALSE,1928,FALSE
"B-S",NA,"Itpka",0.0148664682625644,435.908137871233,3.41045898687855e-05,3.41034267854019e-05,"Exiting naïve pluripotency",FALSE,2306,FALSE
"B-S",NA,"Dpp4",0.235490090950379,329.343989971309,0.000715027746432824,0.00071451684706188,"Exiting naïve pluripotency",FALSE,833,FALSE
"B-S",NA,"Pecam1",12.389358953637,714.934895718226,0.0173293526834925,0.0170341616879346,"Exiting naïve pluripotency",FALSE,39,TRUE
"B-S",NA,"Ddx5",0.0923748844066195,198849.464909197,4.6454680905881e-07,4.64546593255172e-07,"Exiting naïve pluripotency",FALSE,2802,FALSE
"B-S",NA,"Trnt1",19.3968415938134,49206.0822287803,0.000394196016330442,0.00039404068706133,"Epiblast",FALSE,1175,FALSE
"B-S",NA,"Elf3",0.863839511687188,1489.80043329746,0.000579835723215092,0.000579499708582463,"Exiting naïve pluripotency",FALSE,953,FALSE
"B-S",NA,"Mcc",0.000136974306856308,397.513225580541,3.44577986446279e-07,3.44577867712331e-07,"Epiblast",FALSE,2812,FALSE
"B-S",NA,"Hnrnpul2",52.1337312447156,54410.6060864625,0.000958153841585063,0.000957236661600445,"Epiblast",FALSE,686,FALSE
"B-S",NA,"Phkg1",0.000564361174583453,1066.99386629721,5.28926353196347e-07,5.28926073433408e-07,"Epiblast",FALSE,2799,FALSE
"B-S",NA,"4930558C23Rik",0.0037476260080591,77.5955606432432,4.82969125680959e-05,4.82945800889838e-05,"Exiting naïve pluripotency",FALSE,2195,FALSE
"B-S",NA,"Ccnf",8.26442890540063,32496.9711160444,0.000254313821306267,0.000254249162230256,"Exiting naïve pluripotency",FALSE,1427,FALSE
"B-S",NA,"Rarg",28.0355010875298,23004.1434866485,0.00121871527639364,0.00121723181738288,"Exiting naïve pluripotency",FALSE,586,FALSE
"B-S",NA,"Arid3b",0.433924585746887,7246.53567985272,5.9880280028609e-05,5.98766945953694e-05,"Exiting naïve pluripotency",FALSE,2108,FALSE
"B-S",NA,"Klf6",1.04030736419398,10165.0941882398,0.000102341143616509,0.000102330670978614,"Exiting naïve pluripotency",FALSE,1863,FALSE
"B-S",NA,"Zfp326",7.92588762551781,20226.903584003,0.000391848786572859,0.00039169530124436,"Epiblast",FALSE,1177,FALSE
"B-S",NA,"Efna3",0.591575077263743,926.758061117812,0.000638327414762611,0.000637920212802348,"Epiblast",FALSE,897,FALSE
"B-S",NA,"Platr14",29.1189243068657,3043.55486646919,0.00956740574243252,0.00947673794539422,"Exiting naïve pluripotency",FALSE,80,TRUE
"B-S",NA,"Rbm25",136.62014219138,170357.137272612,0.000801963125106734,0.000801320495617856,"Epiblast",FALSE,774,FALSE
"B-S",NA,"Rec8",0.0861050051913284,1403.01474807805,6.13714184467991e-05,6.13676522269352e-05,"Epiblast",FALSE,2095,FALSE
"B-S",NA,"Arap2",1.13586552276224,5443.97880187113,0.000208646206038098,0.000208602681879955,"Exiting naïve pluripotency",FALSE,1529,FALSE
"B-S",NA,"Camta1",3.24787081419027,5156.26184529534,0.000629888650273585,0.000629492140318962,"Exiting naïve pluripotency",FALSE,908,FALSE
"B-S",NA,"Wdr35",0.00343151210488103,9661.33986047582,3.55179732256312e-07,3.55179606103714e-07,"Exiting naïve pluripotency",FALSE,2810,FALSE
"B-S",NA,"Idh2",21.6354358548543,11257.5248827495,0.0019218643600786,0.00191817788237018,"Exiting naïve pluripotency",FALSE,399,TRUE
"B-S",NA,"Prox1",0.166272522987517,355.932784939699,0.000467145848943604,0.000466927725594836,"Epiblast",FALSE,1082,FALSE
"B-S",NA,"Kif20b",0.286281556957321,50068.9266948593,5.71774902829531e-06,5.71771633582829e-06,"Epiblast",FALSE,2660,FALSE
"B-S",NA,"Hck",8.84471607566746e-05,233.291654221067,3.7912698185449e-07,3.79126838117276e-07,"Exiting naïve pluripotency",FALSE,2808,FALSE
"B-S",NA,"Tent5a",0.705058384748652,1518.88493564854,0.000464194731411699,0.000463979354639792,"Epiblast",FALSE,1087,FALSE
"B-S",NA,"Cfl2",6.17440274503494,12130.3868322121,0.000509002955176903,0.00050874400297596,"Epiblast",FALSE,1027,FALSE
"B-S",NA,"Eif1b",280.746515655936,55159.2157641283,0.00508974813667517,0.00506397378553607,"Epiblast",FALSE,152,TRUE
"B-S",NA,"Rnase4",0.00412531320964881,187.611124453412,2.1988638582427e-05,2.19881550928316e-05,"Epiblast",FALSE,2447,FALSE
"B-S",NA,"Ankrd11",33.8034772873149,144806.420785846,0.000233439077520649,0.000233384596435749,"Epiblast",FALSE,1472,FALSE
"B-S",NA,"Pebp1",32.5661262561122,198286.814626557,0.000164237477501696,0.000164210507982086,"Exiting naïve pluripotency",FALSE,1644,FALSE
"B-S",NA,"Zfp516",0.109842180189606,2091.05254053768,5.25296127477321e-05,5.25268535324572e-05,"Exiting naïve pluripotency",FALSE,2173,FALSE
"B-S",NA,"Slc39a8",0.0653677162665907,218.163686581253,0.000299626932836254,0.000299537183428713,"Epiblast",FALSE,1339,FALSE
"B-S",NA,"Arl14epl",5.76057967603362,555.409264133669,0.0103717745598266,0.0102653051292383,"Exiting naïve pluripotency",FALSE,71,TRUE
"B-S",NA,"Echdc2",1.18535838873899,9119.85806284567,0.000129975530383323,0.000129958638940298,"Epiblast",FALSE,1765,FALSE
"B-S",NA,"Klhdc2",126.700168776567,32308.579408375,0.00392156421287046,0.00390624561984101,"Epiblast",FALSE,216,TRUE
"B-S",NA,"Tiparp",10.7299099553236,10373.0535134049,0.00103440225594686,0.00103333337357409,"Exiting naïve pluripotency",FALSE,650,FALSE
"B-S",NA,"Ntn1",0.00949993608797087,94.85637638902,0.000100150737879868,0.000100140708713999,"Epiblast",FALSE,1881,FALSE
"B-S",NA,"2410141K09Rik",4.01630665108074,3655.47960441701,0.00109870853778742,0.00109750270219827,"Exiting naïve pluripotency",FALSE,619,FALSE
"B-S",NA,"Uqcrb",37.9050556875673,172397.790678215,0.000219869729991599,0.000219821397920192,"Epiblast",FALSE,1501,FALSE
"B-S",NA,"Plac8",4.75381788625462,4753.06950467931,0.00100015745226839,0.00099915813681186,"Epiblast",FALSE,666,FALSE
"B-S",NA,"Pid1",0.51971642254339,3034.96458247854,0.000171242994249033,0.000171213675106651,"Epiblast",FALSE,1627,FALSE
"B-S",NA,"Prps1",0.880325319929543,29013.8966416334,3.03415060308143e-05,3.03405854517578e-05,"Epiblast",FALSE,2338,FALSE
"B-S",NA,"Hnrnpdl",142.021185236213,165469.918829763,0.000858290051996251,0.000857554021910196,"Epiblast",FALSE,738,FALSE
"B-S",NA,"Epb41l4a",0.740203014487209,3122.55019533617,0.000237050797643789,0.000236994617880583,"Exiting naïve pluripotency",FALSE,1463,FALSE
"B-S",NA,"Tia1",6.88323619937135,9148.35935451161,0.000752401160977221,0.00075183547908989,"Epiblast",FALSE,802,FALSE
"B-S",NA,"Nxph4",0.00132425193003558,33.3272008976052,3.97348680468013e-05,3.97332892497959e-05,"Epiblast",FALSE,2250,FALSE
"B-S",NA,"Col2a1",0.704020716565959,1012.72614603607,0.000695173832848674,0.000694690901911747,"Exiting naïve pluripotency",FALSE,845,FALSE
"B-S",NA,"Ankrd37",0.35659182754291,5410.98294374285,6.59014880014111e-05,6.5897145281482e-05,"Epiblast",FALSE,2065,FALSE
"B-S",NA,"Eif3e",0.139927084279105,198601.948476281,7.04560480663246e-07,7.04559984258125e-07,"Exiting naïve pluripotency",FALSE,2789,FALSE
"B-S",NA,"Stmn3",0.410095992105822,2977.08385170203,0.000137750904083997,0.000137731931385927,"Epiblast",FALSE,1737,FALSE
"B-S",NA,"Rasgef1a",0.0429287078715751,198.400164101913,0.000216374356674039,0.000216327548939806,"Exiting naïve pluripotency",FALSE,1511,FALSE
"B-S",NA,"Colec12",0.764868711593349,1128.35238182636,0.000677863337652838,0.000677404150214633,"Epiblast",FALSE,861,FALSE
"B-S",NA,"Pax2",0.0109087375758809,94.4504291411785,0.000115496961475688,0.000115483623468078,"Epiblast",FALSE,1815,FALSE
"B-S",NA,"C1d",16.5935479391162,32912.421885153,0.000504172801291225,0.000503918739168875,"Epiblast",FALSE,1032,FALSE
"B-S",NA,"Epha2",0.940079585454735,1969.81044237442,0.00047724368052469,0.00047701602763999,"Exiting naïve pluripotency",FALSE,1068,FALSE
"B-S",NA,"Plat",0.0208455028591012,126.054890694999,0.000165368457694662,0.0001653411154894,"Epiblast",FALSE,1640,FALSE
"B-S",NA,"Trim44",28.2191314161788,15576.5031776513,0.00181164739571759,0.00180837126462554,"Epiblast",FALSE,416,TRUE
"B-S",NA,"Bhlhe40",0.579512528565171,1245.36311678218,0.000465336190510073,0.000465119753455869,"Exiting naïve pluripotency",FALSE,1085,FALSE
"B-S",NA,"Nme5",0.0301284578029075,217.744690570716,0.000138365981388294,0.000138346838892159,"Exiting naïve pluripotency",FALSE,1735,FALSE
"B-S",NA,"Akr1b8",1.34123956790601,5131.26123114967,0.00026138594538199,0.000261317640623451,"Epiblast",FALSE,1412,FALSE
"B-S",NA,"Tst",19.5468356515063,13115.3029364084,0.00149038384750106,0.00148816590906778,"Exiting naïve pluripotency",FALSE,490,TRUE
"B-S",NA,"Npnt",0.117019504240136,546.427203126936,0.000214153877351806,0.000214108025288018,"Epiblast",FALSE,1519,FALSE
"B-S",NA,"Atp5c1",42.7774103430661,172131.463157285,0.000248515928223873,0.000248454183401864,"Exiting naïve pluripotency",FALSE,1441,FALSE
"B-S",NA,"Trim12c",0.298089953004503,16876.6960945256,1.76628145304576e-05,1.76625025609507e-05,"Epiblast",FALSE,2508,FALSE
"B-S",NA,"Npepps",4.21442026657855,23580.7576522639,0.000178722852281803,0.000178690916131595,"Epiblast",FALSE,1604,FALSE
"B-S",NA,"Smarcad1",33.7041182615518,38082.9135860324,0.00088501942440437,0.000884236857609611,"Exiting naïve pluripotency",FALSE,713,FALSE
"B-S",NA,"Ost4",83.6882063541709,132792.662397959,0.000630217098165937,0.000629820174723057,"Epiblast",FALSE,907,FALSE
"B-S",NA,"Taf10",2.05494209264921,150713.792991258,1.36347314460356e-05,1.36345455426687e-05,"Exiting naïve pluripotency",FALSE,2560,FALSE
"B-S",NA,"Adm",0.0170628093282805,118.96544505142,0.000143426600227532,0.000143406031987912,"Epiblast",FALSE,1713,FALSE
"B-S",NA,"Scara3",0.0196067868891295,130.867978824226,0.000149821117933396,0.000149798674928453,"Epiblast",FALSE,1688,FALSE
"B-S",NA,"Cpsf4l",0.000582704749799952,153.122181820863,3.80548881207593e-06,3.80547433038595e-06,"Epiblast",FALSE,2702,FALSE
"B-S",NA,"Kdm3a",3.66606053346476,5278.16541657611,0.000694570981415526,0.000694088887415804,"Exiting naïve pluripotency",FALSE,846,FALSE
"B-S",NA,"Mup6",3.88699619344875,5706.68662950108,0.000681130127831914,0.000680666505368102,"Exiting naïve pluripotency",FALSE,857,FALSE
"B-S",NA,"Slfn5",0.00466514456379147,192.908024978289,2.41832581320373e-05,2.41826733162062e-05,"Epiblast",FALSE,2417,FALSE
"B-S",NA,"Slc25a31",0.11830468218943,4887.11464773874,2.42074701980175e-05,2.42068842105894e-05,"Epiblast",FALSE,2416,FALSE
"B-S",NA,"Ubxn1",192.850755948203,141432.46629097,0.0013635536521823,0.00136169690539379,"Exiting naïve pluripotency",FALSE,534,FALSE
"B-S",NA,"Nectin4",0.380531849397461,648.758524701476,0.000586553910135611,0.000586210066329044,"Epiblast",FALSE,947,FALSE
"B-S",NA,"Rflnb",1.80820286852838,2662.44520056721,0.000679151205870135,0.000678690272553118,"Epiblast",FALSE,860,FALSE
"B-S",NA,"Lin28a",126.230099432828,39907.7258198945,0.0031630491800638,0.00315307584609413,"Epiblast",FALSE,271,TRUE
"B-S",NA,"Gbp7",0.00779257011760399,351.907008525105,2.21438332537445e-05,2.21433429152513e-05,"Epiblast",FALSE,2444,FALSE
"B-S",NA,"Maged1",4.73470566394097,14222.9942183861,0.000332890922350262,0.000332780142861565,"Epiblast",FALSE,1277,FALSE
"B-S",NA,"Foxp2",0.00161794003783058,35.4551011170868,4.56334910028179e-05,4.56314086823403e-05,"Epiblast",FALSE,2211,FALSE
"B-S",NA,"Nop58",0.0793962066455049,179232.096710363,4.42979846259392e-07,4.42979650028335e-07,"Epiblast",FALSE,2803,FALSE
"B-S",NA,"Cd80",1.24171814770136,708.334823116917,0.00175301016860554,0.00174994250160575,"Exiting naïve pluripotency",FALSE,427,TRUE
"B-S",NA,"Flt4",0.180042276014705,525.464331138203,0.000342634628738201,0.0003425172704604,"Epiblast",FALSE,1262,FALSE
"B-S",NA,"En2",0.135143434416088,1426.92942531264,9.4709263134354e-05,9.47002941392775e-05,"Epiblast",FALSE,1903,FALSE
"B-S",NA,"Cenpw",28.8177172919797,53919.4268096827,0.000534458895375437,0.000534173401649252,"Exiting naïve pluripotency",FALSE,992,FALSE
"B-S",NA,"Magohb",1.81645787469544,6107.47896967908,0.000297415330239097,0.000297326900660748,"Exiting naïve pluripotency",FALSE,1342,FALSE
"B-S",NA,"Vcp-rs",0.00146704979387335,274.464732663793,5.34513042763283e-06,5.34510185736626e-06,"Exiting naïve pluripotency",FALSE,2666,FALSE
"B-S",NA,"Kcnn3",0.000491064828760561,110.985778320696,4.42457435710021e-06,4.42455478032859e-06,"Exiting naïve pluripotency",FALSE,2686,FALSE
"B-S",NA,"Rpa2",6.4438644103413,48882.0447569178,0.000131824772109791,0.000131807396629768,"Exiting naïve pluripotency",FALSE,1759,FALSE
"B-S",NA,"Htra1",0.204727255698383,1267.79418011764,0.000161483037948152,0.000161456965386883,"Epiblast",FALSE,1651,FALSE
"B-S",NA,"Hey1",0.00115716350131769,579.865855349922,1.99557102843967e-06,1.99556704614388e-06,"Epiblast",FALSE,2746,FALSE
"B-S",NA,"Sirt4",0.0318373038190344,989.556222310599,3.21733147659815e-05,3.21722796771007e-05,"Epiblast",FALSE,2323,FALSE
"B-S",NA,"Hint1",79.4856549055576,197286.810014322,0.000402893913180446,0.000402731655047983,"Exiting naïve pluripotency",FALSE,1162,FALSE
"B-S",NA,"Atp5j2",66.1171431118333,198204.740131701,0.000333580029760643,0.00033346879123134,"Exiting naïve pluripotency",FALSE,1275,FALSE
"B-S",NA,"Tor3a",7.71515906781945,11723.7697202125,0.000658078352948031,0.000657645570634085,"Epiblast",FALSE,876,FALSE
"B-S",NA,"Apod",0.625000589589437,189.940649167398,0.00329050465147465,0.00327971274144343,"Exiting naïve pluripotency",FALSE,263,TRUE
"B-S",NA,"Pbx1",16.1930175838465,10625.2753482701,0.00152400921887478,0.00152169014905934,"Epiblast",FALSE,482,TRUE
"B-S",NA,"Rad50",5.24293715811661,77087.8737025858,6.80124759744248e-05,6.80078505921203e-05,"Exiting naïve pluripotency",FALSE,2051,FALSE
"B-S",NA,"Tnfrsf19",0.506018639287438,3704.00358343959,0.000136613971311967,0.000136595310484139,"Epiblast",FALSE,1743,FALSE
"B-S",NA,"Dcaf12l1",0.00885467918972269,1696.29533328571,5.22001034605882e-06,5.21998309769305e-06,"Epiblast",FALSE,2670,FALSE
"B-S",NA,"Bcl11a",0.830422858551697,7182.32242979178,0.000115620381383487,0.000115607014856339,"Exiting naïve pluripotency",FALSE,1814,FALSE
"B-S",NA,"Smim10l2a",1.36098756796987,1967.85277436487,0.000691610462784307,0.000691132468338035,"Epiblast",FALSE,850,FALSE
"B-S",NA,"Ppp1r14a",16.9948395427102,9454.36250438357,0.00179756588927392,0.00179434044409786,"Epiblast",FALSE,417,TRUE
"B-S",NA,"Gpx3",3.23401612806777,3207.51081200364,0.00100826351573467,0.00100724794438106,"Epiblast",FALSE,662,FALSE
"B-S",NA,"Plekha4",2.78643967789984,677.48659932002,0.00411290744451114,0.00409606072585858,"Exiting naïve pluripotency",FALSE,205,TRUE
"B-S",NA,"Timm8a1",4.15954252553259,137933.647232798,3.01561120798344e-05,3.01552027161615e-05,"Epiblast",FALSE,2343,FALSE
"B-S",NA,"Ubap1l",0.661462171024959,291.641288189843,0.0022680676495791,0.00226293515955063,"Exiting naïve pluripotency",FALSE,347,TRUE
"B-S",NA,"Plekho1",0.0937990379174671,1413.45932437173,6.63613280553085e-05,6.63569245216716e-05,"Epiblast",FALSE,2063,FALSE
"B-S",NA,"Lamb1",10.6809347569135,7496.93899614396,0.0014247061050393,0.00142267920529001,"Epiblast",FALSE,506,FALSE
"B-S",NA,"Tap2",0.49521902843501,1168.98435769343,0.000423631869131376,0.000423452481165292,"Epiblast",FALSE,1128,FALSE
"B-S",NA,"Sap30",67.3077104236698,18062.9150159829,0.0037262928139845,0.00371245910430193,"Exiting naïve pluripotency",FALSE,226,TRUE
"B-S",NA,"Spta1",0.30186643874234,1408.54958780143,0.000214310125363435,0.000214264206374506,"Exiting naïve pluripotency",FALSE,1517,FALSE
"B-S",NA,"Zfp750",0.15761227128045,293.527217342141,0.00053695964792503,0.00053667147699769,"Exiting naïve pluripotency",FALSE,987,FALSE
"B-S",NA,"Dusp6",1.77728382602865,11825.02169304,0.000150298567915079,0.000150275981650245,"Epiblast",FALSE,1686,FALSE
"B-S",NA,"Mep1b",0.00572731409885854,55.3666033204452,0.00010344347955952,0.000103432780112845,"Exiting naïve pluripotency",FALSE,1858,FALSE
"B-S",NA,"Castor1",15.1147392693646,7742.95788190694,0.00195206270005464,0.00194825957520785,"Exiting naïve pluripotency",FALSE,395,TRUE
"B-S",NA,"Il10",0.401178435197763,956.439806284167,0.000419449747450776,0.000419273883126386,"Exiting naïve pluripotency",FALSE,1136,FALSE
"B-S",NA,"Selenos",21.647414260762,27755.9235577859,0.000779920517351678,0.000779312715375524,"Epiblast",FALSE,791,FALSE
"B-S",NA,"Sall1",3.47501449460428,12535.8922143517,0.000277205198894891,0.000277128377467896,"Exiting naïve pluripotency",FALSE,1381,FALSE
"B-S",NA,"Prps2",0.0103558766078514,22127.2201687567,4.68015255819336e-07,4.68015036781159e-07,"Epiblast",FALSE,2801,FALSE
"B-S",NA,"Atp2a2",27.8141827252153,38433.6410181779,0.000723693670138096,0.000723170316357716,"Epiblast",FALSE,824,FALSE
"B-S",NA,"Mtcl1",6.95815058125628,22881.0512539526,0.00030410100060653,0.000304008551301886,"Epiblast",FALSE,1334,FALSE
"B-S",NA,"Camk2n1",0.336045255683117,807.099815589226,0.000416361457644228,0.000416188172929892,"Exiting naïve pluripotency",FALSE,1139,FALSE
"B-S",NA,"Rab8b",0.547236981774143,1405.1972488122,0.000389437840300867,0.000389286237509273,"Epiblast",FALSE,1182,FALSE
"B-S",NA,"Abcg3",0.0155272319121508,276.834943856571,5.60884102846335e-05,5.60852645513045e-05,"Exiting naïve pluripotency",FALSE,2143,FALSE
"B-S",NA,"Aurkb",0.459103846583501,17118.4892721413,2.6819180085631e-05,2.68184608365002e-05,"Epiblast",FALSE,2383,FALSE
"B-S",NA,"Catsperz",0.107978998926688,227.376652768727,0.000474890441089027,0.000474665027204889,"Exiting naïve pluripotency",FALSE,1072,FALSE
"B-S",NA,"Slc38a1",28.7259990748489,34926.0571327739,0.000822480446780608,0.000821804528624739,"Exiting naïve pluripotency",FALSE,765,FALSE
"B-S",NA,"Jph4",36.7271795595715,8487.53024496879,0.00432719277570086,0.0043085488542251,"Epiblast",FALSE,189,TRUE
"B-S",NA,"Ech1",37.9271662873897,6239.11453631924,0.00607893412865037,0.00604220396873258,"Exiting naïve pluripotency",FALSE,122,TRUE
"B-S",NA,"Edn3",0.000117566116596113,116.116346962215,1.0124854912493e-06,1.01248446612347e-06,"Exiting naïve pluripotency",FALSE,2779,FALSE
"B-S",NA,"Sla2",0.0208399645599036,127.582058172967,0.000163345574278557,0.000163318896859559,"Epiblast",FALSE,1645,FALSE
"B-S",NA,"Cdca8",84.5286458935867,143909.147735908,0.000587375071171345,0.000587030264228115,"Epiblast",FALSE,945,FALSE
"B-S",NA,"Enpp3",1.23267307543317,4088.35306681121,0.000301508469373615,0.000301417589417587,"Exiting naïve pluripotency",FALSE,1337,FALSE
"B-S",NA,"Pdcd4",6.39399121413315,10024.4418591576,0.000637840121571662,0.00063743354088445,"Exiting naïve pluripotency",FALSE,898,FALSE
"B-S",NA,"Spaar",0.0184099877944203,1653.63721539248,1.11330270164795e-05,1.11329030735688e-05,"Epiblast",FALSE,2585,FALSE
"B-S",NA,"Gcm1",9.12413269640971e-06,133.101070054923,6.85504082923202e-08,6.85504035931621e-08,"Epiblast",FALSE,2836,FALSE
"B-S",NA,"Degs1",0.748386610799585,32091.7259719009,2.33202356101028e-05,2.33196917893959e-05,"Epiblast",FALSE,2428,FALSE
"B-S",NA,"Misp3",0.0304678789414091,546.847667679766,5.57154775308489e-05,5.57123734893556e-05,"Exiting naïve pluripotency",FALSE,2144,FALSE
"B-S",NA,"Vstm2b",0.113471975362249,430.934146004214,0.000263316277938067,0.000263246960728189,"Epiblast",FALSE,1407,FALSE
"B-S",NA,"Alox5",0.186354936200003,644.59380306828,0.000289104448899368,0.00028902089167376,"Epiblast",FALSE,1356,FALSE
"B-S",NA,"Bhmt2",0.0279631331434781,148.702978691132,0.000188046893139644,0.000188011538154019,"Epiblast",FALSE,1575,FALSE
"B-S",NA,"Plaat3",3.09198905539306,10157.3880678729,0.000304407888596163,0.000304315252632642,"Epiblast",FALSE,1332,FALSE
"B-S",NA,"Gprc5c",1.8505789325434,2108.80811153768,0.000877547332267233,0.000876777918144175,"Epiblast",FALSE,724,FALSE
"B-S",NA,"Myh10",65.3108586655635,35496.1187901743,0.0018399436583935,0.00183656448321937,"Epiblast",FALSE,411,TRUE
"B-S",NA,"Rbfox2",0.356144513485911,10887.47632671,3.27113926863098e-05,3.27103226860995e-05,"Exiting naïve pluripotency",FALSE,2320,FALSE
"B-S",NA,"Lpar1",0.908607356750829,827.752826761574,0.0010976795576834,0.0010964759784164,"Exiting naïve pluripotency",FALSE,622,FALSE
"B-S",NA,"Olfr836",0.0808458567849781,132.810003661815,0.000608733186928017,0.000608362856267712,"Exiting naïve pluripotency",FALSE,924,FALSE
"B-S",NA,"Amt",6.97013312838137,12690.9796595576,0.000549219470471074,0.000548917994021066,"Exiting naïve pluripotency",FALSE,978,FALSE
"B-S",NA,"Hpcal4",0.0826880551758212,506.525598301828,0.000163245560447567,0.000163218915684201,"Epiblast",FALSE,1647,FALSE
"B-S",NA,"Sord",33.3167915748859,6605.07821270691,0.00504411764735665,0.00501880221851764,"Exiting naïve pluripotency",FALSE,153,TRUE
"B-S",NA,"Nxf2",0.0995177963816166,597.546116253202,0.000166544127180717,0.000166516394853075,"Epiblast",FALSE,1636,FALSE
"B-S",NA,"Eif3c",0.358895682346233,197224.454770675,1.8197321562559e-06,1.8197288448368e-06,"Epiblast",FALSE,2752,FALSE
"B-S",NA,"Onecut2",0.154334405816699,665.344296938709,0.00023196171745486,0.000231907923694589,"Epiblast",FALSE,1475,FALSE
"B-S",NA,"Rbx1",71.5825196647582,199030.210232159,0.000359656554556519,0.000359527248225154,"Exiting naïve pluripotency",FALSE,1236,FALSE
"B-S",NA,"Vamp8",0.0150057318528572,12262.5370572179,1.22370532156921e-06,1.22370382411633e-06,"Epiblast",FALSE,2769,FALSE
"B-S",NA,"Mef2b",4.48864244361118,2369.63272871742,0.00189423550291723,0.00189065415868611,"Exiting naïve pluripotency",FALSE,403,TRUE
"B-S",NA,"Asnsd1",3.80525674286696,16664.1449176938,0.000228349955047893,0.000228297823250216,"Epiblast",FALSE,1487,FALSE
"B-S",NA,"Gask1b",4.8879407047351,3327.29642119287,0.00146904275603516,0.00146688783508711,"Exiting naïve pluripotency",FALSE,495,TRUE
"B-S",NA,"Fam81a",0.0485847796026787,1020.06618473819,4.76290463595245e-05,4.762677794151e-05,"Exiting naïve pluripotency",FALSE,2201,FALSE
"B-S",NA,"Nfx1",0.71075621684354,41550.4475420279,1.71058618833074e-05,1.71055692778019e-05,"Epiblast",FALSE,2512,FALSE
"B-S",NA,"Pla2g2e",0.00518348196514871,325.029319729424,1.59477365594703e-05,1.59474822332249e-05,"Epiblast",FALSE,2528,FALSE
"B-S",NA,"Ddx23",195.259894815558,84353.6068052272,0.00231477825561644,0.00230943243164086,"Epiblast",FALSE,342,TRUE
"B-S",NA,"Cdc25a",0.302092662907283,37527.3818782397,8.0499264213913e-06,8.04986162059755e-06,"Exiting naïve pluripotency",FALSE,2626,FALSE
"B-S",NA,"Sall4",129.25560979161,50028.7847005479,0.00258362481849763,0.00257696690285098,"Epiblast",FALSE,316,TRUE
"B-S",NA,"Itgb2",0.00186659345227622,89.7901714643997,2.07883938947181e-05,2.0787961746381e-05,"Exiting naïve pluripotency",FALSE,2466,FALSE
"B-S",NA,"Dlc1",40.8421036740657,3874.75552450587,0.0105405627311865,0.0104306181462905,"Exiting naïve pluripotency",FALSE,69,TRUE
"B-S",NA,"Baz2b",1.60396446585397,3755.41090047609,0.000427107581130637,0.000426925238124858,"Exiting naïve pluripotency",FALSE,1125,FALSE
"B-S",NA,"Sptssa",11.7907225291411,14772.0864902195,0.000798175839069693,0.000797539262499657,"Epiblast",FALSE,778,FALSE
"B-S",NA,"Kif23",0.455272166267378,16206.4620349453,2.80920144869186e-05,2.80912253478091e-05,"Epiblast",FALSE,2373,FALSE
"B-S",NA,"Ddx58",12.0645705028927,2135.05345001673,0.00565071122823563,0.00561896010726649,"Exiting naïve pluripotency",FALSE,133,TRUE
"B-S",NA,"Dido1",0.157059214782936,23275.9578433605,6.74770146259468e-06,6.74765593142688e-06,"Epiblast",FALSE,2649,FALSE
"B-S",NA,"Susd2",0.0383892476525558,80.8643220046189,0.000474736530287894,0.000474511262457572,"Exiting naïve pluripotency",FALSE,1073,FALSE
"B-S",NA,"Ltb",0.0420332364989796,72.5697960701939,0.000579211170144704,0.000578875878769593,"Exiting naïve pluripotency",FALSE,954,FALSE
"B-S",NA,"B230206L02Rik",3.28673125207571,1159.65277783327,0.00283423738113813,0.00282622718241015,"Exiting naïve pluripotency",FALSE,286,TRUE
"B-S",NA,"Plekhg1",6.64863962348671,1691.91788977688,0.00392964674211436,0.00391426506316114,"Exiting naïve pluripotency",FALSE,215,TRUE
"B-S",NA,"C2cd4b",0.0149473527940176,606.290078292209,2.46537974629588e-05,2.4653189668214e-05,"Epiblast",FALSE,2410,FALSE
"B-S",NA,"Pdlim1",14.5607867650542,9127.00373973901,0.00159535233908763,0.00159281124394388,"Exiting naïve pluripotency",FALSE,463,TRUE
"B-S",NA,"Aspscr1",0.0985469078235322,8157.54170113591,1.20804663260023e-05,1.20803203900987e-05,"Exiting naïve pluripotency",FALSE,2575,FALSE
"B-S",NA,"Dusp1",4.49018579448965,5539.13499207705,0.000810629421545463,0.000809972833735784,"Exiting naïve pluripotency",FALSE,770,FALSE
"B-S",NA,"Syce2",167.668922262383,77858.1132436356,0.00215351894975556,0.00214889127168103,"Exiting naïve pluripotency",FALSE,360,TRUE
"B-S",NA,"Pcp4l1",0.0696955031885332,250.222940373599,0.00027853362719051,0.000278456067811929,"Epiblast",FALSE,1377,FALSE
"B-S",NA,"Scx",0.168748748481203,359.645463585908,0.000469208611165741,0.000468988557695932,"Epiblast",FALSE,1078,FALSE
"B-S",NA,"Grhl3",0.0199131404073303,258.403728576435,7.70621249044402e-05,7.70561867909491e-05,"Exiting naïve pluripotency",FALSE,1996,FALSE
"B-S",NA,"Magel2",2.16373503974345,1647.99676220524,0.00131294859878735,0.00131122702510205,"Epiblast",FALSE,553,FALSE
"B-S",NA,"Ndufs3",2.390062055141,29492.9385596969,8.10384509601598e-05,8.10318842617809e-05,"Epiblast",FALSE,1975,FALSE
"B-S",NA,"Wnk1",0.00104625903872947,41798.6379676302,2.50309361644682e-08,2.50309355379204e-08,"Exiting naïve pluripotency",FALSE,2844,FALSE
"B-S",NA,"Zfp773",1.98292286074425,1340.21427133376,0.00147955659267147,0.00147737073905468,"Exiting naïve pluripotency",FALSE,491,TRUE
"B-S",NA,"Got1l1",0.505350054401954,795.24550243758,0.000635464209295066,0.000635060650980636,"Exiting naïve pluripotency",FALSE,901,FALSE
"B-S",NA,"Gstp3",6.95331166073384,1345.91557600497,0.00516623166021535,0.00513967888841866,"Exiting naïve pluripotency",FALSE,150,TRUE
"B-S",NA,"Slc7a1",0.508069503491728,4207.26411735778,0.000120760068614566,0.000120745487381225,"Exiting naïve pluripotency",FALSE,1797,FALSE
"B-S",NA,"Epb41l2",6.09209498520947,20580.3285501531,0.000296015438741096,0.000295927839531841,"Exiting naïve pluripotency",FALSE,1344,FALSE
"B-S",NA,"Parp10",1.16437079033696,1881.28191056578,0.000618924140926219,0.000618541310776819,"Exiting naïve pluripotency",FALSE,914,FALSE
"B-S",NA,"Ctxn1",0.34370082502577,2446.37402743244,0.00014049398054904,0.000140474244763229,"Epiblast",FALSE,1727,FALSE
"B-S",NA,"Eps8l2",0.166189516048292,1122.28435386871,0.000148081469259914,0.000148059544385043,"Exiting naïve pluripotency",FALSE,1695,FALSE
"B-S",NA,"Mgmt",7.68037394477252,6996.19639477678,0.00109779278787922,0.00109658896042719,"Exiting naïve pluripotency",FALSE,621,FALSE
"B-S",NA,"Acat2",21.0566258092341,29279.38558456,0.00071916214732108,0.00071864532480613,"Epiblast",FALSE,828,FALSE
"B-S",NA,"Sec14l5",0.000432266938821478,116.029206227061,3.72550112922052e-06,3.72548724991357e-06,"Exiting naïve pluripotency",FALSE,2704,FALSE
"B-S",NA,"Lbhd1",16.1622142859996,74457.8569202771,0.000217065262881588,0.000217018155778554,"Epiblast",FALSE,1508,FALSE
"B-S",NA,"Ncor1",40.330708124807,67554.5256143249,0.00059700971560453,0.000596653507663606,"Exiting naïve pluripotency",FALSE,935,FALSE
"B-S",NA,"Syce1",0.116592889875483,6903.90857930786,1.6887953908447e-05,1.68876687102762e-05,"Exiting naïve pluripotency",FALSE,2515,FALSE
"B-S",NA,"Cct5",67.4324224826969,198141.082434001,0.000340325295765749,0.000340209513862321,"Exiting naïve pluripotency",FALSE,1267,FALSE
"B-S",NA,"Ndnf",0.343432693409074,376.752430820718,0.000911560657116238,0.000910730471049592,"Exiting naïve pluripotency",FALSE,699,FALSE
"B-S",NA,"Lsamp",0.00236563010689292,84.8362219443061,2.78846706356859e-05,2.78838931025107e-05,"Exiting naïve pluripotency",FALSE,2378,FALSE
"B-S",NA,"Fthl17a",1.90592846844938,2650.2423128205,0.00071915253153626,0.00071863572283693,"Epiblast",FALSE,829,FALSE
"B-S",NA,"Zadh2",0.00319674794736021,80.4598800378807,3.97309559230659e-05,3.97293774369221e-05,"Exiting naïve pluripotency",FALSE,2252,FALSE
"B-S",NA,"Spib",0.00255800539331461,85.8126698042349,2.98091808488211e-05,2.98082922880455e-05,"Exiting naïve pluripotency",FALSE,2348,FALSE
"B-S",NA,"Fndc3c1",2.18705245930406,3373.37666533064,0.000648327381220471,0.000647907325161076,"Epiblast",FALSE,887,FALSE
"B-S",NA,"4930591A17Rik",2.91544133459719,611.972631193035,0.00476400607803909,0.00474141793418212,"Exiting naïve pluripotency",FALSE,167,TRUE
"B-S",NA,"Gpr182",0.00401350027605122,58.4298493654636,6.86892114156895e-05,6.86844935319923e-05,"Epiblast",FALSE,2047,FALSE
"B-S",NA,"Sesn2",12.6610003213085,8779.53614103412,0.00144210355967818,0.00144002689177152,"Exiting naïve pluripotency",FALSE,502,FALSE
"B-S",NA,"Fam129a",0.758919511545741,1802.47717731475,0.000421042508108949,0.000420865305924967,"Exiting naïve pluripotency",FALSE,1132,FALSE
"B-S",NA,"Nptx2",2.49775293080303,3743.24770960688,0.000667268939854731,0.000666823988918575,"Exiting naïve pluripotency",FALSE,867,FALSE
"B-S",NA,"Dnase2a",4.43389735164816,11484.1379814931,0.000386088826065436,0.000385939819013781,"Exiting naïve pluripotency",FALSE,1189,FALSE
"B-S",NA,"Dlgap1",0.467000742139953,1159.32881500968,0.000402819921400862,0.000402657722848593,"Epiblast",FALSE,1163,FALSE
"B-S",NA,"Anapc15",0.192826482256175,36765.6519342822,5.24474535636816e-06,5.24471784915857e-06,"Epiblast",FALSE,2669,FALSE
"B-S",NA,"Phyh",4.28257861653542,4722.35170143647,0.000906874135450929,0.000906052459909675,"Exiting naïve pluripotency",FALSE,703,FALSE
"B-S",NA,"Fhad1",0.00836573450821618,207.790388641256,4.0260449787499e-05,4.02588289489375e-05,"Epiblast",FALSE,2246,FALSE
"B-S",NA,"Lgals9",3.21867895599096,511.036221023197,0.00629833820692106,0.00625891742814938,"Exiting naïve pluripotency",FALSE,118,TRUE
"B-S",NA,"Efna1",0.182723664508507,252.795875876863,0.000722811097588919,0.000722289019070268,"Exiting naïve pluripotency",FALSE,825,FALSE
"B-S",NA,"Mrps34",34.295502396289,128014.626386442,0.000267902999558504,0.000267831246764121,"Epiblast",FALSE,1396,FALSE
"B-S",NA,"Igfbp6",0.116162893789795,331.704932670569,0.00035019947654852,0.000350076879808459,"Epiblast",FALSE,1253,FALSE
"B-S",NA,"B430218F22Rik",0.0111298283075657,96.8459379130312,0.000114923026689673,0.000114909820905258,"Epiblast",FALSE,1817,FALSE
"B-S",NA,"Gtpbp4",0.0156383486382291,168729.489848206,9.26829604729904e-08,9.268295188286e-08,"Epiblast",FALSE,2833,FALSE
"B-S",NA,"Gna15",0.0692768758917668,3160.16509639569,2.19219166652971e-05,2.19214361054016e-05,"Exiting naïve pluripotency",FALSE,2449,FALSE
"B-S",NA,"Pla2g4a",2.333148284864,4166.21503473379,0.00056001628946478,0.000559702846753339,"Epiblast",FALSE,967,FALSE
"B-S",NA,"Per3",0.00199706355004718,198.162300025252,1.00779187049842e-05,1.00778171415623e-05,"Exiting naïve pluripotency",FALSE,2598,FALSE
"B-S",NA,"Tns4",0.00383356855396512,179.019904267987,2.14142029046468e-05,2.14137443463804e-05,"Epiblast",FALSE,2456,FALSE
"B-S",NA,"Bzw1",251.291419304709,176995.804032368,0.00141975918965149,0.00141774633126908,"Epiblast",FALSE,511,FALSE
"B-S",NA,"Ly6k",0.838094320227357,1137.05043108139,0.000737077527361992,0.000736534644227609,"Exiting naïve pluripotency",FALSE,812,FALSE
"B-S",NA,"Zfp931",9.72454822628238,7725.33968546888,0.00125878584272145,0.00125720329301478,"Epiblast",FALSE,571,FALSE
"B-S",NA,"Penk",0.22845308045745,1401.21979036339,0.000163038719570327,0.000163012142279375,"Epiblast",FALSE,1648,FALSE
"B-S",NA,"Slc40a1",0.136603827513304,1576.4481912603,8.66529127126568e-05,8.66454046359719e-05,"Exiting naïve pluripotency",FALSE,1948,FALSE
"B-S",NA,"Srsf9",308.426127353117,104412.639565571,0.00295391562397409,0.00294521570528627,"Epiblast",FALSE,281,TRUE
"B-S",NA,"Helz",0.00483494945181065,29043.7764754427,1.66471101163402e-07,1.66471073450779e-07,"Epiblast",FALSE,2828,FALSE
"B-S",NA,"Ddx17",22.0002423670421,60585.5459293869,0.000363126914671754,0.000362995101380549,"Epiblast",FALSE,1231,FALSE
"B-S",NA,"Pipox",17.0036713017248,6590.94103532992,0.00257985486603183,0.00257321634133229,"Exiting naïve pluripotency",FALSE,317,TRUE
"B-S",NA,"Ngfr",0.00351918123862724,74.9216800684716,4.69714672096385e-05,4.69692609945358e-05,"Epiblast",FALSE,2204,FALSE
"B-S",NA,"Zmym1",0.708528226479846,19479.2956005846,3.63734008153037e-05,3.63720778391379e-05,"Epiblast",FALSE,2283,FALSE
"B-S",NA,"Eif4g1",89.147841761597,133967.861532827,0.000665442000354333,0.00066499948176895,"Epiblast",FALSE,868,FALSE
"B-S",NA,"Calb1",0.194466631195607,403.122109896558,0.0004824013032813,0.000482168704469862,"Epiblast",FALSE,1060,FALSE
"B-S",NA,"Ldoc1",0.313671706992198,2000.98023543379,0.000156759023121584,0.000156734453581751,"Exiting naïve pluripotency",FALSE,1665,FALSE
"B-S",NA,"Arpc3",94.955197405444,67226.5195567078,0.00141246636047172,0.00141047411323446,"Exiting naïve pluripotency",FALSE,513,FALSE
"B-S",NA,"Rab20",0.03698220535238,1153.81426050546,3.20521305883139e-05,3.2051103282166e-05,"Exiting naïve pluripotency",FALSE,2325,FALSE
"B-S",NA,"Rbbp6",22.0257638012998,46432.8096865787,0.000474357764476749,0.000474132855875171,"Epiblast",FALSE,1074,FALSE
"B-S",NA,"Tacstd2",0.0270289251323232,148.825284282299,0.000181615141961049,0.000181582163890577,"Epiblast",FALSE,1596,FALSE
"B-S",NA,"Olfm1",7.99367585345712,4951.63367238896,0.00161435121867577,0.00161174928924648,"Epiblast",FALSE,457,TRUE
"B-S",NA,"Mrpl12",66.7940249463206,166655.166745899,0.000400791804121873,0.000400631234406648,"Epiblast",FALSE,1165,FALSE
"B-S",NA,"B430305J03Rik",9.36571224780068e-06,138.707872699109,6.75211295909438e-08,6.75211250318412e-08,"Epiblast",FALSE,2837,FALSE
"B-S",NA,"Mvd",23.0361714128819,21576.8777246167,0.00106763229170087,0.00106649366862135,"Epiblast",FALSE,638,FALSE
"B-S",NA,"Zfp106",61.8672170459845,152251.382398154,0.000406349131754974,0.000406184079207055,"Epiblast",FALSE,1157,FALSE
"B-S",NA,"Ramp1",0.00476999971826223,193.379654087806,2.46665024858114e-05,2.46658940644742e-05,"Epiblast",FALSE,2409,FALSE
"B-S",NA,"Hesx1",0.000305576946741,16.6467568023189,1.83565453841696e-05,1.83562084275965e-05,"Epiblast",FALSE,2496,FALSE
"B-S",NA,"Auts2",1.17010759331327,18290.2832067974,6.39742742134474e-05,6.39701817674976e-05,"Epiblast",FALSE,2074,FALSE
"B-S",NA,"Rbm24",0.0147553817767939,227.63910486611,6.48191873073499e-05,6.48149860526286e-05,"Epiblast",FALSE,2070,FALSE
"B-S",NA,"D1Pas1",0.126668524743205,722.305967574773,0.000175366853424332,0.000175336105283256,"Exiting naïve pluripotency",FALSE,1616,FALSE
"B-S",NA,"Park7",23.5059343359083,199703.968800521,0.000117703891800908,0.000117690039225265,"Exiting naïve pluripotency",FALSE,1806,FALSE
"B-S",NA,"Gbp3",0.0054926321740281,207.346968577648,2.64900529373845e-05,2.6489351233068e-05,"Epiblast",FALSE,2387,FALSE
"B-S",NA,"Lxn",1.02684309487465,1704.83312526553,0.00060231296521454,0.000601950402682588,"Exiting naïve pluripotency",FALSE,930,FALSE
"B-S",NA,"Tek",0.165131670904068,417.536152064478,0.000395490714007844,0.000395334362938374,"Exiting naïve pluripotency",FALSE,1174,FALSE
"B-S",NA,"2200002D01Rik",0.0301012045498693,409.961743930228,7.3424423121276e-05,7.34190323711781e-05,"Epiblast",FALSE,2015,FALSE
"B-S",NA,"Fbp1",4.40676011785306,1562.53224501561,0.00282026827408547,0.00281233673002972,"Exiting naïve pluripotency",FALSE,287,TRUE
"B-S",NA,"Klk1",1.33416997568717,267.207594304696,0.00499300919630984,0.00496820291347373,"Exiting naïve pluripotency",FALSE,156,TRUE
"B-S",NA,"Prkch",0.0729495268118113,258.579297089266,0.000282116656797268,0.000282037089436504,"Epiblast",FALSE,1369,FALSE
"B-S",NA,"Platr26",1.38941706782414,98.5059057934211,0.0141049113414369,0.0139087299387784,"Exiting naïve pluripotency",FALSE,45,TRUE
"B-S",NA,"Ercc5",3.08281191004816,10439.8516787,0.000295292692360553,0.000295205520327656,"Epiblast",FALSE,1346,FALSE
"B-S",NA,"Trim24",23.8034826794501,45636.5729911212,0.000521587865155458,0.00052131595308042,"Epiblast",FALSE,1010,FALSE
"B-S",NA,"Uchl4",0.0118771559729524,598.939700327846,1.98303033952351e-05,1.98299101621003e-05,"Epiblast",FALSE,2477,FALSE
"B-S",NA,"Sncg",1.32603152689815,1406.29525568985,0.0009429254074015,0.000942037136650637,"Exiting naïve pluripotency",FALSE,690,FALSE
"B-S",NA,"Jdp2",0.211547441263212,853.439297582674,0.000247876377221449,0.000247814949749484,"Exiting naïve pluripotency",FALSE,1444,FALSE
"B-S",NA,"Cnn1",2.64221038645551,3810.2119111007,0.000693454969986754,0.000692974423428753,"Epiblast",FALSE,847,FALSE
"B-S",NA,"Arc",4.16095325803,1913.479656729,0.00217454794640615,0.00216982954801846,"Exiting naïve pluripotency",FALSE,356,TRUE
"B-S",NA,"Pnn",119.547995655973,128323.458211712,0.000931614510097908,0.00093074741230337,"Epiblast",FALSE,694,FALSE
"B-S",NA,"She",0.0594060140203679,225.941309757156,0.000262926748916425,0.000262857636612603,"Epiblast",FALSE,1408,FALSE
"B-S",NA,"Snrpb",208.420281488398,185782.836437956,0.00112184895808715,0.00112059182331772,"Epiblast",FALSE,613,FALSE
"B-S",NA,"Pdcl2",0.723145603077505,520.652111295271,0.00138892282848613,0.00138699639752658,"Exiting naïve pluripotency",FALSE,527,FALSE
"B-S",NA,"Trim59",47.6982906160407,33402.4758982575,0.00142798667863207,0.0014259504403988,"Epiblast",FALSE,504,FALSE
"B-S",NA,"1700003F12Rik",0.000302122884062661,788.341298200958,3.83238687040909e-07,3.83238540169074e-07,"Epiblast",FALSE,2806,FALSE
"B-S",NA,"Fhl2",0.00265748976671769,458.141442268343,5.8005880314166e-06,5.80055438479026e-06,"Epiblast",FALSE,2658,FALSE
"B-S",NA,"Mif4gd",15.6613592291223,8831.29825014167,0.00177339262988554,0.00177025327577325,"Exiting naïve pluripotency",FALSE,423,TRUE
"B-S",NA,"Ypel2",0.135439853244563,585.171443602519,0.000231453285571743,0.000231399727344568,"Epiblast",FALSE,1477,FALSE
"B-S",NA,"Itm2b",11.907613427356,35908.0231117124,0.000331614285484627,0.000331504353905171,"Exiting naïve pluripotency",FALSE,1284,FALSE
"B-S",NA,"Pml",0.809546333151776,14578.8101982297,5.55289713045364e-05,5.55258880090944e-05,"Exiting naïve pluripotency",FALSE,2146,FALSE
"B-S",NA,"Tns3",9.38690241265967,4396.62035597559,0.00213502682802749,0.00213047819991415,"Exiting naïve pluripotency",FALSE,364,TRUE
"B-S",NA,"Ripply2",0.00432227348322431,56.7345577469328,7.61841398765108e-05,7.61783362954829e-05,"Epiblast",FALSE,2001,FALSE
"B-S",NA,"Igfbp5",0.0248706592507346,271.899986707775,9.14698803478222e-05,9.1461514374046e-05,"Epiblast",FALSE,1924,FALSE
"B-S",NA,"Zscan4b",1.76097008694374e-05,10.5030249433808,1.67663134805134e-06,1.67662853696338e-06,"Epiblast",FALSE,2758,FALSE
"B-S",NA,"Etv2",3.40115933791771,4184.54101131972,0.000812791493431928,0.000812131399938509,"Epiblast",FALSE,769,FALSE
"B-S",NA,"Crabp1",4.58976387420521,7143.71762429507,0.000642489543343074,0.000642077015574546,"Epiblast",FALSE,893,FALSE
"B-S",NA,"Crxos",0.115605200620376,1145.13674605241,0.000100953183992129,0.000100942993475536,"Exiting naïve pluripotency",FALSE,1874,FALSE
"B-S",NA,"Mesp2",0.0350855520776466,476.399516130226,7.36473293731385e-05,7.36419058434432e-05,"Exiting naïve pluripotency",FALSE,2014,FALSE
"B-S",NA,"2210409E12Rik",0.0674649708342545,16.4734580889005,0.00409537393242958,0.00407867025259811,"Exiting naïve pluripotency",FALSE,206,TRUE
"B-S",NA,"Olfr815",0.0130133846553444,79.0120786628689,0.000164701206139257,0.000164674084118983,"Exiting naïve pluripotency",FALSE,1642,FALSE
"B-S",NA,"Prrx2",0.572730613520655,2299.42147151956,0.000249075961329599,0.000249013937943621,"Epiblast",FALSE,1439,FALSE
"B-S",NA,"A530040E14Rik",0.000770226040057687,9.81252133862871,7.84942028126407e-05,7.8488041956357e-05,"Exiting naïve pluripotency",FALSE,1992,FALSE
"B-S",NA,"Cdx4",0.00523053846384246,242.385341205461,2.15794339617623e-05,2.15789682998409e-05,"Epiblast",FALSE,2453,FALSE
"B-S",NA,"Pomc",0.000161584248997375,1533.0379441408,1.05401337008613e-07,1.05401325899172e-07,"Exiting naïve pluripotency",FALSE,2831,FALSE
"B-S",NA,"Tpo",0.00966631758629448,270.013825951305,3.57993430604466e-05,3.57980615133616e-05,"Epiblast",FALSE,2290,FALSE
"B-S",NA,"Apol7b",0.0180906168220618,502.555606871436,3.59972440357028e-05,3.59959482807682e-05,"Epiblast",FALSE,2287,FALSE
"B-S",NA,"Trpm1",0.00236013284670532,13.1769329227478,0.000179110940348716,0.000179078865364744,"Exiting naïve pluripotency",FALSE,1603,FALSE
"B-S",NA,"Tmem140",0.0532294418748603,45.8332432337156,0.0011613719239424,0.0011600247038203,"Exiting naïve pluripotency",FALSE,604,FALSE
"B-S",NA,"Uncx",0.0118466441550152,98.254447976453,0.000120571072343252,0.000120556536712343,"Epiblast",FALSE,1798,FALSE
"B-S",NA,"Tal1",0.0249924692740287,140.777588500995,0.000177531591073192,0.000177500079201716,"Epiblast",FALSE,1609,FALSE
"B-S",NA,"Ncbp3",11.9672026572189,18419.5281809202,0.000649701910910785,0.000649280072407026,"Exiting naïve pluripotency",FALSE,885,FALSE
"B-S",NA,"Pcdh19",0.000981418987633217,81.497912772391,1.20422591726262e-05,1.20421141583665e-05,"Epiblast",FALSE,2576,FALSE
"B-S",NA,"Gpc3",0.649719436888433,6456.58667016235,0.000100628934463308,0.000100618809299741,"Exiting naïve pluripotency",FALSE,1878,FALSE
"B-S",NA,"Dlk1",0.000155527016362023,356.523187116004,4.36232542461308e-07,4.3623235216256e-07,"Exiting naïve pluripotency",FALSE,2804,FALSE
"B-S",NA,"Cpb2",0.00229734256299185,69.3823697561883,3.31113303143836e-05,3.31102339904891e-05,"Epiblast",FALSE,2316,FALSE
"B-S",NA,"Dmrt2",0.00377464968023562,55.4575249524512,6.80637962742111e-05,6.80591639091442e-05,"Epiblast",FALSE,2050,FALSE
"B-S",NA,"Vps35l",23.6065360064936,4500.05328213688,0.00524583477715711,0.00521845960030265,"Exiting naïve pluripotency",FALSE,146,TRUE
"B-S",NA,"Khdc3",0.000732596706815732,50.059844592615,1.4634418320264e-05,1.46342041571985e-05,"Exiting naïve pluripotency",FALSE,2547,FALSE
"B-S",NA,"Hoxc8",0.000236757572176755,9.70586744100773,2.43932418834038e-05,2.43926468676686e-05,"Epiblast",FALSE,2412,FALSE
"B-S",NA,"Krt23",0.0011459066493355,30.5198406199635,3.75462855001261e-05,3.75448758294991e-05,"Epiblast",FALSE,2273,FALSE
"B-S",NA,"Fgf18",0.0698015088174665,492.052226674161,0.000141857926930365,0.000141837806113229,"Epiblast",FALSE,1720,FALSE
"B-S",NA,"Epha5",0.117082082303792,305.150262230465,0.000383686651448347,0.000383539492464785,"Epiblast",FALSE,1194,FALSE
"B-S",NA,"Pcp4",0.257994195760411,443.747223555198,0.000581399008411641,0.000581061180017752,"Epiblast",FALSE,951,FALSE
"B-S",NA,"Myl3",0.0448910034250126,69.9242748402935,0.000641994550927318,0.000641582658356684,"Exiting naïve pluripotency",FALSE,894,FALSE
"B-S",NA,"Bhmt",0.000540543766836498,15.2413710832655,3.54655604068322e-05,3.54643026454645e-05,"Epiblast",FALSE,2291,FALSE
"B-S",NA,"1700003I16Rik",0.00409900234646541,172.18008200251,2.3806483878929e-05,2.38059171437463e-05,"Epiblast",FALSE,2422,FALSE
"B-S",NA,"Igf2",0.0152897017116502,269.26360163103,5.67833959697289e-05,5.67801717987505e-05,"Epiblast",FALSE,2137,FALSE
"B-S",NA,"Cck",0.00466980524011712,69.3724191518265,6.73150121793636e-05,6.73104811735036e-05,"Exiting naïve pluripotency",FALSE,2056,FALSE
"B-S",NA,"AA684185",0.000220904397827655,12.0077018195509,1.83968923568688e-05,1.83965539174466e-05,"Epiblast",FALSE,2494,FALSE
"B-S",NA,"Dpy30",412.923437373367,148562.507536983,0.00277945926074636,0.00277175527986522,"Exiting naïve pluripotency",FALSE,292,TRUE
"B-S",NA,"Spz1",0.000447309680046482,24.9501905475243,1.79281067691432e-05,1.79277853578931e-05,"Epiblast",FALSE,2504,FALSE
"B-S",NA,"Lhx9",0.00227222156795706,35.9893324307741,6.31359743148251e-05,6.31319884152261e-05,"Epiblast",FALSE,2082,FALSE
"B-S",NA,"Dnah7c",0.00180844431268438,17.2970328304131,0.00010455228537837,0.000104541355340752,"Exiting naïve pluripotency",FALSE,1854,FALSE
"B-S",NA,"Nr2f2",0.00028892054328405,14.6848124666728,1.96747860375988e-05,1.9674398948009e-05,"Epiblast",FALSE,2480,FALSE
"B-S",NA,"Crygs",0.0342612346040825,573.204945851685,5.97713520304264e-05,5.97677796294301e-05,"Epiblast",FALSE,2110,FALSE
"B-S",NA,"Chp2",1.58523622328221e-05,338.992283348785,4.67631949501099e-08,4.67631927633136e-08,"Epiblast",FALSE,2841,FALSE
"B-S",NA,"4933408N05Rik",0.0155645487971323,16.6587041971897,0.00093431929716106,0.00093344715946709,"Exiting naïve pluripotency",FALSE,693,FALSE
"B-S",NA,"Notch1",5.52831035676531,3439.54745406205,0.00160727840816281,0.00160469920977135,"Exiting naïve pluripotency",FALSE,459,TRUE
"B-S",NA,"Fbn2",0.0420356848335056,737.337684933333,5.70100860059883e-05,5.70068360413627e-05,"Epiblast",FALSE,2135,FALSE
"B-S",NA,"Gstm5",1.37644844028769,8497.6213253145,0.000161980439889365,0.000161954206475758,"Epiblast",FALSE,1650,FALSE
"B-S",NA,"Drr1",0.0017632412346339,88.3465409880169,1.99582373561526e-05,1.9957839032864e-05,"Epiblast",FALSE,2475,FALSE
"B-S",NA,"Defb25",0.000453462752150957,30.5481576946334,1.4844193115797e-05,1.48439727689986e-05,"Epiblast",FALSE,2541,FALSE
"B-S",NA,"Crct1",0.115368465115594,1224.22115484088,9.42382547952207e-05,9.42293747833907e-05,"Epiblast",FALSE,1907,FALSE
"B-S",NA,"Cdh5",0.000592535740238031,27.7968505506798,2.13166502139409e-05,2.13161958240506e-05,"Epiblast",FALSE,2460,FALSE
"B-S",NA,"Pilra",0.00031959309389246,16.6710532245188,1.91705400725625e-05,1.9170172570001e-05,"Epiblast",FALSE,2489,FALSE
"B-S",NA,"Clec10a",0.0024809675902945,42.3423481887592,5.85930562762964e-05,5.85896233311994e-05,"Epiblast",FALSE,2118,FALSE
"B-S",NA,"Stra8",0.000706217440481212,153.312611734536,4.60638842748333e-06,4.60636720876673e-06,"Epiblast",FALSE,2684,FALSE
"B-S",NA,"Lfng",0.00686876271744112,200.546223693939,3.42502720366542e-05,3.42490989956966e-05,"Epiblast",FALSE,2303,FALSE
"B-S",NA,"Twf2",78.5763288435469,15812.2536233573,0.00496933142581754,0.00494475927814356,"Exiting naïve pluripotency",FALSE,157,TRUE
"B-S",NA,"A430089I19Rik",0.00173216966199839,15.9969291256275,0.000108281386283284,0.000108269662694115,"Epiblast",FALSE,1838,FALSE
"B-S",NA,"Pth1r",0.548299297615032,1103.4056991617,0.000496915412011735,0.0004966686097249,"Epiblast",FALSE,1043,FALSE
"B-S",NA,"Ihh",0.000326652784666862,16.6543554292941,1.96136551818929e-05,1.96132704939685e-05,"Epiblast",FALSE,2483,FALSE
"B-S",NA,"Ccser1",0.000692274597450152,30.0802361033843,2.30142674103634e-05,2.30137377660483e-05,"Epiblast",FALSE,2432,FALSE
"B-S",NA,"Dlx5",0.00391208911474595,58.0899875609455,6.73453253995202e-05,6.7340790312084e-05,"Epiblast",FALSE,2054,FALSE
"B-S",NA,"Ptprz1",0.0758858551362073,317.332499874307,0.000239136726198121,0.000239079553496397,"Epiblast",FALSE,1458,FALSE
"B-S",NA,"Slc45a4",38.2548250873714,8850.82389223868,0.00432217673214774,0.0043035759164566,"Exiting naïve pluripotency",FALSE,190,TRUE
"B-S",NA,"Cmtm7",0.402487540712253,3957.93799777934,0.000101691219250548,0.000101680879197968,"Exiting naïve pluripotency",FALSE,1869,FALSE
"B-S",NA,"Ncam1",1.3281853606917,2522.27048086951,0.000526583239492156,0.000526306095523411,"Epiblast",FALSE,1002,FALSE
"B-S",NA,"Tet2",0.755311138301502,628.166723508947,0.00120240552393849,0.00120096148121944,"Exiting naïve pluripotency",FALSE,590,FALSE
"B-S",NA,"Lyl1",0.00346255448827667,55.4360346446908,6.2460356525668e-05,6.24564554731918e-05,"Epiblast",FALSE,2085,FALSE
"B-S",NA,"7420426K07Rik",0.0141387387353576,305.887139976749,4.62220763397649e-05,4.62199399581717e-05,"Epiblast",FALSE,2207,FALSE
"B-S",NA,"Cpn1",0.0298489693723304,489.099987755737,6.10283584534405e-05,6.10246342201888e-05,"Exiting naïve pluripotency",FALSE,2102,FALSE
"B-S",NA,"Tmem185a",1.1163621154826,2050.03676333337,0.000544557119876909,0.000544260738816517,"Epiblast",FALSE,983,FALSE
"B-S",NA,"Myl7",1.28793606489218,2400.16009240725,0.000536604232762008,0.000536316443088547,"Epiblast",FALSE,988,FALSE
"B-S",NA,"Tnnt3",0.00630378760132212,138.790316082704,4.54195060523226e-05,4.54174432144856e-05,"Exiting naïve pluripotency",FALSE,2213,FALSE
"B-S",NA,"Nfatc2ip",0.0714448735985796,9719.74351074756,7.35048960083975e-06,7.35043557153952e-06,"Exiting naïve pluripotency",FALSE,2637,FALSE
"B-S",NA,"Gzmm",0.150336595376291,296.436479777842,0.000507146068827147,0.000506889002062419,"Exiting naïve pluripotency",FALSE,1029,FALSE
"B-S",NA,"Lars2",2.57530282827491,4758.16951573168,0.000541238142054487,0.000540945361791918,"Exiting naïve pluripotency",FALSE,985,FALSE
"B-S",NA,"Ahnak",0.000165548029135575,113.043275549495,1.46446596076466e-06,1.46446381610725e-06,"Exiting naïve pluripotency",FALSE,2762,FALSE
"B-S",NA,"Ebf3",0.00795473318099991,68.0285068479648,0.000116932350121659,0.000116918678545804,"Exiting naïve pluripotency",FALSE,1809,FALSE
"B-S",NA,"Add3",1.62159833576873,6353.57134799824,0.000255226273059739,0.000255161149230592,"Epiblast",FALSE,1425,FALSE
"B-S",NA,"Acot13",8.92519357794998,11874.2463279006,0.000751642953286113,0.000751078410491502,"Exiting naïve pluripotency",FALSE,803,FALSE
"B-S",NA,"Fzd2",7.6292965581884,6403.27970872884,0.00119146701459695,0.00119004911033624,"Epiblast",FALSE,594,FALSE
"B-S",NA,"Phf11a",0.00219207740133042,503.43777757275,4.35421714258155e-06,4.35419818345717e-06,"Exiting naïve pluripotency",FALSE,2690,FALSE
"B-S",NA,"1110017D15Rik",0.00179119049699993,36.0272596922676,4.97176447029182e-05,4.97151729816116e-05,"Epiblast",FALSE,2185,FALSE
"B-S",NA,"Tex19.2",0.402002665111387,584.283981123217,0.000688026162104572,0.000687553107578722,"Exiting naïve pluripotency",FALSE,853,FALSE
"B-S",NA,"Hoxd1",0.0678092123557323,236.900392698602,0.000286235120099624,0.000286153213000333,"Epiblast",FALSE,1362,FALSE
"B-S",NA,"Mme",0.0715269309828855,373.849869305554,0.000191325280160591,0.000191288681799954,"Epiblast",FALSE,1566,FALSE
"B-S",NA,"Cobl",3.42669529227321,2797.18628407436,0.00122505079900575,0.00122355188579043,"Exiting naïve pluripotency",FALSE,582,FALSE
"B-S",NA,"Meox2",0.00022838590253722,12.5032376252871,1.82661410893545e-05,1.82658074435386e-05,"Epiblast",FALSE,2498,FALSE
"B-S",NA,"Rnf213",0.02028224426747,1247.996179942,1.62518480372372e-05,1.6251583918965e-05,"Exiting naïve pluripotency",FALSE,2523,FALSE
"B-S",NA,"Coch",0.0155130996434236,632.516475558974,2.45260008914617e-05,2.45253993814946e-05,"Epiblast",FALSE,2411,FALSE
"B-S",NA,"Prss50",4.77267813401334,3201.68772564013,0.00149067571324718,0.00148845690668617,"Exiting naïve pluripotency",FALSE,489,TRUE
"B-S",NA,"Mllt3",0.106954582105326,2589.96431584331,4.12957744054869e-05,4.12940691349236e-05,"Epiblast",FALSE,2240,FALSE
"B-S",NA,"H4c4",2.96288194621429,51572.7658773609,5.74505147398913e-05,5.74472143678555e-05,"Epiblast",FALSE,2128,FALSE
"B-S",NA,"Adh7",0.00837297476394221,127.557197910736,6.56409430520855e-05,6.56366346014915e-05,"Exiting naïve pluripotency",FALSE,2068,FALSE
"B-S",NA,"Smchd1",76.2947822324815,67370.6207350754,0.00113246369708391,0.0011311826737711,"Epiblast",FALSE,612,FALSE
"B-S",NA,"Csnk2a3",2.72702470667832,38948.4082328454,7.00163326412555e-05,7.00114306976351e-05,"Exiting naïve pluripotency",FALSE,2040,FALSE
"B-S",NA,"Lhx1os",0.000742907364418547,24.9806954041264,2.97392587516131e-05,2.97383743544034e-05,"Epiblast",FALSE,2352,FALSE
"B-S",NA,"Prss43",0.00045259588002045,132.879115097765,3.40607235145609e-06,3.40606075016674e-06,"Exiting naïve pluripotency",FALSE,2711,FALSE
"B-S",NA,"Efnb2",0.0097152264191878,5640.28697373232,1.72247023324046e-06,1.72246726634186e-06,"Epiblast",FALSE,2756,FALSE
"B-S",NA,"Tcstv1",0.000588872372367625,11.824554370516,4.98008088859526e-05,4.97983288888928e-05,"Epiblast",FALSE,2184,FALSE
"B-S",NA,"Klhl6",0.00174950223737989,38.8702619414702,4.50087586241184e-05,4.50067329269396e-05,"Epiblast",FALSE,2219,FALSE
"B-S",NA,"Kcne3",0.00319099646380376,49.9882754422231,6.38348979950697e-05,6.38308233609715e-05,"Epiblast",FALSE,2076,FALSE
"B-S",NA,"Nrp1",0.0261261238077127,140.635136350172,0.000185772378693902,0.000185737873727286,"Epiblast",FALSE,1582,FALSE
"B-S",NA,"Klf17",0.00936482623663103,162.489035408721,5.7633588710001e-05,5.76302672708799e-05,"Exiting naïve pluripotency",FALSE,2124,FALSE
"B-S",NA,"Epb41l3",0.162200018204944,3191.16376175012,5.0827857895951e-05,5.08252745561184e-05,"Epiblast",FALSE,2179,FALSE
"B-S",NA,"Pax1",0.00038912539992093,11.796485335539,3.29865539482866e-05,3.29854658714371e-05,"Epiblast",FALSE,2317,FALSE
"B-S",NA,"Gss",0.0414806027564573,8835.09461538932,4.69498115891195e-06,4.69495911616736e-06,"Epiblast",FALSE,2683,FALSE
"B-S",NA,"Pdcd5-ps",1.43853035517564,12593.1416287188,0.000114231253613082,0.000114218206324188,"Exiting naïve pluripotency",FALSE,1820,FALSE
"B-S",NA,"Eif4a-ps4",0.000468406099083293,27.9678974941092,1.67479911273971e-05,1.6747710636888e-05,"Epiblast",FALSE,2516,FALSE
"B-S",NA,"Rnf7",37.2168179019014,137476.747677443,0.000270713546331645,0.000270640280341573,"Epiblast",FALSE,1395,FALSE
"B-S",NA,"Rgs12",0.0216053584182781,2608.05349208466,8.28409328407163e-06,8.28402465843859e-06,"Exiting naïve pluripotency",FALSE,2622,FALSE
"B-S",NA,"Ccer2",0.0077845964223489,83.0823057600434,9.36974046535517e-05,9.36886262724244e-05,"Epiblast",FALSE,1910,FALSE
"B-S",NA,"Oxt",0.00459203828185842,115.774894743635,3.96635064279415e-05,3.96619332965953e-05,"Epiblast",FALSE,2253,FALSE
"B-S",NA,"Hspa1b",0.0462046624067981,631.477475551705,7.31691377692139e-05,7.31637844381906e-05,"Epiblast",FALSE,2016,FALSE
"B-S",NA,"Rab18",12.5288603711884,25400.8637933441,0.000493245445238418,0.00049300227411222,"Epiblast",FALSE,1046,FALSE
"B-S",NA,"Naca",65.9040446772337,177952.21232776,0.000370346869056333,0.000370209763029701,"Exiting naïve pluripotency",FALSE,1214,FALSE
"B-S",NA,"Fam136a",60.3312387646613,112737.170084033,0.000535149487251551,0.000534863255454645,"Epiblast",FALSE,991,FALSE
"B-S",NA,"2610528A11Rik",0.0163047793637926,13.8707755096249,0.00117547712833207,0.00117409700415724,"Exiting naïve pluripotency",FALSE,598,FALSE
"B-S",NA,"Kat6b",3.42579486433026,5550.67098536949,0.000617185719232863,0.00061680503597311,"Exiting naïve pluripotency",FALSE,916,FALSE
"B-S",NA,"Commd7",60.2025832163482,28496.6374924452,0.00211262059365105,0.0021081668369764,"Epiblast",FALSE,371,TRUE
"B-S",NA,"1110012L19Rik",1.43107558312082,7304.08486508067,0.000195928115507323,0.000195889735200658,"Epiblast",FALSE,1555,FALSE
"B-S",NA,"Mras",0.0169191175882374,120.415378358064,0.000140506285982236,0.000140486546739324,"Epiblast",FALSE,1726,FALSE
"B-S",NA,"Krt17",0.105017653511699,721.81834843793,0.0001454904183843,0.000145469254001673,"Exiting naïve pluripotency",FALSE,1703,FALSE
"B-S",NA,"Pcolce2",0.0115698657313254,4700.18014043564,2.4615792130582e-06,2.4615731537009e-06,"Exiting naïve pluripotency",FALSE,2733,FALSE
"B-S",NA,"Lrig3",0.678329251005583,2648.93727112687,0.000256075996362503,0.000256010438234453,"Exiting naïve pluripotency",FALSE,1423,FALSE
"B-S",NA,"Cldn11",0.00430419367095856,61.3017459532794,7.02132313529693e-05,7.02083018012321e-05,"Epiblast",FALSE,2037,FALSE
"B-S",NA,"Cox5b",107.623358103254,174430.671492694,0.000616997900554214,0.000616617448882808,"Exiting naïve pluripotency",FALSE,918,FALSE
"B-S",NA,"Cox7a2l",4.3445775404821,169743.513095439,2.55949547717876e-05,2.55942996868447e-05,"Exiting naïve pluripotency",FALSE,2397,FALSE
"B-S",NA,"Zfp986",1.70769560929998,3887.85769377066,0.000439238198464964,0.000439045352975079,"Exiting naïve pluripotency",FALSE,1111,FALSE
"B-S",NA,"Slc20a1",40.7786846296322,9281.5112125605,0.00439353933812493,0.0043743205885416,"Exiting naïve pluripotency",FALSE,184,TRUE
"B-S",NA,"Egflam",0.000755616718079715,24.996526597998,3.02288686036976e-05,3.02279548468224e-05,"Epiblast",FALSE,2340,FALSE
"B-S",NA,"Plagl1",0.0415342779704937,513.615970714594,8.08664066904054e-05,8.08598678434475e-05,"Epiblast",FALSE,1978,FALSE
"B-S",NA,"Cxcl12",3.12403561078681,4755.36810895594,0.000656949270636527,0.000656517971633903,"Epiblast",FALSE,880,FALSE
"B-S",NA,"Smoc1",0.0555487263609977,1848.81160941705,3.00456390894866e-05,3.00447363761809e-05,"Exiting naïve pluripotency",FALSE,2344,FALSE
"B-S",NA,"Gsn",0.831073527654155,1032.77175009449,0.000804702033705046,0.00080405500900409,"Epiblast",FALSE,772,FALSE
"B-S",NA,"Rasgrp3",0.00795381203350533,411.094132280667,1.93479094176781e-05,1.93475350833219e-05,"Exiting naïve pluripotency",FALSE,2486,FALSE
"B-S",NA,"Nt5e",0.00123948927185665,156.69649496363,7.91012761417757e-06,7.91006504455363e-06,"Exiting naïve pluripotency",FALSE,2627,FALSE
"B-S",NA,"Fbln1",0.14053656640013,3291.47485776923,4.26971410911453e-05,4.26953181231235e-05,"Epiblast",FALSE,2230,FALSE
"B-S",NA,"Aox3",0.0011882820800543,30.5654425523277,3.8876652219904e-05,3.88751408845718e-05,"Epiblast",FALSE,2263,FALSE
"B-S",NA,"Cyp1a2",0.0025140513429248,44.3908971782334,5.66343890917695e-05,5.66311818193836e-05,"Epiblast",FALSE,2139,FALSE
"B-S",NA,"Icam2",0.000552403859529375,20.1275153867477,2.74452086566575e-05,2.74444554378515e-05,"Epiblast",FALSE,2380,FALSE
"B-S",NA,"Slc16a1",25.8194940842268,12205.5076679625,0.0021153969819706,0.00211093152379601,"Exiting naïve pluripotency",FALSE,370,TRUE
"B-S",NA,"Tenm4",0.15796493900624,813.433019194549,0.00019419538582618,0.000194157681300349,"Epiblast",FALSE,1559,FALSE
"B-S",NA,"Apip",3.41360861145342,7159.31743026559,0.000476806433672377,0.000476579197644786,"Exiting naïve pluripotency",FALSE,1069,FALSE
"B-S",NA,"Fam183b",0.00907466451311093,296.697789647137,3.05855480888598e-05,3.05846126417191e-05,"Exiting naïve pluripotency",FALSE,2335,FALSE
"B-S",NA,"Dand5",0.688844361689924,843.985233652151,0.00081618058494828,0.000815514977456945,"Epiblast",FALSE,767,FALSE
"B-S",NA,"Oxct1",15.1726891929406,22513.1147876681,0.000673948910936646,0.000673495009708332,"Epiblast",FALSE,863,FALSE
"B-S",NA,"Myf5",0.00283390506090837,187.683466283678,1.50993857744773e-05,1.5099157786469e-05,"Epiblast",FALSE,2539,FALSE
"B-S",NA,"Rnd3",1.32665212229929,3585.14421576961,0.0003700414941368,0.000369904614080717,"Epiblast",FALSE,1216,FALSE
"B-S",NA,"Irf1",2.32970137939756,16740.411608885,0.000139166314056524,0.000139146949488451,"Exiting naïve pluripotency",FALSE,1731,FALSE
"B-S",NA,"C1ra",0.0098218314481691,337.589907499869,2.90939723906673e-05,2.9093125956064e-05,"Exiting naïve pluripotency",FALSE,2360,FALSE
"B-S",NA,"1500009L16Rik",11.7380983048755,24151.3354236002,0.000486022743628714,0.00048578664027299,"Epiblast",FALSE,1057,FALSE
"B-S",NA,"Lap3",0.0640854163995503,50398.6517319362,1.27157005588983e-06,1.27156843900148e-06,"Epiblast",FALSE,2768,FALSE
"B-S",NA,"2610016A17Rik",0.00138484379113669,95.3446000138976,1.45246169257077e-05,1.4524405964275e-05,"Exiting naïve pluripotency",FALSE,2550,FALSE
"B-S",NA,"Atp5j",19.1516765673899,191386.132893631,0.000100068256136582,0.000100058243482645,"Exiting naïve pluripotency",FALSE,1882,FALSE
"B-S",NA,"Pde6a",0.0477038755942057,311.486446111274,0.000153149121542079,0.000153125670480159,"Exiting naïve pluripotency",FALSE,1677,FALSE
"B-S",NA,"Trim54",0.308585499738086,2274.48492027739,0.00013567269538127,0.000135654290797997,"Exiting naïve pluripotency",FALSE,1748,FALSE
"B-S",NA,"Ndufa13",121.175629124032,155682.10783389,0.000778352957896257,0.000777747595754605,"Exiting naïve pluripotency",FALSE,792,FALSE
"B-S",NA,"Nid1",0.00671022708845493,690.94748161661,9.7116311543028e-06,9.71153683943908e-06,"Exiting naïve pluripotency",FALSE,2601,FALSE
"B-S",NA,"Rtn1",1.64681486879658,4657.69890453565,0.000353568339763852,0.000353443373377126,"Epiblast",FALSE,1248,FALSE
"B-S",NA,"St3gal6",0.196955107244243,543.039361645564,0.000362690296790666,0.000362558800231806,"Epiblast",FALSE,1232,FALSE
"B-S",NA,"Txn2",41.7064047255347,92446.8643041805,0.000451139203470515,0.000450935768667022,"Epiblast",FALSE,1102,FALSE
"B-S",NA,"Pifo",0.794629497575374,834.799454575888,0.000951880710055181,0.000950975494825921,"Epiblast",FALSE,688,FALSE
"B-S",NA,"B4galt6",1.36393028322401,6058.25181171116,0.000225135951032509,0.000225085276244778,"Exiting naïve pluripotency",FALSE,1491,FALSE
"B-S",NA,"Palld",25.5908358629053,9940.83562135935,0.00257431435722764,0.00256770427923649,"Exiting naïve pluripotency",FALSE,318,TRUE
"B-S",NA,"Kcnc1",0.0124714079441002,102.615989624106,0.000121534743169991,0.000121519974271128,"Epiblast",FALSE,1794,FALSE
"B-S",NA,"Kcnk3",0.00932850382378279,89.0463945825013,0.000104760039612159,0.000104749066095846,"Epiblast",FALSE,1850,FALSE
"B-S",NA,"Hmces",0.184420233827672,4489.21023456505,4.10807746110246e-05,4.10790870503083e-05,"Exiting naïve pluripotency",FALSE,2242,FALSE
"B-S",NA,"BC061195",0.0042110360278746,36.6737608578621,0.000114824221169884,0.000114811038081855,"Epiblast",FALSE,1818,FALSE
"B-S",NA,"Tlx2",0.00116573801938363,41.6430871725062,2.79935542375754e-05,2.79927706204328e-05,"Epiblast",FALSE,2376,FALSE
"B-S",NA,"Cdh1",36.2738536512639,41024.2636405079,0.00088420486883393,0.000883423741260664,"Epiblast",FALSE,714,FALSE
"B-S",NA,"Trim28",0.493144686659332,135775.536748762,3.63205845815835e-06,3.63204526635762e-06,"Epiblast",FALSE,2708,FALSE
"B-S",NA,"Slc9a3r1",18.2837332475199,42230.2711047677,0.000432953252944089,0.000432765885546179,"Epiblast",FALSE,1118,FALSE
"B-S",NA,"Fstl1",0.00858274123015072,2550.82050136276,3.36469823163387e-06,3.36468691047777e-06,"Exiting naïve pluripotency",FALSE,2712,FALSE
"B-S",NA,"Oas1e",0.00806334249225785,396.854596439225,2.03181280111309e-05,2.03177151931927e-05,"Exiting naïve pluripotency",FALSE,2471,FALSE
"B-S",NA,"Hpgd",0.170121989912528,534.581471399056,0.000318233981187753,0.000318132740539185,"Exiting naïve pluripotency",FALSE,1304,FALSE
"B-S",NA,"Trf",0.0958939806626038,596.669885597653,0.0001607153016723,0.000160689476414623,"Exiting naïve pluripotency",FALSE,1654,FALSE
"B-S",NA,"Qrfpr",0.000910090765544494,26.341766631141,3.45493443279007e-05,3.45481507119459e-05,"Epiblast",FALSE,2301,FALSE
"B-S",NA,"Hax1",0.907230157760127,24875.2354117561,3.64712189751324e-05,3.64698888738293e-05,"Epiblast",FALSE,2281,FALSE
"B-S",NA,"Esam",0.00241378977412087,86.0603081488483,2.80476543256854e-05,2.80468676768359e-05,"Exiting naïve pluripotency",FALSE,2374,FALSE
"B-S",NA,"Nts",0.000605531170623346,27.751750215742,2.18195669071662e-05,2.18190908240541e-05,"Epiblast",FALSE,2450,FALSE
"B-S",NA,"Nacad",0.0138798942673765,350.291812378566,3.96238044307363e-05,3.96222344470674e-05,"Epiblast",FALSE,2255,FALSE
"B-S",NA,"Tfpi",0.000948995866500618,1718.96151618234,5.52075109050873e-07,5.52074804264115e-07,"Epiblast",FALSE,2798,FALSE
"B-S",NA,"Ube2k",41.7771815814037,118502.741300926,0.000352541900067229,0.000352417658076433,"Exiting naïve pluripotency",FALSE,1249,FALSE
"B-S",NA,"Srsf2",30.2305333533349,192002.149137927,0.000157448932155537,0.000157424145891871,"Epiblast",FALSE,1663,FALSE
"B-S",NA,"Rhobtb3",5.88857148068882,8238.82233053162,0.000714734611871264,0.000714224131164087,"Epiblast",FALSE,834,FALSE
"B-S",NA,"Vegfc",1.14035297242873,319.496682073267,0.00356921694782177,0.00355652294584813,"Exiting naïve pluripotency",FALSE,235,TRUE
"B-S",NA,"Tbc1d12",0.0130755318403018,1577.02586901127,8.2912602115396e-06,8.29119146711368e-06,"Epiblast",FALSE,2621,FALSE
"B-S",NA,"Prss23",0.248936389445252,576.161663449722,0.000432059967257741,0.000431873372062748,"Epiblast",FALSE,1119,FALSE
"B-S",NA,"Tubb4b-ps1",0.0244135381185776,66.6504716413574,0.000366292053414798,0.000366157932673764,"Exiting naïve pluripotency",FALSE,1226,FALSE
"B-S",NA,"Serbp1",101.208428140967,182704.589081919,0.000553945736390826,0.000553639050399358,"Exiting naïve pluripotency",FALSE,973,FALSE
"B-S",NA,"Dqx1",5.36981785074043e-05,858.385981293977,6.2557147574168e-08,6.25571436607715e-08,"Exiting naïve pluripotency",FALSE,2838,FALSE
"B-S",NA,"Ptgr1",5.63454147310158,6122.4581629719,0.000920307060190105,0.000919460873856326,"Exiting naïve pluripotency",FALSE,696,FALSE
"B-S",NA,"Tbx18",0.00155026633770236,36.0281295353507,4.30293317387251e-05,4.30274802950016e-05,"Epiblast",FALSE,2227,FALSE
"B-S",NA,"Msc",0.00825585623628477,81.9270357028834,0.00010077084036368,0.000100760686624613,"Epiblast",FALSE,1876,FALSE
"B-S",NA,"Sh3gl3",4.47039575780212,9393.14094835806,0.000475921290054052,0.000475694896725131,"Epiblast",FALSE,1070,FALSE
"B-S",NA,"Taf7",58.0920944402518,157817.832952669,0.000368095882153408,0.000367960437431594,"Epiblast",FALSE,1222,FALSE
"B-S",NA,"Krt12",0.1050870406901,408.781686612582,0.000257073748975685,0.000257007679048117,"Exiting naïve pluripotency",FALSE,1422,FALSE
"B-S",NA,"Usp9y",0.000798211075569107,47.202635957883,1.69103072184638e-05,1.69100212648091e-05,"Epiblast",FALSE,2514,FALSE
"B-S",NA,"Reep5",2.73198189649263,41528.4217021335,6.57858349659427e-05,6.57815074745482e-05,"Exiting naïve pluripotency",FALSE,2066,FALSE
"B-S",NA,"Zfhx2",1.34593173391192,4172.92065291714,0.000322539498317809,0.000322435500133356,"Epiblast",FALSE,1293,FALSE
"B-S",NA,"Slc25a20",1.2556710525956,1154.05049879168,0.001088055552084,0.00108687297391033,"Exiting naïve pluripotency",FALSE,628,FALSE
"B-S",NA,"Prdx4",22.6491615232001,58592.3855914602,0.000386554691272055,0.000386405324481144,"Epiblast",FALSE,1187,FALSE
"B-S",NA,"Ddx39b",0.420524011069531,143191.29282958,2.9367987589163e-06,2.93679013415468e-06,"Exiting naïve pluripotency",FALSE,2724,FALSE
"B-S",NA,"Dbn1",25.689255394136,7132.92824175489,0.00360150200919668,0.00358857773925858,"Epiblast",FALSE,230,TRUE
"B-S",NA,"Chrm3",0.000179569732935292,11.8078134438641,1.52077041011013e-05,1.52074728303544e-05,"Epiblast",FALSE,2538,FALSE
"B-S",NA,"Rgs8",0.0035470564530428,55.6115439997728,6.37827364235255e-05,6.37786684455266e-05,"Epiblast",FALSE,2077,FALSE
"B-S",NA,"Nkx3-1",0.07024058541138,246.358071400585,0.000285115827592135,0.000285034559727746,"Epiblast",FALSE,1364,FALSE
"B-S",NA,"Lmcd1",0.000935166957581501,154.151058932412,6.06656200779994e-06,6.06652520484861e-06,"Epiblast",FALSE,2656,FALSE
"B-S",NA,"E030024N20Rik",0.0420002785656817,576.512912913344,7.28522772429119e-05,7.28469701752444e-05,"Epiblast",FALSE,2017,FALSE
"B-S",NA,"Ecscr",0.00117087284135865,1011.74399817734,1.15728172686765e-06,1.15728038756821e-06,"Exiting naïve pluripotency",FALSE,2773,FALSE
"B-S",NA,"Tff3",0.0558420055403324,236.28237529037,0.00023633589035876,0.000236280048903029,"Epiblast",FALSE,1466,FALSE
"B-S",NA,"Crygb",0.0471050696330551,371.002636859629,0.000126966940266998,0.000126950821709601,"Epiblast",FALSE,1777,FALSE
"B-S",NA,"Tgm1",0.0109455178728212,100.035971103578,0.000109415820650035,0.00010940385013799,"Epiblast",FALSE,1835,FALSE
"B-S",NA,"AU015836",0.00662136266380542,77.493554468621,8.54440438202711e-05,8.54367437593935e-05,"Epiblast",FALSE,1955,FALSE
"B-S",NA,"Ndufa6",278.715658857585,133692.332907983,0.00208475424727175,0.00208041708890954,"Exiting naïve pluripotency",FALSE,374,TRUE
"B-S",NA,"Phpt1",0.00364780267842232,12597.1917236183,2.89572688775e-07,2.89572604922682e-07,"Epiblast",FALSE,2816,FALSE
"B-S",NA,"Foxd2",0.000212315739047139,13.8939693125076,1.5281143514259e-05,1.52809100044802e-05,"Epiblast",FALSE,2535,FALSE
"B-S",NA,"Rpp25",4.67336312237083,4093.05998809837,0.0011417773343073,0.00114047516561287,"Exiting naïve pluripotency",FALSE,611,FALSE
"B-S",NA,"Pcsk5",0.00583272114433825,70.2861504205722,8.2985355001475e-05,8.29784690037673e-05,"Epiblast",FALSE,1965,FALSE
"B-S",NA,"Pappa",0.00166455539412957,38.9077266449117,4.27821293523779e-05,4.27802991200873e-05,"Epiblast",FALSE,2229,FALSE
"B-S",NA,"Col23a1",0.0166120959529227,118.467039559099,0.000140225467056054,0.000140205806631335,"Epiblast",FALSE,1729,FALSE
"B-S",NA,"Dlx6",0.000305576946741,16.634383988865,1.83701991576936e-05,1.83698616996757e-05,"Epiblast",FALSE,2495,FALSE
"B-S",NA,"Tspan3",6.51867138665032,15097.252415628,0.000431778657943248,0.000431592305596759,"Epiblast",FALSE,1121,FALSE
"B-S",NA,"Doc2a",0.0702738780415545,2432.68940207188,2.88873203384301e-05,2.88864858852589e-05,"Epiblast",FALSE,2363,FALSE
"B-S",NA,"Car3",0.554720082823548,1204.70814333885,0.00046046014206075,0.00046024821610178,"Exiting naïve pluripotency",FALSE,1089,FALSE
"B-S",NA,"Capn6",0.00236225185123135,44.2653631220971,5.33656946338733e-05,5.33628468884815e-05,"Epiblast",FALSE,2167,FALSE
"B-S",NA,"Cyb5b",3.11918220953737,25448.6047585834,0.000122567906536617,0.000122552885486003,"Exiting naïve pluripotency",FALSE,1789,FALSE
"B-S",NA,"Sars",77.4193691295977,57645.1560610412,0.00134303338597292,0.00134123206652924,"Exiting naïve pluripotency",FALSE,544,FALSE
"B-S",NA,"Selenow",442.730247910078,133494.47742646,0.00331646863934107,0.00330550603224796,"Epiblast",FALSE,261,TRUE
"B-S",NA,"Shmt2",52.7640200782477,9970.2795704458,0.00529213044683846,0.00526427123674606,"Exiting naïve pluripotency",FALSE,143,TRUE
"B-S",NA,"Smap1",3.57067830816297,38109.4618292375,9.36953222840726e-05,9.36865442931114e-05,"Epiblast",FALSE,1911,FALSE
"B-S",NA,"Sec61b",2.94001577437351,199548.551849246,1.47333355573265e-05,1.4733118489348e-05,"Exiting naïve pluripotency",FALSE,2544,FALSE
"B-S",NA,"Fah",0.00380757698197414,1241.10822868518,3.0678847291246e-06,3.06787531723676e-06,"Exiting naïve pluripotency",FALSE,2717,FALSE
"B-S",NA,"Col3a1",0.000172648989678793,11.8078011603837,1.46216037460088e-05,1.46213899578386e-05,"Epiblast",FALSE,2548,FALSE
"B-S",NA,"Rbmx",0.417290315148351,2163.18573793061,0.00019290544858508,0.000192868243250098,"Epiblast",FALSE,1562,FALSE
"B-S",NA,"Crot",0.22140202141762,5244.62988382155,4.22149944461463e-05,4.22132124156187e-05,"Epiblast",FALSE,2236,FALSE
"B-S",NA,"4931440P22Rik",0.576361669369141,758.267654355357,0.000760103198466427,0.000759525880415405,"Exiting naïve pluripotency",FALSE,797,FALSE
"B-S",NA,"Ppig",250.342283475098,117489.517989307,0.00213076270768157,0.0021262322113777,"Epiblast",FALSE,366,TRUE
"B-S",NA,"Tpd52",112.82341778573,54283.6239575733,0.00207840614830561,0.0020740953358075,"Exiting naïve pluripotency",FALSE,376,TRUE
"B-S",NA,"Pla1a",9.77961674467247,1053.92867826144,0.00927920166363151,0.00919388970696737,"Exiting naïve pluripotency",FALSE,82,TRUE
"B-S",NA,"Emx2",0.0108799306106042,38.0810454538936,0.000285704619737319,0.000285623015922167,"Exiting naïve pluripotency",FALSE,1363,FALSE
"B-S",NA,"Tbx1",0.00347610645571759,58.2022151998039,5.97246418161985e-05,5.97210749963854e-05,"Epiblast",FALSE,2111,FALSE
"B-S",NA,"G3bp1",5.35675402603676,185164.062134193,2.89297715998183e-05,2.8928934692345e-05,"Exiting naïve pluripotency",FALSE,2362,FALSE
"B-S",NA,"Cd55",0.550683724665501,914.700697777059,0.000602037066336336,0.000601674835783313,"Exiting naïve pluripotency",FALSE,931,FALSE
"B-S",NA,"6330403L08Rik",0.00586049670207072,58.2193696989373,0.000100662317925742,0.00010065218604339,"Exiting naïve pluripotency",FALSE,1877,FALSE
"B-S",NA,"Igfbpl1",0.00744839661036402,1202.38093921502,6.1947061596192e-06,6.19466778547251e-06,"Exiting naïve pluripotency",FALSE,2654,FALSE
"B-S",NA,"Col14a1",0.0956479484569103,260.215320944826,0.000367572317070411,0.000367437257306365,"Epiblast",FALSE,1224,FALSE
"B-S",NA,"Dpp7",0.121677482927212,1518.11772735657,8.01502286249459e-05,8.01438050806458e-05,"Exiting naïve pluripotency",FALSE,1982,FALSE
"B-S",NA,"Nkd2",0.46616047061081,1245.36811438696,0.000374315405401464,0.000374175345805208,"Epiblast",FALSE,1207,FALSE
"B-S",NA,"Bdh1",0.120319046766797,1896.6198805989,6.34386721332917e-05,6.34346479234602e-05,"Epiblast",FALSE,2081,FALSE
"B-S",NA,"Alx1",0.0589173917644459,200.208201552298,0.000294280610422723,0.000294194034822573,"Epiblast",FALSE,1349,FALSE
"B-S",NA,"Oas1a",0.618311064825627,391.734730007537,0.00157839225746905,0.00157590486143725,"Exiting naïve pluripotency",FALSE,468,TRUE
"B-S",NA,"Ppih",24.9703729715342,67895.2885132277,0.000367777698840904,0.000367642488132623,"Epiblast",FALSE,1223,FALSE
"B-S",NA,"Strbp",15.8894297830181,27009.0076202481,0.00058830113295633,0.000587955238223555,"Epiblast",FALSE,944,FALSE
"B-S",NA,"Usp50",3.58285305719943,25106.9053918562,0.000142703889678159,0.000142683528183694,"Exiting naïve pluripotency",FALSE,1715,FALSE
"B-S",NA,"Ppid",11.453643054503,148849.573299151,7.69477721745563e-05,7.69418516704833e-05,"Epiblast",FALSE,1997,FALSE
"B-S",NA,"Ripply1",0.0289169005153018,157.034039888458,0.00018414415457847,0.000184110251751812,"Epiblast",FALSE,1586,FALSE
"B-S",NA,"Col26a1",0.0367014539086322,433.043440837746,8.47523607276703e-05,8.47451783737428e-05,"Epiblast",FALSE,1958,FALSE
"B-S",NA,"4933402E13Rik",0.0405974535898124,499.485941770096,8.12784709133989e-05,8.12718652604623e-05,"Exiting naïve pluripotency",FALSE,1973,FALSE
"B-S",NA,"Krtdap",0.00319974150015033,52.6679090889926,6.07531522609669e-05,6.07494615396802e-05,"Epiblast",FALSE,2104,FALSE
"B-S",NA,"Scn1b",0.00761187419409154,1896.26832263642,4.01413349747287e-06,4.01411738426981e-06,"Exiting naïve pluripotency",FALSE,2696,FALSE
"B-S",NA,"Prorp",63.2972326212356,5613.04556618416,0.0112768071940428,0.0111510588533442,"Exiting naïve pluripotency",FALSE,62,TRUE
"B-S",NA,"Uqcr11",0.190549507184809,195077.737634363,9.76787559131727e-07,9.76786605018723e-07,"Exiting naïve pluripotency",FALSE,2780,FALSE
"B-S",NA,"Vwf",9.28709714494823e-06,47.9296681631217,1.93765104180169e-07,1.93765066635261e-07,"Exiting naïve pluripotency",FALSE,2826,FALSE
"B-S",NA,"Ndufb4",38.400022680727,24045.0082141658,0.00159700601217113,0.00159445965052308,"Exiting naïve pluripotency",FALSE,462,TRUE
"B-S",NA,"Ablim1",0.701636850246376,1087.14549083432,0.000645393699520301,0.000644977435147325,"Exiting naïve pluripotency",FALSE,888,FALSE
"B-S",NA,"Ddx21",206.134171575371,145649.982774615,0.00141527082700965,0.00141327066626502,"Epiblast",FALSE,512,FALSE
"B-S",NA,"Terf1",41.9685114480976,65488.1558014125,0.000640856517251207,0.000640446083204837,"Epiblast",FALSE,895,FALSE
"B-S",NA,"2810025M15Rik",0.142389413351117,101811.609674089,1.39855772644124e-06,1.39855577048026e-06,"Epiblast",FALSE,2764,FALSE
"B-S",NA,"Smyd2",9.12127088086717,6952.01873657809,0.00131203197610437,0.00131031280380708,"Epiblast",FALSE,555,FALSE
"B-S",NA,"Kdelr3",0.423081427880439,563.932581477949,0.0007502340559427,0.000749671626757533,"Exiting naïve pluripotency",FALSE,804,FALSE
"B-S",NA,"Nkx2-5",0.00621662711600036,71.7720981315692,8.66162098898703e-05,8.66087081718249e-05,"Epiblast",FALSE,1951,FALSE
"B-S",NA,"Psmd7",16.7619727832418,157580.096300044,0.000106371129202293,0.000106359815588607,"Epiblast",FALSE,1843,FALSE
"B-S",NA,"Dis3l",0.583233148869091,1318.54369427435,0.000442331301876248,0.000442135731402571,"Epiblast",FALSE,1110,FALSE
"B-S",NA,"Grem1",0.000446662221258662,19.4662401326301,2.29454798777473e-05,2.29449533947809e-05,"Epiblast",FALSE,2434,FALSE
"B-S",NA,"Rtkn",0.143749765334019,793.306981083541,0.000181203202242943,0.000181170373591096,"Exiting naïve pluripotency",FALSE,1598,FALSE
"B-S",NA,"Dach1",0.0288498198357967,160.508351196446,0.00017974030398261,0.000179708003211484,"Epiblast",FALSE,1602,FALSE
"B-S",NA,"Sema6d",0.0391222067758481,171.271134490831,0.000228422652142487,0.000228370487150141,"Epiblast",FALSE,1486,FALSE
"B-S",NA,"Ly75",6.11620919722547,2413.80960797047,0.00253384077063475,0.00252743664860931,"Exiting naïve pluripotency",FALSE,323,TRUE
"B-S",NA,"Rhbg",0.0356528067579967,386.726262112121,9.21913256246871e-05,9.21828271676507e-05,"Exiting naïve pluripotency",FALSE,1921,FALSE
"B-S",NA,"Serpinb1a",0.00894959880303801,451.21980570659,1.98342330940534e-05,1.98338397050536e-05,"Epiblast",FALSE,2476,FALSE
"B-S",NA,"H4c8",1.19834345328512,13034.0288086624,9.19396044674006e-05,9.1931152353615e-05,"Epiblast",FALSE,1922,FALSE
"B-S",NA,"Caprin1",106.165425998345,186073.851797951,0.000570555319689009,0.000570229971945069,"Epiblast",FALSE,960,FALSE
"B-S",NA,"Serpinb6c",0.123401650140205,67.8474928700434,0.00181880928712534,0.00181550722572235,"Exiting naïve pluripotency",FALSE,414,TRUE
"B-S",NA,"Ak4",0.693547241759794,2092.24272714332,0.000331485077119489,0.000331375231175427,"Epiblast",FALSE,1285,FALSE
"B-S",NA,"Spred1",3.65028088139418,4645.21342075561,0.000785815537577692,0.000785198516383435,"Epiblast",FALSE,784,FALSE
"B-S",NA,"Fgf9",0.0533647705229606,222.997484332914,0.000239306603312583,0.000239249349363443,"Epiblast",FALSE,1457,FALSE
"B-S",NA,"BC051019",0.0183825081886645,392.520369489704,4.6831985337634e-05,4.68297922054921e-05,"Exiting naïve pluripotency",FALSE,2205,FALSE
"B-S",NA,"Mgst1",1.77222482420009,3289.51975676937,0.000538748800809936,0.000538458706827347,"Epiblast",FALSE,986,FALSE
"B-S",NA,"Rtl1",0.0384974690649256,292.243178510122,0.000131730941543918,0.000131713590788589,"Epiblast",FALSE,1760,FALSE
"B-S",NA,"Rimklb",0.140812403562915,2346.85541503912,6.00004596195236e-05,5.9996859780361e-05,"Epiblast",FALSE,2107,FALSE
"B-S",NA,"Has2",2.19752604096922,2190.35947505202,0.00100327186747145,0.00100226632186701,"Epiblast",FALSE,664,FALSE
"B-S",NA,"Ppp1cc",92.8198117819791,155800.58605066,0.000595760350681851,0.000595405631613963,"Epiblast",FALSE,936,FALSE
"B-S",NA,"Pou6f2",0.00293345824856063,53.5040671393583,5.48268272937095e-05,5.48238214775178e-05,"Epiblast",FALSE,2150,FALSE
"B-S",NA,"Ankmy1",0.00294007212801347,303.605212788664,9.68386577097415e-06,9.68377199462599e-06,"Epiblast",FALSE,2603,FALSE
"B-S",NA,"Fam169a",16.968886537406,33305.6667854805,0.000509489470566718,0.000509230023231785,"Epiblast",FALSE,1026,FALSE
"B-S",NA,"Nfia",0.0189051784049733,139.684762868186,0.000135341736756308,0.000135323421849371,"Epiblast",FALSE,1750,FALSE
"B-S",NA,"Frem1",0.00259475849556576,113.612979479192,2.28385744961559e-05,2.28380529075832e-05,"Epiblast",FALSE,2436,FALSE
"B-S",NA,"Acp6",43.7210081864595,6247.14433068305,0.00699855900106588,0.0069499195788407,"Exiting naïve pluripotency",FALSE,112,TRUE
"B-S",NA,"Cxxc5",6.43676908880092,11738.4161130517,0.000548350733762456,0.000548050210027649,"Epiblast",FALSE,979,FALSE
"B-S",NA,"Adssl1",0.105343732591313,1417.92167370644,7.42944653042404e-05,7.42889460467159e-05,"Epiblast",FALSE,2009,FALSE
"B-S",NA,"Ntm",0.0321823256959557,168.002652027258,0.000191558438558066,0.000191521750950504,"Epiblast",FALSE,1565,FALSE
"B-S",NA,"Srrt",1.72133625381267,107698.23183772,1.59829574213102e-05,1.59827019704651e-05,"Epiblast",FALSE,2527,FALSE
"B-S",NA,"Cpa1",0.00992020969608813,38.9111248827813,0.000254945333139879,0.000254880352583479,"Exiting naïve pluripotency",FALSE,1426,FALSE
"B-S",NA,"Trp53",16.1953276288512,117680.342127886,0.000137621350652188,0.000137602413622172,"Exiting naïve pluripotency",FALSE,1739,FALSE
"B-S",NA,"Wnt9a",0.0135028082169564,108.00406083178,0.000125021301171143,0.000125005672799276,"Epiblast",FALSE,1782,FALSE
"B-S",NA,"Rfc5",2.44490052968882,98659.4485012268,2.47812101813889e-05,2.47805960882288e-05,"Epiblast",FALSE,2406,FALSE
"B-S",NA,"Tfdp2",17.1290523148841,34400.6910824521,0.00049792756412448,0.000497679755656032,"Epiblast",FALSE,1038,FALSE
"B-S",NA,"Hipk2",1.54960720288571,4186.20108707818,0.000370170273871694,0.00037003329854423,"Epiblast",FALSE,1215,FALSE
"B-S",NA,"Gja1",40.5424386274479,25633.8985569119,0.00158159472065618,0.00157909722881568,"Epiblast",FALSE,466,TRUE
"B-S",NA,"Hmgb1-rs17",0.00209801841371842,45.2804998446667,4.63338174471484e-05,4.63316707239751e-05,"Epiblast",FALSE,2206,FALSE
"B-S",NA,"Hook1",6.07090608069349,31849.4983459552,0.000190612298339841,0.000190575972215769,"Epiblast",FALSE,1568,FALSE
"B-S",NA,"Cdo1",0.072897156037357,2013.55076481273,3.62032869055262e-05,3.62019762749926e-05,"Exiting naïve pluripotency",FALSE,2286,FALSE
"B-S",NA,"Lix1",0.0104255235811082,519.045451626315,2.00859549938104e-05,2.00855515563258e-05,"Epiblast",FALSE,2474,FALSE
"B-S",NA,"Ddx39",0.460424630258106,160752.028543265,2.86419172703744e-06,2.86418352346668e-06,"Epiblast",FALSE,2725,FALSE
"B-S",NA,"Ankrd2",0.00567105528935524,69.3572417780361,8.17658710752125e-05,8.17591859641537e-05,"Epiblast",FALSE,1970,FALSE
"B-S",NA,"Enox1",8.30576888983397,1039.53034381728,0.00798992443004036,0.00792659156246844,"Exiting naïve pluripotency",FALSE,91,TRUE
"B-S",NA,"Timp3",0.0896304019205439,2991.55569568248,2.99611342853826e-05,2.99602366427093e-05,"Epiblast",FALSE,2346,FALSE
"B-S",NA,"Meis1",0.00354838014942944,52.755307355166,6.7261102765274e-05,6.72565790136013e-05,"Epiblast",FALSE,2057,FALSE
"B-S",NA,"Atp6v0d1",23.5339530424466,13811.1042861848,0.00170398778799951,0.00170108915285675,"Exiting naïve pluripotency",FALSE,438,TRUE
"B-S",NA,"Bmyc",61.4259997277961,16067.2743612561,0.00382305040336623,0.00380849035278679,"Epiblast",FALSE,221,TRUE
"B-S",NA,"Arf4",3.24156996758685,34563.2891518166,9.37865014336021e-05,9.3777706350611e-05,"Epiblast",FALSE,1909,FALSE
"B-S",NA,"Scn9a",0.00500524179457332,480.779444492472,1.04106817625222e-05,1.04105733813557e-05,"Epiblast",FALSE,2595,FALSE
"B-S",NA,"Pcolce",1.10722260738473,1225.95584892004,0.000903150475084477,0.000902335530321582,"Exiting naïve pluripotency",FALSE,704,FALSE
"B-S",NA,"Tmx2",0.0121060416173344,422.48366330556,2.86544609148089e-05,2.86536398602054e-05,"Epiblast",FALSE,2368,FALSE
"B-S",NA,"Morf4l1-ps1",0.00460065177026137,201.092510129709,2.28782850604125e-05,2.28777616564598e-05,"Exiting naïve pluripotency",FALSE,2435,FALSE
"B-S",NA,"Srxn1",1.02415037068406,4072.85965054815,0.000251457319563226,0.000251394104675511,"Exiting naïve pluripotency",FALSE,1432,FALSE
"B-S",NA,"Appl1",6.87922592446781,17682.142303545,0.000389049347436178,0.00038889804690481,"Exiting naïve pluripotency",FALSE,1183,FALSE
"B-S",NA,"Pafah1b3",9.27290816338845,42814.5382644791,0.000216583164020285,0.000216536265910689,"Epiblast",FALSE,1510,FALSE
"B-S",NA,"Eno2",0.00861769232073885,297.306146323002,2.89859204975074e-05,2.89850803382731e-05,"Exiting naïve pluripotency",FALSE,2361,FALSE
"B-S",NA,"Wfdc3",0.000184186209152113,6.25568525443248,2.94430109030195e-05,2.94421440376515e-05,"Epiblast",FALSE,2355,FALSE
"B-S",NA,"Ier3ip1",69.6415676116865,53430.5442754044,0.0013034036721154,0.00130170702240238,"Epiblast",FALSE,558,FALSE
"B-S",NA,"Cd274",0.000579174278110175,113.686042491228,5.0945064619948e-06,5.09448050813093e-06,"Exiting naïve pluripotency",FALSE,2675,FALSE
"B-S",NA,"Sim1",0.000328175815732788,16.6454610987872,1.97156338166385e-05,1.97152451180851e-05,"Epiblast",FALSE,2479,FALSE
"B-S",NA,"Pcbd1",1.27486497544932,6101.03807690058,0.000208958698401858,0.000208915043786232,"Epiblast",FALSE,1527,FALSE
"B-S",NA,"Serping1",0.000622736443231244,664.815054661612,9.36706289763872e-07,9.36705412346021e-07,"Epiblast",FALSE,2781,FALSE
"B-S",NA,"Lgalsl",1.44735498064785,3238.22515249,0.000446959341148629,0.000446759657746351,"Exiting naïve pluripotency",FALSE,1104,FALSE
"B-S",NA,"Bmp4",0.00699869959764379,1200.92571636013,5.82775395871781e-06,5.82771999619954e-06,"Exiting naïve pluripotency",FALSE,2657,FALSE
"B-S",NA,"Mindy1",7.0005983062917,1510.07421034976,0.00463592998165981,0.00461453730979385,"Exiting naïve pluripotency",FALSE,174,TRUE
"B-S",NA,"Sh3bgr",0.391507156773428,702.148823478811,0.000557584295069666,0.000557273568080047,"Epiblast",FALSE,969,FALSE
"B-S",NA,"Krcc1",5.82522920150342,8803.66804070962,0.000661682059633165,0.000661244525993285,"Epiblast",FALSE,873,FALSE
"B-S",NA,"Accsl",0.0104703230489462,166.734781095989,6.27962742993525e-05,6.27923311749001e-05,"Exiting naïve pluripotency",FALSE,2083,FALSE
"B-S",NA,"Dnajc19",48.7487610405222,105874.240242056,0.000460440244284823,0.000460228336637075,"Epiblast",FALSE,1091,FALSE
"B-S",NA,"Zbtb42",0.0173538764616012,118.446697473986,0.000146512117532129,0.000146490654876084,"Epiblast",FALSE,1701,FALSE
"B-S",NA,"Eif4b",5.26763419846683,140137.422990398,3.75890614088697e-05,3.75876485244411e-05,"Epiblast",FALSE,2272,FALSE
"B-S",NA,"Cyp1a1",0.00321852500360217,52.6789041982762,6.10970378481694e-05,6.10933052281876e-05,"Epiblast",FALSE,2099,FALSE
"B-S",NA,"Rsrp1",1.58604179194233,66556.4259866344,2.38300324638951e-05,2.38294646069799e-05,"Epiblast",FALSE,2421,FALSE
"B-S",NA,"2810004N23Rik",109.165732921658,98734.6486677262,0.00110564765656923,0.00110442654994243,"Epiblast",FALSE,617,FALSE
"B-S",NA,"R3hdml",0.0815742807193044,130.282208094258,0.000626135232988114,0.000625743432977915,"Exiting naïve pluripotency",FALSE,910,FALSE
"B-S",NA,"Areg",0.115232570566644,317.834424526882,0.000362555348553498,0.000362423949812049,"Epiblast",FALSE,1233,FALSE
"B-S",NA,"Bfsp1",0.00480850952232963,194.133867132917,2.47690400100947e-05,2.47684265199472e-05,"Epiblast",FALSE,2407,FALSE
"B-S",NA,"Nudt11",8.80424099791784,3882.03981792011,0.00226794196115044,0.00226281003931217,"Epiblast",FALSE,348,TRUE
"B-S",NA,"Pgam2",0.000197876942863359,1518.99946093769,1.3026794804865e-07,1.30267931078914e-07,"Exiting naïve pluripotency",FALSE,2829,FALSE
"B-S",NA,"Msl1",5.30856305854765,3624.26232395792,0.00146472925633881,0.00146258696242501,"Epiblast",FALSE,496,TRUE
"B-S",NA,"Galk1",14.5652765852787,40882.8150519954,0.00035626892538477,0.000356142043041811,"Exiting naïve pluripotency",FALSE,1241,FALSE
"B-S",NA,"Dscam",0.0122197375661891,102.648995169661,0.000119043908281732,0.000119029738516458,"Epiblast",FALSE,1800,FALSE
"B-S",NA,"Tmprss6",0.00269596259529945,169.129322289918,1.59402435887379e-05,1.59399895014224e-05,"Epiblast",FALSE,2529,FALSE
"B-S",NA,"Fkbp4",28.4323730630427,196591.198964719,0.000144626886721136,0.000144605972809487,"Epiblast",FALSE,1706,FALSE
"B-S",NA,"Twist2",8.60006720140461e-05,115.26445261165,7.46116170818079e-07,7.46115614129154e-07,"Exiting naïve pluripotency",FALSE,2786,FALSE
"B-S",NA,"Halr1",0.469461644888724,211.549073332323,0.00221916190647285,0.00221424813136824,"Exiting naïve pluripotency",FALSE,350,TRUE
"B-S",NA,"Esd",0.0477655728933441,36641.0014627129,1.30360991748416e-06,1.30360821808756e-06,"Epiblast",FALSE,2767,FALSE
"B-S",NA,"Rgs16",0.0458833430854022,438.130344009188,0.000104725325951037,0.000104714359705585,"Epiblast",FALSE,1852,FALSE
"B-S",NA,"Piezo2",0.646046356750641,731.435320130013,0.000883258353774612,0.000882478896916881,"Epiblast",FALSE,717,FALSE
"B-S",NA,"Polr1d",8.36856142615118,165388.223721735,5.05994999996568e-05,5.05969398198004e-05,"Epiblast",FALSE,2180,FALSE
"B-S",NA,"Mfap4",0.134831667034991,1396.64661644615,9.65395723207912e-05,9.65302533314185e-05,"Epiblast",FALSE,1895,FALSE
"B-S",NA,"Arl4c",72.5812051391429,20673.8008432614,0.00351078186780544,0.00349849939954898,"Epiblast",FALSE,240,TRUE
"B-S",NA,"Car14",0.470237982173517,1074.32649710708,0.000437704909484932,0.000437513407718408,"Epiblast",FALSE,1112,FALSE
"B-S",NA,"Gclc",31.0176811422262,26458.6433968989,0.00117230806874481,0.00117093537176052,"Exiting naïve pluripotency",FALSE,599,FALSE
"B-S",NA,"Cox7b",60.6771033502527,196569.013475694,0.000308680917085416,0.000308585662580092,"Exiting naïve pluripotency",FALSE,1326,FALSE
"B-S",NA,"Fam89a",0.0131117201793378,620.820687444963,2.11199794795822e-05,2.11195334354695e-05,"Epiblast",FALSE,2463,FALSE
"B-S",NA,"Lmo4",9.80865903703204,10217.3703085294,0.000959998389100555,0.000959077676076499,"Epiblast",FALSE,684,FALSE
"B-S",NA,"Eno3",0.188224029840643,3066.45432108568,6.13816512922984e-05,6.13778838164369e-05,"Exiting naïve pluripotency",FALSE,2094,FALSE
"B-S",NA,"Snhg15",5.67602199555945,17785.6011754235,0.000319135796399319,0.000319033981235639,"Exiting naïve pluripotency",FALSE,1299,FALSE
"B-S",NA,"Il6ra",0.029237772372176,471.852850685638,6.19637506262627e-05,6.19599113577665e-05,"Epiblast",FALSE,2087,FALSE
"B-S",NA,"Tcea1",12.7296300951404,71349.3335667061,0.000178412739948569,0.000178380914520855,"Exiting naïve pluripotency",FALSE,1605,FALSE
"B-S",NA,"Btf3l4",5.97136433754376,18638.2592782158,0.000320382083348471,0.000320279471544124,"Epiblast",FALSE,1297,FALSE
"B-S",NA,"Hap1",0.0383963907971882,973.122907174636,3.94568769413396e-05,3.94553201576275e-05,"Epiblast",FALSE,2260,FALSE
"B-S",NA,"Acer2",15.4937235955694,26400.9565974595,0.00058686220472255,0.000586517999476268,"Epiblast",FALSE,946,FALSE
"B-S",NA,"Grn",18.7825997189904,6907.6716598219,0.00271909271951046,0.00271171930329551,"Exiting naïve pluripotency",FALSE,298,TRUE
"B-S",NA,"Atp6v1c2",0.0925209389825555,1720.74530364805,5.37679450796159e-05,5.37650542431321e-05,"Epiblast",FALSE,2164,FALSE
"B-S",NA,"Rnaset2a",0.516148321365446,2936.04129822595,0.000175797364184666,0.000175766464903423,"Exiting naïve pluripotency",FALSE,1614,FALSE
"B-S",NA,"Tkt",55.9149385126514,144691.152285992,0.000386443383919782,0.000386294103119385,"Epiblast",FALSE,1188,FALSE
"B-S",NA,"Sh2d3c",0.0683750527929778,724.428027553933,9.43848804743924e-05,9.43759728094791e-05,"Epiblast",FALSE,1904,FALSE
"B-S",NA,"Twistnb",25.1767728082756,64316.8943073353,0.000391448826617305,0.000391295654392532,"Epiblast",FALSE,1179,FALSE
"B-S",NA,"Runx1",0.0197174772192128,787.787585878209,2.50289260362387e-05,2.50282996047791e-05,"Epiblast",FALSE,2403,FALSE
"B-S",NA,"Fam3c",2.62169264406339,15022.136156654,0.000174521959907954,0.000174491507308112,"Exiting naïve pluripotency",FALSE,1618,FALSE
"B-S",NA,"Col1a2",0.0440922178277611,190.562193277669,0.000231379672270639,0.000231326148102303,"Epiblast",FALSE,1479,FALSE
"B-S",NA,"Cpe",0.684384096416369,1133.06796992559,0.000604009745736009,0.000603645138189576,"Epiblast",FALSE,928,FALSE
"B-S",NA,"Tnnt1",14.2738987438734,2939.72549039875,0.00485552096292407,0.00483205880012598,"Exiting naïve pluripotency",FALSE,159,TRUE
"B-S",NA,"Gpn1",3.00067241218891,41612.5132552609,7.21098577675922e-05,7.2104658310937e-05,"Exiting naïve pluripotency",FALSE,2024,FALSE
"B-S",NA,"Cnr1",0.0478238729084982,367.855981576097,0.00013000705521654,0.000129990155579206,"Exiting naïve pluripotency",FALSE,1764,FALSE
"B-S",NA,"Ighm",0.00392446347185206,56.1569915923957,6.9883791146381e-05,6.98789077433867e-05,"Epiblast",FALSE,2042,FALSE
"B-S",NA,"Cadm1",0.0418605145478155,3960.74955994929,1.05688365078936e-05,1.0568724808769e-05,"Exiting naïve pluripotency",FALSE,2590,FALSE
"B-S",NA,"Ramac",6.17213546447425,38504.6986178582,0.000160295644064895,0.000160269953489476,"Epiblast",FALSE,1655,FALSE
"B-S",NA,"Serpinf1",0.176766400813124,615.169860074681,0.000287345678462961,0.000287263134642639,"Epiblast",FALSE,1358,FALSE
"B-S",NA,"Mcm3ap",0.00450685867866348,16928.2586443687,2.66232857929703e-07,2.66232787049788e-07,"Epiblast",FALSE,2818,FALSE
"B-S",NA,"Rangap1",24.4284746994237,143630.639505733,0.00017007843718783,0.000170049515432001,"Epiblast",FALSE,1629,FALSE
"B-S",NA,"Rasl11a",6.01857636343704,4458.61190792697,0.00134987670775665,0.00134805699701565,"Epiblast",FALSE,539,FALSE
"B-S",NA,"Tubb6",7.73223368637567,16160.603012905,0.000478461953443268,0.000478233137082299,"Epiblast",FALSE,1067,FALSE
"B-S",NA,"Plin3",72.669990323376,16616.4550867458,0.00437337506369464,0.0043543319369824,"Exiting naïve pluripotency",FALSE,186,TRUE
"B-S",NA,"Shisal2a",0.013498602238065,250.178135366544,5.39559630912098e-05,5.39530520023273e-05,"Epiblast",FALSE,2161,FALSE
"B-S",NA,"Zfand6",7.04831757565707,29248.7287006815,0.000240978595951517,0.000240920539258231,"Epiblast",FALSE,1454,FALSE
"B-S",NA,"Erg",0.0087967083601019,44.3674660039234,0.00019826934356188,0.000198230040621851,"Exiting naïve pluripotency",FALSE,1545,FALSE
"B-S",NA,"Cyp2c23",7.64664850444412e-07,130.424303089744,5.86290156304883e-09,5.86290152867521e-09,"Epiblast",FALSE,2850,FALSE
"B-S",NA,"Tpm2",3.22929102244338,22711.0643629448,0.000142190210499877,0.000142169995318316,"Epiblast",FALSE,1718,FALSE
"B-S",NA,"Csrnp3",0.00119378943567998,428.368972702041,2.78682517118331e-06,2.78681740481042e-06,"Exiting naïve pluripotency",FALSE,2727,FALSE
"B-S",NA,"Adk",0.036521861155855,42700.5605972157,8.55301678597551e-07,8.55300947057215e-07,"Epiblast",FALSE,2782,FALSE
"B-S",NA,"Btbd1",0.0713175770942654,10234.481732188,6.96836234217586e-06,6.96831378444049e-06,"Exiting naïve pluripotency",FALSE,2643,FALSE
"B-S",NA,"Akap9",21.9877009305917,37712.9622262033,0.000583027681535831,0.000582687958326429,"Epiblast",FALSE,949,FALSE
"B-S",NA,"Tmem132c",0.00403023106241973,56.2686972780058,7.16247444384155e-05,7.16196147018157e-05,"Epiblast",FALSE,2028,FALSE
"B-S",NA,"Vdac3",3.50222596647357,83846.5324866712,4.17694788634259e-05,4.17677342469331e-05,"Exiting naïve pluripotency",FALSE,2238,FALSE
"B-S",NA,"Nudt4",22.7874290717505,18126.7650404958,0.00125711504622267,0.00125553669215588,"Exiting naïve pluripotency",FALSE,572,FALSE
"B-S",NA,"Klf3",25.8205693536608,10362.9306904111,0.00249162810454314,0.00248543532403774,"Exiting naïve pluripotency",FALSE,326,TRUE
"B-S",NA,"Svop",0.0130692202928161,147.090289245962,8.88516866736324e-05,8.88437927527959e-05,"Exiting naïve pluripotency",FALSE,1938,FALSE
"B-S",NA,"Zfp422",5.87613683286246,3575.15059588005,0.00164360540214279,0.00164090839623831,"Epiblast",FALSE,450,TRUE
"B-S",NA,"Shisa2",0.00729459277197186,1460.02351562632,4.99621594714015e-06,4.99619098509108e-06,"Epiblast",FALSE,2677,FALSE
"B-S",NA,"Slco5a1",0.249008115184691,433.676307339595,0.000574179661121542,0.00057385016802653,"Epiblast",FALSE,958,FALSE
"B-S",NA,"Vamp5",0.257137956139797,241.078540471164,0.00106661487014666,0.00106547841502537,"Exiting naïve pluripotency",FALSE,639,FALSE
"B-S",NA,"Cystm1",12.8965553314977,7892.78879544579,0.00163396686085647,0.0016313013684803,"Exiting naïve pluripotency",FALSE,452,TRUE
"B-S",NA,"Lpar6",0.0878276054921972,646.365008426177,0.00013587926999026,0.000135860809322669,"Epiblast",FALSE,1746,FALSE
"B-S",NA,"Mrps36",54.7950288572501,49894.8747528924,0.00109820956818964,0.00109700482699229,"Epiblast",FALSE,620,FALSE
"B-S",NA,"Ppp1r2",33.9654915572801,47371.6469450393,0.000717000436921414,0.000716486715633257,"Epiblast",FALSE,831,FALSE
"B-S",NA,"Gas6",0.33346522067897,1827.31797809944,0.000182488885172466,0.000182455589055425,"Exiting naïve pluripotency",FALSE,1591,FALSE
"B-S",NA,"Pdk4",0.0545882207817313,171.084196454908,0.000319072257478316,0.000318970482846286,"Exiting naïve pluripotency",FALSE,1301,FALSE
"B-S",NA,"Acsl4",21.3134910682444,29304.913160366,0.000727300946145447,0.000726772363917537,"Epiblast",FALSE,819,FALSE
"B-S",NA,"Prdx2-ps1",0.0338380639145458,62.0242151843211,0.000545562145590834,0.000545264669827648,"Exiting naïve pluripotency",FALSE,982,FALSE
"B-S",NA,"AC241534.1",0.00325001887008617,52.8417686856737,6.15047329210104e-05,6.15009503214865e-05,"Epiblast",FALSE,2092,FALSE
"B-S",NA,"Gpr143",0.00618994191822207,74.8932128445146,8.2650238694833e-05,8.26434081974189e-05,"Epiblast",FALSE,1966,FALSE
"B-S",NA,"Pkp2",24.7373805518742,11243.4563794683,0.00220015800453028,0.00219532793619888,"Epiblast",FALSE,351,TRUE
"B-S",NA,"1810009A15Rik",1.65300799297448,95304.1065901048,1.73445620773083e-05,1.73442612486924e-05,"Epiblast",FALSE,2510,FALSE
"B-S",NA,"Prss22",0.397285264923782,222.609445384801,0.00178467389035105,0.00178149450362462,"Exiting naïve pluripotency",FALSE,420,TRUE
"B-S",NA,"Atp5md",106.949233907046,119471.19351153,0.000895188461448864,0.000894387815796103,"Epiblast",FALSE,707,FALSE
"B-S",NA,"Neu1",3.65470533055065,3147.43236982048,0.00116117040848732,0.00115982365557939,"Exiting naïve pluripotency",FALSE,605,FALSE
"B-S",NA,"Nrtn",0.000449971898694358,7447.55131983144,6.04187711330255e-08,6.04187674825978e-08,"Exiting naïve pluripotency",FALSE,2839,FALSE
"B-S",NA,"Kat2b-ps",8.71916442321495e-05,17.7773515957092,4.90464756590596e-06,4.9046235104562e-06,"Exiting naïve pluripotency",FALSE,2679,FALSE
"B-S",NA,"Hspb8",6.63292148314814,1065.44632773559,0.00622548626850605,0.0061869693756145,"Exiting naïve pluripotency",FALSE,120,TRUE
"B-S",NA,"Peli3",0.00610325178436373,869.317726455268,7.02073775632112e-06,7.02068846590853e-06,"Exiting naïve pluripotency",FALSE,2639,FALSE
"B-S",NA,"Zbtb16",0.112784416340884,312.305214844355,0.000361135232394671,0.000361004860820363,"Epiblast",FALSE,1235,FALSE
"B-S",NA,"P4hb",3.04185765900984,67082.6840975944,4.53449008478019e-05,4.53428447810012e-05,"Epiblast",FALSE,2214,FALSE
"B-S",NA,"Fuca2",1.62202782696023,2384.08391512935,0.000680356851815018,0.000679894281082374,"Exiting naïve pluripotency",FALSE,858,FALSE
"B-S",NA,"Ubc",9.01513516892432,34317.477524608,0.000262698071630115,0.000262629079477382,"Epiblast",FALSE,1409,FALSE
"B-S",NA,"Camk2d",0.578185216118438,1103.90018555641,0.000523765847386835,0.00052349166033376,"Exiting naïve pluripotency",FALSE,1006,FALSE
"B-S",NA,"Wdr27",0.0930320555160575,186.91359300295,0.000497727607828871,0.000497479998299374,"Exiting naïve pluripotency",FALSE,1039,FALSE
"B-S",NA,"Ubr7",13.6453564284802,69306.1947813691,0.000196885090452959,0.000196846334344616,"Epiblast",FALSE,1551,FALSE
"B-S",NA,"Cacna2d2",9.64029378188294e-05,779.596875300852,1.2365741946006e-07,1.23657404168904e-07,"Epiblast",FALSE,2830,FALSE
"B-S",NA,"Usp3",0.79666513356417,5253.57400094591,0.000151642507257103,0.000151619515293655,"Exiting naïve pluripotency",FALSE,1684,FALSE
"B-S",NA,"Cfap206",0.00931218681408175,40.2397041020923,0.000231417875003647,0.000231364333161315,"Exiting naïve pluripotency",FALSE,1478,FALSE
"B-S",NA,"Crb3",0.0597257607116731,7838.96835188232,7.61908430174125e-06,7.61902625173795e-06,"Epiblast",FALSE,2632,FALSE
"B-S",NA,"D030025P21Rik",0.00234833244054322,44.5386904492956,5.27256732708979e-05,5.27228934208455e-05,"Epiblast",FALSE,2170,FALSE
"B-S",NA,"Sema7a",3.37872097441751e-05,132.708301668552,2.54597559605282e-07,2.54597494785382e-07,"Epiblast",FALSE,2821,FALSE
"B-S",NA,"Crybg1",0.0446316862029744,190.157529295296,0.000234709013986324,0.000234653938591769,"Epiblast",FALSE,1470,FALSE
"B-S",NA,"Ube2v2",2.84668742109135,16769.4507592734,0.00016975436237929,0.000169725550726647,"Epiblast",FALSE,1631,FALSE
"B-S",NA,"Rtn4",0.022931858929921,93093.6237088114,2.46331145102374e-07,2.46331084423355e-07,"Exiting naïve pluripotency",FALSE,2824,FALSE
"B-S",NA,"Atp5g3",68.1522034228427,139425.543553084,0.000488807156035183,0.000488568340334216,"Epiblast",FALSE,1056,FALSE
"B-S",NA,"Utp14b",0.0373784042783528,7734.32716244479,4.83279327254857e-06,4.83276991677063e-06,"Exiting naïve pluripotency",FALSE,2681,FALSE
"B-S",NA,"Xbp1",1.44387098374666,6936.2680417018,0.000208162512617147,0.000208119190003632,"Exiting naïve pluripotency",FALSE,1531,FALSE
"B-S",NA,"Sept4",0.223313202902034,841.261298533893,0.000265450465023427,0.00026538001977377,"Epiblast",FALSE,1402,FALSE
"B-S",NA,"Tgfbi",0.00895838847665507,220.516235051346,4.0624621015179e-05,4.06229707223888e-05,"Epiblast",FALSE,2244,FALSE
"B-S",NA,"Spint2",3.10825859044392,17463.7831375585,0.000177983118890153,0.000177951446536687,"Epiblast",FALSE,1606,FALSE
"B-S",NA,"Grina",31.4923743092353,7287.91091784345,0.00432117991894365,0.0043025876635325,"Exiting naïve pluripotency",FALSE,191,TRUE
"B-S",NA,"Nxn",0.35577345731224,13746.8784550434,2.58803086443029e-05,2.58796388712613e-05,"Exiting naïve pluripotency",FALSE,2394,FALSE
"B-S",NA,"Ddr2",0.000567529032486848,22.2168086096597,2.55450295520883e-05,2.55443770202224e-05,"Epiblast",FALSE,2398,FALSE
"B-S",NA,"A230020J21Rik",0.00047487822845832,116.259500694212,4.08464018529853e-06,4.08462350108124e-06,"Exiting naïve pluripotency",FALSE,2695,FALSE
"B-S",NA,"AC124742.1",0.00123476481828984,31.9704352143761,3.86220834971495e-05,3.86205918894248e-05,"Epiblast",FALSE,2265,FALSE
"B-S",NA,"Adra2b",0.00143934221553539,99.4797854386084,1.44686903896033e-05,1.44684810496306e-05,"Exiting naïve pluripotency",FALSE,2552,FALSE
"B-S",NA,"Etv4",0.11715824830455,5165.77054328735,2.26797236390592e-05,2.26792092808604e-05,"Epiblast",FALSE,2438,FALSE
"B-S",NA,"D830044D21Rik",0.000541446422539617,22.2165541311371,2.43713052592961e-05,2.43707113132513e-05,"Epiblast",FALSE,2413,FALSE
"B-S",NA,"Eif3j1",2.14971484956353,26564.70324059,8.09237291338845e-05,8.09171810138459e-05,"Epiblast",FALSE,1977,FALSE
"B-S",NA,"5033404E19Rik",0.00489956377636101,69.3403720279564,7.06596118980386e-05,7.0654619470048e-05,"Exiting naïve pluripotency",FALSE,2035,FALSE
"B-S",NA,"Gapdh-ps14",0.00346426656623181,60.7206498026958,5.70525278877699e-05,5.70492730825264e-05,"Epiblast",FALSE,2134,FALSE
"B-S",NA,"D830025C05Rik",0.0119282202768316,102.289087104822,0.000116612833435575,0.000116599236468234,"Epiblast",FALSE,1811,FALSE
"B-S",NA,"Slc5a9",0.0119311262576317,31.1793028850363,0.000382661738834376,0.000382515364839736,"Exiting naïve pluripotency",FALSE,1196,FALSE
"B-S",NA,"Ei24",6.60646095622222,18866.0476004358,0.000350177265325547,0.000350054684133543,"Epiblast",FALSE,1254,FALSE
"B-S",NA,"Nup62cl",0.0432675979873784,1637.55157514644,2.64221284044193e-05,2.64214302939955e-05,"Epiblast",FALSE,2389,FALSE
"B-S",NA,"Gatad1",70.3203393883364,46212.2827437509,0.00152168071372422,0.0015193687196465,"Epiblast",FALSE,483,TRUE
"B-S",NA,"Mycl",0.929856883692988,1891.26488304649,0.00049165872640492,0.000491417116891096,"Epiblast",FALSE,1053,FALSE
"B-S",NA,"Ankdd1b",0.0015177713809412,198.086019351812,7.6621832570907e-06,7.66212454848827e-06,"Epiblast",FALSE,2631,FALSE
"B-S",NA,"Wnk4",0.0260885344147316,151.887474917569,0.000171762249842458,0.000171732752638494,"Epiblast",FALSE,1623,FALSE
"B-S",NA,"Bcl3",0.178096234782283,141.329400437738,0.00126014993505008,0.00125856395576297,"Exiting naïve pluripotency",FALSE,570,FALSE
"B-S",NA,"Nrg1",0.353186975105769,587.477879849523,0.000601191954999624,0.000600830740392184,"Epiblast",FALSE,932,FALSE
"B-S",NA,"Tmem88b",0.00629845909864356,74.7901158717604,8.42151268951537e-05,8.4208035304775e-05,"Epiblast",FALSE,1959,FALSE
"B-S",NA,"Pax8",0.100383117398301,363.103879715177,0.000276458399389846,0.00027638199126692,"Exiting naïve pluripotency",FALSE,1383,FALSE
"B-S",NA,"Srrm4os",0.954331521463658,274.384686974207,0.00347807864931386,0.00346602354681766,"Exiting naïve pluripotency",FALSE,245,TRUE
"B-S",NA,"Tcf21",0.00623782129465779,70.6478112940493,8.82946149413578e-05,8.82868196906088e-05,"Epiblast",FALSE,1942,FALSE
"B-S",NA,"Egfl7",11.8687200366269,15986.6313383757,0.000742415320989869,0.000741864549382308,"Exiting naïve pluripotency",FALSE,809,FALSE
"B-S",NA,"Trabd2b",0.0126461850302191,245.206069042963,5.15737032104346e-05,5.15710435007429e-05,"Epiblast",FALSE,2175,FALSE
"B-S",NA,"Ppp2r2a",42.8321366428694,59163.3356320516,0.00072396419480556,0.000723440449822814,"Epiblast",FALSE,823,FALSE
"B-S",NA,"Scarf2",0.011440803317874,33.3316199759511,0.000343241742409416,0.000343123967940798,"Exiting naïve pluripotency",FALSE,1261,FALSE
"B-S",NA,"Nin",0.00489720668072001,3068.43723957537,1.59599375785106e-06,1.59599121065905e-06,"Exiting naïve pluripotency",FALSE,2761,FALSE
"B-S",NA,"Stc1",0.00576349219865997,72.2232255890026,7.9801091015486e-05,7.97947233095086e-05,"Epiblast",FALSE,1983,FALSE
"B-S",NA,"A830035O19Rik",0.00451018842173243,63.6870194506727,7.08180169308393e-05,7.08130020944581e-05,"Epiblast",FALSE,2034,FALSE
"B-S",NA,"Gabrb1",0.00311351929007066,82.936810289241,3.75408612799589e-05,3.75394520165982e-05,"Exiting naïve pluripotency",FALSE,2274,FALSE
"B-S",NA,"Cntnap2",0.91751761349709,1965.14534537486,0.000466895548289366,0.000466677658568095,"Epiblast",FALSE,1083,FALSE
"B-S",NA,"Thoc6",4.41762335677331,22575.3882525229,0.000195683162006289,0.00019564487759801,"Exiting naïve pluripotency",FALSE,1556,FALSE
"B-S",NA,"Fxyd2",0.707217899749932,583.9557800312,0.00121108125637894,0.00120961631273518,"Exiting naïve pluripotency",FALSE,587,FALSE
"B-S",NA,"Tmem51os1",0.0107915472177635,94.6471391687875,0.000114018736461951,0.000114005737671792,"Epiblast",FALSE,1821,FALSE
"B-S",NA,"Ptp4a2",7.43003875550317,61306.286150638,0.000121195381779391,0.000121180695238767,"Epiblast",FALSE,1795,FALSE
"B-S",NA,"Eva1c",0.0177441779540841,188.885028334479,9.39416856409741e-05,9.39328614296344e-05,"Epiblast",FALSE,1908,FALSE
"B-S",NA,"Mex3a",3.15936560423362,5980.23212017921,0.00052830150080177,0.00052802254569842,"Epiblast",FALSE,1000,FALSE
"B-S",NA,"Zfp365",3.08762169149714,4888.68658217783,0.00063158511792377,0.000631186469942719,"Epiblast",FALSE,906,FALSE
"B-S",NA,"Nipal4",0.0418545969601243,179.158290178692,0.000233617975022974,0.000233563410411994,"Epiblast",FALSE,1471,FALSE
"B-S",NA,"Dnttip2",192.389258875341,124903.448934634,0.00154030381479718,0.00153793492776104,"Epiblast",FALSE,477,TRUE
"B-S",NA,"Ppp1r14d",0.269384739292881,680.924713209296,0.000395616041049872,0.000395459590892129,"Exiting naïve pluripotency",FALSE,1173,FALSE
"B-S",NA,"P4ha1",0.588225069059791,2973.00276476226,0.000197855540543646,0.000197816401472604,"Exiting naïve pluripotency",FALSE,1547,FALSE
"B-S",NA,"Ttyh1",0.0203798089028147,846.193724806555,2.40840936364467e-05,2.40835136068499e-05,"Epiblast",FALSE,2418,FALSE
"B-S",NA,"Atoh8",0.000567686111321395,22.2244970819467,2.55432601794411e-05,2.5542607737966e-05,"Epiblast",FALSE,2399,FALSE
"B-S",NA,"Scg5",0.0844467619788998,251.892817311789,0.000335248789068777,0.000335136434984775,"Epiblast",FALSE,1273,FALSE
"B-S",NA,"Snrpc",8.1589129141255,85131.9052762214,9.58384860253375e-05,9.58293018901275e-05,"Epiblast",FALSE,1897,FALSE
"B-S",NA,"Pdlim3",4.8657000211797,4703.07783409271,0.00103457782176347,0.0010335085767114,"Epiblast",FALSE,648,FALSE
"B-S",NA,"Cldn3",0.0458857984206403,4412.15922950493,1.03998509649864e-05,1.03997428092111e-05,"Exiting naïve pluripotency",FALSE,2596,FALSE
"B-S",NA,"Cfap53",0.0120000944077915,282.45438301314,4.24850706148653e-05,4.24832657103217e-05,"Epiblast",FALSE,2234,FALSE
"B-S",NA,"Gdpd1",0.553547192806691,656.121708142356,0.000843665414415142,0.000842954243074325,"Epiblast",FALSE,745,FALSE
"B-S",NA,"Lcp1",0.00800029520359541,139.623298316089,5.72991420492285e-05,5.72958590456622e-05,"Epiblast",FALSE,2130,FALSE
"B-S",NA,"Card6",0.00586737496827467,72.6766467808492,8.07326043256686e-05,8.07260870984202e-05,"Epiblast",FALSE,1980,FALSE
"B-S",NA,"Gkap1",17.9539421118189,9232.68554938447,0.00194460669279653,0.00194083253685577,"Epiblast",FALSE,396,TRUE
"B-S",NA,"Lhfpl2",0.0563971278406689,495.313883749122,0.000113861391111811,0.000113848428171404,"Epiblast",FALSE,1822,FALSE
"B-S",NA,"B130046B21Rik",0.00721951613651358,77.792530859858,9.2804746891696e-05,9.27961349698776e-05,"Epiblast",FALSE,1918,FALSE
"B-S",NA,"Gsta3",1.22418816820861,294.876954954356,0.00415152200821561,0.00413435812945134,"Exiting naïve pluripotency",FALSE,201,TRUE
"B-S",NA,"Baz1a",1.32367520817082,3161.20796655736,0.000418724494615373,0.000418549237797305,"Epiblast",FALSE,1137,FALSE
"B-S",NA,"Arsi",0.00111423654657926,30.5375842391455,3.64873834764882e-05,3.64860521959102e-05,"Epiblast",FALSE,2280,FALSE
"B-S",NA,"Ntng1",0.000681647584753819,22.9076821177949,2.97562879233561e-05,2.97554025130316e-05,"Epiblast",FALSE,2351,FALSE
"B-S",NA,"Timm23",12.4016456629517,179002.747315376,6.92818733172954e-05,6.92770736718534e-05,"Epiblast",FALSE,2044,FALSE
"B-S",NA,"Skap1",0.00164605671896702,156.060696029252,1.0547541827306e-05,1.05474305778408e-05,"Epiblast",FALSE,2594,FALSE
"B-S",NA,"Ttc25",0.157858237360482,155.564610443189,0.00101474388622682,0.00101371522489998,"Exiting naïve pluripotency",FALSE,660,FALSE
"B-S",NA,"Vwc2",0.000229904848964511,11.1222359405391,2.06707401455617e-05,2.06703128748956e-05,"Epiblast",FALSE,2468,FALSE
"B-S",NA,"4932412D23Rik",0.00265770005402974,47.2489913773542,5.62488209071811e-05,5.6245657155285e-05,"Epiblast",FALSE,2142,FALSE
"B-S",NA,"Syp",0.000398191584630926,238.33247142777,1.67073996357061e-06,1.67073717220325e-06,"Exiting naïve pluripotency",FALSE,2759,FALSE
"B-S",NA,"Ppp2r2d",12.9966078371183,59474.189702046,0.00021852517709327,0.000218477434273254,"Exiting naïve pluripotency",FALSE,1505,FALSE
"B-S",NA,"Exoc3l4",0.0114849380337021,163.667565441306,7.01723521256923e-05,7.0167428312205e-05,"Exiting naïve pluripotency",FALSE,2038,FALSE
"B-S",NA,"Cd2ap",63.9504850682998,65214.5191595694,0.000980617290327991,0.00097965662210577,"Epiblast",FALSE,673,FALSE
"B-S",NA,"Hcn4",0.00030162128305049,147.165039606836,2.04954440168872e-06,2.04954020106508e-06,"Epiblast",FALSE,2742,FALSE
"B-S",NA,"Pdzrn3",1.55344400524724,1770.52864736932,0.000877389929587061,0.000876620791332679,"Epiblast",FALSE,725,FALSE
"B-S",NA,"Cenpx",53.556746219593,48213.5096245929,0.00111082446883881,0.00110959190699809,"Exiting naïve pluripotency",FALSE,615,FALSE
"B-S",NA,"Fblim1",0.25322443414197,3991.30313030156,6.34440496938246e-05,6.34400248017385e-05,"Epiblast",FALSE,2080,FALSE
"B-S",NA,"Prdm13",0.00114183152827127,30.5690069615737,3.73525881853669e-05,3.73511930216357e-05,"Epiblast",FALSE,2276,FALSE
"B-S",NA,"Rcn2",9.15855054916643,10283.3002973561,0.000890623660141593,0.000889831155461008,"Epiblast",FALSE,710,FALSE
"B-S",NA,"Mansc4",0.0144043306912338,108.479717388629,0.000132783630322618,0.000132766001170999,"Epiblast",FALSE,1757,FALSE
"B-S",NA,"Usf1",0.77087694943883,26289.7537900055,2.93223343054621e-05,2.93214745313835e-05,"Epiblast",FALSE,2358,FALSE
"B-S",NA,"Pdx1",0.00114447538001125,154.72798813924,7.39669269777706e-06,7.39663798711887e-06,"Epiblast",FALSE,2636,FALSE
"B-S",NA,"Pbdc1",46.9398054080362,59905.6987977343,0.00078356160348824,0.000782948115407483,"Epiblast",FALSE,787,FALSE
"B-S",NA,"1810049J17Rik",0.0017413967318624,38.7657245365023,4.49210417884149e-05,4.49190239790616e-05,"Epiblast",FALSE,2221,FALSE
"B-S",NA,"Acadl",2.23394460998053,16112.9251630175,0.000138643020269708,0.00013862380104725,"Epiblast",FALSE,1732,FALSE
"B-S",NA,"Srpr",5.06567329806255,27895.9803880528,0.000181591513458049,0.000181558543967269,"Epiblast",FALSE,1597,FALSE
"B-S",NA,"Lbx2",0.0114236821427042,33.35402616987,0.000342497846722435,0.000342380582110302,"Exiting naïve pluripotency",FALSE,1263,FALSE
"B-S",NA,"Fbxl14",1.30881320833043,4557.05120646396,0.000287206166670663,0.000287123702972572,"Epiblast",FALSE,1359,FALSE
"B-S",NA,"Ppp1r12a",0.0972970556586815,21345.9993258023,4.55809326017696e-06,4.55807248405749e-06,"Exiting naïve pluripotency",FALSE,2685,FALSE
"B-S",NA,"1700055D18Rik",7.96004007609489e-05,121.691404440706,6.5411687149797e-07,6.54116443629368e-07,"Exiting naïve pluripotency",FALSE,2792,FALSE
"B-S",NA,"Cnbd2",0.0225374748194469,135.048773629364,0.000166883965057692,0.000166856119446884,"Epiblast",FALSE,1634,FALSE
"B-S",NA,"Rcbtb2",4.51259708016446,3605.84624621338,0.00125146686021438,0.00124990264847132,"Epiblast",FALSE,573,FALSE
"B-S",NA,"Ttc14",11.5265817717338,30144.4855404317,0.000382377790334938,0.000382231633447544,"Epiblast",FALSE,1197,FALSE
"B-S",NA,"Rgs4",0.000718945105486414,24.9658993166599,2.87970842294736e-05,2.87962549812934e-05,"Epiblast",FALSE,2365,FALSE
"B-S",NA,"Trim13",4.31937552856226,7766.06146294412,0.000556186111734014,0.000555876940699764,"Exiting naïve pluripotency",FALSE,970,FALSE
"B-S",NA,"Eef1g",49.7488602239062,190490.110766931,0.000261162430026486,0.000261094242019774,"Exiting naïve pluripotency",FALSE,1414,FALSE
"B-S",NA,"Sema3a",0.000642490281023213,22.9125057942122,2.80410308149495e-05,2.80402445375884e-05,"Epiblast",FALSE,2375,FALSE
"B-S",NA,"Tomm22",14.9870175537174,168503.806904552,8.8941714902659e-05,8.89338049775315e-05,"Epiblast",FALSE,1937,FALSE
"B-S",NA,"Ttc6",0.00321022825535474,52.7813406250131,6.08212716338889e-05,6.08175726317838e-05,"Epiblast",FALSE,2103,FALSE
"B-S",NA,"Nphs2",0.000191476300233888,11.7894816934665,1.62412822897889e-05,1.62410185148226e-05,"Epiblast",FALSE,2524,FALSE
"B-S",NA,"Wnt7b",0.0109872189180777,93.3428235322761,0.000117708234037708,0.000117694380440031,"Epiblast",FALSE,1805,FALSE
"B-S",NA,"Cldn9",0.0350833202303676,457.341273512449,7.67114674801216e-05,7.67055832822641e-05,"Exiting naïve pluripotency",FALSE,1998,FALSE
"B-S",NA,"Smarca5",28.3741189061527,185572.222047707,0.000152900679816499,0.000152877304772671,"Epiblast",FALSE,1678,FALSE
"B-S",NA,"Gda",0.0441238215255277,191.319606138834,0.000230628854073161,0.000230575676669074,"Epiblast",FALSE,1482,FALSE
"B-S",NA,"Mettl9",19.4292698340222,22290.8751786558,0.000871624361013259,0.000870865293608189,"Epiblast",FALSE,727,FALSE
"B-S",NA,"Psmb1",24.9606993050014,163423.44822121,0.000152736339715551,0.00015271301488863,"Exiting naïve pluripotency",FALSE,1681,FALSE
"B-S",NA,"Ankrd22",0.0004761828738302,26.2848415227793,1.8116254321622e-05,1.8115926128897e-05,"Epiblast",FALSE,2500,FALSE
"B-S",NA,"Rspo1",20.9000937858284,8041.50323996133,0.00259902821178604,0.00259229077492885,"Epiblast",FALSE,310,TRUE
"B-S",NA,"C130073F10Rik",0.932535610072485,310.13778836636,0.00300684291000005,0.00299782890939843,"Exiting naïve pluripotency",FALSE,278,TRUE
"B-S",NA,"Eva1b",0.540694130024799,7062.17130899142,7.65620241095536e-05,7.65561628147704e-05,"Epiblast",FALSE,1999,FALSE
"B-S",NA,"Cd2",0.14061801436723,176.970219393803,0.000794585749223262,0.00079395488398692,"Exiting naïve pluripotency",FALSE,780,FALSE
"B-S",NA,"Mpp6",1.84532536458336,37447.0993737272,4.92781923151581e-05,4.92757640945785e-05,"Epiblast",FALSE,2189,FALSE
"B-S",NA,"Popdc3",0.0486025290261703,351.075504825954,0.000138438963579259,0.000138419800885486,"Epiblast",FALSE,1734,FALSE
"B-S",NA,"Kcna2",0.00153345335024166,36.0066295291447,4.25880836472195e-05,4.25862699795914e-05,"Epiblast",FALSE,2232,FALSE
"B-S",NA,"Ier3",0.466816361637566,1779.05322827978,0.00026239594983279,0.000262327116259952,"Exiting naïve pluripotency",FALSE,1410,FALSE
"B-S",NA,"Ovgp1",0.0131489662319432,103.228379476536,0.000127377435339204,0.000127361212394607,"Epiblast",FALSE,1776,FALSE
"B-S",NA,"Prdm1",1.07779799978905,244.186122081715,0.00441383806172399,0.00439444170765472,"Exiting naïve pluripotency",FALSE,180,TRUE
"B-S",NA,"Smpdl3b",2.65486313206865,2055.86723640426,0.00129135923033242,0.00128969377237516,"Exiting naïve pluripotency",FALSE,563,FALSE
"B-S",NA,"Rtn4r",0.0267048071686334,146.035130961174,0.000182865636459307,0.000182832202732189,"Epiblast",FALSE,1589,FALSE
"B-S",NA,"6330411D24Rik",0.0243386064885927,151.972833194569,0.000160151034740744,0.000160125390493768,"Epiblast",FALSE,1656,FALSE
"B-S",NA,"Tubb2a",0.472919417193168,3065.96013290597,0.000154248390942033,0.000154224602045324,"Exiting naïve pluripotency",FALSE,1672,FALSE
"B-S",NA,"Pimreg",5.38952936760699,10351.320551591,0.000520661044235427,0.000520390097383913,"Epiblast",FALSE,1012,FALSE
"B-S",NA,"Osbpl5",0.03116299039449,166.948593089904,0.000186662192341497,0.000186627356070062,"Epiblast",FALSE,1580,FALSE
"B-S",NA,"Adamts5",0.0487265246174834,325.245877243835,0.000149814426643611,0.000149791985643166,"Epiblast",FALSE,1689,FALSE
"B-S",NA,"Mcidas",0.00672941740183081,75.1173018708167,8.95854514769946e-05,8.95774266427867e-05,"Epiblast",FALSE,1932,FALSE
"B-S",NA,"Ptprt",0.0721459902268516,233.817118768879,0.000308557348609558,0.000308462170340132,"Epiblast",FALSE,1327,FALSE
"B-S",NA,"Tnnt2",0.0269935800555951,217.760627992673,0.000123959874217957,0.000123944510072078,"Epiblast",FALSE,1786,FALSE
"B-S",NA,"Polr2k",46.9848689863498,62729.6059212586,0.000749006283338167,0.000748445692811514,"Epiblast",FALSE,806,FALSE
"B-S",NA,"Suz12",79.2403324196241,54168.7461276321,0.00146284228608354,0.00146070550430433,"Exiting naïve pluripotency",FALSE,497,TRUE
"B-S",NA,"Gars",3.07591791980941,77727.1509933198,3.95732749817855e-05,3.95717089996638e-05,"Exiting naïve pluripotency",FALSE,2258,FALSE
"B-S",NA,"Dpep3",0.00493770241822835,66.534247817083,7.4212944163781e-05,7.42074370114015e-05,"Exiting naïve pluripotency",FALSE,2010,FALSE
"B-S",NA,"Heph",0.00441214152262971,61.0088717949177,7.23196707760995e-05,7.23144410195326e-05,"Epiblast",FALSE,2021,FALSE
"B-S",NA,"Zp3",0.120943164186242,940.001803982727,0.000128662693703154,0.000128646141744023,"Exiting naïve pluripotency",FALSE,1770,FALSE
"B-S",NA,"Frk",0.000435701088819566,110.817345345618,3.93170480181329e-06,3.93168934357142e-06,"Exiting naïve pluripotency",FALSE,2698,FALSE
"B-S",NA,"Avpr1a",0.00354804342593406,58.1216576337211,6.10451176099209e-05,6.1041391331008e-05,"Epiblast",FALSE,2101,FALSE
"B-S",NA,"Trmt112-ps2",0.0887970505076014,4523.29157101446,1.96310693470699e-05,1.96306839757514e-05,"Epiblast",FALSE,2481,FALSE
"B-S",NA,"Gna14",0.0116818033464789,239.220678320834,4.883274902687e-05,4.88303645059352e-05,"Epiblast",FALSE,2194,FALSE
"B-S",NA,"Arhgap28",6.11761239090786,5664.92516596011,0.00107991053927206,0.00107874559053965,"Epiblast",FALSE,634,FALSE
"B-S",NA,"Slc7a9",0.225148147970007,440.282104386613,0.000511372471710327,0.00051111110356198,"Epiblast",FALSE,1024,FALSE
"B-S",NA,"4930432E11Rik",0.00233676785623434,44.3666473995187,5.26694711726109e-05,5.26666972455186e-05,"Epiblast",FALSE,2172,FALSE
"B-S",NA,"Tram1",19.0185853648776,22094.1366939611,0.00086079785005023,0.000860057514390922,"Epiblast",FALSE,736,FALSE
"B-S",NA,"Hectd1",0.30799682405202,18090.4830865165,1.70253509858773e-05,1.7025061128236e-05,"Epiblast",FALSE,2513,FALSE
"B-S",NA,"Ak7",0.132863382016425,55.3667572640873,0.00239969592914202,0.0023939511742546,"Exiting naïve pluripotency",FALSE,339,TRUE
"B-S",NA,"Nrcam",0.605282807360902,703.385875711215,0.000860527383705113,0.000859787513006003,"Epiblast",FALSE,737,FALSE
"B-S",NA,"Rp9",16.5802481360483,49941.0779776482,0.000331996200471864,0.000331886015575703,"Epiblast",FALSE,1282,FALSE
"B-S",NA,"Mcm10",13.2207602769799,23776.324714519,0.000556047262801162,0.0005557382460706,"Exiting naïve pluripotency",FALSE,971,FALSE
"B-S",NA,"Uba2",18.5036717431854,107933.174412293,0.000171436371105917,0.000171406985714304,"Exiting naïve pluripotency",FALSE,1624,FALSE
"B-S",NA,"Wtap",10.1177640816659,24087.3759649602,0.000420044262869652,0.000419867899767191,"Epiblast",FALSE,1133,FALSE
"B-S",NA,"1700019D03Rik",0.526957026967413,6075.0865370363,8.6740661841582e-05,8.67331385517405e-05,"Epiblast",FALSE,1947,FALSE
"B-S",NA,"B4galnt2",0.0113014904017129,33.3025508049603,0.000339358101062625,0.000339242976210419,"Exiting naïve pluripotency",FALSE,1269,FALSE
"B-S",NA,"5033430I15Rik",0.00297162945767419,49.9976145927117,5.94354247073893e-05,5.94318923476265e-05,"Epiblast",FALSE,2114,FALSE
"B-S",NA,"1810058I24Rik",20.3034425577329,67703.3843057811,0.000299888148368371,0.000299798242428565,"Exiting naïve pluripotency",FALSE,1338,FALSE
"B-S",NA,"Bhlhe22",0.00136767364570545,38.8543820732128,3.51999844735237e-05,3.51987454782293e-05,"Epiblast",FALSE,2298,FALSE
"B-S",NA,"Cpt1a",0.748964481588302,748.858783289178,0.00100014114583615,0.000999141862948485,"Exiting naïve pluripotency",FALSE,667,FALSE
"B-S",NA,"Eif2b5",32.5229235842145,50084.4876448651,0.000649361211695433,0.00064893981535062,"Epiblast",FALSE,886,FALSE
"B-S",NA,"Olfr1459",0.00641715413723412,51.1948668729412,0.000125347608641324,0.00012533189858755,"Epiblast",FALSE,1781,FALSE
"B-S",NA,"Rnf8",0.984801111048287,4096.79653443653,0.000240383212290462,0.000240325442088698,"Epiblast",FALSE,1456,FALSE
"B-S",NA,"Glul",5.88850246041269,21164.7474350478,0.000278222193696562,0.000278144807638016,"Exiting naïve pluripotency",FALSE,1379,FALSE
"B-S",NA,"Stx3",29.9447868849068,13131.2729488472,0.00228041767173347,0.00227522919886115,"Exiting naïve pluripotency",FALSE,346,TRUE
"B-S",NA,"Cemip2",11.6045181538425,8983.59239093228,0.00129174584607776,0.00129007939138283,"Exiting naïve pluripotency",FALSE,562,FALSE
"B-S",NA,"Clic6",0.0294008416070435,154.734608562445,0.000190008181622655,0.000189972085372155,"Epiblast",FALSE,1569,FALSE
"B-S",NA,"Cd34",5.67383448078415,3530.66382220961,0.00160701634777373,0.00160443798969531,"Epiblast",FALSE,460,TRUE
"B-S",NA,"Fzd5",0.32880271967261,1753.49640539154,0.000187512628290328,0.000187477473896453,"Epiblast",FALSE,1577,FALSE
"B-S",NA,"Pgrmc1",33.2239616088881,18740.9977374721,0.00177279577503271,0.00176965853186417,"Exiting naïve pluripotency",FALSE,424,TRUE
"B-S",NA,"Myocd",0.0115764680481745,99.6386174115965,0.00011618455122027,0.000116171053938504,"Epiblast",FALSE,1813,FALSE
"B-S",NA,"Krtcap2",471.025606991654,136386.875306176,0.00345359922598305,0.00344171292887582,"Epiblast",FALSE,248,TRUE
"B-S",NA,"Tph1",0.00693257556157406,76.8532045062288,9.02054196193235e-05,9.01972833355317e-05,"Epiblast",FALSE,1930,FALSE
"B-S",NA,"Zfp862-ps",0.188851831305567,1212.07481010716,0.000155808725443993,0.000155784452866948,"Exiting naïve pluripotency",FALSE,1667,FALSE
"B-S",NA,"Rab44",0.012633287530009,27.7522089246738,0.000455217368977682,0.000455010240413183,"Exiting naïve pluripotency",FALSE,1097,FALSE
"B-S",NA,"4930413G21Rik",0.00764729452636266,173.504179914257,4.40755636558257e-05,4.4073621086134e-05,"Exiting naïve pluripotency",FALSE,2225,FALSE
"B-S",NA,"Arhgap24",0.0562861005423828,389.519420412158,0.000144501397344516,0.000144480519707529,"Epiblast",FALSE,1708,FALSE
"B-S",NA,"Plcd1",5.85656351587523,1066.06236627171,0.00549364061725311,0.00546362542271344,"Exiting naïve pluripotency",FALSE,136,TRUE
"B-S",NA,"Zmynd10",0.0418268380658352,74.926648235279,0.00055823714327236,0.000557925688429893,"Exiting naïve pluripotency",FALSE,968,FALSE
"B-S",NA,"Adamts8",0.000611479996013248,113.36216562704,5.39403947190819e-06,5.39401037640331e-06,"Exiting naïve pluripotency",FALSE,2665,FALSE
"B-S",NA,"Tead2",55.0498308678081,29747.1637945279,0.00185059090836535,0.0018471725476425,"Epiblast",FALSE,409,TRUE
"B-S",NA,"Tomm7",66.8493872258281,186003.957658461,0.000359397660498044,0.000359268540225197,"Exiting naïve pluripotency",FALSE,1237,FALSE
"B-S",NA,"Umps",2.13710772505021,33618.619852835,6.35691689428467e-05,6.35651281604758e-05,"Epiblast",FALSE,2078,FALSE
"B-S",NA,"Ptges",0.0655456518780074,864.369716470576,7.58305741501976e-05,7.58248243102354e-05,"Epiblast",FALSE,2003,FALSE
"B-S",NA,"Wasf1",15.4356973832775,11353.5847798439,0.00135954393987356,0.00135769808966358,"Epiblast",FALSE,536,FALSE
"B-S",NA,"Kcnh5",0.00174302057749562,38.9369006101692,4.47652625191331e-05,4.47632586801071e-05,"Epiblast",FALSE,2222,FALSE
"B-S",NA,"Trp53cor1",0.0134472488731136,274.661639231104,4.89593265035416e-05,4.89569296052404e-05,"Exiting naïve pluripotency",FALSE,2193,FALSE
"B-S",NA,"Icam1",2.69767663002988,613.793234593177,0.00439509019974438,0.00437585790953073,"Exiting naïve pluripotency",FALSE,183,TRUE
"B-S",NA,"Scn2b",0.0244323856786142,261.695762775147,9.33617931735749e-05,9.33530775628554e-05,"Epiblast",FALSE,1913,FALSE
"B-S",NA,"Il15ra",0.000496427929034,136.049732613823,3.64887103779255e-06,3.64885772358128e-06,"Epiblast",FALSE,2707,FALSE
"B-S",NA,"Sox15",1.66797304532276,676.582779685877,0.00246529042033432,0.00245922770981988,"Exiting naïve pluripotency",FALSE,329,TRUE
"B-S",NA,"Mylip",1.65758578981274,1533.28502786422,0.00108106826825386,0.00107990082174261,"Exiting naïve pluripotency",FALSE,632,FALSE
"B-S",NA,"Fzd8",0.0287607925975586,500.01144193016,5.75202689093179e-05,5.7516960518282e-05,"Exiting naïve pluripotency",FALSE,2125,FALSE
"B-S",NA,"2310003N18Rik",0.00879021732578643,44.4443398910824,0.000197780355098719,0.000197741245764914,"Exiting naïve pluripotency",FALSE,1548,FALSE
"B-S",NA,"AI662270",0.00123246969053547,157.498444884003,7.82528164924535e-06,7.82522041469163e-06,"Exiting naïve pluripotency",FALSE,2630,FALSE
"B-S",NA,"Kbtbd11",0.00996932594142611,313.023679900511,3.18484721174918e-05,3.18474578246192e-05,"Exiting naïve pluripotency",FALSE,2327,FALSE
"B-S",NA,"Vat1",35.4345972604551,7586.95305510706,0.00467046481019186,0.00464875297302009,"Exiting naïve pluripotency",FALSE,172,TRUE
"B-S",NA,"Lamc1",0.0363485083203781,7067.85053261331,5.14279527455405e-06,5.14276882634683e-06,"Epiblast",FALSE,2674,FALSE
"B-S",NA,"A930003A15Rik",1.67752757025478,533.732699963108,0.00314301066876871,0.00313316310370677,"Exiting naïve pluripotency",FALSE,272,TRUE
"B-S",NA,"Col6a4",0.000486811856240825,231.444182066587,2.10336614165038e-06,2.10336171751056e-06,"Exiting naïve pluripotency",FALSE,2741,FALSE
"B-S",NA,"Hspa12b",0.0138100964882344,103.140488115713,0.000133895977617837,0.000133878051885199,"Epiblast",FALSE,1756,FALSE
"B-S",NA,"Mef2c",0.121428035196607,309.756252319184,0.000392011571316028,0.000391857958461998,"Epiblast",FALSE,1176,FALSE
"B-S",NA,"Nip7",32.9416091336871,89406.4537613908,0.000368447776953575,0.000368312073188984,"Epiblast",FALSE,1220,FALSE
"B-S",NA,"Slit1",0.0868215546680057,121.841903028885,0.000712575497506984,0.000712068095229767,"Exiting naïve pluripotency",FALSE,836,FALSE
"B-S",NA,"Aldh3a1",0.00115572333945876,265.129297757985,4.35909327724967e-06,4.3590742756383e-06,"Epiblast",FALSE,2689,FALSE
"B-S",NA,"Pard3b",0.0005544920515614,225.082661061134,2.46350406978171e-06,2.46349800094436e-06,"Exiting naïve pluripotency",FALSE,2732,FALSE
"B-S",NA,"Atp2b2",0.251585176179919,460.98950084093,0.000545750338610708,0.000545452657638106,"Epiblast",FALSE,980,FALSE
"B-S",NA,"Dnah7b",0.00329934658096012,102.151968115868,3.22984142333681e-05,3.22973710794983e-05,"Epiblast",FALSE,2321,FALSE
"B-S",NA,"4933406P04Rik",0.0156756379714316,113.676869978759,0.000137896460153773,0.00013787744734185,"Epiblast",FALSE,1736,FALSE
"B-S",NA,"Gnal",0.000162745287551167,525.702984671714,3.09576495276694e-07,3.09576399439118e-07,"Exiting naïve pluripotency",FALSE,2814,FALSE
"B-S",NA,"Rdh10",1.36111834141132,2050.85674491244,0.000663682797342059,0.000663242614628266,"Epiblast",FALSE,871,FALSE
"B-S",NA,"Pop7",0.00386491409909211,520.023383408221,7.43219290209903e-06,7.43213766501823e-06,"Epiblast",FALSE,2635,FALSE
"B-S",NA,"Fads2",4.35436971963099,13825.3782102222,0.000314954835478675,0.00031485567016288,"Epiblast",FALSE,1313,FALSE
"B-S",NA,"Atp6v0c-ps2",0.000274835217822295,139.848133425542,1.9652405154812e-06,1.9652366533185e-06,"Epiblast",FALSE,2748,FALSE
"B-S",NA,"Kiss1r",0.0115547476180769,94.777752233653,0.000121914134338102,0.000121899273093746,"Epiblast",FALSE,1791,FALSE
"B-S",NA,"Sdf2l1",0.330758545643254,9381.56983795108,3.52562045965104e-05,3.52549616403698e-05,"Epiblast",FALSE,2295,FALSE
"B-S",NA,"Nav3",0.0218646218436184,131.220710400565,0.000166624778793488,0.000166597019601949,"Epiblast",FALSE,1635,FALSE
"B-S",NA,"Sdhaf4",0.0602482619176972,8609.53315141117,6.99785468714085e-06,6.99780571751331e-06,"Epiblast",FALSE,2641,FALSE
"B-S",NA,"D930007J09Rik",0.002654560794033,47.1317181851245,5.6322173182959e-05,5.63190011744214e-05,"Epiblast",FALSE,2141,FALSE
"B-S",NA,"Tmem106a",0.140868601578996,311.837123558882,0.000451737753258221,0.000451533778403645,"Exiting naïve pluripotency",FALSE,1101,FALSE
"B-S",NA,"Tmem256",123.602662244184,36035.8157593349,0.0034299948437317,0.00341827019458978,"Exiting naïve pluripotency",FALSE,250,TRUE
"B-S",NA,"1700105P06Rik",0.000458460107549267,228.329631489396,2.00788703839589e-06,2.00788300679362e-06,"Exiting naïve pluripotency",FALSE,2745,FALSE
"B-S",NA,"Tcn2",0.967535474297073,1675.97260340002,0.000577297905905055,0.000576964825319617,"Exiting naïve pluripotency",FALSE,955,FALSE
"B-S",NA,"Gtf2i",21.5127480736042,26931.7887411794,0.000798786455676844,0.000798148905141803,"Epiblast",FALSE,777,FALSE
"B-S",NA,"Amer2",0.0186240053573155,124.945680856038,0.000149056815967685,0.00014903460134454,"Epiblast",FALSE,1692,FALSE
"B-S",NA,"Srp54a",2.78480428401838,23730.741778353,0.000117350073167905,0.000117336303744076,"Epiblast",FALSE,1807,FALSE
"B-S",NA,"1700003E24Rik",0.00546819767600158,57.5835499487771,9.4961107484095e-05,9.49520907284015e-05,"Epiblast",FALSE,1901,FALSE
"B-S",NA,"Pgc",1.08170637460593,702.816659359618,0.0015391017845131,0.00153673659048436,"Exiting naïve pluripotency",FALSE,478,TRUE
"B-S",NA,"Selenov",0.00875458220181177,86.1304014301,0.000101643346094429,0.000101633015774632,"Epiblast",FALSE,1870,FALSE
"B-S",NA,"Cybrd1",0.0267058436469461,275.03500882356,9.70997974446171e-05,9.70903699893573e-05,"Epiblast",FALSE,1892,FALSE
"B-S",NA,"AI661453",0.0437529958911707,461.278903090853,9.48515000317566e-05,9.4842504077978e-05,"Exiting naïve pluripotency",FALSE,1902,FALSE
"B-S",NA,"Ppl",0.360462106185895,1306.43456887378,0.000275912866035559,0.000275836759124791,"Epiblast",FALSE,1385,FALSE
"B-S",NA,"Platr31",0.0076239492842732,80.8898908628861,9.42509527821754e-05,9.42420703772502e-05,"Epiblast",FALSE,1906,FALSE
"B-S",NA,"Timp2",4.06428195744007,2118.03062057923,0.0019188966948592,0.00191522158249463,"Epiblast",FALSE,400,TRUE
"B-S",NA,"Shpk",0.00627710013482733,72.1297293989546,8.7025144654408e-05,8.70175719376226e-05,"Epiblast",FALSE,1946,FALSE
"B-S",NA,"Sh3bgrl",6.1429467215595,9237.7606015192,0.000664982238287194,0.000664540330770606,"Epiblast",FALSE,870,FALSE
"B-S",NA,"Riiad1",0.00691063268081421,268.865517993292,2.57029340630681e-05,2.57022734392286e-05,"Epiblast",FALSE,2395,FALSE
"B-S",NA,"Ndufb2",10.6219041334955,77128.8438911072,0.000137716366506048,0.000137697403319986,"Exiting naïve pluripotency",FALSE,1738,FALSE
"B-S",NA,"Adrm1",33.9076118911152,65562.1637928898,0.000517182623780218,0.000516915284177275,"Epiblast",FALSE,1016,FALSE
"B-S",NA,"Rhox2a",0.0990487093244171,1143.40016214491,8.66264607997004e-05,8.66189573059909e-05,"Epiblast",FALSE,1950,FALSE
"B-S",NA,"Efna5",0.0963964290632188,828.42137319002,0.000116361591072938,0.000116348052628416,"Epiblast",FALSE,1812,FALSE
"B-S",NA,"Prss35",0.00584636655696485,61.3789566763166,9.52503410541141e-05,9.52412692907317e-05,"Exiting naïve pluripotency",FALSE,1899,FALSE
"B-S",NA,"AB041806",0.00317756408056225,52.8348955714298,6.01413903859499e-05,6.01377736166298e-05,"Epiblast",FALSE,2106,FALSE
"B-S",NA,"Anxa11",3.01441531947496,3907.69146545201,0.000771405661405328,0.000770811053394865,"Exiting naïve pluripotency",FALSE,793,FALSE
"B-S",NA,"Nkain4",0.00150629165145922,95.7416425266662,1.57328787318401e-05,1.57326312122611e-05,"Exiting naïve pluripotency",FALSE,2531,FALSE
"B-S",NA,"5330439K02Rik",0.0299888769343147,108.261299388721,0.000277004590778439,0.00027692788048423,"Exiting naïve pluripotency",FALSE,1382,FALSE
"B-S",NA,"Zeb2",0.617758312567316,891.449221180263,0.00069298205426599,0.000692502162694703,"Epiblast",FALSE,848,FALSE
"B-S",NA,"Zbtb20",0.620898513963985,1013.15621602988,0.000612835912310757,0.000612460574475844,"Exiting naïve pluripotency",FALSE,922,FALSE
"B-S",NA,"Fundc2",37.6799351083005,43276.2662412858,0.000870683595904899,0.000869926165462982,"Epiblast",FALSE,730,FALSE
"B-S",NA,"Lipc",0.00269562259770475,49.8377561638947,5.40879607187775e-05,5.4085035369509e-05,"Epiblast",FALSE,2160,FALSE
"B-S",NA,"Vwa1",0.239706466859502,462.704854160309,0.000518054791740857,0.000517786549937563,"Exiting naïve pluripotency",FALSE,1015,FALSE
"B-S",NA,"C630004M23Rik",0.000104520132858414,146.863902617268,7.11680208654107e-07,7.11679702165749e-07,"Epiblast",FALSE,2788,FALSE
"B-S",NA,"Adrb3",0.222119858374364,884.531808669587,0.00025111573851533,0.000251052695232361,"Exiting naïve pluripotency",FALSE,1436,FALSE
"B-S",NA,"Lgr6",0.00293946910371011,179.295125329715,1.63945846174265e-05,1.63943158394282e-05,"Epiblast",FALSE,2521,FALSE
"B-S",NA,"Rgcc",0.00256093381787548,936.098409543591,2.73575277104049e-06,2.73574528671774e-06,"Epiblast",FALSE,2728,FALSE
"B-S",NA,"Llgl2",4.19845335700866,2337.30096997296,0.00179628272565053,0.00179306187957024,"Exiting naïve pluripotency",FALSE,418,TRUE
"B-S",NA,"Npm3-ps1",0.0422326006651317,480.288773537823,8.79316840034483e-05,8.7923952702223e-05,"Epiblast",FALSE,1944,FALSE
"B-S",NA,"Pdzk1ip1",0.304204774524025,1172.16585947538,0.000259523660465743,0.000259456325410442,"Exiting naïve pluripotency",FALSE,1418,FALSE
"B-S",NA,"Taf7l2",0.106271942262891,284.267538491043,0.000373844804183435,0.000373705096474821,"Epiblast",FALSE,1209,FALSE
"B-S",NA,"Adrb2",0.000224539788805862,870.651395007448,2.57898614868631e-07,2.57898548356953e-07,"Exiting naïve pluripotency",FALSE,2820,FALSE
"B-S",NA,"Tuba3b",0.106036433545747,2208.32284686061,4.80167262212091e-05,4.80144207259144e-05,"Epiblast",FALSE,2197,FALSE
"B-S",NA,"Eif1ax",206.612147691348,168426.836258665,0.00122671750108776,0.00122521450900698,"Epiblast",FALSE,581,FALSE
"B-S",NA,"Rdh1",0.000134984338579904,8.3323988475667,1.61999372628836e-05,1.61996748291677e-05,"Epiblast",FALSE,2525,FALSE
"B-S",NA,"C130026I21Rik",0.0409570436716095,247.841778673292,0.00016525480042491,0.000165227495788069,"Epiblast",FALSE,1641,FALSE
"B-S",NA,"Pik3r5",0.0158816443694521,257.317906352273,6.17199346698781e-05,6.17161255546408e-05,"Epiblast",FALSE,2088,FALSE
"B-S",NA,"Mmp25",23.0869537835582,9577.25452159395,0.00241060250946697,0.00240480547934368,"Epiblast",FALSE,336,TRUE
"B-S",NA,"Creld2",8.69560481219505,31463.8881385009,0.00027636777673242,0.000276291418687307,"Epiblast",FALSE,1384,FALSE
"B-S",NA,"Rasip1",0.385488962372127,6530.97771679296,5.90246941711236e-05,5.90212104622264e-05,"Epiblast",FALSE,2115,FALSE
"B-S",NA,"Aspm",0.139888078197509,16173.8004702822,8.64905428099847e-06,8.64897947550552e-06,"Exiting naïve pluripotency",FALSE,2616,FALSE
"B-S",NA,"AV356131",0.0501599349880842,213.185761000262,0.000235287454249923,0.000235232107086288,"Epiblast",FALSE,1468,FALSE
"B-S",NA,"Mga",2.45155648329256,45093.3150603009,5.43662953148205e-05,5.43633397814357e-05,"Exiting naïve pluripotency",FALSE,2154,FALSE
"B-S",NA,"Msh2",7.23551103261271,95659.977363573,7.56378083293167e-05,7.56320876839649e-05,"Epiblast",FALSE,2005,FALSE
"B-S",NA,"Cd40",0.0056146766289749,195.449163919219,2.87270434745655e-05,2.87262182552448e-05,"Epiblast",FALSE,2366,FALSE
"B-S",NA,"Atf2",4.3050803630047,13540.2124682118,0.000317947770251885,0.00031784671159865,"Epiblast",FALSE,1305,FALSE
"B-S",NA,"Ptprd",0.00408445374619513,187.625304056855,2.17692052078298e-05,2.17687313198506e-05,"Epiblast",FALSE,2451,FALSE
"B-S",NA,"Loxl2",0.449994706936615,839.234545132686,0.000536196596704047,0.000535909243991276,"Epiblast",FALSE,989,FALSE
"B-S",NA,"C330004P14Rik",0.019458698440571,133.210346605944,0.000146074977930452,0.000146053643147752,"Epiblast",FALSE,1702,FALSE
"B-S",NA,"Notch2",1.43009288161951,6948.59013611969,0.000205810510276854,0.000205768161026635,"Epiblast",FALSE,1536,FALSE
"B-S",NA,"Ak8",0.0502217200271666,58.0508172026214,0.000865133730191464,0.000864385920775498,"Exiting naïve pluripotency",FALSE,733,FALSE
"B-S",NA,"Grtp1",20.4823443996957,5866.33887030516,0.00349150379010243,0.00347935560681412,"Exiting naïve pluripotency",FALSE,243,TRUE
"B-S",NA,"Ahsa2",0.110786493375598,13165.4372227076,8.41494980390888e-06,8.41487899312455e-06,"Exiting naïve pluripotency",FALSE,2619,FALSE
"B-S",NA,"Arhgef5",5.55527599547076,3983.55490877165,0.00139455238416276,0.00139261031612619,"Epiblast",FALSE,522,FALSE
"B-S",NA,"Efcab8",0.019556924591424,133.00920868955,0.000147034365395488,0.000147012749469165,"Epiblast",FALSE,1697,FALSE
"B-S",NA,"Myc",1.38295221654525,4303.14404970564,0.000321381808410492,0.000321278555327377,"Epiblast",FALSE,1296,FALSE
"B-S",NA,"Apbb1ip",0.0187520613520831,123.777050335777,0.000151498693022765,0.000151475744645426,"Epiblast",FALSE,1685,FALSE
"B-S",NA,"Tcf7l1",5.75998103521185,18244.7332661716,0.00031570650834845,0.000315606869205762,"Epiblast",FALSE,1309,FALSE
"B-S",NA,"Usp17ld",4.08200519066949e-05,63.8251634044066,6.39560476297607e-07,6.39560067260266e-07,"Epiblast",FALSE,2794,FALSE
"B-S",NA,"4930423D22Rik",0.00058469266234043,108.147833930101,5.40642046255251e-06,5.40639123332832e-06,"Exiting naïve pluripotency",FALSE,2664,FALSE
"B-S",NA,"Timm8a2",2.51396511759223,650.536962393705,0.00386444623890683,0.00384956978343582,"Exiting naïve pluripotency",FALSE,219,TRUE
"B-S",NA,"Myom2",0.00127367236348474,33.2949635328042,3.82542050911045e-05,3.82527417628758e-05,"Epiblast",FALSE,2267,FALSE
"B-S",NA,"Ppdpf",0.761670331274889,38513.8209322652,1.97765454799836e-05,1.97761543759672e-05,"Exiting naïve pluripotency",FALSE,2478,FALSE
"B-S",NA,"Hoxd4",0.00125604394095586,17.5984499639748,7.13724187941017e-05,7.13673251354839e-05,"Epiblast",FALSE,2031,FALSE
"B-S",NA,"Lmx1b",0.0153579845794559,113.545377171063,0.000135258563246641,0.000135240270841914,"Epiblast",FALSE,1751,FALSE
"B-S",NA,"Acsbg3",0.149761728672723,290.578627624249,0.000515391410225745,0.000515125918752036,"Exiting naïve pluripotency",FALSE,1018,FALSE
"B-S",NA,"Coq2",3.12344033059568,7199.61706561695,0.000433834230644325,0.000433646100122107,"Epiblast",FALSE,1117,FALSE
"B-S",NA,"Arhgap36",0.0154134258156481,114.073047658188,0.000135118909611614,0.000135100654958429,"Epiblast",FALSE,1752,FALSE
"B-S",NA,"Usp18",0.001031631000056,29.2216704527279,3.53036285767741e-05,3.53023822745824e-05,"Epiblast",FALSE,2294,FALSE
"B-S",NA,"Agpat3",0.89513758695578,6057.97676746175,0.000147761805849717,0.000147739975524137,"Exiting naïve pluripotency",FALSE,1696,FALSE
"B-S",NA,"Cbx5",128.57983899434,119994.606404557,0.00107154682070324,0.00107039983716085,"Epiblast",FALSE,635,FALSE
"B-S",NA,"Adamts1",0.086453527707575,273.970308510139,0.000315558018595929,0.000315458473145194,"Epiblast",FALSE,1311,FALSE
"B-S",NA,"4731419I09Rik",0.0068734262071016,58.2518363513582,0.000117995013335598,0.000117981092155056,"Exiting naïve pluripotency",FALSE,1803,FALSE
"B-S",NA,"A330084C13Rik",0.00534351935370829,61.9232086182076,8.62926756049444e-05,8.62852298215979e-05,"Exiting naïve pluripotency",FALSE,1952,FALSE
"B-S",NA,"Capn2",0.399885434293875,1463.03443704683,0.000273326057246508,0.000273251370526765,"Epiblast",FALSE,1387,FALSE
"B-S",NA,"Spdya",0.017966200229333,125.084218055757,0.000143632830013171,0.000143612202586089,"Epiblast",FALSE,1711,FALSE
"B-S",NA,"9330121J05Rik",0.0141184894461667,22.1620609223263,0.000637056702246657,0.000636651119384061,"Exiting naïve pluripotency",FALSE,899,FALSE
"B-S",NA,"Ccnb1ip1",4.05641692022526,13013.0100827932,0.000311720108907698,0.000311622969761626,"Epiblast",FALSE,1322,FALSE
"B-S",NA,"Arpc4",29.4359565208172,93866.8887723818,0.000313592544781116,0.000313494235326086,"Epiblast",FALSE,1317,FALSE
"B-S",NA,"Bcam",1.01624640658303,1930.91980580707,0.000526301715652176,0.000526024867861745,"Exiting naïve pluripotency",FALSE,1003,FALSE
"B-S",NA,"Huwe1",28.8303758305348,101423.312914865,0.000284257879199185,0.00028417709961953,"Epiblast",FALSE,1366,FALSE
"B-S",NA,"Pgd",0.560836295281982,52552.3087221863,1.06719630196801e-05,1.06718491301008e-05,"Exiting naïve pluripotency",FALSE,2589,FALSE
"B-S",NA,"Dcaf4",19.1705929790902,29924.5166582133,0.000640631666604664,0.000640221520425038,"Exiting naïve pluripotency",FALSE,896,FALSE
"B-S",NA,"Scube3",0.0157360663331317,250.776385954769,6.27493943387872e-05,6.27454570993567e-05,"Epiblast",FALSE,2084,FALSE
"B-S",NA,"Cpeb2",0.00202852291983813,213.706041329909,9.49211780450603e-06,9.49202770506085e-06,"Exiting naïve pluripotency",FALSE,2606,FALSE
"B-S",NA,"Neb",0.0316933459438548,2138.94832168006,1.48172565099473e-05,1.481703696211e-05,"Exiting naïve pluripotency",FALSE,2542,FALSE
"B-S",NA,"Yipf5",1.46481347615385,19805.899652109,7.39584417715591e-05,7.39529723249615e-05,"Epiblast",FALSE,2011,FALSE
"B-S",NA,"A4galt",0.366563253323775,407.935277507522,0.000898581891626219,0.000897775167118295,"Exiting naïve pluripotency",FALSE,705,FALSE
"B-S",NA,"Ccdc78",0.00544283492270092,61.0602350943281,8.913878098066e-05,8.91308359665942e-05,"Exiting naïve pluripotency",FALSE,1934,FALSE
"B-S",NA,"Slc4a3",8.73574607973095,4337.50434281802,0.00201400284340821,0.00200995478874855,"Exiting naïve pluripotency",FALSE,388,TRUE
"B-S",NA,"Dcbld1",0.0669613100890027,2911.17224584401,2.30014937057046e-05,2.3000964649161e-05,"Exiting naïve pluripotency",FALSE,2433,FALSE
"B-S",NA,"Tmem82",0.000739164784957842,404.70297256463,1.82643774587002e-06,1.82643441000128e-06,"Epiblast",FALSE,2751,FALSE
"B-S",NA,"Pcbp1",1.3964691895021,169061.768081311,8.26011229712481e-06,8.26004406823322e-06,"Exiting naïve pluripotency",FALSE,2623,FALSE
"B-S",NA,"Sulf1",0.435329874000724,5999.82889465565,7.25570481499055e-05,7.255178400662e-05,"Epiblast",FALSE,2019,FALSE
"B-S",NA,"Fgf10",0.000278559136644816,20.1330156555984,1.38359370205604e-05,1.38357455900558e-05,"Epiblast",FALSE,2557,FALSE
"B-S",NA,"Arih2",0.348121130947496,4369.6084537622,7.96687242418177e-05,7.96623776418209e-05,"Epiblast",FALSE,1986,FALSE
"B-S",NA,"Hnf1b",0.000589348256041924,22.2098074636489,2.65354959518006e-05,2.65347918379392e-05,"Epiblast",FALSE,2385,FALSE
"B-S",NA,"1810062O18Rik",0.000503471011395368,45.1270772144292,1.11567387580418e-05,1.11566142866108e-05,"Exiting naïve pluripotency",FALSE,2584,FALSE
"B-S",NA,"Cd14",0.00114158280630051,30.5274723393974,3.73952613439023e-05,3.73938629906231e-05,"Epiblast",FALSE,2275,FALSE
"B-S",NA,"Atxn10",255.686285663658,110796.637227819,0.00230770799602806,0.00230239474127361,"Exiting naïve pluripotency",FALSE,343,TRUE
"B-S",NA,"Optn",32.0251341887435,6821.73797365461,0.00469457113603949,0.00467263511808489,"Exiting naïve pluripotency",FALSE,170,TRUE
"B-S",NA,"Tsc22d1",0.0377940752236348,18759.0624468777,2.01471024101875e-06,2.01470618196957e-06,"Epiblast",FALSE,2744,FALSE
"B-S",NA,"Gpbp1",18.8973320370951,34789.0073788265,0.000543198368131552,0.000542903463855933,"Epiblast",FALSE,984,FALSE
"B-S",NA,"Mmp15",0.203265022689934,760.663251526965,0.000267220773820606,0.000267149385954966,"Epiblast",FALSE,1398,FALSE
"B-S",NA,"Rn7sk",0.0894381240031202,1125.90625514646,7.94365637408119e-05,7.94302540743711e-05,"Epiblast",FALSE,1988,FALSE
"B-S",NA,"Slc4a5",5.84348382186808,5997.90526805488,0.000974254103843677,0.000973305856618572,"Exiting naïve pluripotency",FALSE,676,FALSE
"B-S",NA,"Tie1",0.00178664888503465,37.4369297517147,4.77242363859396e-05,4.77219588918927e-05,"Epiblast",FALSE,2199,FALSE
"B-S",NA,"Mmp16",0.0162052546983496,241.026770821568,6.72342522082179e-05,6.72297320674562e-05,"Epiblast",FALSE,2058,FALSE
"B-S",NA,"Cops7a",5.71291799928707,13725.2384083889,0.000416234518432504,0.000416061339341285,"Exiting naïve pluripotency",FALSE,1140,FALSE
"B-S",NA,"H4c1",0.00117953588890942,5325.19630008429,2.21500921738931e-07,2.21500872676284e-07,"Exiting naïve pluripotency",FALSE,2825,FALSE
"B-S",NA,"Mfsd1",0.0761520743036922,6718.29770282774,1.1335025280532e-05,1.13348967991902e-05,"Exiting naïve pluripotency",FALSE,2581,FALSE
"B-S",NA,"Ccna1",0.0274149957349459,106.405267600972,0.000257646978885991,0.000257580614018969,"Exiting naïve pluripotency",FALSE,1419,FALSE
"B-S",NA,"Msi2",3.55257625093798,13972.4854725407,0.000254255140069364,0.000254190510825429,"Exiting naïve pluripotency",FALSE,1429,FALSE
"B-S",NA,"Sf3b4",16.0872510474502,22880.5068343175,0.000703098544273576,0.00070260454404146,"Epiblast",FALSE,840,FALSE
"B-S",NA,"Cndp2",1.52069576126132,9954.42320860618,0.000152765833779961,0.000152742499944604,"Epiblast",FALSE,1679,FALSE
"B-S",NA,"Snai3",0.403502431271673,1363.60628610499,0.000295908309739637,0.000295820773914442,"Epiblast",FALSE,1345,FALSE
"B-S",NA,"Cnksr2",0.54325209225902,804.75640325955,0.000675051593325205,0.000674596206081438,"Epiblast",FALSE,862,FALSE
"B-S",NA,"Tgfbr3",0.0327487267006262,612.097888086559,5.35024337414395e-05,5.34995713841663e-05,"Exiting naïve pluripotency",FALSE,2166,FALSE
"B-S",NA,"Fbxo32",0.583140038216083,2971.07078770068,0.000196272684121194,0.000196234168714184,"Exiting naïve pluripotency",FALSE,1554,FALSE
"B-S",NA,"Dap",0.772397260473803,3287.4630749621,0.000234952375999754,0.000234897186347706,"Exiting naïve pluripotency",FALSE,1469,FALSE
"B-S",NA,"4933405L10Rik",0.01088372957414,96.8953604962244,0.000112324568672863,0.000112311953281154,"Epiblast",FALSE,1826,FALSE
"B-S",NA,"Tacr3",0.00163141974753905,58.303456807583,2.79815269431308e-05,2.79807439991887e-05,"Epiblast",FALSE,2377,FALSE
"B-S",NA,"Apoa2",0.000485741489715673,110.387320662389,4.40033770908596e-06,4.40031834619921e-06,"Exiting naïve pluripotency",FALSE,2687,FALSE
"B-S",NA,"Cpxm2",0.00742550960663453,52.6977620510728,0.000140907494315185,0.000140887642190544,"Exiting naïve pluripotency",FALSE,1723,FALSE
"B-S",NA,"Serf1",5.02704898505435,4272.69872962591,0.00117655123919643,0.00117516859313191,"Epiblast",FALSE,597,FALSE
"B-S",NA,"Zfp51",0.376035482193443,1721.46862122908,0.000218438766502154,0.000218391061428081,"Epiblast",FALSE,1506,FALSE
"B-S",NA,"5430416N02Rik",0.00489192337854329,7496.14097714614,6.52592232917916e-07,6.52591807041571e-07,"Epiblast",FALSE,2793,FALSE
"B-S",NA,"Slc4a4",2.26221057455992,2111.25464824125,0.00107150057736731,0.00107035369276752,"Epiblast",FALSE,636,FALSE
"B-S",NA,"Hnrnpr",242.599189060023,64311.4373064057,0.00377225574829221,0.00375807931200496,"Epiblast",FALSE,224,TRUE
"B-S",NA,"Stmn4",0.0060113969546255,72.385051457394,8.3047491624204e-05,8.30405953110604e-05,"Epiblast",FALSE,1964,FALSE
"B-S",NA,"Aars",0.338583866893713,85042.1527044428,3.98136519509842e-06,3.98134934389271e-06,"Exiting naïve pluripotency",FALSE,2697,FALSE
"B-S",NA,"Aldh1b1",3.49755747636698,588.633675081821,0.00594182362380273,0.00590672689440222,"Exiting naïve pluripotency",FALSE,125,TRUE
"B-S",NA,"Ccdc149",0.00470418489496581,62.480313258903,7.52906739675396e-05,7.52850057087202e-05,"Epiblast",FALSE,2006,FALSE
"B-S",NA,"Fn3k",0.0579427423337572,36.8166799628452,0.00157381769329098,0.00157134468322626,"Exiting naïve pluripotency",FALSE,469,TRUE
"B-S",NA,"Dgkg",0.0443681318406152,191.292650263361,0.000231938507723803,0.000231884724726785,"Epiblast",FALSE,1476,FALSE
"B-S",NA,"Vegfa",0.551946816036418,1198.8525841933,0.000460395901309098,0.000460184034465782,"Exiting naïve pluripotency",FALSE,1092,FALSE
"B-S",NA,"Atoh1",0.00242063865974692,44.3993499943047,5.45196868886015e-05,5.45167146543884e-05,"Epiblast",FALSE,2153,FALSE
"B-S",NA,"Rhob",3.71221458494465,4864.27866821466,0.000763158288854192,0.000762576322412859,"Epiblast",FALSE,796,FALSE
"B-S",NA,"Ccdc9b",0.000345342387125228,113.538690457192,3.04162735834473e-06,3.04161810687588e-06,"Exiting naïve pluripotency",FALSE,2718,FALSE
"B-S",NA,"Whamm",1.19072172523328,2546.86414548896,0.000467524633122776,0.000467306155983643,"Exiting naïve pluripotency",FALSE,1081,FALSE
"B-S",NA,"Arhgap27os1",0.0115053513801286,99.7062551421236,0.000115392473257857,0.000115379159371295,"Epiblast",FALSE,1816,FALSE
"B-S",NA,"Xaf1",0.0976397121480189,673.083272795949,0.000145063346682839,0.000145042306360468,"Exiting naïve pluripotency",FALSE,1704,FALSE
"B-S",NA,"Atp5d",2.99844922572616,166468.62244655,1.80120985063651e-05,1.80117740765162e-05,"Exiting naïve pluripotency",FALSE,2503,FALSE
"B-S",NA,"Sesn3",13.8215956483247,16430.8437058727,0.0008411981694759,0.000840491149859178,"Epiblast",FALSE,748,FALSE
"B-S",NA,"Mvp",14.4007494305842,4005.5629026585,0.0035951874382066,0.0035823083681616,"Exiting naïve pluripotency",FALSE,232,TRUE
"B-S",NA,"Sdhaf3",0.0342833452323412,4891.11525107747,7.00931044812098e-06,7.00926131803239e-06,"Epiblast",FALSE,2640,FALSE
"B-S",NA,"Fam186b",0.00153345335024166,36.153527050726,4.24150415003801e-05,4.24132425409376e-05,"Epiblast",FALSE,2235,FALSE
"B-S",NA,"Barx1",0.0405718888632846,709.540597741606,5.71805038251803e-05,5.71772344021098e-05,"Epiblast",FALSE,2133,FALSE
"B-S",NA,"Rsrc1",3.38401945619123,13258.7853743447,0.000255228466307268,0.000255163341358995,"Epiblast",FALSE,1424,FALSE
"B-S",NA,"AI506816",3.27685498985701,15201.8620865272,0.000215556158265713,0.000215509703821888,"Epiblast",FALSE,1513,FALSE
"B-S",NA,"Cmtm3",0.0218288301778897,375.349365944948,5.81560331744142e-05,5.81526512468991e-05,"Epiblast",FALSE,2120,FALSE
"B-S",NA,"Lrp2",1.20807111254763,9614.38994824667,0.00012565239386488,0.000125636607324413,"Exiting naïve pluripotency",FALSE,1780,FALSE
"B-S",NA,"Trim36",0.0611618993594583,569.970809197484,0.000107307073226389,0.000107295559653912,"Exiting naïve pluripotency",FALSE,1841,FALSE
"B-S",NA,"Epsti1",2.44772154251299e-05,766.119495431494,3.19496052131448e-08,3.19496041923676e-08,"Exiting naïve pluripotency",FALSE,2843,FALSE
"B-S",NA,"Snhg8",3.36808947893234,33189.4451153695,0.000101480740856756,0.000101470443560968,"Exiting naïve pluripotency",FALSE,1871,FALSE
"B-S",NA,"Ppic",0.150288319924439,7034.98573715933,2.13629885744622e-05,2.13625322069307e-05,"Epiblast",FALSE,2458,FALSE
"B-S",NA,"Eif1-ps2",0.0030938693326015,96.1900608174797,3.21641270034344e-05,3.21630925056423e-05,"Exiting naïve pluripotency",FALSE,2324,FALSE
"B-S",NA,"Snai2",0.0386850425973104,189.75811694616,0.000203865021533105,0.000203823469057197,"Epiblast",FALSE,1538,FALSE
"B-S",NA,"Micu1",0.262176385849055,1399.01884516273,0.000187400181745629,0.000187365069497552,"Exiting naïve pluripotency",FALSE,1578,FALSE
"B-S",NA,"B3gat2",0.0145903573228136,538.611301421467,2.70888436323332e-05,2.70881098467612e-05,"Exiting naïve pluripotency",FALSE,2381,FALSE
"B-S",NA,"Nrep",0.971282890160551,1151.72083239415,0.000843331875955988,0.00084262126658252,"Epiblast",FALSE,746,FALSE
"B-S",NA,"Rasd1",0.0504244708853642,457.320447586754,0.000110260696086192,0.000110248540005428,"Exiting naïve pluripotency",FALSE,1832,FALSE
"B-S",NA,"Tmem151b",0.0245945436813489,143.510496633606,0.000171378012467902,0.000171348647077326,"Epiblast",FALSE,1625,FALSE
"B-S",NA,"Ehf",0.00166669236892898,58.2730905459624,2.86014068125388e-05,2.86005887954636e-05,"Epiblast",FALSE,2369,FALSE
"B-S",NA,"Ppil6",0.115933299261722,80.2038586659303,0.00144548281329722,0.00144339640859582,"Exiting naïve pluripotency",FALSE,499,TRUE
"B-S",NA,"Slc1a1",0.000779412224186656,102.451190340414,7.60764439726767e-06,7.60758652145469e-06,"Exiting naïve pluripotency",FALSE,2633,FALSE
"B-S",NA,"Atp5e",11.0319374623912,193987.219513487,5.68694035104937e-05,5.68661695653506e-05,"Exiting naïve pluripotency",FALSE,2136,FALSE
"B-S",NA,"Elf5",0.0131872168189135,30.5269706584511,0.000431985766503258,0.000431799235379587,"Exiting naïve pluripotency",FALSE,1120,FALSE
"B-S",NA,"Morc4",0.585402508257052,1688.18350646634,0.000346764736188189,0.000346644532088468,"Epiblast",FALSE,1256,FALSE
"B-S",NA,"Nfib",0.51297143777131,1813.13583599157,0.00028291947442028,0.000282839453630713,"Exiting naïve pluripotency",FALSE,1367,FALSE
"B-S",NA,"Cct4",16.816826811217,168682.213916068,9.96953171339367e-05,9.96853789684669e-05,"Exiting naïve pluripotency",FALSE,1885,FALSE
"B-S",NA,"Ddah1",5.8598320902197,3555.48244616697,0.00164811166387194,0.00164539986116901,"Epiblast",FALSE,446,TRUE
"B-S",NA,"Rab11fip5",0.100637345508622,367.192043042504,0.000274072784025368,0.000273997688716005,"Exiting naïve pluripotency",FALSE,1386,FALSE
"B-S",NA,"D5Ertd605e",2.80268891885223,1994.38719235049,0.00140528826579011,0.00140331620199825,"Exiting naïve pluripotency",FALSE,517,FALSE
"B-S",NA,"Vps36",32.0742480603599,61463.6322053062,0.000521841077553353,0.000521568901475789,"Epiblast",FALSE,1009,FALSE
"B-S",NA,"Cfap70",0.00207718479811496,89.2131852647382,2.32833834141328e-05,2.32828413108116e-05,"Exiting naïve pluripotency",FALSE,2429,FALSE
"B-S",NA,"Timp1",3.74986967960465,3404.53616187269,0.00110143335283066,0.00110022153213965,"Exiting naïve pluripotency",FALSE,618,FALSE
"B-S",NA,"Mrpl17",51.7134838992977,145671.722899484,0.000355000152877858,0.00035487417249237,"Exiting naïve pluripotency",FALSE,1245,FALSE
"B-S",NA,"Ascl4",0.00242726712529277,29.8913254677743,8.1203060998737e-05,8.11964675970259e-05,"Epiblast",FALSE,1974,FALSE
"B-S",NA,"Rdx",9.15545729466576,71326.9885120726,0.000128358949195172,0.000128342475289907,"Epiblast",FALSE,1771,FALSE
"B-S",NA,"Comp",0.0520161987626879,336.0041632538,0.000154808197193073,0.000154784235324649,"Exiting naïve pluripotency",FALSE,1669,FALSE
"B-S",NA,"Eya4",8.10065465089259e-05,133.440931298811,6.07059211296495e-07,6.07058842775832e-07,"Epiblast",FALSE,2795,FALSE
"B-S",NA,"D630033A02Rik",0.316000018486797,268.577898727392,0.00117656746882043,0.00117518478463297,"Exiting naïve pluripotency",FALSE,596,FALSE
"B-S",NA,"Chchd7",27.6967372008204,28734.701512564,0.000963877672044384,0.000962949506515747,"Epiblast",FALSE,680,FALSE
"B-S",NA,"4930405N21Rik",0.000300593789993218,113.279269669933,2.6535639827929e-06,2.65355694140978e-06,"Exiting naïve pluripotency",FALSE,2729,FALSE
"B-S",NA,"Opn3",0.0802750275440796,241.746412958618,0.000332062952089474,0.000331952722888357,"Epiblast",FALSE,1281,FALSE
"B-S",NA,"Sun3",0.00174950223737989,38.7977383377647,4.50928923265861e-05,4.50908590493341e-05,"Epiblast",FALSE,2217,FALSE
"B-S",NA,"Dpysl5",6.544810824164,3417.41687263596,0.00191513387686759,0.00191147314988352,"Epiblast",FALSE,401,TRUE
"B-S",NA,"Leng9",0.242141974990159,429.930136584271,0.000563212378908676,0.000562895349279932,"Epiblast",FALSE,966,FALSE
"B-S",NA,"Rasl2-9",0.000637138149955244,151.946238103783,4.19318146935671e-06,4.1931638866596e-06,"Epiblast",FALSE,2691,FALSE
"B-S",NA,"Acot9",2.9413692749315,5341.12576661173,0.00055070211851563,0.000550399012613355,"Exiting naïve pluripotency",FALSE,975,FALSE
"B-S",NA,"Sema6a",5.80722979603696,2861.06119573162,0.00202974679629387,0.00202563526959495,"Epiblast",FALSE,383,TRUE
"B-S",NA,"Smkr-ps",0.00130249778499397,31.2345094962705,4.17005999453744e-05,4.16988610778504e-05,"Epiblast",FALSE,2239,FALSE
"B-S",NA,"Lypd2",8.43980279772919,6482.24828348081,0.0013019869694342,0.00130029400358509,"Exiting naïve pluripotency",FALSE,560,FALSE
"B-S",NA,"Nsa2-ps1",0.410497547851618,1307.01515632195,0.000314072523081364,0.000313973912502483,"Exiting naïve pluripotency",FALSE,1316,FALSE
"B-S",NA,"Sostdc1",0.00132624988375417,33.3788163715138,3.97332808027916e-05,3.9731702131914e-05,"Epiblast",FALSE,2251,FALSE
"B-S",NA,"Car8",0.00810655289626181,324.579466321427,2.49755567970341e-05,2.49749330341756e-05,"Epiblast",FALSE,2405,FALSE
"B-S",NA,"Ahsa1",14.7873259681724,110402.670856772,0.000133939929654023,0.000133921992151815,"Epiblast",FALSE,1755,FALSE
"B-S",NA,"1700096K18Rik",2.7328044739615,331.95539626612,0.00823244479439245,0.00816522503009838,"Exiting naïve pluripotency",FALSE,90,TRUE
"B-S",NA,"Gata3",0.000437690535772031,19.4104026292465,2.25492764953028e-05,2.25487680368977e-05,"Epiblast",FALSE,2439,FALSE
"B-S",NA,"Abca1",1.43971189136233e-05,249.534037338959,5.76960124043787e-08,5.7696009075549e-08,"Exiting naïve pluripotency",FALSE,2840,FALSE
"B-S",NA,"Ltbp2",0.007236677653128,189.318445447526,3.82248947587826e-05,3.82234336720532e-05,"Epiblast",FALSE,2268,FALSE
"B-S",NA,"Tbca",35.4005464069455,110938.4202438,0.000319100869916378,0.000318999077033394,"Epiblast",FALSE,1300,FALSE
"B-S",NA,"AU040972",0.000585730581764611,22.1910614042733,2.63948880629846e-05,2.63941913912574e-05,"Epiblast",FALSE,2390,FALSE
"B-S",NA,"Mst1",0.0119623796991542,30.5586475243319,0.000391456450735569,0.000391303272545337,"Exiting naïve pluripotency",FALSE,1178,FALSE
"B-S",NA,"Olfr920",0.0160432395393215,116.762773371637,0.00013740029528297,0.000137381419035429,"Epiblast",FALSE,1740,FALSE
"B-S",NA,"Ttc30b",0.0181280949812416,121.942983357818,0.000148660418845488,0.000148638322210252,"Epiblast",FALSE,1693,FALSE
"B-S",NA,"Afap1",4.18243573983709,1997.86555068891,0.00209345205356531,0.00208907866753869,"Exiting naïve pluripotency",FALSE,373,TRUE
"B-S",NA,"Aqp6",0.014262667515344,232.150671713924,6.14371149996914e-05,6.14333407124732e-05,"Epiblast",FALSE,2093,FALSE
"B-S",NA,"Mmd",0.00732224250961854,354.253284446333,2.0669511987906e-05,2.06690847680106e-05,"Epiblast",FALSE,2469,FALSE
"B-S",NA,"Maf",0.00303225667206307,9.01005976740122,0.000336541238387108,0.000336428016485812,"Exiting naïve pluripotency",FALSE,1271,FALSE
"B-S",NA,"Rinl",2.25481301929819,1154.23940466134,0.00195350549478058,0.00194969675146344,"Exiting naïve pluripotency",FALSE,394,TRUE
"B-S",NA,"Cdk5rap2",8.73000986249983,25426.7428114132,0.000343339684805449,0.000343221843126012,"Epiblast",FALSE,1260,FALSE
"B-S",NA,"Plpp4",0.000356937788477343,114.19898656396,3.12557754860137e-06,3.12556777939689e-06,"Exiting naïve pluripotency",FALSE,2715,FALSE
"B-S",NA,"Gata4",0.0360517756015628,88.900964533511,0.000405527384216098,0.00040536299841969,"Exiting naïve pluripotency",FALSE,1158,FALSE
"B-S",NA,"Cep112",0.0264402396918361,429.476049274682,6.15639445703423e-05,6.15601546843915e-05,"Exiting naïve pluripotency",FALSE,2091,FALSE
"B-S",NA,"Col16a1",0.0338157080464216,302.225452077463,0.000111889014687467,0.000111876496936458,"Epiblast",FALSE,1827,FALSE
"B-S",NA,"Paqr6",0.0228574057219114,134.586327066311,0.000169834530892945,0.000169805692022898,"Epiblast",FALSE,1630,FALSE
"B-S",NA,"Kif27",0.000128060287955511,116.169448165658,1.10235771950037e-06,1.10235650430917e-06,"Exiting naïve pluripotency",FALSE,2776,FALSE
"B-S",NA,"F11r",0.343714110893223,10268.239963939,3.347351757461e-05,3.34723971357362e-05,"Epiblast",FALSE,2311,FALSE
"B-S",NA,"Flrt3",0.0519812286418218,190.35187973072,0.000273079670741139,0.000273005118593242,"Epiblast",FALSE,1388,FALSE
"B-S",NA,"Ryr3",2.81801928115441,854.660337051703,0.00329723886670072,0.00328640281161861,"Exiting naïve pluripotency",FALSE,262,TRUE
"B-S",NA,"Tmprss11d",0.117926789045851,75.0097926187528,0.00157215191415379,0.00156968413224067,"Exiting naïve pluripotency",FALSE,470,TRUE
"B-S",NA,"Ceacam20",0.594421486115305,451.540299819749,0.00131643064052664,0.00131469992925667,"Exiting naïve pluripotency",FALSE,551,FALSE
"B-S",NA,"Ppa1",226.210298291616,155200.456142633,0.00145753629798435,0.00145541497782554,"Epiblast",FALSE,498,TRUE
"B-S",NA,"Platr7",1.45666833448711,330.632213986984,0.00440570601672968,0.00438638091195422,"Exiting naïve pluripotency",FALSE,182,TRUE
"B-S",NA,"Obox6",0.00855808548679556,44.4793072728663,0.000192405997564091,0.000192368984617705,"Exiting naïve pluripotency",FALSE,1564,FALSE
"B-S",NA,"Aplp1",11.3140717620256,4409.92536820349,0.00256559257070481,0.00255902714966141,"Exiting naïve pluripotency",FALSE,319,TRUE
"B-S",NA,"Exoc6b",0.421479103507729,4419.26068042812,9.53732160165073e-05,9.53641208336108e-05,"Epiblast",FALSE,1898,FALSE
"B-S",NA,"Hrk",0.00675793862984286,567.776432815221,1.19024641377501e-05,1.19023224707838e-05,"Exiting naïve pluripotency",FALSE,2577,FALSE
"B-S",NA,"Tshz2",8.01968303702103e-05,68.741379070614,1.1666456427624e-06,1.16664428170193e-06,"Epiblast",FALSE,2772,FALSE
"B-S",NA,"Dnah2os",0.0249841127776299,116.538197753523,0.00021438561140675,0.000214339660067678,"Exiting naïve pluripotency",FALSE,1515,FALSE
"B-S",NA,"Ism1",0.00408123889253712,72.0393706705995,5.66528948621528e-05,5.66496854934766e-05,"Exiting naïve pluripotency",FALSE,2138,FALSE
"B-S",NA,"Chit1",0.000188835020179352,11.8040686636557,1.59974518583383e-05,1.59971959439663e-05,"Epiblast",FALSE,2526,FALSE
"B-S",NA,"Ablim3",0.00397297721434832,334.105827967426,1.18913735762061e-05,1.18912321731221e-05,"Exiting naïve pluripotency",FALSE,2578,FALSE
"B-S",NA,"Card11",0.00046619544123381,114.066746762495,4.08704074119431e-06,4.08702403736056e-06,"Exiting naïve pluripotency",FALSE,2694,FALSE
"B-S",NA,"Ramp2",4.00903238710386,23286.1618800628,0.000172163725724862,0.000172134090478521,"Epiblast",FALSE,1621,FALSE
"B-S",NA,"Chaf1a",43.2515322928199,31000.4813188443,0.00139518905683985,0.00139324521636049,"Epiblast",FALSE,521,FALSE
"B-S",NA,"Palm3",3.31422397787301,12376.9900426099,0.000267773018032918,0.000267701334838557,"Epiblast",FALSE,1397,FALSE
"B-S",NA,"Col6a1",0.00498516667674227,194.527301413187,2.56270798007601e-05,2.56264230703711e-05,"Epiblast",FALSE,2396,FALSE
"B-S",NA,"Ranbp3",5.01921016298522,10548.1149917443,0.000475839537861848,0.000475613222285954,"Exiting naïve pluripotency",FALSE,1071,FALSE
"B-S",NA,"Txnl4a",16.6132261768362,171820.452226458,9.66894567064697e-05,9.66801087592794e-05,"Epiblast",FALSE,1894,FALSE
"B-S",NA,"Ets2",2.29586404709881,3325.76178495959,0.000690327268020701,0.000689851045033442,"Epiblast",FALSE,851,FALSE
"B-S",NA,"Commd10",0.0845805133537463,1461.36113151137,5.78778999454237e-05,5.78745502879927e-05,"Exiting naïve pluripotency",FALSE,2121,FALSE
"B-S",NA,"Cyct",4.54698411362913,5612.77556194887,0.000810113296611191,0.000809457544291519,"Exiting naïve pluripotency",FALSE,771,FALSE
"B-S",NA,"AI504432",0.00109774073568383,160.673546141188,6.83211867819995e-06,6.83207200067322e-06,"Epiblast",FALSE,2648,FALSE
"B-S",NA,"Slc16a9",0.0255442401451206,119.193224335554,0.000214309498610494,0.000214263579890117,"Exiting naïve pluripotency",FALSE,1518,FALSE
"B-S",NA,"Akr1c13",0.000744011848846619,25.0033217261841,2.97565202333684e-05,2.97556348092192e-05,"Epiblast",FALSE,2350,FALSE
"B-S",NA,"Brd2",111.760035674674,79173.0983135994,0.00141159103350989,0.0014096012530203,"Epiblast",FALSE,515,FALSE
"B-S",NA,"Tbc1d16",0.735905053318156,3021.82256384218,0.000243530199993765,0.000243470907474975,"Epiblast",FALSE,1450,FALSE
"B-S",NA,"Il34",0.00529749485719196,66.4770242282504,7.96891094132446e-05,7.96827595650993e-05,"Epiblast",FALSE,1985,FALSE
"B-S",NA,"Ubap2l",33.870143380243,121659.810393669,0.000278400428791113,0.000278322943564282,"Epiblast",FALSE,1378,FALSE
"B-S",NA,"Fam43b",0.0104624903634687,94.2791913059924,0.000110973484376968,0.000110961170629233,"Epiblast",FALSE,1830,FALSE
"B-S",NA,"Zbtb44",2.64651819237584,5721.22682471164,0.000462578791832681,0.000462364911630473,"Epiblast",FALSE,1088,FALSE
"B-S",NA,"Agrp",0.204101522254413,145.177053051686,0.0014058800475978,0.0014039063237086,"Exiting naïve pluripotency",FALSE,516,FALSE
"B-S",NA,"Rai2",0.000585576267236347,107.854809456149,5.42930139313282e-06,5.42927191597925e-06,"Exiting naïve pluripotency",FALSE,2663,FALSE
"B-S",NA,"Slc44a4",0.036599688621613,1737.47636795623,2.10648554976692e-05,2.10644117788789e-05,"Exiting naïve pluripotency",FALSE,2464,FALSE
"B-S",NA,"Smim41",0.00246369839982613,86.1617578254747,2.85938734538876e-05,2.85930558676664e-05,"Exiting naïve pluripotency",FALSE,2370,FALSE
"B-S",NA,"Slc25a33",0.114850814824861,10882.5637237136,1.05536542436775e-05,1.05535428652351e-05,"Exiting naïve pluripotency",FALSE,2593,FALSE
"B-S",NA,"Robo2",0.00230472252283119,40.233917207425,5.72830756435981e-05,5.7279794480798e-05,"Epiblast",FALSE,2131,FALSE
"B-S",NA,"Tcp11x2",0.00535834849388807,477.644250042092,1.12182832587556e-05,1.12181574102881e-05,"Exiting naïve pluripotency",FALSE,2583,FALSE
"B-S",NA,"Golgb1",11.4207522384558,34267.6741533783,0.00033328063606937,0.000333169597094132,"Epiblast",FALSE,1276,FALSE
"B-S",NA,"Plch1",3.27454503795636,2998.30630443956,0.00109213159212845,0.00109094014193433,"Epiblast",FALSE,626,FALSE
"B-S",NA,"Robo4",0.000685730342766662,87.114124897293,7.87163210989186e-06,7.87157014778753e-06,"Epiblast",FALSE,2628,FALSE
"B-S",NA,"Tigar",5.93850577245711,7716.98816514952,0.000769536721499177,0.000768944990092488,"Exiting naïve pluripotency",FALSE,795,FALSE
"B-S",NA,"Gdpd5",0.0172211925110157,119.762989594905,0.000143793943097663,0.000143773269372348,"Epiblast",FALSE,1710,FALSE
"B-S",NA,"Adcy6",0.107561728967219,435.831372909763,0.000246796664152697,0.000246735770587589,"Epiblast",FALSE,1446,FALSE
"B-S",NA,"Nptx1",0.011777239289977,99.5626334069904,0.000118289752761302,0.000118275761950663,"Epiblast",FALSE,1801,FALSE
"B-S",NA,"Lpar3",0.00524212280953629,66.6385409587588,7.86650297877999e-05,7.8658842087644e-05,"Epiblast",FALSE,1991,FALSE
"B-S",NA,"Pros1",0.0246025626617698,546.205204089159,4.50427100979321e-05,4.50406813435797e-05,"Epiblast",FALSE,2218,FALSE
"B-S",NA,"Bcat2",0.835761041872538,3514.05541904835,0.000237833768170586,0.000237777216719149,"Exiting naïve pluripotency",FALSE,1460,FALSE
"B-S",NA,"Dnah1",8.1397612494699e-05,134.870360503454,6.03524838154593e-07,6.03524473912583e-07,"Exiting naïve pluripotency",FALSE,2796,FALSE
"B-S",NA,"Aff1",0.830226490998334,3499.68458362388,0.000237228947683807,0.000237172683457691,"Exiting naïve pluripotency",FALSE,1462,FALSE
"B-S",NA,"Apoa1",0.0027726282548289,91.2096672340857,3.03984033590767e-05,3.03974793242391e-05,"Exiting naïve pluripotency",FALSE,2337,FALSE
"B-S",NA,"Best2",0.00312544338568963,56.131849705956,5.56803918285629e-05,5.56772916951454e-05,"Epiblast",FALSE,2145,FALSE
"B-S",NA,"Clps",0.0353695173396208,25.6363657522175,0.00137966191001786,0.00137776106555461,"Exiting naïve pluripotency",FALSE,530,FALSE
"B-S",NA,"Pycrl",1.24245609069387,3105.02931353203,0.000400143111460855,0.000399983060994297,"Epiblast",FALSE,1167,FALSE
"B-S",NA,"Vax2",0.506039918360695,145.508609338743,0.00347773180336456,0.00346567910093498,"Exiting naïve pluripotency",FALSE,246,TRUE
"B-S",NA,"B3galt2",0.000668695439771538,374.437242287151,1.78586786850311e-06,1.78586467918476e-06,"Exiting naïve pluripotency",FALSE,2753,FALSE
"B-S",NA,"Dync1li1",19.0254889700861,3457.27498632009,0.00550303028985748,0.00547291268557501,"Exiting naïve pluripotency",FALSE,135,TRUE
"B-S",NA,"4930465K10Rik",0.0948381702447783,121.403913353632,0.000781178856801169,0.000780569092729656,"Exiting naïve pluripotency",FALSE,788,FALSE
"B-S",NA,"Mir205hg",0.109452181858614,307.40022145056,0.000356057589490765,0.00035593085760758,"Epiblast",FALSE,1242,FALSE
"B-S",NA,"Sh3glb1",3.6194800804828,3528.01323690912,0.00102592587879682,0.00102487443359288,"Epiblast",FALSE,653,FALSE
"B-S",NA,"Tcfl5",2.46961866098487,3165.87221673253,0.000780075281602409,0.000779467238476854,"Epiblast",FALSE,790,FALSE
"B-S",NA,"Ptov1",2.29592265548852e-06,3921.61606506716,5.85453195161062e-10,5.85453194818306e-10,"Epiblast",FALSE,2853,FALSE
"B-S",NA,"Serp1",0.480056098139131,3537.20262018662,0.000135716313054694,0.000135697896636473,"Epiblast",FALSE,1747,FALSE
"B-S",NA,"Adgre5",0.488456290058148,343.167884469686,0.00142337413308061,0.00142135101880642,"Exiting naïve pluripotency",FALSE,509,FALSE
"B-S",NA,"F5",0.0171350899717523,132.284852360393,0.000129531761694604,0.000129514985390381,"Epiblast",FALSE,1767,FALSE
"B-S",NA,"Bola2",0.193331807767956,3607.50645029735,5.3591534881946e-05,5.35886629832445e-05,"Exiting naïve pluripotency",FALSE,2165,FALSE
"B-S",NA,"Amdhd2",4.65044359974427,3095.94657707193,0.00150210718562933,0.00149985424379233,"Exiting naïve pluripotency",FALSE,487,TRUE
"B-S",NA,"Aoc1",0.0186643781181684,129.597866430485,0.000144017634180574,0.00014399689608827,"Epiblast",FALSE,1709,FALSE
"B-S",NA,"Ildr1",0.000412716119727345,1563.33636614809,2.63997005803836e-07,2.63996936109435e-07,"Epiblast",FALSE,2819,FALSE
"B-S",NA,"Dek",2.59809611448287,3619.0423160639,0.000717896030933559,0.000717381025942368,"Epiblast",FALSE,830,FALSE
"B-S",NA,"Tmem208",7.10380649618229,3864.83372436722,0.00183806264455669,0.00183469036872561,"Epiblast",FALSE,412,TRUE
"B-S",NA,"G2e3",8.9584232412768,3646.41218476961,0.00245677745338129,0.00245075649009271,"Epiblast",FALSE,331,TRUE
"B-S",NA,"Gria3",0.0537330837872875,226.307159417516,0.000237434307980309,0.000237377946311897,"Epiblast",FALSE,1461,FALSE
"B-S",NA,"Slitrk4",0.0286999767503694,286.452228521215,0.000100191144954712,0.00010018110769483,"Epiblast",FALSE,1880,FALSE
"B-S",NA,"Bclaf3",3.25008450682193,3175.52425713622,0.00102347966623721,0.00102243322661967,"Exiting naïve pluripotency",FALSE,657,FALSE
"B-S",NA,"Cox4i2",0.861217898332428,974.078810420205,0.000884135748688456,0.000883354743181236,"Epiblast",FALSE,715,FALSE
"B-S",NA,"Gdi2",1.09456396206029,3437.92069737968,0.000318379642350256,0.000318278309016064,"Epiblast",FALSE,1303,FALSE
"B-S",NA,"Cort",0.0118993680359391,110.188364361674,0.000107991148655964,0.000107979487827043,"Epiblast",FALSE,1840,FALSE
"B-S",NA,"Ptpn14",0.0372582533803313,3528.17302296918,1.05602115139399e-05,1.05600999970503e-05,"Exiting naïve pluripotency",FALSE,2592,FALSE
"B-S",NA,"Cd109",0.326909079693538,407.813940338848,0.000801613302924153,0.000800971233727938,"Exiting naïve pluripotency",FALSE,775,FALSE
"B-S",NA,"Pbx2",3.84301167140372,3181.55148584566,0.00120790491321634,0.00120644763918543,"Epiblast",FALSE,589,FALSE
"B-S",NA,"Bola3",1.78422168307582,3247.42108293768,0.000549427264745655,0.000549125560191117,"Epiblast",FALSE,977,FALSE
"B-S",NA,"Dscaml1",0.0469147478024153,605.312033883079,7.75050637957039e-05,7.74990572263294e-05,"Exiting naïve pluripotency",FALSE,1995,FALSE
"B-S",NA,"Atp13a4",0.00495361731281222,71.2109965398865,6.9562533225295e-05,6.95576946158522e-05,"Exiting naïve pluripotency",FALSE,2043,FALSE
"SBR",NA,"Zscan4-ps2",0.0111424826167423,491.459573417108,2.26722262001508e-05,2.26717121819639e-05,"Epiblast",FALSE,2709,FALSE
"SBR",NA,"Trh",1709.00176073024,81153.405216232,0.0210589038892038,0.0206245729888752,"Naïve pluripotency",FALSE,107,TRUE
"SBR",NA,"Dppa5a",745.65222209515,150524.69408691,0.00495368701207674,0.00492926895646805,"Naïve pluripotency",FALSE,359,TRUE
"SBR",NA,"Zscan4c",0.000160626223679544,1.41832189256952,0.000113250894963303,0.000113238070650458,"Exiting naïve pluripotency",FALSE,2187,FALSE
"SBR",NA,"AF067061",0.00412803520410283,193.079950644138,2.13799267626245e-05,2.13794696711287e-05,"Epiblast",FALSE,2714,FALSE
"SBR",NA,"Rhox5",231.262217796853,155294.27578026,0.00148918700727957,0.00148697262696331,"Epiblast",FALSE,798,FALSE
"SBR",NA,"Zscan4d",0.00129359411425108,166.204545967485,7.78314520051783e-06,7.7830846236401e-06,"Epiblast",FALSE,2766,FALSE
"SBR",NA,"Sprr2a1",0.000643503221616247,5.8473793554999,0.000110049850111227,0.000110037740474381,"Epiblast",FALSE,2205,FALSE
"SBR",NA,"Gapdh",45.4922656179144,179540.64033504,0.000253381437946425,0.000253317252056843,"Exiting naïve pluripotency",FALSE,1756,FALSE
"SBR",NA,"Sprr2a2",0.000675311976088824,5.84124249195317,0.000115611015467878,0.000115597651106048,"Epiblast",FALSE,2173,FALSE
"SBR",NA,"Kxd1",160.369692041532,176213.05750178,0.00091008971931556,0.000909262209126872,"Naïve pluripotency",FALSE,1073,FALSE
"SBR",NA,"Eif4a3l1",0.0388335211735098,365.323154360822,0.0001062990963205,0.00010628779802362,"Epiblast",FALSE,2215,FALSE
"SBR",NA,"Lefty1",315.302143181736,61028.3395886229,0.00516648732879038,0.00513993193557439,"Exiting naïve pluripotency",FALSE,348,TRUE
"SBR",NA,"Uba52",79.0911315453026,218996.452456965,0.000361152569632811,0.000361022185542808,"Naïve pluripotency",FALSE,1577,FALSE
"SBR",NA,"Zscan4a",0.000744928197663004,179.763437123848,4.14393610614924e-06,4.14391893401395e-06,"Epiblast",FALSE,2780,FALSE
"SBR",NA,"Zscan4-ps3",0.0012621638129581,189.481676356113,6.66113915197784e-06,6.6610947814986e-06,"Epiblast",FALSE,2770,FALSE
"SBR",NA,"Hspb1",5358.84655120686,49490.2941208833,0.108280757801066,0.0977015589586748,"Naïve pluripotency",FALSE,14,TRUE
"SBR",NA,"Malat1",8.4026187939443,152479.978167162,5.51063745873089e-05,5.51033380421217e-05,"Naïve pluripotency",FALSE,2498,FALSE
"SBR",NA,"Mt1",375.131647112006,172128.298202676,0.00217937231140402,0.00217463297650755,"Exiting naïve pluripotency",FALSE,622,FALSE
"SBR",NA,"Gpx4",4332.57205032662,159289.261652312,0.0271993981602069,0.0264791803898281,"Naïve pluripotency",FALSE,78,TRUE
"SBR",NA,"Tmem92",0.00686274097430152,259.291816226254,2.64672486551338e-05,2.64665481584227e-05,"Epiblast",FALSE,2691,FALSE
"SBR",NA,"BC061212",0.00387037885963852,210.332860603404,1.84012086772136e-05,1.84008700789635e-05,"Epiblast",FALSE,2730,FALSE
"SBR",NA,"Zscan4-ps1",7.00217224251697e-05,25.5627280865947,2.73921164392034e-06,2.73920414066046e-06,"Epiblast",FALSE,2786,FALSE
"SBR",NA,"Fth1",102.219212195973,145713.125417984,0.000701509983419494,0.000701018212145115,"Epiblast",FALSE,1193,FALSE
"SBR",NA,"Sprr2a3",0.000538100440986325,12.276557232139,4.38315425742993e-05,4.38296214543805e-05,"Epiblast",FALSE,2571,FALSE
"SBR",NA,"Sp110",0.114179519132845,54.74447274686,0.0020856812277801,0.00208134021556388,"Naïve pluripotency",FALSE,639,FALSE
"SBR",NA,"Spp1",1310.69951457499,36615.0012700323,0.0357967900890868,0.0345596650149958,"Naïve pluripotency",FALSE,56,TRUE
"SBR",NA,"Usp17lc",0.000889164373867791,43.1989097863271,2.05830280964456e-05,2.05826044441201e-05,"Epiblast",FALSE,2718,FALSE
"SBR",NA,"Apoe",2291.39976300608,54543.8714395249,0.0420102149431517,0.0403165097046996,"Naïve pluripotency",FALSE,42,TRUE
"SBR",NA,"Sox17",0.0947484570796062,133.759032517185,0.000708351842089116,0.00070785043492961,"Exiting naïve pluripotency",FALSE,1186,FALSE
"SBR",NA,"4931428L18Rik",0.00965170755511037,222.551071270013,4.33685063838687e-05,4.33666256380878e-05,"Epiblast",FALSE,2576,FALSE
"SBR",NA,"Ftl1-ps1",20.4062643861765,74354.7878442933,0.000274444524391749,0.000274369225260215,"Epiblast",FALSE,1719,FALSE
"SBR",NA,"Fgf8",10.7342387023057,7249.58984385909,0.00148066841483431,0.00147847927726647,"Epiblast",FALSE,803,FALSE
"SBR",NA,"Klf2",4163.3306960881,21751.19144507,0.191407018167354,0.160656278877541,"Naïve pluripotency",FALSE,5,TRUE
"SBR",NA,"BB287469",0.0160746171281988,196.729238056648,8.170934471657e-05,8.17026688450371e-05,"Naïve pluripotency",FALSE,2337,FALSE
"SBR",NA,"Spesp1",0.000401483348261349,13.900095402711,2.88834958775208e-05,2.88826616452822e-05,"Epiblast",FALSE,2675,FALSE
"SBR",NA,"Peg3",93.796062344281,77513.2582916438,0.00121006476068098,0.00120860227365994,"Epiblast",FALSE,920,FALSE
"SBR",NA,"Mylpf",130.697206397615,3520.04471266747,0.0371294165461249,0.0358001768668121,"Naïve pluripotency",FALSE,51,TRUE
"SBR",NA,"Eif4a3l2",0.02323971252394,54.6106693339269,0.000425552603683294,0.000425371585697467,"Epiblast",FALSE,1498,FALSE
"SBR",NA,"Gstp2",1911.70639316959,86992.1921376818,0.0219756089160732,0.0215030659482969,"Naïve pluripotency",FALSE,102,TRUE
"SBR",NA,"Hsp90aa1",3.20533149790829,142977.60982201,2.24184157358522e-05,2.2417913161755e-05,"Naïve pluripotency",FALSE,2711,FALSE
"SBR",NA,"BC080695",0.00283202003449363,187.502485782055,1.5103906610526e-05,1.51036784859767e-05,"Naïve pluripotency",FALSE,2745,FALSE
"SBR",NA,"Dnmt3b",318.269815349122,168267.585143169,0.00189145054336119,0.00188787971225364,"Epiblast",FALSE,684,FALSE
"SBR",NA,"Usp17la",0.00494094593951729,85.7601972284055,5.76135095207168e-05,5.7610190395464e-05,"Epiblast",FALSE,2485,FALSE
"SBR",NA,"Ube2s",95.3242588253331,182253.736063034,0.000523030478740717,0.000522757060864908,"Exiting naïve pluripotency",FALSE,1365,FALSE
"SBR",NA,"Mesp1",0.000578735513487487,16.6357270280594,3.47887118195277e-05,3.47875016071594e-05,"Epiblast",FALSE,2642,FALSE
"SBR",NA,"Ube2c",196.478466834838,163040.692176804,0.00120508852245165,0.00120363803207401,"Exiting naïve pluripotency",FALSE,921,FALSE
"SBR",NA,"Zfp42",2332.92268864633,8389.72972487797,0.278068872913575,0.217569552632691,"Naïve pluripotency",FALSE,3,TRUE
"SBR",NA,"Gstp1",290.008489518719,178183.534730982,0.00162758298602936,0.00162493826415727,"Exiting naïve pluripotency",FALSE,742,FALSE
"SBR",NA,"Krt8",36.9543481042221,16437.9517996687,0.00224811147730503,0.0022430688085721,"Epiblast",FALSE,611,FALSE
"SBR",NA,"Pou3f1",833.326019363431,155026.915271813,0.00537536348383336,0.00534662343943521,"Epiblast",FALSE,341,TRUE
"SBR",NA,"Lefty2",171.785266843523,7509.5808421533,0.0228754800639799,0.0223638952246163,"Exiting naïve pluripotency",FALSE,98,TRUE
"SBR",NA,"Fabp3",17.5279046398329,3094.05656736887,0.00566502397683643,0.0056331122608147,"Naïve pluripotency",FALSE,330,TRUE
"SBR",NA,"Hspa8",29.0997684532997,152294.792892366,0.000191075268567231,0.000191038765783753,"Naïve pluripotency",FALSE,1922,FALSE
"SBR",NA,"Mif-ps",0.168091275983078,1333.75014611383,0.0001260290590954,0.000126013177773172,"Epiblast",FALSE,2134,FALSE
"SBR",NA,"Chchd10",538.999554791417,169269.553408088,0.00318426760122629,0.00317416022565863,"Naïve pluripotency",FALSE,497,TRUE
"SBR",NA,"Olfr1388",0.667408925359198,3584.50746650319,0.000186192644762512,0.000186157983515217,"Exiting naïve pluripotency",FALSE,1936,FALSE
"SBR",NA,"Ifitm1",4797.73266207695,86520.1553200908,0.05545219659312,0.0525388044784154,"Naïve pluripotency",FALSE,30,TRUE
"SBR",NA,"Arg2",0.104067342801714,456.988204883378,0.000227724351940926,0.000227672505367186,"Epiblast",FALSE,1812,FALSE
"SBR",NA,"H1f5",97.6798354498015,43717.1492528838,0.00223435967621695,0.00222937844292106,"Epiblast",FALSE,612,FALSE
"SBR",NA,"Upp1",5407.21246311057,51999.2945533118,0.103986265766873,0.0941916299064098,"Naïve pluripotency",FALSE,15,TRUE
"SBR",NA,"Dcc",0.00041238377465242,13.874686774403,2.9722024097381e-05,2.97211407249202e-05,"Epiblast",FALSE,2666,FALSE
"SBR",NA,"T",0.00561689386934903,74.7834483531509,7.51087840029025e-05,7.51031430971497e-05,"Exiting naïve pluripotency",FALSE,2368,FALSE
"SBR",NA,"Rbp1",7.53373760579079,4653.02338224938,0.00161910589887232,0.00161648863259183,"Epiblast",FALSE,748,FALSE
"SBR",NA,"Dynlt1a",13.648222289269,68878.1471604701,0.000198150253047193,0.000198110997302946,"Exiting naïve pluripotency",FALSE,1897,FALSE
"SBR",NA,"Meg3",64.1648883943628,173430.004920604,0.000369975705321218,0.000369838873922983,"Epiblast",FALSE,1570,FALSE
"SBR",NA,"Fst",51.7729529819735,19728.1142093994,0.0026243234620624,0.00261745441503016,"Epiblast",FALSE,556,FALSE
"SBR",NA,"Tdh",3474.39894128092,53891.8688935557,0.0644698172955063,0.0605651905277169,"Naïve pluripotency",FALSE,26,TRUE
"SBR",NA,"Ptma",15.5707779405336,109143.24346555,0.000142663690816999,0.000142643340791531,"Epiblast",FALSE,2074,FALSE
"SBR",NA,"Mkrn1",19.5560180581141,170620.654449124,0.000114616944362649,0.00011460380882427,"Exiting naïve pluripotency",FALSE,2182,FALSE
"SBR",NA,"Dynlt1c",263.520462051392,177071.406619444,0.00148821578301313,0.00148600428797813,"Exiting naïve pluripotency",FALSE,799,FALSE
"SBR",NA,"Rbm3",189.062426549837,136792.436678938,0.00138211169520711,0.00138020409898013,"Exiting naïve pluripotency",FALSE,842,FALSE
"SBR",NA,"Eef1a1",78.7343929541329,121556.486646428,0.000647718563824144,0.000647299296053739,"Naïve pluripotency",FALSE,1247,FALSE
"SBR",NA,"Trap1a",2131.44685736117,33983.1995823381,0.0627206055803213,0.0590189041700865,"Naïve pluripotency",FALSE,27,TRUE
"SBR",NA,"Hspe1-rs1",0.0825309030370273,546.761726140597,0.000150944916389054,0.000150922135459936,"Epiblast",FALSE,2038,FALSE
"SBR",NA,"Inpp4b",0.00496348340784742,70.0640998306857,7.08420349343243e-05,7.08370166959129e-05,"Epiblast",FALSE,2388,FALSE
"SBR",NA,"Utf1",55.1905302958662,171798.35255263,0.000321251801753795,0.000321148632177078,"Naïve pluripotency",FALSE,1653,FALSE
"SBR",NA,"Aqp3",3.35955462641195,473.767805267198,0.00709114167121849,0.00704121144333679,"Naïve pluripotency",FALSE,284,TRUE
"SBR",NA,"Tdgf1",3326.95408330528,91547.9284231614,0.0363411181509987,0.0350667531322478,"Naïve pluripotency",FALSE,53,TRUE
"SBR",NA,"Prdx1",5.61701644821391,141075.184039543,3.98157655186151e-05,3.98141802865485e-05,"Naïve pluripotency",FALSE,2606,FALSE
"SBR",NA,"Gadd45g",29.7763135963292,36792.2364874037,0.000809309692454372,0.000808655239930842,"Naïve pluripotency",FALSE,1126,FALSE
"SBR",NA,"Tuba1a",116.835909089468,187702.947592083,0.000622451115383527,0.00062206391100828,"Epiblast",FALSE,1272,FALSE
"SBR",NA,"1700013H16Rik",65.7262268462855,31968.6666070663,0.00205595771804125,0.00205173942852776,"Naïve pluripotency",FALSE,642,FALSE
"SBR",NA,"Defa30",0.00881241331055915,122.888025520146,7.17109195404437e-05,7.17057774532061e-05,"Exiting naïve pluripotency",FALSE,2383,FALSE
"SBR",NA,"Pou5f1",65.0447930326499,179663.207192307,0.00036203735895145,0.000361906335337617,"Naïve pluripotency",FALSE,1576,FALSE
"SBR",NA,"Dkk1",0.0717698336212173,300.752352773059,0.000238634321425818,0.000238577388672565,"Epiblast",FALSE,1792,FALSE
"SBR",NA,"Cdx2",0.00840535816856269,60.9633687752248,0.000137875552769298,0.000137856545721854,"Epiblast",FALSE,2091,FALSE
"SBR",NA,"Sdc4",13.4245975912411,118876.612380012,0.000112928837072903,0.000112916085590671,"Exiting naïve pluripotency",FALSE,2188,FALSE
"SBR",NA,"Zscan4e",0.000160389159648717,7.04566998300228,2.27642168928799e-05,2.27636986951055e-05,"Epiblast",FALSE,2708,FALSE
"SBR",NA,"Cdkn1c",2.07792552400599,6216.12889216215,0.00033427967148912,0.000334167965931247,"Naïve pluripotency",FALSE,1630,FALSE
"SBR",NA,"Krt18",137.869903668592,32699.5494986134,0.00421626309177252,0.00419856085460269,"Exiting naïve pluripotency",FALSE,406,TRUE
"SBR",NA,"Calcoco2",0.504640758669319,383.154589001301,0.00131706828824541,0.00131533590104176,"Naïve pluripotency",FALSE,862,FALSE
"SBR",NA,"Mixl1",0.00560899809071476,115.979451848877,4.83619986238887e-05,4.83596598540853e-05,"Exiting naïve pluripotency",FALSE,2539,FALSE
"SBR",NA,"Foxq1",0.338664469821418,363.666927553992,0.000931249019808482,0.000930382601922395,"Exiting naïve pluripotency",FALSE,1059,FALSE
"SBR",NA,"H19",0.398997655684013,128.156645070691,0.00311335908851178,0.00310369616783965,"Exiting naïve pluripotency",FALSE,508,FALSE
"SBR",NA,"Lgals4",0.00744250823783403,123.288513312859,6.03665989462281e-05,6.036295503993e-05,"Epiblast",FALSE,2464,FALSE
"SBR",NA,"Nupr1",770.455726589146,79029.0068612096,0.00974902453148901,0.00965489868733712,"Exiting naïve pluripotency",FALSE,211,TRUE
"SBR",NA,"Stmn2",1428.4341717385,20541.6275566081,0.0695385099258596,0.0650173035197021,"Naïve pluripotency",FALSE,21,TRUE
"SBR",NA,"Id3",169.396795660786,56896.7819037914,0.00297726496987518,0.00296842717562956,"Epiblast",FALSE,518,FALSE
"SBR",NA,"Morc1",2437.99483162163,16060.2414213051,0.151803124726845,0.131796069543435,"Naïve pluripotency",FALSE,9,TRUE
"SBR",NA,"Rspo3",0.0125715862126839,149.696301718283,8.39806065238854e-05,8.39735543738571e-05,"Epiblast",FALSE,2325,FALSE
"SBR",NA,"Dynlt1b",35.4521369208301,186214.931866519,0.000190382890166093,0.000190346651420463,"Naïve pluripotency",FALSE,1926,FALSE
"SBR",NA,"Actb",10.1256173016823,148049.851814049,6.83932957555408e-05,6.8388618432534e-05,"Naïve pluripotency",FALSE,2402,FALSE
"SBR",NA,"Mt2",897.305230097358,106894.934475112,0.00839427269873369,0.00832439545324704,"Exiting naïve pluripotency",FALSE,238,TRUE
"SBR",NA,"Cyp26a1",0.000580748062559756,16.6659090939431,3.48464676775908e-05,3.4845253443593e-05,"Epiblast",FALSE,2641,FALSE
"SBR",NA,"Sept1",2030.46212955205,13233.0514657899,0.153438693622647,0.133027177318576,"Naïve pluripotency",FALSE,8,TRUE
"SBR",NA,"Tmsb10",49.1705073130322,170604.785464899,0.000288212943025263,0.000288129900258736,"Naïve pluripotency",FALSE,1697,FALSE
"SBR",NA,"Actg1",9.57229004292666,154587.803291402,6.19213795598262e-05,6.19175455399874e-05,"Epiblast",FALSE,2455,FALSE
"SBR",NA,"Phlda2",0.428381618291672,9770.06934228446,4.38463232228715e-05,4.38444008071022e-05,"Exiting naïve pluripotency",FALSE,2570,FALSE
"SBR",NA,"Cntnap3",0.0708346539441198,47.2037622225385,0.0015006145825872,0.00149836611254865,"Naïve pluripotency",FALSE,793,FALSE
"SBR",NA,"Gpx2",545.729894006287,43890.9797145401,0.0124337596826416,0.0122810599347646,"Exiting naïve pluripotency",FALSE,180,TRUE
"SBR",NA,"Ftl1-ps2",4.07501317186669,8173.39505775847,0.000498570440198965,0.00049832199158426,"Exiting naïve pluripotency",FALSE,1397,FALSE
"SBR",NA,"Ldha",83.7162322245675,156790.268475571,0.000533937680179501,0.00053365274287195,"Epiblast",FALSE,1356,FALSE
"SBR",NA,"Sp5",0.00277957147883018,36.0207760457438,7.71657855261175e-05,7.71598314271144e-05,"Epiblast",FALSE,2358,FALSE
"SBR",NA,"G3bp2",116.571218230505,171841.31482985,0.000678365492873058,0.000677905625089572,"Epiblast",FALSE,1214,FALSE
"SBR",NA,"Id1",10.9833274210251,2544.61764113743,0.00431629775863522,0.00429774740116041,"Naïve pluripotency",FALSE,398,TRUE
"SBR",NA,"Uba52-ps",0.0539736592783874,1055.39866906895,5.114054135202e-05,5.11379261307941e-05,"Exiting naïve pluripotency",FALSE,2526,FALSE
"SBR",NA,"Fbxo15",931.776057138053,4930.38820202025,0.188986347313636,0.158947449430876,"Naïve pluripotency",FALSE,6,TRUE
"SBR",NA,"Gpx4-ps2",53.5083885118305,14535.6043518693,0.0036811946181618,0.00366769312596543,"Epiblast",FALSE,452,TRUE
"SBR",NA,"Ldhb",2356.20497442418,121905.495514706,0.0193281276161988,0.018961634720509,"Naïve pluripotency",FALSE,123,TRUE
"SBR",NA,"Zfp560",1.62131061680158,3027.59942070145,0.00053551028108796,0.000535223663313574,"Epiblast",FALSE,1351,FALSE
"SBR",NA,"Ifitm3",895.92545985004,128732.529467461,0.00695958871899969,0.00691148760781285,"Naïve pluripotency",FALSE,286,TRUE
"SBR",NA,"Mdk",2.99534340808475,168992.252352627,1.77247380657104e-05,1.77244239049393e-05,"Exiting naïve pluripotency",FALSE,2734,FALSE
"SBR",NA,"Gnas",24.0163173572554,100569.458034259,0.000238803289056944,0.000238746275661066,"Exiting naïve pluripotency",FALSE,1791,FALSE
"SBR",NA,"Nudc-ps1",7.88872078874657,6141.47793626567,0.00128449875919335,0.00128285093875429,"Naïve pluripotency",FALSE,877,FALSE
"SBR",NA,"Tmsb4x",1156.87327608722,112449.374251105,0.0102879476545941,0.0101831835948135,"Naïve pluripotency",FALSE,203,TRUE
"SBR",NA,"Snrpn",55.2414949195241,159560.580233918,0.000346210165684654,0.000346090345688731,"Epiblast",FALSE,1611,FALSE
"SBR",NA,"Lhx1",0.00971496219272728,66.320143841198,0.00014648584321514,0.000146464388255726,"Epiblast",FALSE,2060,FALSE
"SBR",NA,"Nat8f2",0.0001353179007343,4.70312866941676,2.87718900004242e-05,2.87710622025873e-05,"Epiblast",FALSE,2676,FALSE
"SBR",NA,"Ccnd2",15.9309050848726,1735.7524340336,0.00917809750544424,0.00909462613995616,"Naïve pluripotency",FALSE,219,TRUE
"SBR",NA,"Hmgb3",207.641745415013,24511.261260529,0.00847127951548472,0.00840011975309273,"Exiting naïve pluripotency",FALSE,237,TRUE
"SBR",NA,"Slc2a3",89.2851995863926,4123.85307042846,0.0216509167668081,0.021192088619982,"Naïve pluripotency",FALSE,103,TRUE
"SBR",NA,"Usp17le",0.0223574833451626,162.084861896763,0.000137936899742079,0.000137917875777876,"Exiting naïve pluripotency",FALSE,2089,FALSE
"SBR",NA,"Ooep",2485.06733393203,18530.7305076522,0.134105200704626,0.118247584634393,"Naïve pluripotency",FALSE,12,TRUE
"SBR",NA,"Kcnq1ot1",62.0569542677998,94752.107448634,0.000654940095147134,0.000654511429369308,"Naïve pluripotency",FALSE,1237,FALSE
"SBR",NA,"L1td1",223.210749964644,138794.025796396,0.00160821583410285,0.00160563362867745,"Naïve pluripotency",FALSE,750,FALSE
"SBR",NA,"Cdkn1a",7.56128426793668,62840.9192035288,0.000120324214918742,0.00012030973874388,"Naïve pluripotency",FALSE,2152,FALSE
"SBR",NA,"Tcf15",160.676355356286,10260.7454742443,0.0156593257049015,0.0154178919137413,"Naïve pluripotency",FALSE,147,TRUE
"SBR",NA,"Rbmxl2",2013.22081060403,71796.3053357321,0.0280407299677868,0.0272758939897891,"Naïve pluripotency",FALSE,76,TRUE
"SBR",NA,"Sumo1",0.355078164361466,84277.9836662361,4.21317820995425e-06,4.21316045915841e-06,"Naïve pluripotency",FALSE,2779,FALSE
"SBR",NA,"Grsf1",6.30570430271197,9810.04944392512,0.000642780073510923,0.000642367172692439,"Exiting naïve pluripotency",FALSE,1253,FALSE
"SBR",NA,"Mymx",532.312239796782,1665.49760443481,0.319611531340163,0.242201226459104,"Naïve pluripotency",FALSE,1,TRUE
"SBR",NA,"Ckb",13.7847670837986,10726.4712978358,0.00128511667080858,0.00128346726562909,"Naïve pluripotency",FALSE,876,FALSE
"SBR",NA,"Ddit4l",32.7871447304333,23826.4963898897,0.00137607914289681,0.00137418815124346,"Epiblast",FALSE,845,FALSE
"SBR",NA,"Foxa2",0.204584034492599,399.920574591335,0.000511561663716994,0.000511300102186061,"Epiblast",FALSE,1379,FALSE
"SBR",NA,"Hes7",0.00525818140414967,55.4437480016361,9.48381304235512e-05,9.48291370054879e-05,"Epiblast",FALSE,2274,FALSE
"SBR",NA,"Dppa3",25.2399855171872,1040.59267182523,0.0242553942580775,0.0236810022129753,"Naïve pluripotency",FALSE,90,TRUE
"SBR",NA,"Gsc",0.0116659974720737,162.154639976803,7.19436549810885e-05,7.1938479463942e-05,"Epiblast",FALSE,2382,FALSE
"SBR",NA,"Hoxb1",0.00195674517468176,30.5127899302696,6.41286876471632e-05,6.41245754222954e-05,"Epiblast",FALSE,2436,FALSE
"SBR",NA,"Rasgrp2",240.989422210377,99281.7486786733,0.0024273285414255,0.00242145088458169,"Epiblast",FALSE,585,FALSE
"SBR",NA,"Gclm",160.076273326787,169408.795859519,0.000944911227983278,0.000944019213628888,"Exiting naïve pluripotency",FALSE,1047,FALSE
"SBR",NA,"Slc2a1",231.662603578385,160324.113769313,0.0014449641924216,0.00144287928352293,"Epiblast",FALSE,816,FALSE
"SBR",NA,"Hsp90ab1",8.27653573199053,137802.223122527,6.006097394112e-05,6.00573668371754e-05,"Naïve pluripotency",FALSE,2465,FALSE
"SBR",NA,"Fgfbp1",6.70250203069628,1095.51987343921,0.00611810172795392,0.00608089817432606,"Naïve pluripotency",FALSE,316,TRUE
"SBR",NA,"Dynlt1f",135.924359987164,138486.923463553,0.000981495989568548,0.000980533599772734,"Exiting naïve pluripotency",FALSE,1029,FALSE
"SBR",NA,"Cox6c2",0.0586833702809252,805.482589250614,7.28549208438157e-05,7.28496133909986e-05,"Naïve pluripotency",FALSE,2380,FALSE
"SBR",NA,"Morf4l1",77.683318320298,69070.6270893464,0.00112469397765581,0.00112343046218068,"Exiting naïve pluripotency",FALSE,961,FALSE
"SBR",NA,"Mest",20.163915960711,52237.1937893064,0.000386006875523217,0.000385857931708602,"Exiting naïve pluripotency",FALSE,1549,FALSE
"SBR",NA,"Rex2",150.550904882242,28506.4050546526,0.00528130097757348,0.00525355537045974,"Naïve pluripotency",FALSE,344,TRUE
"SBR",NA,"Zfp534",81.8436641265224,26716.5962646906,0.00306340161432499,0.00305404584535212,"Exiting naïve pluripotency",FALSE,511,FALSE
"SBR",NA,"Hoxb2",0.0042258956628173,61.1095487348159,6.91527879080817e-05,6.91480061306795e-05,"Epiblast",FALSE,2397,FALSE
"SBR",NA,"Hmgb1-ps2",0.00214361915492915,35.1746142198163,6.0942222181402e-05,6.09385084532804e-05,"Epiblast",FALSE,2461,FALSE
"SBR",NA,"Manf",24.6425745205166,56242.2960753888,0.000438150222165271,0.000437958330625409,"Epiblast",FALSE,1478,FALSE
"SBR",NA,"Ctsl",19.3593762281044,31348.8458477509,0.000617546697640013,0.00061716556908093,"Exiting naïve pluripotency",FALSE,1280,FALSE
"SBR",NA,"Btbd17",25.1212962245282,9142.18422538244,0.00274784401683585,0.00274031406123842,"Epiblast",FALSE,543,FALSE
"SBR",NA,"Nr0b1",1118.70185473663,7146.56355453395,0.15653703296697,0.13534977999398,"Naïve pluripotency",FALSE,7,TRUE
"SBR",NA,"Msx1",0.612816875663927,4241.58293646611,0.000144478343307958,0.000144457472331677,"Epiblast",FALSE,2068,FALSE
"SBR",NA,"Fos",0.0369541180806195,3577.84162962197,1.03286064354179e-05,1.03284997564088e-05,"Epiblast",FALSE,2763,FALSE
"SBR",NA,"Arl6ip1",89.3722809402228,144509.780413795,0.0006184514341127,0.000618069188336793,"Exiting naïve pluripotency",FALSE,1278,FALSE
"SBR",NA,"S100a10",830.512555872328,20582.7897211719,0.04034985379159,0.0387848891837045,"Naïve pluripotency",FALSE,45,TRUE
"SBR",NA,"Fabp5",1795.2446755132,130785.993596383,0.0137265820761624,0.0135407143492772,"Epiblast",FALSE,168,TRUE
"SBR",NA,"Ptgds",0.0440620852985771,148.467733496063,0.000296778864073825,0.000296690812511507,"Epiblast",FALSE,1686,FALSE
"SBR",NA,"Pgk1",102.238076795732,169839.350601837,0.000601969310607022,0.000601607161558722,"Naïve pluripotency",FALSE,1296,FALSE
"SBR",NA,"Cenpf",20.3664769915551,86414.5239582006,0.000235683494610311,0.000235627960989037,"Exiting naïve pluripotency",FALSE,1801,FALSE
"SBR",NA,"Srgn",2.2662336016349,284.502729045857,0.00796559530108978,0.0079026460210781,"Naïve pluripotency",FALSE,253,TRUE
"SBR",NA,"Fau",8.4175692958861,151718.230650897,5.54815941352158e-05,5.54785160987024e-05,"Naïve pluripotency",FALSE,2496,FALSE
"SBR",NA,"Igfbp2",676.798161452613,155139.141581927,0.00436252356788506,0.00434357462123107,"Naïve pluripotency",FALSE,391,TRUE
"SBR",NA,"Tex19.1",646.481912941676,23411.5304290866,0.0276138253712146,0.0268717923887794,"Naïve pluripotency",FALSE,77,TRUE
"SBR",NA,"Phox2b",0.64490904421255,2689.88968007274,0.000239752971651652,0.00023969550394229,"Epiblast",FALSE,1786,FALSE
"SBR",NA,"Tpt1",5.04522444443496,142252.8572737,3.54665947744568e-05,3.5465336939723e-05,"Epiblast",FALSE,2633,FALSE
"SBR",NA,"Peg10",0.330118219658952,525.650314095978,0.000628018686199578,0.000627624526269164,"Exiting naïve pluripotency",FALSE,1264,FALSE
"SBR",NA,"Ctrb1",4.8870642709276,1302.39300295775,0.0037523729472049,0.00373834528150328,"Exiting naïve pluripotency",FALSE,444,TRUE
"SBR",NA,"Isg15",0.0427217265657774,362.378712003956,0.000117892484162566,0.000117878587163096,"Exiting naïve pluripotency",FALSE,2166,FALSE
"SBR",NA,"CT010467.1",0.134487105053492,10132.2127653705,1.32732215724029e-05,1.32730453963304e-05,"Epiblast",FALSE,2751,FALSE
"SBR",NA,"Scamp1",0.166558504986739,2708.37526591485,6.14975727636023e-05,6.1493791044713e-05,"Exiting naïve pluripotency",FALSE,2458,FALSE
"SBR",NA,"Gas1",0.394316159393732,1413.27057084747,0.000279009672689413,0.000278931848005798,"Epiblast",FALSE,1713,FALSE
"SBR",NA,"Fundc1",1.21108951939425,2737.56644470223,0.000442396392510568,0.000442200764487593,"Naïve pluripotency",FALSE,1472,FALSE
"SBR",NA,"Jam2",60.2051229100767,210.50890746296,0.285997982867637,0.22239380362782,"Naïve pluripotency",FALSE,2,TRUE
"SBR",NA,"Tpm3-rs7",2.03380367236507,7180.97499746531,0.000283221104805817,0.00028314091332353,"Naïve pluripotency",FALSE,1707,FALSE
"SBR",NA,"Zfp980",312.407734100159,32756.1897863264,0.00953736488089861,0.00944726288761366,"Exiting naïve pluripotency",FALSE,213,TRUE
"SBR",NA,"Cited2",150.408303194005,53006.3722542983,0.00283755135085308,0.00282952243564355,"Epiblast",FALSE,530,FALSE
"SBR",NA,"2410006H16Rik",297.501057567603,75748.3915165403,0.00392749009729984,0.00391212526406583,"Exiting naïve pluripotency",FALSE,430,TRUE
"SBR",NA,"Hmga1",139.830931585357,145823.737060608,0.00095890377248554,0.000957985156904599,"Epiblast",FALSE,1041,FALSE
"SBR",NA,"Hmgb1",83.8328958115229,164316.513720017,0.000510191543829659,0.000509931381151062,"Epiblast",FALSE,1380,FALSE
"SBR",NA,"Ncl",0.341196421108391,152362.746194752,2.23936906907853e-06,2.23936405431593e-06,"Naïve pluripotency",FALSE,2787,FALSE
"SBR",NA,"Vim",43.3278524294291,92153.6509996193,0.000470169678134707,0.000469948722495111,"Naïve pluripotency",FALSE,1430,FALSE
"SBR",NA,"9530059O14Rik",0.0272757212973734,112.115275101951,0.000243282828968404,0.000243223656829099,"Epiblast",FALSE,1772,FALSE
"SBR",NA,"Lgals1",14.2636261409607,29589.2643865632,0.000482054097547554,0.000481821833358495,"Exiting naïve pluripotency",FALSE,1410,FALSE
"SBR",NA,"Bex1",407.554093077761,171311.978894551,0.00237901690067234,0.00237337061187513,"Epiblast",FALSE,593,FALSE
"SBR",NA,"Asns",277.732664397155,88080.0211376317,0.00315318571464892,0.00314327438675538,"Exiting naïve pluripotency",FALSE,502,FALSE
"SBR",NA,"Cbr3",290.668221709628,144782.175331622,0.00200762435737587,0.00200360187744423,"Exiting naïve pluripotency",FALSE,654,FALSE
"SBR",NA,"Krt19",0.977500518947184,823.136634696419,0.00118753130129811,0.00118612274341312,"Epiblast",FALSE,928,FALSE
"SBR",NA,"Slc25a4",783.1864853707,118601.617847295,0.00660350591826741,0.00656018569321731,"Epiblast",FALSE,298,TRUE
"SBR",NA,"Top2a",173.935518018991,156277.442983246,0.00111299183489736,0.00111175446125957,"Exiting naïve pluripotency",FALSE,966,FALSE
"SBR",NA,"Cstb",2097.54712455587,138901.623340105,0.0151009547197296,0.0148763082622644,"Exiting naïve pluripotency",FALSE,151,TRUE
"SBR",NA,"Emb",59.7417518800718,154655.418507247,0.000386289419774015,0.000386140257877848,"Exiting naïve pluripotency",FALSE,1548,FALSE
"SBR",NA,"Zfp988",111.916239299554,17913.2923812133,0.00624766441131316,0.00620887345360274,"Naïve pluripotency",FALSE,311,TRUE
"SBR",NA,"Eif4ebp1",51.2255741343462,171897.16603772,0.000298001272011114,0.000297912493709041,"Exiting naïve pluripotency",FALSE,1684,FALSE
"SBR",NA,"BC004004",7.07682629335183,42317.0687340589,0.00016723337662696,0.000167205414300936,"Naïve pluripotency",FALSE,1994,FALSE
"SBR",NA,"Hotairm1",0.00876373391263259,125.801547864956,6.96631644154348e-05,6.96583117970072e-05,"Exiting naïve pluripotency",FALSE,2394,FALSE
"SBR",NA,"Cks2",69.5178881867479,175138.869688391,0.000396930095017941,0.000396772604030522,"Exiting naïve pluripotency",FALSE,1532,FALSE
"SBR",NA,"Tubb4b",12.7605536872872,168613.26287124,7.56794185106998e-05,7.56736915697253e-05,"Naïve pluripotency",FALSE,2363,FALSE
"SBR",NA,"Muc3",0.018150948288815,347.91693285751,5.21703503756995e-05,5.21676287722282e-05,"Exiting naïve pluripotency",FALSE,2519,FALSE
"SBR",NA,"Ddit4",13.9365677252624,22219.2004311879,0.000627230838860446,0.000626837666944779,"Exiting naïve pluripotency",FALSE,1265,FALSE
"SBR",NA,"S100a13",5.11071300095576,783.84379280478,0.00652006566597715,0.00647782979037091,"Naïve pluripotency",FALSE,301,TRUE
"SBR",NA,"Pclaf",1041.57311327017,120478.758984394,0.00864528421483067,0.00857118389400938,"Epiblast",FALSE,231,TRUE
"SBR",NA,"Nodal",68.6391066169758,21230.0732796773,0.00323310738087189,0.00322268808424048,"Exiting naïve pluripotency",FALSE,492,TRUE
"SBR",NA,"Ifitm2",1184.96854193703,163599.789579365,0.00724309331316209,0.00719100816997128,"Naïve pluripotency",FALSE,280,TRUE
"SBR",NA,"Arg1",0.000195447475333028,7.63430735946403,2.56012059942461e-05,2.56005505892769e-05,"Epiblast",FALSE,2697,FALSE
"SBR",NA,"Oaz1",25.3494376165631,172907.457642315,0.000146606965148966,0.000146585474697385,"Epiblast",FALSE,2059,FALSE
"SBR",NA,"Epcam",186.129303702084,167841.74514658,0.001108957152105,0.00110772872840904,"Epiblast",FALSE,968,FALSE
"SBR",NA,"H1f4",9.73607738130281,6597.83525187064,0.00147564724028876,0.0014734729140495,"Epiblast",FALSE,807,FALSE
"SBR",NA,"Hmgn2",33.5840498486294,123039.434986469,0.000272953544140728,0.000272879060833952,"Exiting naïve pluripotency",FALSE,1720,FALSE
"SBR",NA,"1810062G17Rik",0.000583239598934711,16.6598515666376,3.50086912000276e-05,3.50074656344735e-05,"Epiblast",FALSE,2639,FALSE
"SBR",NA,"Macroh2a1",61.5369889142456,7899.99211378001,0.00778950004353881,0.00772929271757871,"Exiting naïve pluripotency",FALSE,259,TRUE
"SBR",NA,"Eomes",0.0763439841970901,947.159576782761,8.06030853390191e-05,8.05965890052775e-05,"Naïve pluripotency",FALSE,2342,FALSE
"SBR",NA,"Ubb",49.2194348118672,152844.369802617,0.000322023211423679,0.000321919545857702,"Naïve pluripotency",FALSE,1652,FALSE
"SBR",NA,"Cd9",1106.0050204529,32165.7592509314,0.0343845457470702,0.0332415501453925,"Naïve pluripotency",FALSE,60,TRUE
"SBR",NA,"Hspa5",519.428173166724,143870.474368356,0.00361038757568016,0.00359739956897159,"Epiblast",FALSE,457,TRUE
"SBR",NA,"Eno1",8.34138071134868,155487.655037805,5.36465786259401e-05,5.36437008249261e-05,"Exiting naïve pluripotency",FALSE,2506,FALSE
"SBR",NA,"H1f0",0.593463001086962,3983.08601867767,0.000148995778224238,0.000148973581789484,"Naïve pluripotency",FALSE,2045,FALSE
"SBR",NA,"Pyy",0.0334653777628776,309.209297529079,0.000108228885839794,0.000108217173615665,"Naïve pluripotency",FALSE,2211,FALSE
"SBR",NA,"Syngr1",1005.80049156053,23578.2043460243,0.0426580615215561,0.0409128007501376,"Naïve pluripotency",FALSE,41,TRUE
"SBR",NA,"Gsta4",196.774802366271,165679.542811969,0.00118768315645096,0.00118627423851894,"Naïve pluripotency",FALSE,927,FALSE
"SBR",NA,"Rbpms2",84.2189815678985,166281.188126569,0.00050648532474878,0.000506228927226176,"Exiting naïve pluripotency",FALSE,1381,FALSE
"SBR",NA,"Aldoa",146.880276144294,168593.908186085,0.00087120749334653,0.000870449151523146,"Naïve pluripotency",FALSE,1092,FALSE
"SBR",NA,"Sgk1",275.691060323183,35513.2077001672,0.00776305713217466,0.00770325631331065,"Naïve pluripotency",FALSE,263,TRUE
"SBR",NA,"Echdc3",0.00400848170000835,84.5604926076674,4.74037174618456e-05,4.74014704559329e-05,"Exiting naïve pluripotency",FALSE,2544,FALSE
"SBR",NA,"Hmga1b",296.967650862104,160157.455822984,0.00185422307900752,0.00185079129906637,"Epiblast",FALSE,694,FALSE
"SBR",NA,"Eef1b2",8.66106627358686,151154.024817393,5.72996073644096e-05,5.72963243075233e-05,"Naïve pluripotency",FALSE,2488,FALSE
"SBR",NA,"Tfap2c",0.938193192646111,363.419346139908,0.00258157195705516,0.00257492460390619,"Naïve pluripotency",FALSE,562,FALSE
"SBR",NA,"Flt1",0.0597855045034953,313.48906870849,0.000190710013429812,0.000190673650055449,"Epiblast",FALSE,1924,FALSE
"SBR",NA,"Avpi1",222.246986149298,17932.5192366025,0.0123935172307338,0.0122417982926586,"Naïve pluripotency",FALSE,181,TRUE
"SBR",NA,"Phf11d",237.438463826518,2424.30491071725,0.0979408418375353,0.0892041156549196,"Naïve pluripotency",FALSE,16,TRUE
"SBR",NA,"Stmn1",262.24211558132,174016.423968311,0.00150699634897149,0.00150472872827179,"Naïve pluripotency",FALSE,789,FALSE
"SBR",NA,"Tuba1c",31.1355180783649,36506.5539176221,0.000852874750890565,0.000852147975398326,"Naïve pluripotency",FALSE,1103,FALSE
"SBR",NA,"Basp1",143.695909582397,81636.6183888315,0.00176018939072145,0.00175709656798401,"Epiblast",FALSE,712,FALSE
"SBR",NA,"Ppia",45.243091737629,141937.530435764,0.000318753550232469,0.000318651978782944,"Naïve pluripotency",FALSE,1655,FALSE
"SBR",NA,"Gata6",0.0448666886806188,110.708718728586,0.000405267888526594,0.000405103713000193,"Exiting naïve pluripotency",FALSE,1525,FALSE
"SBR",NA,"Nefl",13.7989814580018,7323.20249174472,0.00188428238513917,0.00188073854263223,"Naïve pluripotency",FALSE,689,FALSE
"SBR",NA,"Calml4",169.38919007944,21994.9259637257,0.00770128484900557,0.00764242833148668,"Exiting naïve pluripotency",FALSE,266,TRUE
"SBR",NA,"Duxf3",0.0139788837736178,218.37573683304,6.40129896129689e-05,6.40088922124166e-05,"Epiblast",FALSE,2439,FALSE
"SBR",NA,"Ifi30",52.8944719058961,12874.6270465311,0.00410842750743196,0.00409161739398065,"Exiting naïve pluripotency",FALSE,417,TRUE
"SBR",NA,"Zfp990",673.460269609818,75014.3329474204,0.00897775455901027,0.00889787165122797,"Naïve pluripotency",FALSE,222,TRUE
"SBR",NA,"Hes6",422.507143148551,116804.712174449,0.00361720974507888,0.00360417269647823,"Exiting naïve pluripotency",FALSE,455,TRUE
"SBR",NA,"Prss1",0.0155191241999949,73.9093167955693,0.000209975208442533,0.00020993112811015,"Epiblast",FALSE,1859,FALSE
"SBR",NA,"Cth",480.626556438263,46988.3275046404,0.0102286372374245,0.0101250715535008,"Naïve pluripotency",FALSE,205,TRUE
"SBR",NA,"Psma3",30.537868706677,153640.971707248,0.000198761231248034,0.000198721733071693,"Epiblast",FALSE,1893,FALSE
"SBR",NA,"Crabp2",90.9824430953649,24349.9267065673,0.00373645654838157,0.00372254741172836,"Epiblast",FALSE,446,TRUE
"SBR",NA,"Fam162a",28.974913328374,69675.1289472564,0.00041585733340096,0.000415684467966575,"Epiblast",FALSE,1508,FALSE
"SBR",NA,"Car2",67.9892172577307,51622.501971577,0.00131704614579055,0.00131531381679763,"Epiblast",FALSE,863,FALSE
"SBR",NA,"Dnaja1",104.569010030846,161412.835589675,0.000647835778665514,0.000647416359184341,"Epiblast",FALSE,1246,FALSE
"SBR",NA,"Ass1",29.2142720294656,17815.9681898475,0.00163978020830288,0.00163709573112388,"Naïve pluripotency",FALSE,738,FALSE
"SBR",NA,"Neat1",104.318378124597,6501.43819346001,0.0160454310293273,0.0157920409258394,"Exiting naïve pluripotency",FALSE,141,TRUE
"SBR",NA,"Serpinh1",1.63841754454012,5918.43769218954,0.00027683277745786,0.000276756162280777,"Epiblast",FALSE,1716,FALSE
"SBR",NA,"Fgf1",0.0162690713661195,32.6057350766468,0.000498963489946649,0.000498714649544625,"Naïve pluripotency",FALSE,1395,FALSE
"SBR",NA,"Hmgcs1",318.526723200617,126198.403862244,0.00252401546653724,0.00251766085160829,"Epiblast",FALSE,575,FALSE
"SBR",NA,"Meis2",1.82535041338468,468.256048480956,0.00389818864979149,0.00388305178141064,"Naïve pluripotency",FALSE,434,TRUE
"SBR",NA,"Bri3",138.679704158782,58088.9128142632,0.00238736959326825,0.00238168363417923,"Exiting naïve pluripotency",FALSE,592,FALSE
"SBR",NA,"Zfp600",6.42895479904493,9655.95001347041,0.000665802410956591,0.000665359413055227,"Exiting naïve pluripotency",FALSE,1223,FALSE
"SBR",NA,"Mif",13.1614812269911,157860.547137523,8.3374101164905e-05,8.33671505036651e-05,"Naïve pluripotency",FALSE,2329,FALSE
"SBR",NA,"S100a11",9.17316206588466,3797.463141754,0.00241560265984509,0.00240978158503863,"Naïve pluripotency",FALSE,588,FALSE
"SBR",NA,"Hsp90b1",545.174445559356,159973.621492046,0.00340790213083013,0.00339632777815795,"Epiblast",FALSE,476,TRUE
"SBR",NA,"Fdps",139.344029469091,174237.630367474,0.000799735563294844,0.000799096497407363,"Epiblast",FALSE,1132,FALSE
"SBR",NA,"Npm1",9.51909486690457,133405.928588796,7.13543615909736e-05,7.13492705093264e-05,"Naïve pluripotency",FALSE,2387,FALSE
"SBR",NA,"Ly6a",0.00442054587967006,111.450386436661,3.96638003779585e-05,3.96622272232954e-05,"Exiting naïve pluripotency",FALSE,2607,FALSE
"SBR",NA,"Zfp987",0.880142695174124,8440.7124390205,0.000104273507897902,0.000104262636067097,"Naïve pluripotency",FALSE,2225,FALSE
"SBR",NA,"Pmm1",72.5407477854206,167539.799358442,0.000432976212596647,0.000432788825330202,"Epiblast",FALSE,1486,FALSE
"SBR",NA,"Prdx6",2.08769185092087,168217.406709243,1.24106767055883e-05,1.24105226826035e-05,"Naïve pluripotency",FALSE,2756,FALSE
"SBR",NA,"Hmgb1-ps3",0.0159362800480813,142.142480912665,0.000112114829752218,0.000112102261426264,"Epiblast",FALSE,2194,FALSE
"SBR",NA,"Ndufa12",4.99768039057197,38279.6565585728,0.000130557085404486,0.000130540042477011,"Naïve pluripotency",FALSE,2117,FALSE
"SBR",NA,"Gabarapl2",740.822484343508,41663.3172368262,0.0177811689869163,0.0174705226710132,"Naïve pluripotency",FALSE,131,TRUE
"SBR",NA,"Bst2",137.060273192592,122624.720604448,0.0011177213902465,0.00111647348395185,"Exiting naïve pluripotency",FALSE,962,FALSE
"SBR",NA,"Mecom",0.0283838448247627,257.375792518476,0.000110281718987714,0.000110269558271276,"Naïve pluripotency",FALSE,2202,FALSE
"SBR",NA,"Tbx3",4.67206751640415,564.577589073561,0.00827533293354903,0.00820741385140523,"Naïve pluripotency",FALSE,242,TRUE
"SBR",NA,"Klhl13",40.3110007371249,8637.28335479698,0.00466709254302013,0.00464541197543034,"Naïve pluripotency",FALSE,369,TRUE
"SBR",NA,"Cd63",454.90032842716,49533.9851296535,0.00918360045606011,0.00910002942171271,"Exiting naïve pluripotency",FALSE,218,TRUE
"SBR",NA,"Cd24a",69.9329971726002,16594.1003199267,0.00421432893765398,0.00419664290402256,"Epiblast",FALSE,407,TRUE
"SBR",NA,"Glo1",14.2944194708598,168597.628781738,8.47842260543594e-05,8.477703829878e-05,"Epiblast",FALSE,2322,FALSE
"SBR",NA,"Jun",1.07899587711175,3178.34098865189,0.000339483988962876,0.000339368778696155,"Epiblast",FALSE,1621,FALSE
"SBR",NA,"Nnat",11.743104452543,6176.8628554459,0.00190114378890404,0.00189753629955392,"Epiblast",FALSE,681,FALSE
"SBR",NA,"Pdgfa",203.365761788371,4981.65886174446,0.0408229000484303,0.0392217542931951,"Naïve pluripotency",FALSE,43,TRUE
"SBR",NA,"Psme2",95.6335597579427,123067.610527665,0.000777081470485242,0.000776478083754119,"Exiting naïve pluripotency",FALSE,1143,FALSE
"SBR",NA,"Zfp992",571.245652256026,89962.9465467945,0.00634978815371383,0.00630972275093671,"Exiting naïve pluripotency",FALSE,308,TRUE
"SBR",NA,"Psmb8",1.45782005484134,4517.16303624331,0.000322729120721252,0.000322625000238602,"Epiblast",FALSE,1651,FALSE
"SBR",NA,"Prtg",14.9942414356398,3651.56115555103,0.0041062550500752,0.00408946267332078,"Epiblast",FALSE,418,TRUE
"SBR",NA,"Tuba1b",39.9613491473999,165337.605777335,0.000241695462804857,0.000241637060223755,"Exiting naïve pluripotency",FALSE,1782,FALSE
"SBR",NA,"Foxb1",0.0564499325456276,198.615460896275,0.000284217211947604,0.000284136455476415,"Epiblast",FALSE,1705,FALSE
"SBR",NA,"Nanog",46.1926664406042,6842.03196098448,0.00675130819382459,0.00670603369360092,"Naïve pluripotency",FALSE,295,TRUE
"SBR",NA,"Fthl17c",15.4759346980487,4456.6428782894,0.00347255436899373,0.00346053746450231,"Exiting naïve pluripotency",FALSE,467,TRUE
"SBR",NA,"Fgf4",228.032051993496,21861.2395634183,0.0104308839090294,0.0103232037689462,"Exiting naïve pluripotency",FALSE,201,TRUE
"SBR",NA,"Igfbp4",0.78902553594368,1211.19732318596,0.000651442602158505,0.000651018500972178,"Epiblast",FALSE,1243,FALSE
"SBR",NA,"Fyb",0.867374865473742,5362.51615383419,0.00016174773941773,0.000161721581317537,"Naïve pluripotency",FALSE,2008,FALSE
"SBR",NA,"Mdm2",116.163875850463,49616.471035325,0.00234123615457776,0.00233576757109163,"Epiblast",FALSE,598,FALSE
"SBR",NA,"Mtf2",869.875974201709,91169.3526866099,0.00954132006609573,0.00945114367926124,"Exiting naïve pluripotency",FALSE,212,TRUE
"SBR",NA,"Mybl2",482.08259529866,24754.4095865643,0.0194746149615426,0.0191025991974084,"Exiting naïve pluripotency",FALSE,118,TRUE
"SBR",NA,"Dppa2",68.687331484413,36429.3500900535,0.00188549428728807,0.00188194588906525,"Naïve pluripotency",FALSE,688,FALSE
"SBR",NA,"Dll3",5.38578746634874,7317.61713516948,0.000736002904615479,0.00073546160273963,"Epiblast",FALSE,1167,FALSE
"SBR",NA,"Zfp57",349.680187109263,5051.19679115548,0.0692271953691341,0.0647450753861853,"Naïve pluripotency",FALSE,22,TRUE
"SBR",NA,"Acta2",0.00456181886937524,261.925035279196,1.74165056979476e-05,1.74162023685598e-05,"Exiting naïve pluripotency",FALSE,2735,FALSE
"SBR",NA,"Lmo1",0.132386481668595,547.065106298877,0.000241994015235672,0.00024193546830027,"Epiblast",FALSE,1779,FALSE
"SBR",NA,"Ran",14.09138445378,153271.423050223,9.19374543104662e-05,9.19290025919906e-05,"Naïve pluripotency",FALSE,2289,FALSE
"SBR",NA,"Cycs",290.903850012986,158317.703481763,0.00183746885923276,0.00183409875987673,"Epiblast",FALSE,695,FALSE
"SBR",NA,"Gstp-ps",1.74425110204071,17564.3723565629,9.93062015898894e-05,9.9296340847448e-05,"Naïve pluripotency",FALSE,2255,FALSE
"SBR",NA,"Dll1",1.15596599845177,5245.06892225546,0.00022039100259424,0.000220342441102731,"Naïve pluripotency",FALSE,1830,FALSE
"SBR",NA,"Dynll1",2.68765300536453,162543.456170719,1.65349812824313e-05,1.6534707881346e-05,"Exiting naïve pluripotency",FALSE,2738,FALSE
"SBR",NA,"Actc1",0.00133612342987384,24.9818918648097,5.34836767809386e-05,5.34808164302386e-05,"Epiblast",FALSE,2510,FALSE
"SBR",NA,"Ppp1ccb",2.35713705571621,1935.25837886202,0.00121799604717498,0.00121651433752055,"Naïve pluripotency",FALSE,916,FALSE
"SBR",NA,"Fosb",0.0087493338056681,443.777432401812,1.97155897683101e-05,1.97152010714936e-05,"Epiblast",FALSE,2725,FALSE
"SBR",NA,"Cldn5",0.310762271629103,1710.87692293863,0.00018163917431029,0.000181606187512341,"Exiting naïve pluripotency",FALSE,1951,FALSE
"SBR",NA,"Akap12",328.000189430121,51544.7218846556,0.00636340982039062,0.00632317287999006,"Exiting naïve pluripotency",FALSE,306,TRUE
"SBR",NA,"Nelfa",3.40983467634351,16651.447242858,0.000204777075926901,0.000204735150861368,"Exiting naïve pluripotency",FALSE,1881,FALSE
"SBR",NA,"Atf3",0.527580365601826,1078.97136792158,0.000488966047929614,0.000488727076982266,"Exiting naïve pluripotency",FALSE,1404,FALSE
"SBR",NA,"Acta1",0.0340214467088927,189.50853348563,0.000179524616032515,0.000179492392729629,"Naïve pluripotency",FALSE,1957,FALSE
"SBR",NA,"Mgll",0.00838203421654788,93.7227045202263,8.94344039627981e-05,8.94264061654641e-05,"Epiblast",FALSE,2300,FALSE
"SBR",NA,"Lima1",149.70477863473,9960.42175661251,0.0150299638200907,0.0148074089985728,"Naïve pluripotency",FALSE,152,TRUE
"SBR",NA,"Enpp2",141.298977111151,41155.8819694744,0.00343326325058357,0.00342151628446285,"Exiting naïve pluripotency",FALSE,470,TRUE
"SBR",NA,"Sox4",68.6789923142611,25858.4407081804,0.00265596031444132,0.00264892487509712,"Epiblast",FALSE,552,FALSE
"SBR",NA,"Sinhcaf",3.83376117978696,58303.9620355161,6.57547282541726e-05,6.57504048541688e-05,"Naïve pluripotency",FALSE,2425,FALSE
"SBR",NA,"Foxd3",7.62649676785769,26700.4648016709,0.000285631610704411,0.000285550048584097,"Epiblast",FALSE,1702,FALSE
"SBR",NA,"Psors1c2",27.0086047013802,24197.3821930996,0.00111617878685581,0.00111493432081817,"Epiblast",FALSE,963,FALSE
"SBR",NA,"Phb",1.04501165720312,160429.413173206,6.51384080096884e-06,6.51379837112324e-06,"Naïve pluripotency",FALSE,2771,FALSE
"SBR",NA,"Tomm20",13.2778179737957,165217.159716572,8.03658530177715e-05,8.0359394866455e-05,"Naïve pluripotency",FALSE,2345,FALSE
"SBR",NA,"Tagln",1.3255237895557,1145.73963892219,0.00115691536237905,0.00115557845591097,"Epiblast",FALSE,945,FALSE
"SBR",NA,"Znrd2",26.8105504225282,67794.6393703177,0.000395467114679669,0.000395310782265204,"Exiting naïve pluripotency",FALSE,1534,FALSE
"SBR",NA,"Bex4",305.460540070285,158332.983728257,0.00192922872340068,0.0019255139665491,"Epiblast",FALSE,674,FALSE
"SBR",NA,"Rtl8b",0.720307662292966,3743.52142704839,0.000192414462246287,0.000192377446043458,"Epiblast",FALSE,1917,FALSE
"SBR",NA,"Chac1",5.48816359005138,8392.22718217876,0.000653957938806247,0.000653530557310041,"Exiting naïve pluripotency",FALSE,1241,FALSE
"SBR",NA,"Btg2",36.5110415589033,19037.3098097087,0.00191786769894785,0.00191419652326644,"Epiblast",FALSE,678,FALSE
"SBR",NA,"Tpm1",25.9925950471534,16223.2847491006,0.00160217831648393,0.00159961544729955,"Epiblast",FALSE,752,FALSE
"SBR",NA,"Hmgb2",6.09175495864588,164987.342634452,3.69225593998616e-05,3.69211961748027e-05,"Epiblast",FALSE,2621,FALSE
"SBR",NA,"Myo10",201.622144945144,110114.034568005,0.00183103040167532,0.00182768385696856,"Epiblast",FALSE,696,FALSE
"SBR",NA,"Otx2",48.4778291520348,34302.002745541,0.00141326526942619,0.00141127076946195,"Exiting naïve pluripotency",FALSE,826,FALSE
"SBR",NA,"Prc1",46.8304336981394,40936.2910216982,0.00114398330990262,0.00114267610750701,"Exiting naïve pluripotency",FALSE,952,FALSE
"SBR",NA,"Hnrnpa2b1",185.841285044141,173687.844258199,0.00106997289210335,0.00106882927375414,"Epiblast",FALSE,990,FALSE
"SBR",NA,"Snhg1",21.285019197006,115339.37002446,0.000184542530382229,0.00018450848072032,"Exiting naïve pluripotency",FALSE,1946,FALSE
"SBR",NA,"Rtraf-ps",7.96467169493053,20009.2802547292,0.000398048884994155,0.000397890505122241,"Exiting naïve pluripotency",FALSE,1529,FALSE
"SBR",NA,"Atp5l",14.4738628826546,139510.292710375,0.000103747634683145,0.000103736872228022,"Exiting naïve pluripotency",FALSE,2228,FALSE
"SBR",NA,"Tubb5",9.89286624766216,161443.213405961,6.12776842020966e-05,6.12739294775963e-05,"Exiting naïve pluripotency",FALSE,2459,FALSE
"SBR",NA,"Sat1",537.27456455141,17089.0360207203,0.0314397233348897,0.0304813966571285,"Naïve pluripotency",FALSE,70,TRUE
"SBR",NA,"Wdr89",3.18047298002865,17260.3388366655,0.000184264805582639,0.000184230858319349,"Naïve pluripotency",FALSE,1947,FALSE
"SBR",NA,"Dnmt3a",29.8148936467499,60633.6676084511,0.000491721758269399,0.000491480086816955,"Exiting naïve pluripotency",FALSE,1403,FALSE
"SBR",NA,"Usp26",0.152576162886077,928.606241142366,0.000164306630869052,0.000164279638635108,"Naïve pluripotency",FALSE,2001,FALSE
"SBR",NA,"Tbx6",0.0116189463931733,33.2443430652781,0.000349501458649926,0.000349379350057459,"Exiting naïve pluripotency",FALSE,1605,FALSE
"SBR",NA,"Macroh2a2",1.38512495155381,2898.02118849811,0.00047795542594761,0.000477727093691058,"Epiblast",FALSE,1415,FALSE
"SBR",NA,"Scd2",94.0919150065987,57853.5267413841,0.00162638166255978,0.00162374084023247,"Epiblast",FALSE,745,FALSE
"SBR",NA,"Wnt6",0.0164855751283069,303.1830574533,5.43749880576564e-05,5.43720315790886e-05,"Naïve pluripotency",FALSE,2502,FALSE
"SBR",NA,"Raly",16.7567853173823,47497.4698146959,0.00035279321999164,0.000352668800829804,"Epiblast",FALSE,1596,FALSE
"SBR",NA,"Atp5g1",11.4973595956086,170523.346436225,6.74239617969765e-05,6.74194161128401e-05,"Naïve pluripotency",FALSE,2409,FALSE
"SBR",NA,"Car4",11.573473605249,7685.29655728374,0.00150592413955454,0.00150365974205131,"Epiblast",FALSE,790,FALSE
"SBR",NA,"Tubb2b",243.610449594496,19160.3796417105,0.0127142809354454,0.0125546574930308,"Naïve pluripotency",FALSE,178,TRUE
"SBR",NA,"Ndufa4l2",15.741263104348,4018.72877169254,0.00391697573999709,0.00390169290354897,"Naïve pluripotency",FALSE,431,TRUE
"SBR",NA,"Atox1",54.8222410724794,165904.8952883,0.00033044378212718,0.000330334625104292,"Exiting naïve pluripotency",FALSE,1640,FALSE
"SBR",NA,"Phc1",3.34169756592773,65717.0493194346,5.0849781001039e-05,5.08471954322868e-05,"Exiting naïve pluripotency",FALSE,2529,FALSE
"SBR",NA,"Lgals3",141.013160873065,689.218917019263,0.204598506208912,0.169847883053433,"Naïve pluripotency",FALSE,4,TRUE
"SBR",NA,"Folr1",180.319456660988,3350.3611029046,0.0538209020229669,0.0510721526965821,"Naïve pluripotency",FALSE,34,TRUE
"SBR",NA,"Pim2",514.821750943549,58719.3252962145,0.00876750113095625,0.00869130014708719,"Epiblast",FALSE,228,TRUE
"SBR",NA,"Fgf5",181.742998045759,49384.3735793677,0.00368017218551274,0.00366667817846712,"Epiblast",FALSE,453,TRUE
"SBR",NA,"Fn1",516.56134827797,11569.7904117633,0.0446474248792588,0.0427392283903052,"Naïve pluripotency",FALSE,39,TRUE
"SBR",NA,"Cyba",0.375828746855856,6720.767225538,5.59205123825383e-05,5.59173854536927e-05,"Naïve pluripotency",FALSE,2492,FALSE
"SBR",NA,"Cited1",0.862674143786788,2096.25123009091,0.000411531848570162,0.000411362559775505,"Epiblast",FALSE,1513,FALSE
"SBR",NA,"Pcdh8",0.0510270258534805,253.361123799673,0.000201400377012167,0.000201359823067886,"Naïve pluripotency",FALSE,1887,FALSE
"SBR",NA,"Dnmt3l",379.475129930809,7247.64602911117,0.0523583972515482,0.0497533895185262,"Naïve pluripotency",FALSE,38,TRUE
"SBR",NA,"Limch1",0.0233829995129293,249.914030427223,9.35641727395478e-05,9.35554193041353e-05,"Epiblast",FALSE,2279,FALSE
"SBR",NA,"Frzb",0.00232226792961215,33.3216088807834,6.96925510986176e-05,6.96876943854157e-05,"Epiblast",FALSE,2393,FALSE
"SBR",NA,"Hnrnpu",29.1395450783213,172563.190106391,0.000168863041187149,0.00016883453127474,"Naïve pluripotency",FALSE,1986,FALSE
"SBR",NA,"Dstn",394.276759749883,115843.161452756,0.00340353936136902,0.00339199457432177,"Exiting naïve pluripotency",FALSE,477,TRUE
"SBR",NA,"Egr1",18.2886491723072,7085.1109933725,0.00258127913442918,0.002574633287246,"Epiblast",FALSE,563,FALSE
"SBR",NA,"Zfp981",334.731677783139,11610.0687283708,0.0288311538557199,0.0280232123100765,"Naïve pluripotency",FALSE,74,TRUE
"SBR",NA,"Odc1",81.1625528281701,174456.185780453,0.00046523172832811,0.000465015388415258,"Exiting naïve pluripotency",FALSE,1438,FALSE
"SBR",NA,"Commd3",8.94653748814457,11082.2089996956,0.000807288284167017,0.000806637095490253,"Epiblast",FALSE,1127,FALSE
"SBR",NA,"Gnb2",2.45546234338492,6571.85811355732,0.000373632890570091,0.000373493341173419,"Exiting naïve pluripotency",FALSE,1565,FALSE
"SBR",NA,"Ube2n",77.3182823581457,66204.8450857515,0.00116786441019535,0.00116650209391545,"Epiblast",FALSE,938,FALSE
"SBR",NA,"Slbp",27.9202462734326,48932.882563878,0.000570582496074801,0.000570257117345382,"Epiblast",FALSE,1325,FALSE
"SBR",NA,"Trp53i11",31.389489065139,14935.9455007986,0.00210160709701711,0.00209719960743826,"Epiblast",FALSE,635,FALSE
"SBR",NA,"Cbx3",206.650988408637,142474.887261187,0.00145043798511524,0.00144833726173556,"Epiblast",FALSE,811,FALSE
"SBR",NA,"6820431F20Rik",2.8440712147016,9722.61437135354,0.000292521240282994,0.000292435696630313,"Exiting naïve pluripotency",FALSE,1688,FALSE
"SBR",NA,"Snrpg",2.98079902681346,171988.735099078,1.73313619935416e-05,1.73310616226389e-05,"Naïve pluripotency",FALSE,2736,FALSE
"SBR",NA,"Fgfbp3",0.536034642313495,884.195871949605,0.000606239702444625,0.000605872398542014,"Epiblast",FALSE,1293,FALSE
"SBR",NA,"Hnrnpa1",0.637020302780967,165571.892321002,3.84739398608761e-06,3.84737918370407e-06,"Exiting naïve pluripotency",FALSE,2782,FALSE
"SBR",NA,"Hmga2",0.593289759513786,1201.68062196387,0.000493716673690046,0.000493473037823256,"Naïve pluripotency",FALSE,1400,FALSE
"SBR",NA,"Sod2",477.668948790613,74245.1703129294,0.00643367032195264,0.00639254280900056,"Naïve pluripotency",FALSE,304,TRUE
"SBR",NA,"Grcc10",11.6544048557044,5049.36828144373,0.00230809166733471,0.00230277664774232,"Naïve pluripotency",FALSE,604,FALSE
"SBR",NA,"Ube2d2a",0.606601001571284,77400.0233468001,7.8372198785178e-06,7.83715845698375e-06,"Naïve pluripotency",FALSE,2765,FALSE
"SBR",NA,"Cypt3",0.0533520088623511,85.9814983403544,0.000620505688923438,0.000620120900376934,"Naïve pluripotency",FALSE,1276,FALSE
"SBR",NA,"Klf5",317.697953195367,5953.88881983618,0.053359738955305,0.0506567101266143,"Naïve pluripotency",FALSE,35,TRUE
"SBR",NA,"Gjb3",0.606080782462437,1854.49923799791,0.000326816409542855,0.000326709635472827,"Epiblast",FALSE,1644,FALSE
"SBR",NA,"Dusp4",3.82381074330284,8171.33623447355,0.000467954155058607,0.000467735276392551,"Exiting naïve pluripotency",FALSE,1434,FALSE
"SBR",NA,"Sparc",12.0466065789046,9834.5841908398,0.00122492281779693,0.001223424217557,"Naïve pluripotency",FALSE,907,FALSE
"SBR",NA,"Rbx1-ps",0.109101029741697,376.452121936282,0.000289813825940295,0.000289729858221595,"Epiblast",FALSE,1693,FALSE
"SBR",NA,"Wnt8a",1.0965136312645,1204.20993858705,0.000910566834011593,0.00090973845634562,"Exiting naïve pluripotency",FALSE,1072,FALSE
"SBR",NA,"Jade1",746.257369987061,36467.7754862148,0.0204634738488273,0.0200531174052182,"Exiting naïve pluripotency",FALSE,110,TRUE
"SBR",NA,"Rack1",32.4286827807142,146233.026150162,0.000221760320732296,0.000221711153995676,"Naïve pluripotency",FALSE,1823,FALSE
"SBR",NA,"Rbbp7",8.41289727274911,84346.7513739063,9.97418055314901e-05,9.97318580958946e-05,"Exiting naïve pluripotency",FALSE,2249,FALSE
"SBR",NA,"Pdgfrl",0.0742405447107892,194.109998931682,0.000382466359895857,0.000382320135305392,"Epiblast",FALSE,1555,FALSE
"SBR",NA,"Sfn",6.08519800997687,2166.40047403045,0.00280889802366769,0.00280103021543133,"Naïve pluripotency",FALSE,535,FALSE
"SBR",NA,"Tmem176b",0.0214325083275427,145.9361445575,0.000146862234798167,0.000146840669449292,"Exiting naïve pluripotency",FALSE,2057,FALSE
"SBR",NA,"Tmem167",112.32555684983,104896.395348537,0.00107082380168173,0.00106967836462875,"Epiblast",FALSE,989,FALSE
"SBR",NA,"Zscan4f",0.000154347701702448,1.41778222424602,0.000108865592375818,0.000108853741948718,"Exiting naïve pluripotency",FALSE,2209,FALSE
"SBR",NA,"Krt7",7.49892930197179,4558.35831368811,0.00164509430499431,0.00164239241458651,"Exiting naïve pluripotency",FALSE,735,FALSE
"SBR",NA,"Crip2",239.391911821471,55589.8185074088,0.00430639851413737,0.00428793296598394,"Epiblast",FALSE,399,TRUE
"SBR",NA,"Pkdcc",2.96874808651454,2123.8566779178,0.00139780999225666,0.00139585884681281,"Epiblast",FALSE,837,FALSE
"SBR",NA,"Sox11",72.6358546534525,22376.2284049922,0.00324611696568343,0.00323561378488192,"Epiblast",FALSE,490,TRUE
"SBR",NA,"Sox9",0.175071503861273,394.875768715541,0.000443358437593546,0.000443161958000246,"Epiblast",FALSE,1470,FALSE
"SBR",NA,"Prdx2",71.8451688301725,166390.920163728,0.000431785392853633,0.000431599034694882,"Epiblast",FALSE,1491,FALSE
"SBR",NA,"Lmo2",2.62170883783616,1836.96908522019,0.0014271926832791,0.00142515870719968,"Epiblast",FALSE,819,FALSE
"SBR",NA,"Ngb",0.612908374286203,808.947468211893,0.000757661527318928,0.000757087910936014,"Epiblast",FALSE,1151,FALSE
"SBR",NA,"Rian",33.186070118726,50019.6894628825,0.000663460138898943,0.000663020251390863,"Exiting naïve pluripotency",FALSE,1226,FALSE
"SBR",NA,"Calca",7.23495638626957,51673.3661913148,0.000140013258657912,0.000139993657689707,"Naïve pluripotency",FALSE,2082,FALSE
"SBR",NA,"Zfp36l2",175.982972443269,39392.4442387903,0.0044674296262626,0.00444756046288611,"Epiblast",FALSE,381,TRUE
"SBR",NA,"Cthrc1",103.542985758953,34716.2686990686,0.00298254938214978,0.00297368023400513,"Epiblast",FALSE,517,FALSE
"SBR",NA,"Atp5o",0.0633289583130779,137.491565990348,0.000460602494828838,0.000460390437844571,"Naïve pluripotency",FALSE,1446,FALSE
"SBR",NA,"Ppp1r1a",17.2012826630426,33621.7184626467,0.000511612239039864,0.000511350625801263,"Epiblast",FALSE,1378,FALSE
"SBR",NA,"Tuba3a",122.095908242391,13966.7169079336,0.00874191902415062,0.00866616015383547,"Exiting naïve pluripotency",FALSE,230,TRUE
"SBR",NA,"Ndufab1",252.000614019387,142122.526687113,0.00177312224805976,0.00176998385031606,"Epiblast",FALSE,710,FALSE
"SBR",NA,"Sycp3",23.60310445889,11560.4826500394,0.00204170579840016,0.0020375457294698,"Naïve pluripotency",FALSE,646,FALSE
"SBR",NA,"Snhg4",84.1543898173478,51276.9390853386,0.00164117420654326,0.00163848516694946,"Epiblast",FALSE,737,FALSE
"SBR",NA,"Igfbp3",0.590523988768798,2663.71440905234,0.000221691930171631,0.000221642793752875,"Epiblast",FALSE,1824,FALSE
"SBR",NA,"Klf4",12.0018688047916,792.753511897116,0.0151394710016109,0.0149136856895862,"Naïve pluripotency",FALSE,150,TRUE
"SBR",NA,"Smad7",19.2102504723209,15558.363067438,0.00123472182703628,0.00123319916910511,"Naïve pluripotency",FALSE,903,FALSE
"SBR",NA,"Wfdc2",63.2327651442956,7413.83463383882,0.0085290228697149,0.00845689382884195,"Exiting naïve pluripotency",FALSE,236,TRUE
"SBR",NA,"Adcy2",0.00335246403571775,38.9212814015454,8.6134472324558e-05,8.61270538162247e-05,"Epiblast",FALSE,2312,FALSE
"SBR",NA,"Med29",29.9985675441388,25255.0208794469,0.00118782588568566,0.00118641662930216,"Epiblast",FALSE,926,FALSE
"SBR",NA,"Cfc1",0.0016908742611153,372.989064864959,4.53330786447448e-06,4.53328731368745e-06,"Naïve pluripotency",FALSE,2778,FALSE
"SBR",NA,"Hoxd9",0.0765665525958846,19.3673866120216,0.00395337554465706,0.00393780791116152,"Exiting naïve pluripotency",FALSE,428,TRUE
"SBR",NA,"Idi1",179.203998187508,88498.2965952415,0.00202494290943384,0.00202085080193145,"Epiblast",FALSE,649,FALSE
"SBR",NA,"Atf4",77.5509431146046,131340.447106965,0.000590457431985488,0.00059010899774209,"Exiting naïve pluripotency",FALSE,1305,FALSE
"SBR",NA,"Cwc22",5.89127399655898,8409.74642365494,0.000700529326305012,0.000700038928506039,"Epiblast",FALSE,1195,FALSE
"SBR",NA,"Cdk2ap1",639.516884965823,158369.308486914,0.00403813649927421,0.00402189553611356,"Epiblast",FALSE,420,TRUE
"SBR",NA,"Smc6",2.33250644854592,34212.5476540427,6.81769294743035e-05,6.81722816974621e-05,"Epiblast",FALSE,2406,FALSE
"SBR",NA,"Calm1",210.472576181409,173884.18581623,0.00121041815961256,0.0012089548187458,"Epiblast",FALSE,919,FALSE
"SBR",NA,"Aldh1a2",0.38153143993636,85.6231922097542,0.0044559357119238,0.00443616843058982,"Naïve pluripotency",FALSE,383,TRUE
"SBR",NA,"Hmgn5",12.4972466293678,28549.1713146496,0.000437744636845377,0.000437553100322376,"Epiblast",FALSE,1481,FALSE
"SBR",NA,"Marcks",102.6385823212,53976.2198876846,0.0019015518784897,0.00189794284171377,"Epiblast",FALSE,680,FALSE
"SBR",NA,"Msmo1",326.091296574379,99207.2395571505,0.00328697076977459,0.0032762019895989,"Epiblast",FALSE,488,TRUE
"SBR",NA,"Sumo3",4.00524192279693,47274.4107095293,8.47232543501507e-05,8.47160769284175e-05,"Exiting naïve pluripotency",FALSE,2323,FALSE
"SBR",NA,"Mthfd2",103.328736163176,76987.3831199138,0.00134215155751214,0.00134035260118085,"Epiblast",FALSE,853,FALSE
"SBR",NA,"Amot",2.36290000948402,2190.71203520563,0.00107859909084866,0.00107743696831419,"Epiblast",FALSE,983,FALSE
"SBR",NA,"Zfp503",0.016516258130671,88.9967314956681,0.000185582749535862,0.000185548314969399,"Epiblast",FALSE,1940,FALSE
"SBR",NA,"Dhx16",903.109174478359,45791.7465447497,0.0197220949761285,0.0193406567076398,"Naïve pluripotency",FALSE,117,TRUE
"SBR",NA,"Pdcd5",13.0271737583987,35914.2376012058,0.000362730065525916,0.000362598540133693,"Epiblast",FALSE,1574,FALSE
"SBR",NA,"Platr10",10.0928990764913,26902.9384700317,0.000375159727913521,0.00037501903587406,"Naïve pluripotency",FALSE,1563,FALSE
"SBR",NA,"Hspd1-ps3",0.0110574099361019,104.272353541062,0.000106043544243465,0.000106032300202548,"Epiblast",FALSE,2216,FALSE
"SBR",NA,"Zfp428",1031.81032194186,31596.9016953928,0.0326554271646295,0.0316227720356748,"Naïve pluripotency",FALSE,65,TRUE
"SBR",NA,"Bmp2",0.0606054941562332,184.681330140948,0.000328162538736207,0.000328054883412821,"Epiblast",FALSE,1642,FALSE
"SBR",NA,"Myl9",0.220146222881258,1181.1496675205,0.000186383003725002,0.000186348271574407,"Epiblast",FALSE,1935,FALSE
"SBR",NA,"Gtsf1l",829.453607576057,21928.4682788038,0.0378254238750369,0.0364468079166959,"Naïve pluripotency",FALSE,49,TRUE
"SBR",NA,"Hoxb4",0.0148956054638213,22.2027025511607,0.000670891547076219,0.000670441753371076,"Exiting naïve pluripotency",FALSE,1219,FALSE
"SBR",NA,"Ndufab1-ps",2.26573906050094,1815.23227340014,0.00124818134500052,0.00124662533051876,"Naïve pluripotency",FALSE,893,FALSE
"SBR",NA,"Atrx",4.81031276666378,72674.4763750789,6.61898510535853e-05,6.61854702471677e-05,"Naïve pluripotency",FALSE,2421,FALSE
"SBR",NA,"Nusap1",46.2482431377648,31933.3628405302,0.00144827349905867,0.00144617903628552,"Naïve pluripotency",FALSE,815,FALSE
"SBR",NA,"Dnajb6",71.93059823618,46093.8471421754,0.00156052494412783,0.00155809350035524,"Naïve pluripotency",FALSE,765,FALSE
"SBR",NA,"Pabpc1",0.350673672234113,163504.121076746,2.14473904342456e-06,2.14473444352886e-06,"Naïve pluripotency",FALSE,2788,FALSE
"SBR",NA,"Cald1",1.22510291854753,14412.3523297985,8.50036753552399e-05,8.49964503445684e-05,"Epiblast",FALSE,2319,FALSE
"SBR",NA,"Akr1b3",85.5919562763155,114065.397749503,0.000750376169855495,0.000749813527652509,"Naïve pluripotency",FALSE,1156,FALSE
"SBR",NA,"Cdk1",41.3678903469253,124420.418068891,0.00033248473995659,0.000332374230596962,"Exiting naïve pluripotency",FALSE,1635,FALSE
"SBR",NA,"Cdh2",0.196841644067545,685.053220993538,0.000287337739660671,0.000287255200400682,"Epiblast",FALSE,1699,FALSE
"SBR",NA,"Gdf3",307.054250389025,19228.419524775,0.0159687721600519,0.0157177785357523,"Naïve pluripotency",FALSE,144,TRUE
"SBR",NA,"Prxl2a",20.357688684117,7368.51731311154,0.00276279308564458,0.00275518109037839,"Epiblast",FALSE,541,FALSE
"SBR",NA,"Arl4d",1.13900789185222,5540.04904392818,0.000205595272319937,0.000205553011592542,"Exiting naïve pluripotency",FALSE,1878,FALSE
"SBR",NA,"Plxna2",0.0535879741429378,141.197485474623,0.000379524989151234,0.000379381004579586,"Exiting naïve pluripotency",FALSE,1558,FALSE
"SBR",NA,"Eif2s2",4.04528671040447,167867.404569972,2.40981071981623e-05,2.40975264933857e-05,"Epiblast",FALSE,2703,FALSE
"SBR",NA,"Tdrd12",903.480493212967,16677.1762616954,0.0541746683632592,0.0513905996691917,"Naïve pluripotency",FALSE,33,TRUE
"SBR",NA,"Sae1",47.464296466087,81824.6493738975,0.000580073325449878,0.000579737035459832,"Epiblast",FALSE,1316,FALSE
"SBR",NA,"C1ql2",0.0356945900763218,157.435603407392,0.000226725018380727,0.000226673625798752,"Epiblast",FALSE,1814,FALSE
"SBR",NA,"Fgf3",0.0933630301124141,505.333571705731,0.000184755249482577,0.000184721121285729,"Epiblast",FALSE,1944,FALSE
"SBR",NA,"Gpx1",672.411500714085,151599.261818207,0.00443545366019274,0.00441586728547844,"Exiting naïve pluripotency",FALSE,384,TRUE
"SBR",NA,"Pfkp",265.547843456949,3447.56454306656,0.0770247634641086,0.0715162418516437,"Naïve pluripotency",FALSE,18,TRUE
"SBR",NA,"Rtl8a",1.47571614415673,2394.24354677931,0.00061636008005194,0.000615980414314463,"Epiblast",FALSE,1282,FALSE
"SBR",NA,"E330020D12Rik",5.02468356921158,414.41590978996,0.0121247361660373,0.0119794880342182,"Naïve pluripotency",FALSE,184,TRUE
"SBR",NA,"Smoc2",0.0663282516448835,170.035875658017,0.000390083865467811,0.000389931759379844,"Exiting naïve pluripotency",FALSE,1543,FALSE
"SBR",NA,"Ppib",81.7092471261225,159061.534637278,0.000513695830437265,0.000513432082517263,"Exiting naïve pluripotency",FALSE,1375,FALSE
"SBR",NA,"Srm",342.30194664548,167783.487251472,0.00204014085207588,0.00203598715151377,"Exiting naïve pluripotency",FALSE,647,FALSE
"SBR",NA,"Hells",36.222946359555,102758.778439616,0.000352504641545936,0.000352380425810248,"Exiting naïve pluripotency",FALSE,1597,FALSE
"SBR",NA,"Set",3.51669590660123,155481.428408076,2.26181090732671e-05,2.26175975059797e-05,"Naïve pluripotency",FALSE,2710,FALSE
"SBR",NA,"Hnrnpa3",4.2070821835154,170672.88593003,2.46499738994286e-05,2.46493662931928e-05,"Naïve pluripotency",FALSE,2701,FALSE
"SBR",NA,"Bhlhe41",0.0134644149012337,966.461892128261,1.39316562928141e-05,1.3931462204471e-05,"Naïve pluripotency",FALSE,2749,FALSE
"SBR",NA,"Lef1",19.99652885561,10684.0018053365,0.00187163286004144,0.00186813639457831,"Naïve pluripotency",FALSE,693,FALSE
"SBR",NA,"Cdc20",143.114625179613,121636.337953926,0.00117657788442976,0.00117519517577605,"Epiblast",FALSE,934,FALSE
"SBR",NA,"Hormad1",141.76552702014,7280.13610388752,0.0194729226208338,0.0191009708926583,"Naïve pluripotency",FALSE,119,TRUE
"SBR",NA,"Cox7c",22.2370371080812,177499.265651612,0.000125279600602558,0.000125263907590245,"Naïve pluripotency",FALSE,2137,FALSE
"SBR",NA,"Dab2",0.0618030538411916,619.811751717774,9.97126202752817e-05,9.9702678659944e-05,"Epiblast",FALSE,2250,FALSE
"SBR",NA,"Hmgcr",29.487152137568,62498.6950458057,0.00047180428512878,0.000471581790819083,"Epiblast",FALSE,1428,FALSE
"SBR",NA,"Pycr2",3.61630183544674,66125.4427790362,5.46885084388913e-05,5.46855177694913e-05,"Exiting naïve pluripotency",FALSE,2499,FALSE
"SBR",NA,"Cox6c",3.68705327611945,175495.323199584,2.10094104440966e-05,2.10089690580427e-05,"Exiting naïve pluripotency",FALSE,2717,FALSE
"SBR",NA,"Klf9",251.183829188796,24036.6059746069,0.0104500539491372,0.0103419797032969,"Naïve pluripotency",FALSE,200,TRUE
"SBR",NA,"Nhp2",4.07217262939254,173907.582008851,2.34157279536281e-05,2.3415179670151e-05,"Naïve pluripotency",FALSE,2706,FALSE
"SBR",NA,"Cenpa",42.0921069861982,107980.741056613,0.000389811243878479,0.000389659350282457,"Exiting naïve pluripotency",FALSE,1544,FALSE
"SBR",NA,"1700097N02Rik",180.82617165328,3411.96918680909,0.0529975980886248,0.0503302174523709,"Naïve pluripotency",FALSE,36,TRUE
"SBR",NA,"Taf7l",2.38474150586446,2303.51969952692,0.00103525987051651,0.00103418921592274,"Epiblast",FALSE,1001,FALSE
"SBR",NA,"Triml2",363.302188769978,6573.56922697162,0.0552671123138606,0.0523726283790629,"Exiting naïve pluripotency",FALSE,31,TRUE
"SBR",NA,"Zbed5",0.145901110996682,5297.16259757321,2.75432570379326e-05,2.7542498427819e-05,"Naïve pluripotency",FALSE,2687,FALSE
"SBR",NA,"Slc38a2",1306.77857722535,131415.739732613,0.00994385132164691,0.00984594471131642,"Exiting naïve pluripotency",FALSE,208,TRUE
"SBR",NA,"Tmem176a",0.0173888773943421,185.177337645991,9.39039172686719e-05,9.38951001509554e-05,"Exiting naïve pluripotency",FALSE,2278,FALSE
"SBR",NA,"Map7d3",23.3836729053547,31351.9703198214,0.000745843807161652,0.00074528793876797,"Epiblast",FALSE,1159,FALSE
"SBR",NA,"Plk2",34.9638032478598,13372.5022614235,0.00261460439971075,0.00260778607077659,"Epiblast",FALSE,557,FALSE
"SBR",NA,"Sec61g",30.9389174222072,35711.1102389213,0.000866366719354668,0.000865616777786678,"Exiting naïve pluripotency",FALSE,1098,FALSE
"SBR",NA,"Ttn",2.49940477746207,306.869722748354,0.00814483995057304,0.00807903748331674,"Naïve pluripotency",FALSE,243,TRUE
"SBR",NA,"Mki67",5.58679974232576,15315.4675035123,0.000364781534814039,0.00036464851776806,"Naïve pluripotency",FALSE,1573,FALSE
"SBR",NA,"Dpm1",19.370055671006,18952.7709795523,0.00102201708087455,0.00102097362838722,"Naïve pluripotency",FALSE,1010,FALSE
"SBR",NA,"Id2",5.99587379731212,4059.59581196634,0.0014769632433944,0.00147478504009826,"Epiblast",FALSE,806,FALSE
"SBR",NA,"Eef2",16.0701726681479,167729.383305994,9.58101219440515e-05,9.58009432439969e-05,"Naïve pluripotency",FALSE,2271,FALSE
"SBR",NA,"Dut",147.291008691004,174351.534031004,0.000844793305144144,0.000844080231815302,"Epiblast",FALSE,1109,FALSE
"SBR",NA,"Tpi1",66.6911639577371,151923.461504512,0.000438978702152309,0.000438786084406454,"Exiting naïve pluripotency",FALSE,1476,FALSE
"SBR",NA,"Cyp51",52.7971183716563,36455.1450925654,0.00144827618262377,0.0014461817120944,"Epiblast",FALSE,814,FALSE
"SBR",NA,"Spink10",1.11649897229084,1028.34913727676,0.00108571975394224,0.00108454224500286,"Exiting naïve pluripotency",FALSE,979,FALSE
"SBR",NA,"Phgdh",115.976377708074,106087.251092416,0.00109321691828025,0.00109202310015201,"Exiting naïve pluripotency",FALSE,974,FALSE
"SBR",NA,"Pabpn1",111.887027254095,140646.119702494,0.000795521607640279,0.000794889256061401,"Epiblast",FALSE,1135,FALSE
"SBR",NA,"Txnip",56.5996055529814,5296.16498080255,0.0106869037800263,0.0105739015119882,"Naïve pluripotency",FALSE,197,TRUE
"SBR",NA,"Nasp",6.01811078752335,171716.512880123,3.50467796403754e-05,3.50455514066579e-05,"Epiblast",FALSE,2637,FALSE
"SBR",NA,"Gbx2",1.10552049045801,1138.29447629039,0.000971207814396866,0.000970265484975817,"Naïve pluripotency",FALSE,1032,FALSE
"SBR",NA,"Tcl1",21.0741503512038,562.720603389762,0.0374504687126358,0.0360985606947653,"Naïve pluripotency",FALSE,50,TRUE
"SBR",NA,"Pou4f3",0.313680828921366,621.322746810311,0.000504859721508204,0.000504604966785201,"Epiblast",FALSE,1384,FALSE
"SBR",NA,"Zfp703",0.0550852561539135,52.6873943776869,0.00104551110952722,0.00104441915769484,"Exiting naïve pluripotency",FALSE,997,FALSE
"SBR",NA,"Kras",184.638572107134,133477.311681941,0.00138329555622984,0.00138138469292268,"Epiblast",FALSE,841,FALSE
"SBR",NA,"Bex2",26.5740475269925,31730.1371430032,0.000837501817506399,0.000836800995152068,"Naïve pluripotency",FALSE,1112,FALSE
"SBR",NA,"Pttg1",12.284502953046,9864.37910300716,0.00124533970407738,0.00124379076205782,"Epiblast",FALSE,897,FALSE
"SBR",NA,"Ahnak2",14.3779459629535,1235.66358313841,0.011635809421878,0.0115019746370263,"Naïve pluripotency",FALSE,190,TRUE
"SBR",NA,"Mycn",46.7501576146416,53378.6063877487,0.000875821996457582,0.000875055603511903,"Naïve pluripotency",FALSE,1090,FALSE
"SBR",NA,"Pitx2",1.77478473169471,2742.89938312261,0.000647046968844417,0.000646628569788367,"Epiblast",FALSE,1249,FALSE
"SBR",NA,"Eif1",1.14296395675811,161937.891535823,7.05803901679969e-06,7.05798920123653e-06,"Naïve pluripotency",FALSE,2768,FALSE
"SBR",NA,"Sp140",0.0144844664005273,157.381034962043,9.20343826943358e-05,9.20259131462275e-05,"Epiblast",FALSE,2288,FALSE
"SBR",NA,"Prph",7.12155483400031,7505.83757645357,0.000948802150520977,0.000947902778326416,"Exiting naïve pluripotency",FALSE,1044,FALSE
"SBR",NA,"Dcxr",1.26396826841237,11938.0155412036,0.000105877586107157,0.000105866377230686,"Exiting naïve pluripotency",FALSE,2219,FALSE
"SBR",NA,"Eprn",2.97507420509698,94.2075013895629,0.0315800139183671,0.0306132471473668,"Naïve pluripotency",FALSE,69,TRUE
"SBR",NA,"Calr",564.134497793767,153046.883763752,0.0036860240726272,0.0036724871964148,"Epiblast",FALSE,450,TRUE
"SBR",NA,"Socs2",169.545772858095,23274.7830159254,0.00728452646549214,0.00723184589269246,"Naïve pluripotency",FALSE,278,TRUE
"SBR",NA,"Pdzrn4",18.5971133255168,5883.81142385218,0.00316072558854056,0.00315076687904244,"Exiting naïve pluripotency",FALSE,500,TRUE
"SBR",NA,"Phlda3",206.584668671573,59730.0741793067,0.00345863740351998,0.00344671646104847,"Epiblast",FALSE,468,TRUE
"SBR",NA,"Hmmr",67.7984159093762,34779.240734586,0.00194939321495752,0.00194560047459333,"Naïve pluripotency",FALSE,669,FALSE
"SBR",NA,"Iigp1",0.0182254395596265,11.7764597548885,0.00154761617149508,0.00154522475667306,"Exiting naïve pluripotency",FALSE,770,FALSE
"SBR",NA,"Alox15",0.0887876573524324,195.715976917812,0.000453655642991872,0.00045344993287101,"Naïve pluripotency",FALSE,1455,FALSE
"SBR",NA,"Nsa2",13.6542233132728,51027.7885858657,0.000267584069223311,0.000267512487143433,"Exiting naïve pluripotency",FALSE,1730,FALSE
"SBR",NA,"Adprh",1961.93845239248,13684.702335074,0.143367272765883,0.125390393953702,"Naïve pluripotency",FALSE,11,TRUE
"SBR",NA,"2610005L07Rik",0.352124102189189,7243.95529316388,4.86093698730428e-05,4.86070071170555e-05,"Epiblast",FALSE,2535,FALSE
"SBR",NA,"Kpna2",76.8988336016881,84706.1136185478,0.000907830973664808,0.000907007564104766,"Naïve pluripotency",FALSE,1075,FALSE
"SBR",NA,"Pim1",65.5320013424114,5374.83573288751,0.0121923728647993,0.0120455095213683,"Naïve pluripotency",FALSE,182,TRUE
"SBR",NA,"Vcp",102.144143047194,98967.5527468966,0.00103209729059807,0.00103103316406293,"Epiblast",FALSE,1003,FALSE
"SBR",NA,"Dnd1",0.139831771784503,4342.12337206167,3.22035464685818e-05,3.22025094335728e-05,"Exiting naïve pluripotency",FALSE,2658,FALSE
"SBR",NA,"Maml3",0.0336261887544562,151.176531970494,0.000222429952031306,0.000222380487950039,"Epiblast",FALSE,1822,FALSE
"SBR",NA,"Myl12b",4.51893676179306,52688.846431346,8.57664774969267e-05,8.57591222390991e-05,"Naïve pluripotency",FALSE,2315,FALSE
"SBR",NA,"Gstt2",32.4401243920321,26768.4303011558,0.00121187996558138,0.00121041309020728,"Exiting naïve pluripotency",FALSE,918,FALSE
"SBR",NA,"Pla2g1b",12.4606262362599,64549.3481316036,0.000193040310970378,0.000193003053600892,"Exiting naïve pluripotency",FALSE,1915,FALSE
"SBR",NA,"H4c9",2.48424138413889,2240.45010409406,0.00110881352796,0.00110758542226043,"Epiblast",FALSE,970,FALSE
"SBR",NA,"Gng5",79.0943715858818,162912.575210412,0.000485501941662431,0.00048526634391024,"Exiting naïve pluripotency",FALSE,1406,FALSE
"SBR",NA,"Atp5g2",2.70807284213594,173124.78666694,1.56423172803428e-05,1.56420726020802e-05,"Exiting naïve pluripotency",FALSE,2740,FALSE
"SBR",NA,"Khdrbs1",43.6917072079298,34021.6485967467,0.00128423251106379,0.00128258537322927,"Epiblast",FALSE,879,FALSE
"SBR",NA,"Rnf17",189.73883457639,29660.4397018532,0.00639703377575129,0.00635637185033347,"Exiting naïve pluripotency",FALSE,305,TRUE
"SBR",NA,"Selenop",10.3614000904447,7908.47886516778,0.00131016346722258,0.00130844918490181,"Epiblast",FALSE,867,FALSE
"SBR",NA,"Smagp",960.585791954165,44739.7258938002,0.0214705336870934,0.0210192393994896,"Naïve pluripotency",FALSE,104,TRUE
"SBR",NA,"Cenpm",983.652815849233,85511.0172746789,0.0115032290247412,0.011372409592634,"Naïve pluripotency",FALSE,191,TRUE
"SBR",NA,"Ccne1",57.9767515714739,116149.033256096,0.000499158279205317,0.00049890924452534,"Epiblast",FALSE,1394,FALSE
"SBR",NA,"Oaz1-ps",0.000360320307800832,12.3443006440808,2.91892038431199e-05,2.91883518583677e-05,"Epiblast",FALSE,2670,FALSE
"SBR",NA,"Tfcp2l1",2.33558944463389,412.119338984454,0.00566726485194618,0.00563532795589256,"Naïve pluripotency",FALSE,329,TRUE
"SBR",NA,"Ttc3",7.47250630594156,16433.6371899125,0.000454708000401058,0.000454501335007837,"Epiblast",FALSE,1453,FALSE
"SBR",NA,"4930566F21Rik",69.1320562871622,4920.59490854277,0.0140495321342426,0.0138548775863768,"Naïve pluripotency",FALSE,165,TRUE
"SBR",NA,"Hmox1",0.728333464747231,35891.6598786159,2.02925545157406e-05,2.02921427363279e-05,"Naïve pluripotency",FALSE,2721,FALSE
"SBR",NA,"Sfpq",690.5531824993,161845.573970038,0.00426674122473772,0.00424861349041021,"Epiblast",FALSE,402,TRUE
"SBR",NA,"Ostf1",222.604090705427,16109.3697519254,0.0138182991720592,0.0136299563574104,"Exiting naïve pluripotency",FALSE,167,TRUE
"SBR",NA,"Cubn",0.0234224384876765,382.824834968884,6.11831739954391e-05,6.11794308436768e-05,"Epiblast",FALSE,2460,FALSE
"SBR",NA,"Dppa4",348.43623828103,51610.7427355459,0.00675123471999661,0.0067059612018994,"Naïve pluripotency",FALSE,296,TRUE
"SBR",NA,"Hspe1",2.78288994175637,164423.979447046,1.69250856907561e-05,1.69247992370787e-05,"Naïve pluripotency",FALSE,2737,FALSE
"SBR",NA,"Gfra3",0.129053139657283,489.314937906874,0.000263742489058947,0.000263672947299529,"Epiblast",FALSE,1738,FALSE
"SBR",NA,"Grb10",1.22103916425137,1769.19521098096,0.0006901664421612,0.000689690440963368,"Epiblast",FALSE,1204,FALSE
"SBR",NA,"Xist",0.465790131242167,2214.91863291088,0.000210296723464744,0.0002102525080512,"Exiting naïve pluripotency",FALSE,1857,FALSE
"SBR",NA,"Cenpe",17.422912713883,28200.7467478168,0.00061781742411597,0.000617435961420728,"Naïve pluripotency",FALSE,1279,FALSE
"SBR",NA,"Cox8a",76.7290042949495,173060.402968694,0.000443365454943667,0.000443168969132051,"Naïve pluripotency",FALSE,1469,FALSE
"SBR",NA,"Fam25c",53.7128055053851,1796.40835789833,0.0299001088862809,0.0290320475046987,"Naïve pluripotency",FALSE,71,TRUE
"SBR",NA,"Ccng1",453.459711048417,99050.8094092741,0.00457805154498778,0.00455718850112938,"Epiblast",FALSE,375,TRUE
"SBR",NA,"Hspa1a",0.75536457582551,420.148456167251,0.00179785160396928,0.00179462513429307,"Naïve pluripotency",FALSE,704,FALSE
"SBR",NA,"Slc29a1",247.75641470169,7542.21002985041,0.0328493125650339,0.0318045548033083,"Naïve pluripotency",FALSE,64,TRUE
"SBR",NA,"Sap18b",26.1025812756279,107876.266067317,0.000241967786123959,0.00024190925187784,"Exiting naïve pluripotency",FALSE,1780,FALSE
"SBR",NA,"Ccnb1",3.00171550886354,117156.028565107,2.56215198281103e-05,2.56208633826511e-05,"Exiting naïve pluripotency",FALSE,2696,FALSE
"SBR",NA,"Hspd1",5.8236375501255,161946.090217219,3.59603466950898e-05,3.59590535950557e-05,"Exiting naïve pluripotency",FALSE,2628,FALSE
"SBR",NA,"Thbs1",0.00273248676113292,52.676093885487,5.187337480021e-05,5.18706840927729e-05,"Epiblast",FALSE,2522,FALSE
"SBR",NA,"Ctsh",0.00968301750419171,64.4224225122247,0.000150305082090856,0.000150282493868278,"Epiblast",FALSE,2040,FALSE
"SBR",NA,"Eif4a1",33.6617930069432,163380.55119396,0.000206033048370495,0.000205990607497696,"Naïve pluripotency",FALSE,1877,FALSE
"SBR",NA,"Sap18",9.43985085410695,125035.377894182,7.54974393095044e-05,7.54917398764547e-05,"Exiting naïve pluripotency",FALSE,2365,FALSE
"SBR",NA,"Aldh2",693.767277266093,85296.4082236797,0.00813360482245361,0.00806798303671868,"Naïve pluripotency",FALSE,244,TRUE
"SBR",NA,"Xlr3c",0.850746016362438,7126.51080561954,0.000119377636485388,0.000119363387166345,"Naïve pluripotency",FALSE,2160,FALSE
"SBR",NA,"Ndufs5-ps",1.75338430564646,4692.95411207183,0.00037362059457095,0.00037348105435736,"Naïve pluripotency",FALSE,1566,FALSE
"SBR",NA,"Tuba4a",151.137367049053,72567.9185944819,0.00208270224606588,0.0020783736126746,"Naïve pluripotency",FALSE,641,FALSE
"SBR",NA,"Apln",0.637708902298061,680.228314313197,0.000937492440228592,0.000936614371336055,"Epiblast",FALSE,1053,FALSE
"SBR",NA,"Pcdh7",0.00048721636039967,13.1915142706577,3.69340737085356e-05,3.69327096331158e-05,"Epiblast",FALSE,2620,FALSE
"SBR",NA,"Nanos3",0.628052767357048,80.1924554031427,0.00783181864428154,0.00777095791122845,"Naïve pluripotency",FALSE,258,TRUE
"SBR",NA,"Ephx2",356.715037189575,4328.31847634932,0.0824142306391565,0.0761392711831695,"Naïve pluripotency",FALSE,17,TRUE
"SBR",NA,"Hmgb1-ps4",0.00209582062932061,57.2114979326991,3.66328571187916e-05,3.66315152017292e-05,"Epiblast",FALSE,2623,FALSE
"SBR",NA,"Atp1b1",196.629590438145,17858.3737752165,0.0110104980953542,0.0108905873045798,"Naïve pluripotency",FALSE,195,TRUE
"SBR",NA,"Eif2s3y",41.5062028398439,27428.7703987501,0.00151323600133877,0.00151094957804107,"Naïve pluripotency",FALSE,783,FALSE
"SBR",NA,"Hspa4",7.60398477427308,161010.170040981,4.72267358784708e-05,4.72245056192169e-05,"Naïve pluripotency",FALSE,2548,FALSE
"SBR",NA,"Zfp985",166.874511501632,49317.3103632088,0.00338369043795465,0.00337227968742221,"Naïve pluripotency",FALSE,479,TRUE
"SBR",NA,"Pmepa1",0.598549248429303,10445.0202552827,5.73047475065046e-05,5.73014638605863e-05,"Naïve pluripotency",FALSE,2487,FALSE
"SBR",NA,"Sox18",0.0167648882202983,223.323715590861,7.50698965219273e-05,7.50642614555873e-05,"Exiting naïve pluripotency",FALSE,2369,FALSE
"SBR",NA,"Cox6a2",0.385097959136975,580.030931986541,0.000663926590635533,0.000663486084581463,"Exiting naïve pluripotency",FALSE,1225,FALSE
"SBR",NA,"Trp53inp1",0.188169837315136,15481.2096162849,1.21547244678605e-05,1.21545767323293e-05,"Epiblast",FALSE,2757,FALSE
"SBR",NA,"Cldn7",45.4466067251002,19121.8448500754,0.00237668525612585,0.00237105001651007,"Epiblast",FALSE,594,FALSE
"SBR",NA,"Ccn2",0.0239001269742482,864.070621921216,2.76599231219174e-05,2.76591580717315e-05,"Naïve pluripotency",FALSE,2686,FALSE
"SBR",NA,"Zfp989",1.02335077401821,1580.15442830151,0.000647627064601651,0.000647207915239318,"Exiting naïve pluripotency",FALSE,1248,FALSE
"SBR",NA,"Atf5",5.89886725419221,13217.5269651943,0.000446291297133397,0.000446092210062328,"Exiting naïve pluripotency",FALSE,1465,FALSE
"SBR",NA,"Jund",17.2670255272148,50834.8958890209,0.000339668749689405,0.000339553414005817,"Epiblast",FALSE,1619,FALSE
"SBR",NA,"Arid5b",91.4952319515094,4788.20040430092,0.0191084800605516,0.0187501923832645,"Naïve pluripotency",FALSE,126,TRUE
"SBR",NA,"Xlr3a",4.54286686738732,18970.5024260393,0.000239470034338769,0.000239412702170759,"Exiting naïve pluripotency",FALSE,1788,FALSE
"SBR",NA,"S100a6",0.707792181547007,1202.58976435147,0.000588556632135237,0.00058821043698146,"Epiblast",FALSE,1307,FALSE
"SBR",NA,"Gal",0.0367989225689766,222.92768185721,0.000165071121999767,0.000165043878021643,"Epiblast",FALSE,1999,FALSE
"SBR",NA,"Atp5l-ps1",0.377507798124926,673.691534775421,0.000560357045677841,0.000560043221512782,"Epiblast",FALSE,1332,FALSE
"SBR",NA,"Sox2",91.5590494892741,8296.09818094964,0.0110363989784404,0.0109159264588215,"Exiting naïve pluripotency",FALSE,194,TRUE
"SBR",NA,"0610040J01Rik",0.00389871019425189,91.5238527820331,4.25977499388797e-05,4.25959354478731e-05,"Exiting naïve pluripotency",FALSE,2581,FALSE
"SBR",NA,"Cbx1",20.7241375708942,154435.373899353,0.000134192944580173,0.000134174939249986,"Naïve pluripotency",FALSE,2103,FALSE
"SBR",NA,"Hes5",0.00392585922282274,99.7718578854452,3.9348362414282e-05,3.93468141815778e-05,"Exiting naïve pluripotency",FALSE,2608,FALSE
"SBR",NA,"Atxn7l3b",25.9745750038389,9655.07183234513,0.00269025186501693,0.00268303382825656,"Exiting naïve pluripotency",FALSE,550,FALSE
"SBR",NA,"Cox7a2",22.064123249907,144867.648318424,0.000152305387062054,0.000152282193663605,"Naïve pluripotency",FALSE,2034,FALSE
"SBR",NA,"Adgrl2",1.13322605417245,5218.17360788317,0.00021716909772041,0.000217121945543401,"Epiblast",FALSE,1840,FALSE
"SBR",NA,"Glrx2",4.30116988903551,28981.4666433708,0.000148411049791345,0.000148389027220038,"Epiblast",FALSE,2048,FALSE
"SBR",NA,"Irx1",0.0494490797410976,154.438686532611,0.00032018583459434,0.00032008334844028,"Epiblast",FALSE,1654,FALSE
"SBR",NA,"Rlim",25.6817105891055,17340.0655864109,0.00148106190608828,0.0014788716056891,"Exiting naïve pluripotency",FALSE,802,FALSE
"SBR",NA,"Rilp",0.0089902279852381,47.1938910837566,0.00019049558700898,0.000190459305351806,"Exiting naïve pluripotency",FALSE,1925,FALSE
"SBR",NA,"Cdkn2a",1.33822482826038,11794.7121027767,0.000113459728105218,0.000113446856455731,"Naïve pluripotency",FALSE,2185,FALSE
"SBR",NA,"Elob",12.978069645088,173953.088474999,7.4606721610196e-05,7.46011558625288e-05,"Exiting naïve pluripotency",FALSE,2372,FALSE
"SBR",NA,"Vamp3",0.0924374269113853,1021.77330079715,9.04676476076142e-05,9.04594639527066e-05,"Exiting naïve pluripotency",FALSE,2297,FALSE
"SBR",NA,"1700007K13Rik",10.4406947749791,7954.85186807924,0.0013124939279982,0.00131077354567852,"Epiblast",FALSE,866,FALSE
"SBR",NA,"Slc25a5",32.7494291297939,169896.295825215,0.00019276128988407,0.000192724140130226,"Naïve pluripotency",FALSE,1916,FALSE
"SBR",NA,"Tomm5",20.7514003154354,165330.680597921,0.000125514515759493,0.00012549876384292,"Exiting naïve pluripotency",FALSE,2135,FALSE
"SBR",NA,"Nap1l1",89.857120255428,169268.736082027,0.000530854795370385,0.000530573138075743,"Epiblast",FALSE,1358,FALSE
"SBR",NA,"Perp",3.8330580912035,2537.67556733903,0.00151046025762182,0.00150818220833488,"Epiblast",FALSE,786,FALSE
"SBR",NA,"Tagln2",561.224831823757,37908.5830385966,0.0148046903059486,0.0145887089874261,"Naïve pluripotency",FALSE,155,TRUE
"SBR",NA,"Dst",22.1063864849275,14257.7676924837,0.0015504801987047,0.00154807993142501,"Naïve pluripotency",FALSE,768,FALSE
"SBR",NA,"Hoxa7",0.0373347407188809,161.002200300126,0.000231889630385701,0.000231835870051485,"Naïve pluripotency",FALSE,1806,FALSE
"SBR",NA,"Jarid2",266.141235480386,47845.279308038,0.00556253907030018,0.00553176839248911,"Naïve pluripotency",FALSE,332,TRUE
"SBR",NA,"Hat1",98.0307715904954,160262.424296406,0.000611689059496488,0.00061131512472279,"Exiting naïve pluripotency",FALSE,1285,FALSE
"SBR",NA,"Snhg3",5.7666853561583,5945.98783845611,0.000969844794982904,0.000968905107407652,"Naïve pluripotency",FALSE,1034,FALSE
"SBR",NA,"Tpx2",0.44133741532125,62729.9831638814,7.03550986405115e-06,7.03546036600035e-06,"Exiting naïve pluripotency",FALSE,2769,FALSE
"SBR",NA,"2410137M14Rik",23.2407501799185,354.105569211235,0.0656322639366755,0.0615899744760128,"Naïve pluripotency",FALSE,25,TRUE
"SBR",NA,"Aass",1.56130463578332,1090.80705539725,0.00143132979206365,0.00142928401527128,"Naïve pluripotency",FALSE,817,FALSE
"SBR",NA,"Rtp4",0.00330381688858034,38.8186135581561,8.51090903499354e-05,8.51018474091154e-05,"Epiblast",FALSE,2318,FALSE
"SBR",NA,"Atpsckmt",0.271505839154796,2925.46171845731,9.28078591634998e-05,9.27992466640849e-05,"Naïve pluripotency",FALSE,2284,FALSE
"SBR",NA,"Myl6",21.5859453174753,160869.451912813,0.000134182997833388,0.000134164995172131,"Naïve pluripotency",FALSE,2104,FALSE
"SBR",NA,"Tet1",143.685764248116,34228.5839993562,0.00419782963416828,0.00418028152450554,"Exiting naïve pluripotency",FALSE,409,TRUE
"SBR",NA,"Hes1",8.35071518698361,5486.25394719756,0.00152211604992314,0.00151980273378933,"Epiblast",FALSE,780,FALSE
"SBR",NA,"Ddit3",0.906560533984494,2292.48321360212,0.000395449148157573,0.000395292829944699,"Exiting naïve pluripotency",FALSE,1535,FALSE
"SBR",NA,"Dusp2",1.38622760254984,1539.87857887498,0.000900218771510287,0.000899409106549304,"Epiblast",FALSE,1078,FALSE
"SBR",NA,"Msh6",152.147556616413,52339.5347894212,0.00290693368270376,0.00289850791242355,"Exiting naïve pluripotency",FALSE,522,FALSE
"SBR",NA,"Abracl",16.5409593408081,25023.4398340336,0.000661018606974699,0.000660581950014308,"Epiblast",FALSE,1229,FALSE
"SBR",NA,"Ctf2",0.350038738072234,150.814745375552,0.00232098484269946,0.00231561034618436,"Exiting naïve pluripotency",FALSE,601,FALSE
"SBR",NA,"Phlda1",0.272069679592637,1754.60068426143,0.000155060739479399,0.000155036699374148,"Exiting naïve pluripotency",FALSE,2029,FALSE
"SBR",NA,"Hes3",0.0663691175005216,33.2986786469277,0.00199314568017086,0.00198918095274781,"Exiting naïve pluripotency",FALSE,658,FALSE
"SBR",NA,"Ptn",14.614029181968,5248.61791532339,0.0027843575999888,0.0027766264789498,"Epiblast",FALSE,539,FALSE
"SBR",NA,"Nr2f1",0.00495095906424286,47.8926234905301,0.000103376234238281,0.000103365548697107,"Epiblast",FALSE,2231,FALSE
"SBR",NA,"Ung",39.9526139614955,60230.6249328528,0.000663327236037084,0.000662887524687529,"Exiting naïve pluripotency",FALSE,1227,FALSE
"SBR",NA,"Hnrnpa0",74.386912875966,142519.563307518,0.000521941768201041,0.000521669487106524,"Epiblast",FALSE,1367,FALSE
"SBR",NA,"Inka1",0.312869045598488,868.5184897528,0.0003602330281852,0.000360103307080431,"Epiblast",FALSE,1582,FALSE
"SBR",NA,"Iqgap1",2.94195275212785,69282.021935237,4.2463436688928e-05,4.2461633622037e-05,"Epiblast",FALSE,2583,FALSE
"SBR",NA,"G0s2",0.786017299851573,4771.97511125063,0.000164715297445375,0.000164688170784338,"Epiblast",FALSE,2000,FALSE
"SBR",NA,"Kitl",0.34220153411189,765.086171100853,0.000447271885230274,0.000447071922528651,"Naïve pluripotency",FALSE,1462,FALSE
"SBR",NA,"Zfp978",5.16033567631938,2559.67908125452,0.00201600884818352,0.00201195273367031,"Naïve pluripotency",FALSE,651,FALSE
"SBR",NA,"Gnpda1",81.8034502746055,8160.75582443953,0.0100240041528535,0.00992452071598145,"Naïve pluripotency",FALSE,207,TRUE
"SBR",NA,"Ccnd1",353.13615999339,75732.0433145885,0.00466296886413685,0.0046413265031643,"Naïve pluripotency",FALSE,371,TRUE
"SBR",NA,"Nog",0.000822118851968262,19.4583969774654,4.22500811819366e-05,4.22482961879929e-05,"Epiblast",FALSE,2584,FALSE
"SBR",NA,"0610010K14Rik",2.81000260600769,13590.4327695723,0.000206763291033603,0.000206720548812606,"Epiblast",FALSE,1874,FALSE
"SBR",NA,"Gbp2",0.595021826422691,1185.29476713182,0.000502003250940294,0.000501751370121329,"Exiting naïve pluripotency",FALSE,1388,FALSE
"SBR",NA,"Ercc4",1.38016243769802,1347.0081999525,0.00102461324121612,0.0010235644834931,"Naïve pluripotency",FALSE,1008,FALSE
"SBR",NA,"Noct",0.239608402016775,7707.61908950393,3.10872137341438e-05,3.10862473493283e-05,"Exiting naïve pluripotency",FALSE,2661,FALSE
"SBR",NA,"Mta3",108.088140026815,33951.5809692566,0.00318359666740378,0.00317349354393328,"Naïve pluripotency",FALSE,498,TRUE
"SBR",NA,"H1f10",15.9941601831171,10459.6018032101,0.00152913662336632,0.00152680193461148,"Epiblast",FALSE,777,FALSE
"SBR",NA,"Tmem114",0.0463402696009173,241.555559198604,0.000191841039612824,0.000191804243687313,"Epiblast",FALSE,1920,FALSE
"SBR",NA,"Zfp991",14.4875991405216,9940.39007103837,0.00145744774973485,0.00145532668712957,"Exiting naïve pluripotency",FALSE,808,FALSE
"SBR",NA,"Synj2bp",0.0227702714896038,830.557166648187,2.74156583122339e-05,2.74149067145187e-05,"Exiting naïve pluripotency",FALSE,2688,FALSE
"SBR",NA,"Psat1",86.6132953164004,119446.582333365,0.000725121586774833,0.000724596166452844,"Epiblast",FALSE,1176,FALSE
"SBR",NA,"Khdc1a",0.00420820373744527,72.461950360476,5.8074668381278e-05,5.80712959100255e-05,"Exiting naïve pluripotency",FALSE,2482,FALSE
"SBR",NA,"Rrm2",31.9539757411435,89319.4730834557,0.000357749263828363,0.000357621325062592,"Exiting naïve pluripotency",FALSE,1591,FALSE
"SBR",NA,"Anp32b",10.4820832181281,166344.491943076,6.30143090143025e-05,6.30103384613636e-05,"Epiblast",FALSE,2449,FALSE
"SBR",NA,"Mogat2",0.877682794961163,1074.2687699959,0.000817004849693723,0.000816337897672336,"Epiblast",FALSE,1124,FALSE
"SBR",NA,"Nkx6-2",0.499723938104601,856.105940863172,0.000583717404881868,0.000583376877644782,"Exiting naïve pluripotency",FALSE,1311,FALSE
"SBR",NA,"Cox6b2",62.4410063268617,7694.33664891988,0.00811519032451317,0.00804986414489091,"Naïve pluripotency",FALSE,246,TRUE
"SBR",NA,"Sub1",4.51571127499241,162877.832374545,2.77245295394669e-05,2.77237609112386e-05,"Naïve pluripotency",FALSE,2683,FALSE
"SBR",NA,"Ms4a10",8.31346968565922,1708.81932065795,0.00486503727173349,0.00484148327514941,"Naïve pluripotency",FALSE,364,TRUE
"SBR",NA,"Nedd4",66.1355121320005,166409.496219957,0.000397426310602994,0.000397268425678257,"Naïve pluripotency",FALSE,1531,FALSE
"SBR",NA,"Tmem252",0.500313719944213,461.402178274313,0.00108433324223876,0.00108315873721338,"Naïve pluripotency",FALSE,981,FALSE
"SBR",NA,"Bnip3l",7.87891045557252,40336.7183945419,0.000195328493966892,0.000195290348197293,"Exiting naïve pluripotency",FALSE,1905,FALSE
"SBR",NA,"Evx1os",0.167446718316149,12.3435682705218,0.013565503478928,0.0133839435461904,"Naïve pluripotency",FALSE,171,TRUE
"SBR",NA,"Csrp2",1173.52023455916,83002.6396459421,0.0141383483653647,0.0139412422261258,"Naïve pluripotency",FALSE,164,TRUE
"SBR",NA,"Wnt5a",0.684126640236591,175.411121313914,0.00390013264331332,0.00388498070325392,"Naïve pluripotency",FALSE,433,TRUE
"SBR",NA,"Fxyd6",425.943671220165,16410.697257674,0.0259552451996507,0.0252986134834759,"Naïve pluripotency",FALSE,81,TRUE
"SBR",NA,"Myef2",4.46910445735541,52299.0997787016,8.54527989251434e-05,8.54454973682378e-05,"Epiblast",FALSE,2316,FALSE
"SBR",NA,"Myl12a",6.97892308966744,25961.9899562154,0.00026881310336524,0.000268740862300044,"Exiting naïve pluripotency",FALSE,1726,FALSE
"SBR",NA,"Tle4",49.7869765678928,25417.9166753402,0.00195873553304212,0.00195490638843532,"Naïve pluripotency",FALSE,665,FALSE
"SBR",NA,"Socs3",0.0142403335369845,287.644577676942,4.95066990380677e-05,4.95042482461486e-05,"Naïve pluripotency",FALSE,2533,FALSE
"SBR",NA,"Lrpap1",76.3041156899224,10286.7534487275,0.00741770628315791,0.00736308905123909,"Exiting naïve pluripotency",FALSE,275,TRUE
"SBR",NA,"Pfdn5",16.5144212564429,157099.398936491,0.000105120843034664,0.000105109793804528,"Exiting naïve pluripotency",FALSE,2223,FALSE
"SBR",NA,"Xlr3b",7.61154274290264,19232.9956619775,0.000395754404393186,0.000395597844803737,"Naïve pluripotency",FALSE,1533,FALSE
"SBR",NA,"Mat2a",17.1320150963169,146518.86781789,0.000116927023471206,0.000116913353140819,"Epiblast",FALSE,2167,FALSE
"SBR",NA,"Uap1l1",44.230362815121,4711.80250728164,0.00938714276474179,0.00929984380327069,"Exiting naïve pluripotency",FALSE,217,TRUE
"SBR",NA,"Hexa",44.9210135693598,6565.13849365971,0.00684235581819672,0.00679585615231331,"Naïve pluripotency",FALSE,293,TRUE
"SBR",NA,"Nfam1",0.00416023622268144,55.4934396373649,7.49680728004516e-05,7.49624530098171e-05,"Epiblast",FALSE,2370,FALSE
"SBR",NA,"Psph",59.8084995705034,76817.7412432318,0.000778576649124957,0.000777970939118062,"Exiting naïve pluripotency",FALSE,1142,FALSE
"SBR",NA,"AI838599",0.00736839784394347,204.031960275199,3.61139393750124e-05,3.61126352054939e-05,"Epiblast",FALSE,2626,FALSE
"SBR",NA,"Txnrd1",440.232823771252,117757.598650877,0.00373846638191421,0.00372454230571628,"Epiblast",FALSE,445,TRUE
"SBR",NA,"Cox4i1",138.438683971478,136615.505124746,0.00101334532888539,0.00101231949964908,"Exiting naïve pluripotency",FALSE,1018,FALSE
"SBR",NA,"Arl4a",20.5156031176832,29452.6356739908,0.000696562553680049,0.000696077692025332,"Exiting naïve pluripotency",FALSE,1200,FALSE
"SBR",NA,"Nexmif",52.0280654193343,7514.66043522221,0.00692354177115866,0.00687593594145221,"Naïve pluripotency",FALSE,288,TRUE
"SBR",NA,"Sumo2",2.19213682636926,157410.336476109,1.39262571661041e-05,1.39260632281663e-05,"Exiting naïve pluripotency",FALSE,2750,FALSE
"SBR",NA,"Zfas1",1.24195713772326,27374.8147135019,4.53686043438567e-05,4.5366546126975e-05,"Naïve pluripotency",FALSE,2561,FALSE
"SBR",NA,"Amd1",131.628853920788,46000.2705181932,0.00286147999648672,0.00285331529185541,"Epiblast",FALSE,527,FALSE
"SBR",NA,"Ccnd3",78.1423009401185,10053.8147303513,0.00777240311622375,0.00771245877758709,"Naïve pluripotency",FALSE,261,TRUE
"SBR",NA,"Ccno",0.133903227414225,5184.87365501253,2.58257454903983e-05,2.58250785384927e-05,"Epiblast",FALSE,2694,FALSE
"SBR",NA,"Glud1",40.511120473371,91199.6181797229,0.000444202742094135,0.000444005513627476,"Exiting naïve pluripotency",FALSE,1467,FALSE
"SBR",NA,"Acsl3",35.7304544660094,14644.505403362,0.00243985395763565,0.00243391555912616,"Epiblast",FALSE,584,FALSE
"SBR",NA,"Calm2",20.7300900931502,170903.002037725,0.000121297401718984,0.000121282690443759,"Exiting naïve pluripotency",FALSE,2147,FALSE
"SBR",NA,"Glrx",892.002770203606,29986.2372753,0.0297470723657069,0.0288877464806644,"Exiting naïve pluripotency",FALSE,72,TRUE
"SBR",NA,"Cdv3",146.544698481591,156109.525246631,0.000938730024641807,0.000937849637028928,"Epiblast",FALSE,1051,FALSE
"SBR",NA,"Eno1b",1.84904398695865,4509.97799262771,0.000409989580876273,0.000409821558307349,"Naïve pluripotency",FALSE,1516,FALSE
"SBR",NA,"Erh",10.1503161000437,158649.027877829,6.39796930105371e-05,6.39755998712972e-05,"Naïve pluripotency",FALSE,2441,FALSE
"SBR",NA,"Smarca5-ps",10.6200610490214,3693.82205050398,0.00287508734958482,0.00286684492002204,"Exiting naïve pluripotency",FALSE,526,FALSE
"SBR",NA,"Arpc1b",128.136715425902,31437.605555719,0.00407590569195216,0.00405936012292146,"Naïve pluripotency",FALSE,419,TRUE
"SBR",NA,"Pmaip1",15.6935626126031,7899.92365284212,0.0019865461113611,0.00198260757000256,"Epiblast",FALSE,660,FALSE
"SBR",NA,"Asb4",0.0179136114158016,91.6550716356385,0.000195445937645596,0.000195407745995456,"Epiblast",FALSE,1904,FALSE
"SBR",NA,"Xlr5a",20.1811673871559,2940.37234397198,0.00686347340619259,0.00681668725450298,"Exiting naïve pluripotency",FALSE,291,TRUE
"SBR",NA,"Chchd2",3.37722358614405,159048.073984769,2.12339797743635e-05,2.12335289020403e-05,"Naïve pluripotency",FALSE,2716,FALSE
"SBR",NA,"Psme1",57.777605410372,62861.2747038057,0.000919128759043031,0.000918284737132143,"Exiting naïve pluripotency",FALSE,1067,FALSE
"SBR",NA,"Cacna1s",0.00408445336206164,44.3086228174346,9.2181907320633e-05,9.21734105998397e-05,"Epiblast",FALSE,2287,FALSE
"SBR",NA,"Ubald2",1316.12054534512,59678.0062825963,0.0220536949427034,0.0215778241904793,"Naïve pluripotency",FALSE,101,TRUE
"SBR",NA,"Zfp979",47.1640194610499,35354.844623015,0.00133401857550089,0.00133224134080521,"Naïve pluripotency",FALSE,855,FALSE
"SBR",NA,"Rnasek",4.11600932289834,5901.17932219067,0.000697489281069733,0.000697003128858483,"Naïve pluripotency",FALSE,1198,FALSE
"SBR",NA,"Ndufs5",1.32715444396537,3887.95335168839,0.00034135040313409,0.00034123392279698,"Epiblast",FALSE,1618,FALSE
"SBR",NA,"Mrps24",893.064252192872,144803.656771491,0.00616741505086563,0.00612961119452854,"Naïve pluripotency",FALSE,315,TRUE
"SBR",NA,"Snrpd1",38.178241301925,177437.535508452,0.000215164402461543,0.000215118116700504,"Epiblast",FALSE,1847,FALSE
"SBR",NA,"Col4a1",0.354009802731503,1248.421493918,0.00028356593062211,0.00028348554378007,"Epiblast",FALSE,1706,FALSE
"SBR",NA,"Ctsc",39.5470629948487,10047.8545636411,0.00393587135884238,0.00392044100736745,"Exiting naïve pluripotency",FALSE,429,TRUE
"SBR",NA,"Map1b",209.671494449027,53720.1817919093,0.00390303024776073,0.00388785582886175,"Exiting naïve pluripotency",FALSE,432,TRUE
"SBR",NA,"Cyb5a",99.2143390017577,168803.671309534,0.000587749888566281,0.000587404641553664,"Epiblast",FALSE,1308,FALSE
"SBR",NA,"Skil",81.54972600587,63449.8006485775,0.00128526370725009,0.00128361392485835,"Exiting naïve pluripotency",FALSE,874,FALSE
"SBR",NA,"Bcat1",72.5651112787076,37239.7546313025,0.00194859262627127,0.00194480299749081,"Exiting naïve pluripotency",FALSE,670,FALSE
"SBR",NA,"Commd1",12.5804609307145,35741.729702966,0.000351982431607683,0.000351858583567856,"Epiblast",FALSE,1599,FALSE
"SBR",NA,"Nes",27.2245625253314,6194.31254708102,0.00439509022484838,0.0043758579344155,"Epiblast",FALSE,385,TRUE
"SBR",NA,"Ndn",8.03663364617613,2929.87344658219,0.00274299685385769,0.00273549340405662,"Epiblast",FALSE,544,FALSE
"SBR",NA,"Nme3",0.0686334580329101,1187.81491628289,5.77812730687785e-05,5.77779345861628e-05,"Epiblast",FALSE,2484,FALSE
"SBR",NA,"Tceal8",173.461238405331,105965.545800707,0.001636958853886,0.00163428359887906,"Epiblast",FALSE,739,FALSE
"SBR",NA,"Rhox9",0.174342039300241,737.393777236764,0.000236430038714936,0.000236374152764847,"Epiblast",FALSE,1798,FALSE
"SBR",NA,"Slc7a3",254.519541389756,53494.3082682157,0.00475788078450549,0.00473535055111046,"Naïve pluripotency",FALSE,368,TRUE
"SBR",NA,"Kctd12",0.0278826632438545,185.649341844395,0.000150189938552138,0.000150167384921824,"Epiblast",FALSE,2042,FALSE
"SBR",NA,"Pla2g7",0.0201407983712621,96.926805494833,0.000207793894252872,0.000207750724920707,"Epiblast",FALSE,1871,FALSE
"SBR",NA,"Ssr2",5.47435087168849,152418.328201716,3.59166180096369e-05,3.59153280525186e-05,"Epiblast",FALSE,2630,FALSE
"SBR",NA,"Ano3",0.100710976540656,339.604432556911,0.000296553775174234,0.0002964658571051,"Epiblast",FALSE,1687,FALSE
"SBR",NA,"Esco2",84.8937028192317,80800.5029026232,0.00105065809951135,0.00104955537565504,"Exiting naïve pluripotency",FALSE,994,FALSE
"SBR",NA,"Gdf15",30.9917083773603,4949.00397091105,0.00626221125695624,0.00622324001329027,"Exiting naïve pluripotency",FALSE,310,TRUE
"SBR",NA,"Marcksl1",663.560420357461,104328.757676247,0.00636028296643407,0.00632008543469736,"Epiblast",FALSE,307,TRUE
"SBR",NA,"Cldn6",78.0648020313817,15326.9538961886,0.00509330181066143,0.00506749154679065,"Epiblast",FALSE,354,TRUE
"SBR",NA,"Snhg12",2.69705122094485,33336.8871128422,8.09029112950944e-05,8.08963665435279e-05,"Naïve pluripotency",FALSE,2341,FALSE
"SBR",NA,"Atp1a2",0.275190624723124,300.856024752462,0.00091469208552345,0.000913856188500522,"Exiting naïve pluripotency",FALSE,1069,FALSE
"SBR",NA,"Snai1",0.296207504364119,942.853565096964,0.000314160666437801,0.000314062000510418,"Exiting naïve pluripotency",FALSE,1663,FALSE
"SBR",NA,"Fbp2",0.131244602663731,377.611218701649,0.000347565422221811,0.000347444662471001,"Epiblast",FALSE,1608,FALSE
"SBR",NA,"Foxd1",0.0101918536837149,69.3048467186214,0.000147058310728166,0.000147036687761249,"Epiblast",FALSE,2056,FALSE
"SBR",NA,"Serpine2",6.21057156845424,8050.61583165857,0.000771440557880247,0.000770845896092126,"Epiblast",FALSE,1145,FALSE
"SBR",NA,"Slc7a7",65.9270119111093,20524.8242606801,0.00321206218741698,0.00320177787776331,"Exiting naïve pluripotency",FALSE,494,TRUE
"SBR",NA,"Fjx1",1.32292697309475,2839.79530478122,0.000465852933437633,0.000465636015533882,"Exiting naïve pluripotency",FALSE,1437,FALSE
"SBR",NA,"Etfb",872.282189793767,46211.4273279369,0.0188758980241762,0.0185261993740167,"Naïve pluripotency",FALSE,128,TRUE
"SBR",NA,"Mnx1",0.0362332097861918,162.483646027208,0.000222996040968484,0.0002229463248207,"Naïve pluripotency",FALSE,1820,FALSE
"SBR",NA,"Mrpl15",262.197536279061,135334.618770381,0.00193740181678072,0.00193365554900704,"Naïve pluripotency",FALSE,673,FALSE
"SBR",NA,"Hoxb9",0.138956653020896,65.5691652160436,0.00211923779360387,0.00211475612250481,"Exiting naïve pluripotency",FALSE,631,FALSE
"SBR",NA,"Myo1f",17.1418558678359,493.792050408336,0.0347147262773076,0.0335500456267827,"Naïve pluripotency",FALSE,59,TRUE
"SBR",NA,"Nfkbia",64.9848118719784,4390.87048929238,0.0147999837459226,0.0145841387297737,"Naïve pluripotency",FALSE,156,TRUE
"SBR",NA,"Atp6v0c",47.038924193767,169100.196197943,0.000278171907847492,0.000278094549756024,"Exiting naïve pluripotency",FALSE,1715,FALSE
"SBR",NA,"Pla2g10",28.0537481807292,16250.4006577406,0.00172634193898268,0.00172336681856753,"Exiting naïve pluripotency",FALSE,717,FALSE
"SBR",NA,"Gbp2b",1.55227707987866,1316.87429168513,0.00117875873929644,0.00117737090305507,"Exiting naïve pluripotency",FALSE,933,FALSE
"SBR",NA,"Selenoh",5.12437528013072,174691.922362862,2.93337849330355e-05,2.93329244873371e-05,"Naïve pluripotency",FALSE,2669,FALSE
"SBR",NA,"Nolc1",14.000830903929,150497.200859499,9.303050703913e-05,9.30218531689639e-05,"Exiting naïve pluripotency",FALSE,2282,FALSE
"SBR",NA,"Tgfb2",0.00700108055297193,58.4089606591584,0.000119863125006217,0.000119848759559368,"Epiblast",FALSE,2155,FALSE
"SBR",NA,"Atp6v0b",30.8672512010426,40656.4567253564,0.000759221380494563,0.000758645400686148,"Exiting naïve pluripotency",FALSE,1150,FALSE
"SBR",NA,"Sox21",0.142618104356777,58.0430991461134,0.00245710698523799,0.00245108440861617,"Exiting naïve pluripotency",FALSE,582,FALSE
"SBR",NA,"Dkc1",9.48134171472485,142363.519085845,6.65995177388643e-05,6.65950825384834e-05,"Exiting naïve pluripotency",FALSE,2418,FALSE
"SBR",NA,"Plp2",305.453974283408,69927.4994137408,0.00436815239847381,0.00434915462825308,"Exiting naïve pluripotency",FALSE,388,TRUE
"SBR",NA,"Plcd4",0.505122661260582,550.114272036076,0.000918214063763566,0.000917371720148427,"Epiblast",FALSE,1068,FALSE
"SBR",NA,"Hoxa1",0.00756948793666083,58.194878472235,0.000130071376302852,0.000130054459940253,"Epiblast",FALSE,2122,FALSE
"SBR",NA,"Cabp1",0.0735381783047817,914.155984457297,8.04437968520643e-05,8.04373261681387e-05,"Exiting naïve pluripotency",FALSE,2344,FALSE
"SBR",NA,"Clic1",8.35494036378477,37782.6659522171,0.000221131573255076,0.000221082684893146,"Epiblast",FALSE,1827,FALSE
"SBR",NA,"Hmgb1-ps7",0.00614680700285517,74.847250817681,8.21246864207219e-05,8.21179425104437e-05,"Epiblast",FALSE,2335,FALSE
"SBR",NA,"Tbrg1",2401.23997189407,60926.6407900106,0.0394119869528039,0.0379175797927309,"Exiting naïve pluripotency",FALSE,46,TRUE
"SBR",NA,"Smc1b",61.3213013465433,4182.14596107987,0.0146626401654115,0.0144507539599775,"Naïve pluripotency",FALSE,158,TRUE
"SBR",NA,"Sec11a",14.874484464164,33257.2595942052,0.000447255265336287,0.000447055317491642,"Epiblast",FALSE,1463,FALSE
"SBR",NA,"Impact",134.897518087411,53677.8224593782,0.00251309594739052,0.0025067961281998,"Exiting naïve pluripotency",FALSE,577,FALSE
"SBR",NA,"Setx",98.5402687792137,25337.3323007792,0.00388913353661085,0.00387406677359858,"Exiting naïve pluripotency",FALSE,435,TRUE
"SBR",NA,"Apobec2",54.8540763987707,1231.89666921451,0.0445281473435164,0.0426299161556939,"Naïve pluripotency",FALSE,40,TRUE
"SBR",NA,"Dusp27",70.0627026882052,1288.75941468095,0.054364454598805,0.051561349931406,"Naïve pluripotency",FALSE,32,TRUE
"SBR",NA,"Ap2m1",34.0700417538507,17446.751486217,0.00195280145881405,0.00194899545764115,"Naïve pluripotency",FALSE,668,FALSE
"SBR",NA,"Foxa1",0.00165620326384622,27.7122108786667,5.97643858549441e-05,5.97608142865801e-05,"Epiblast",FALSE,2470,FALSE
"SBR",NA,"Psmb10",85.9575426287681,53822.3458429086,0.00159706050122105,0.00159451396594739,"Exiting naïve pluripotency",FALSE,755,FALSE
"SBR",NA,"Cd81",127.337191249826,108796.21528641,0.00117041931021779,0.00116905103031728,"Naïve pluripotency",FALSE,936,FALSE
"SBR",NA,"Psip1",193.548780624185,157212.331990182,0.00123112976045843,0.00122961594367624,"Epiblast",FALSE,904,FALSE
"SBR",NA,"Slc11a1",1.95921267604444,630.494469413004,0.00310742246140317,0.00309779629960094,"Exiting naïve pluripotency",FALSE,509,FALSE
"SBR",NA,"Slc27a2",0.71983455227452,10484.5259583275,6.86568525020225e-05,6.8652139062237e-05,"Epiblast",FALSE,2398,FALSE
"SBR",NA,"Tmprss2",0.00154772878281371,26.364652762053,5.87046905863816e-05,5.87012445479833e-05,"Epiblast",FALSE,2476,FALSE
"SBR",NA,"Nkd1",0.139301963469126,631.586084677327,0.000220558949680303,0.000220510314157019,"Epiblast",FALSE,1828,FALSE
"SBR",NA,"Dio3",0.0401483348261349,138.653683727496,0.000289558371236936,0.000289474551457302,"Epiblast",FALSE,1695,FALSE
"SBR",NA,"Slc16a3",5.69135662392101,57505.1526138531,9.89712463183682e-05,9.89614519801282e-05,"Epiblast",FALSE,2258,FALSE
"SBR",NA,"Tma7",62.7252235228099,122601.794937777,0.000511617497563103,0.000511355878947951,"Epiblast",FALSE,1377,FALSE
"SBR",NA,"Pdgfra",0.0099319360524032,36.689176008622,0.000270704799967957,0.000270631538711405,"Exiting naïve pluripotency",FALSE,1723,FALSE
"SBR",NA,"Gas5",23.6298415320812,74674.3215682562,0.000316438650339559,0.000316338548596191,"Exiting naïve pluripotency",FALSE,1660,FALSE
"SBR",NA,"Pdlim4",0.141198313349443,577.775480033279,0.000244382668058725,0.00024432295976195,"Exiting naïve pluripotency",FALSE,1770,FALSE
"SBR",NA,"Ptgs1",0.00185523745972602,27.7634418605399,6.68230354523465e-05,6.68185704326456e-05,"Epiblast",FALSE,2413,FALSE
"SBR",NA,"Eef1d",17.6936558385016,167604.967952053,0.000105567609687818,0.000105556466343979,"Epiblast",FALSE,2220,FALSE
"SBR",NA,"Foxj1",1.36620194492207,1083.43049818988,0.00126099638805131,0.00125940827876071,"Epiblast",FALSE,886,FALSE
"SBR",NA,"Fkbp6",2.11684655457326,4092.75576790724,0.000517217902708051,0.000516950526640858,"Naïve pluripotency",FALSE,1374,FALSE
"SBR",NA,"Trim63",1.5057976689634,909.691774337153,0.00165528337338282,0.0016525479382569,"Exiting naïve pluripotency",FALSE,734,FALSE
"SBR",NA,"Twist1",1.90663229352161,1838.51787870546,0.00103704854633457,0.00103597419080595,"Epiblast",FALSE,1000,FALSE
"SBR",NA,"Kif21a",15.6816806624666,20803.262230537,0.000753808729067862,0.000753240929480129,"Exiting naïve pluripotency",FALSE,1153,FALSE
"SBR",NA,"Polr2l",5.24845171802736,28078.6771421377,0.000186919479555929,0.000186884547193631,"Exiting naïve pluripotency",FALSE,1932,FALSE
"SBR",NA,"Rgs5",0.00130215490534685,20.7974630927473,6.26112377043212e-05,6.26073177826654e-05,"Epiblast",FALSE,2450,FALSE
"SBR",NA,"Dsp",0.0029608353204557,557.706712473167,5.30894689670452e-06,5.308918711937e-06,"Epiblast",FALSE,2775,FALSE
"SBR",NA,"Rab25",5.05747386436099,20848.2581657446,0.000242584959575704,0.000242526126385139,"Epiblast",FALSE,1778,FALSE
"SBR",NA,"Eif3f",4.22797574795904,173655.622428818,2.43468981241428e-05,2.43463053671263e-05,"Naïve pluripotency",FALSE,2702,FALSE
"SBR",NA,"Hhex",2.69619302045449,1112.28404783609,0.00242401482400097,0.00241815318483422,"Naïve pluripotency",FALSE,586,FALSE
"SBR",NA,"Pck2",14.1282616595042,16223.2935434438,0.000870862727205829,0.000870104985205458,"Exiting naïve pluripotency",FALSE,1093,FALSE
"SBR",NA,"Ftl1",3.14765765665453,1008.16903942406,0.0031221526684183,0.00311243517064499,"Exiting naïve pluripotency",FALSE,505,FALSE
"SBR",NA,"Fubp1",85.5481174034002,143385.608698578,0.000596629732787464,0.0005962739780033,"Exiting naïve pluripotency",FALSE,1304,FALSE
"SBR",NA,"Rhox13",0.0119087007325698,641.600969235137,1.85609144991885e-05,1.85605699980357e-05,"Epiblast",FALSE,2729,FALSE
"SBR",NA,"Dnajc21",748.668789023408,103815.452652706,0.00721153517991136,0.00715990129980313,"Naïve pluripotency",FALSE,281,TRUE
"SBR",NA,"Zfp296",14.7362740243386,3404.86874519862,0.00432800061533031,0.00430934974697374,"Naïve pluripotency",FALSE,395,TRUE
"SBR",NA,"Renbp",7.38217165076286,2801.35931223004,0.00263521056314845,0.00262828448012347,"Naïve pluripotency",FALSE,554,FALSE
"SBR",NA,"Cldn4",28.2224896129847,3667.44776981557,0.00769540328434013,0.00763663628836533,"Exiting naïve pluripotency",FALSE,267,TRUE
"SBR",NA,"Rbpms",11.4277047955644,74631.2216707364,0.000153122306452144,0.000153098863601034,"Naïve pluripotency",FALSE,2032,FALSE
"SBR",NA,"Blvrb",356.824905586639,89776.7984152109,0.00397457819710112,0.00395884346418264,"Exiting naïve pluripotency",FALSE,427,TRUE
"SBR",NA,"Ankrd12",1.32802297377011,3756.51595037779,0.000353525178999053,0.000353400243114847,"Exiting naïve pluripotency",FALSE,1595,FALSE
"SBR",NA,"Hspb11",0.357903131448477,2411.27522372063,0.000148428983936652,0.000148406956042958,"Naïve pluripotency",FALSE,2047,FALSE
"SBR",NA,"Plekhf2",13.2953724381009,9895.78868585498,0.00134353843439536,0.00134173576083188,"Exiting naïve pluripotency",FALSE,852,FALSE
"SBR",NA,"Crip1",115.33076370512,18570.7215123911,0.00621035448882087,0.00617202403167067,"Exiting naïve pluripotency",FALSE,314,TRUE
"SBR",NA,"Dazl",1.30965471686999,3121.25401194736,0.000419592481693887,0.00041941649768476,"Epiblast",FALSE,1505,FALSE
"SBR",NA,"Insm1",0.745528683555018,1388.5562151811,0.000536909255386382,0.000536621138530469,"Epiblast",FALSE,1349,FALSE
"SBR",NA,"Kdm5b",368.859567102943,91702.9512814381,0.00402233038248579,0.00400621605791723,"Naïve pluripotency",FALSE,422,TRUE
"SBR",NA,"Mcl1",612.603977686442,101053.606919006,0.00606216835166946,0.0060256399081199,"Exiting naïve pluripotency",FALSE,317,TRUE
"SBR",NA,"Ebf1",1.37294652309153,1727.01900090959,0.000794980554567395,0.000794349062509161,"Naïve pluripotency",FALSE,1136,FALSE
"SBR",NA,"Gadd45b",2.25311213601728,1021.7371727792,0.00220517780505984,0.00220032569567184,"Naïve pluripotency",FALSE,619,FALSE
"SBR",NA,"Bsg",39.2927364421622,162737.203314192,0.000241449008843422,0.000241390725292057,"Naïve pluripotency",FALSE,1783,FALSE
"SBR",NA,"Cacybp",2.47920041596704,173513.40026982,1.42882360216086e-05,1.42880318708369e-05,"Naïve pluripotency",FALSE,2747,FALSE
"SBR",NA,"Matn4",0.0109049893091772,65.1905076716757,0.000167278791018147,0.000167250813504268,"Epiblast",FALSE,1992,FALSE
"SBR",NA,"Ifit1",2.5693939994833,211.869155714922,0.0121272678451625,0.0119819594140386,"Naïve pluripotency",FALSE,183,TRUE
"SBR",NA,"Gnai2",28.6610432885553,145302.571845484,0.000197250763868334,0.00019721186367758,"Exiting naïve pluripotency",FALSE,1901,FALSE
"SBR",NA,"Pfn1",5.8456755050788,166931.080849327,3.50184967073635e-05,3.50172704551934e-05,"Naïve pluripotency",FALSE,2638,FALSE
"SBR",NA,"Prex2",0.920085784856746,1829.95159766779,0.000502792415946609,0.00050253974277523,"Exiting naïve pluripotency",FALSE,1387,FALSE
"SBR",NA,"1700108F19Rik",0.512059308551685,467.803708682389,0.00109460292650083,0.00109340608100471,"Naïve pluripotency",FALSE,973,FALSE
"SBR",NA,"Cebpd",12.4123741233336,4456.26530885155,0.00278537592873536,0.00277763915948183,"Naïve pluripotency",FALSE,538,FALSE
"SBR",NA,"Lamp1",68.253680540419,78424.8799767842,0.000870306471117633,0.000869549696389906,"Exiting naïve pluripotency",FALSE,1096,FALSE
"SBR",NA,"Dock11",0.224154764446176,3279.44458372187,6.83514414479849e-05,6.83467698477474e-05,"Naïve pluripotency",FALSE,2403,FALSE
"SBR",NA,"Laptm5",15.5779662750849,1112.34210742682,0.0140046539379161,0.0138112324075917,"Naïve pluripotency",FALSE,166,TRUE
"SBR",NA,"Nop10",8.71440364206617,164860.47946726,5.28592642107218e-05,5.28564702565953e-05,"Exiting naïve pluripotency",FALSE,2514,FALSE
"SBR",NA,"Pmvk",115.622388680312,41928.0906286078,0.00275763544074725,0.00275005180043847,"Epiblast",FALSE,542,FALSE
"SBR",NA,"Zdbf2",3.99573162624707,15523.0382587292,0.000257406543722208,0.000257340302644343,"Epiblast",FALSE,1749,FALSE
"SBR",NA,"Rest",535.301916191409,92833.5806683997,0.00576625303405564,0.00573319398683423,"Naïve pluripotency",FALSE,327,TRUE
"SBR",NA,"Jpt1",6.60611906381424,128625.388112194,5.13593712778696e-05,5.13567336283195e-05,"Epiblast",FALSE,2524,FALSE
"SBR",NA,"Dpys",795.579635589962,6290.04926368945,0.126482258284145,0.11228073709461,"Naïve pluripotency",FALSE,13,TRUE
"SBR",NA,"Tpm4",3.96465785935488,11687.2372763523,0.000339229688386397,0.000339114650629137,"Exiting naïve pluripotency",FALSE,1622,FALSE
"SBR",NA,"Nsd2",0.359979760505315,2669.13172345262,0.000134867738951327,0.000134849552097137,"Naïve pluripotency",FALSE,2101,FALSE
"SBR",NA,"Smim40",396.463432676962,24852.1234937201,0.0159528996698066,0.0157024008445583,"Exiting naïve pluripotency",FALSE,145,TRUE
"SBR",NA,"Plk1",10.5768993119509,30911.8026507102,0.000342163782276472,0.000342046746268053,"Epiblast",FALSE,1617,FALSE
"SBR",NA,"Fzd10",0.111997468357035,506.441029570981,0.000221146119325899,0.000221097224532699,"Epiblast",FALSE,1826,FALSE
"SBR",NA,"Olfr539",0.00614888583747472,60.1199402147081,0.000102276978578406,0.000102266519067826,"Exiting naïve pluripotency",FALSE,2238,FALSE
"SBR",NA,"Ybx1",6.30207765645222,150111.467617245,4.19826530010438e-05,4.19808905318839e-05,"Epiblast",FALSE,2586,FALSE
"SBR",NA,"Foxp1",9.02199861622612,12280.8793293868,0.000734637836122812,0.000734098539560209,"Exiting naïve pluripotency",FALSE,1168,FALSE
"SBR",NA,"Smarce1",102.467598458571,29193.5248358395,0.00350994266827197,0.00349766606092536,"Epiblast",FALSE,465,TRUE
"SBR",NA,"Spry2",12.708226758635,12535.1789491692,0.00101380497320122,0.00101277821361152,"Naïve pluripotency",FALSE,1017,FALSE
"SBR",NA,"Sct",0.0472956278980735,321.404737972294,0.000147152864629365,0.00014713121384977,"Epiblast",FALSE,2055,FALSE
"SBR",NA,"Pxdc1",3.66740148992496,4812.77709416881,0.000762013577227253,0.000761433354672839,"Epiblast",FALSE,1149,FALSE
"SBR",NA,"Top1",552.502587430558,108335.495088779,0.00509992211673368,0.0050740448830135,"Epiblast",FALSE,353,TRUE
"SBR",NA,"Eif5a",12.2678507600391,153699.677042588,7.98170236664831e-05,7.98106534176704e-05,"Epiblast",FALSE,2348,FALSE
"SBR",NA,"Fgf17",0.310659379087666,640.705730614491,0.000484870611020941,0.000484635625449107,"Naïve pluripotency",FALSE,1407,FALSE
"SBR",NA,"1810037I17Rik",497.950748920911,128701.771841173,0.00386902792243929,0.00385411623909391,"Naïve pluripotency",FALSE,439,TRUE
"SBR",NA,"Nars",23.2971965151298,100965.692361065,0.000230743690954116,0.000230690460585772,"Exiting naïve pluripotency",FALSE,1809,FALSE
"SBR",NA,"Cdh11",0.0297574054990069,215.616371133124,0.00013801088174624,0.00013799183737109,"Epiblast",FALSE,2088,FALSE
"SBR",NA,"Vsir",0.0277719976267097,188.233552849548,0.00014754010220966,0.000147518337339091,"Epiblast",FALSE,2053,FALSE
"SBR",NA,"Nqo1",263.120382278629,30054.9895198661,0.00875463230837957,0.00867865388468744,"Exiting naïve pluripotency",FALSE,229,TRUE
"SBR",NA,"Srsf7",11.0446558886455,174012.703770963,6.3470399857602e-05,6.34663716216177e-05,"Naïve pluripotency",FALSE,2443,FALSE
"SBR",NA,"Zfp993",0.313440901021319,5234.47752414517,5.98800739090967e-05,5.98764885005399e-05,"Naïve pluripotency",FALSE,2468,FALSE
"SBR",NA,"Mid1ip1",47.4294114201485,33169.9745638447,0.00142988989421314,0.0014278482284608,"Epiblast",FALSE,818,FALSE
"SBR",NA,"Pgam1",9.14836438123186,167760.3814061,5.45323294126656e-05,5.45293557998725e-05,"Exiting naïve pluripotency",FALSE,2501,FALSE
"SBR",NA,"Pkm",2.58697080818016,165980.35822856,1.55860056924195e-05,1.55857627726322e-05,"Exiting naïve pluripotency",FALSE,2741,FALSE
"SBR",NA,"Ccn1",0.0249935417167378,379.392829032791,6.58777388609463e-05,6.58733992703512e-05,"Naïve pluripotency",FALSE,2423,FALSE
"SBR",NA,"Npy",0.00669986089112711,58.3967595237072,0.000114730011489887,0.000114716850024366,"Exiting naïve pluripotency",FALSE,2179,FALSE
"SBR",NA,"Zfp936",17.3311187595554,7641.15173908112,0.00226812911866602,0.00226299635074745,"Naïve pluripotency",FALSE,606,FALSE
"SBR",NA,"Fabp7",1.7197803099799,1319.41562446219,0.00130344091588343,0.00130174416927119,"Epiblast",FALSE,871,FALSE
"SBR",NA,"Cebpb",33.5195062839895,21768.1439702433,0.0015398421808405,0.00153747471242633,"Exiting naïve pluripotency",FALSE,773,FALSE
"SBR",NA,"Psma7",1.83347300877121,173167.212383719,1.05878762124348e-05,1.0587764110499e-05,"Epiblast",FALSE,2762,FALSE
"SBR",NA,"Anp32a",13.2287788409526,86169.8803892081,0.000153519754016153,0.000153496189318927,"Epiblast",FALSE,2031,FALSE
"SBR",NA,"Txn1",4.24126796114834,171040.577395987,2.47968524529071e-05,2.47962375842623e-05,"Exiting naïve pluripotency",FALSE,2700,FALSE
"SBR",NA,"Emc8",21.7591549975492,62755.3057341821,0.000346730124935033,0.00034660994482556,"Naïve pluripotency",FALSE,1610,FALSE
"SBR",NA,"Lonrf3",0.00418936346143508,96.9551106005037,4.32093103240018e-05,4.32074433601734e-05,"Exiting naïve pluripotency",FALSE,2578,FALSE
"SBR",NA,"Nrarp",0.484379258083954,871.032360249092,0.000556097890491043,0.000555788817502071,"Naïve pluripotency",FALSE,1338,FALSE
"SBR",NA,"Upk3a",0.00496398063633177,69.5164281535546,7.14073028229652e-05,7.14022041841488e-05,"Exiting naïve pluripotency",FALSE,2386,FALSE
"SBR",NA,"Trib3",0.535904977779232,10494.4553582436,5.10655350359146e-05,5.10629274802023e-05,"Exiting naïve pluripotency",FALSE,2527,FALSE
"SBR",NA,"Mtch1",42.127657197236,43761.5929749174,0.000962662790209261,0.000961736961822146,"Epiblast",FALSE,1038,FALSE
"SBR",NA,"Gjc1",8.71952152625159,2464.36485650577,0.00353824292828742,0.00352576790493101,"Exiting naïve pluripotency",FALSE,461,TRUE
"SBR",NA,"Alpl",22.4874137027441,4495.46768330078,0.00500224120980283,0.00497734333784294,"Naïve pluripotency",FALSE,358,TRUE
"SBR",NA,"Gpa33",290.016788615431,4407.63829236271,0.0657986816018806,0.0617365012152071,"Naïve pluripotency",FALSE,24,TRUE
"SBR",NA,"Csnk1e",0.17634026250388,6088.31079280865,2.89637419154371e-05,2.89629030413883e-05,"Naïve pluripotency",FALSE,2674,FALSE
"SBR",NA,"Ash2l",1959.09652574798,54653.8111343084,0.0358455610887522,0.0346051211061578,"Exiting naïve pluripotency",FALSE,55,TRUE
"SBR",NA,"Nudt5",25.2983362018365,46053.9904614576,0.00054931909153472,0.000549017505737232,"Naïve pluripotency",FALSE,1341,FALSE
"SBR",NA,"Rif1",363.956441732513,106151.803415762,0.00342864115371658,0.00341692574150008,"Naïve pluripotency",FALSE,472,TRUE
"SBR",NA,"P4ha2",0.165583180167352,938.289771114127,0.00017647339368385,0.000176442256320088,"Exiting naïve pluripotency",FALSE,1965,FALSE
"SBR",NA,"Atad2",9.10739317092223,51462.4756449614,0.000176971532301593,0.000176940218919925,"Epiblast",FALSE,1963,FALSE
"SBR",NA,"Cox5a",23.5978148731695,173517.19730773,0.000135996980353014,0.000135978487689296,"Naïve pluripotency",FALSE,2096,FALSE
"SBR",NA,"Pycard",724.155433851742,40798.6559151912,0.0177494924185016,0.0174399422949581,"Naïve pluripotency",FALSE,132,TRUE
"SBR",NA,"Sfmbt2",0.162441170553393,612.865873235775,0.000265051747286475,0.00026498151347333,"Exiting naïve pluripotency",FALSE,1735,FALSE
"SBR",NA,"Wls",0.0560021873432735,281.837036874422,0.0001987041446516,0.000198664669158443,"Epiblast",FALSE,1894,FALSE
"SBR",NA,"U2af1",5.9944237571444,167308.424194383,3.58285829659116e-05,3.58272993245453e-05,"Naïve pluripotency",FALSE,2631,FALSE
"SBR",NA,"Eras",103.706032209575,23706.9924890075,0.00437449129229115,0.00435543846465341,"Naïve pluripotency",FALSE,386,TRUE
"SBR",NA,"Polr2e",836.166547912706,128882.444628801,0.00648782346052622,0.00644600293148074,"Naïve pluripotency",FALSE,303,TRUE
"SBR",NA,"Eif3a",10.8147216776173,170966.0175467,6.32565572550888e-05,6.32525561161513e-05,"Exiting naïve pluripotency",FALSE,2446,FALSE
"SBR",NA,"Atpif1",197.138386275882,170461.703656533,0.00115649663265774,0.00115516069320587,"Naïve pluripotency",FALSE,947,FALSE
"SBR",NA,"Ptp4a3",8.45314331453485,12282.8441416682,0.000688207325358669,0.00068773402176699,"Exiting naïve pluripotency",FALSE,1206,FALSE
"SBR",NA,"Cryzl1",6.78140670270906,8021.02072226561,0.000845454330255563,0.000844740141045376,"Exiting naïve pluripotency",FALSE,1107,FALSE
"SBR",NA,"Ppp1r14b",25.3319035707056,173728.781252,0.000145812935474179,0.000145791677161764,"Epiblast",FALSE,2063,FALSE
"SBR",NA,"B2m",7.25247731286496,5694.29821480489,0.00127363847822527,0.001272018386663,"Epiblast",FALSE,883,FALSE
"SBR",NA,"Grrp1",0.0792583608805505,184.564451034619,0.000429434598246028,0.000429250263331647,"Naïve pluripotency",FALSE,1494,FALSE
"SBR",NA,"Ttll3",0.653094001115774,7696.77294988183,8.48529644005935e-05,8.48457649859176e-05,"Epiblast",FALSE,2321,FALSE
"SBR",NA,"Fam124a",0.00630120336745506,97.5972538764914,6.45633264992189e-05,6.45591583452001e-05,"Epiblast",FALSE,2434,FALSE
"SBR",NA,"Espn",9.9008638413,5028.2138316197,0.00196906181257425,0.00196519222760451,"Epiblast",FALSE,663,FALSE
"SBR",NA,"Gabarap",42.7189989351709,30395.299812544,0.00140544752638172,0.0014034750158923,"Exiting naïve pluripotency",FALSE,829,FALSE
"SBR",NA,"Sparcl1",0.000806718970683915,19.4406748644667,4.14964488788619e-05,4.14947269950444e-05,"Epiblast",FALSE,2596,FALSE
"SBR",NA,"Soat1",25.6673391483342,15078.5066439514,0.00170224676451168,0.00169935404458752,"Epiblast",FALSE,723,FALSE
"SBR",NA,"Napsa",2.62935342515882,132.587036632673,0.0198311501028817,0.0194455230171006,"Naïve pluripotency",FALSE,115,TRUE
"SBR",NA,"Tsx",11.101948951479,3637.42277856057,0.0030521469808006,0.00304285972567588,"Naïve pluripotency",FALSE,512,FALSE
"SBR",NA,"Uqcrq",306.624675707556,113784.357701569,0.00269478759560048,0.00268754523204654,"Naïve pluripotency",FALSE,549,FALSE
"SBR",NA,"Bax",17.0026428193866,173803.64573511,9.78267328482853e-05,9.78171637147425e-05,"Naïve pluripotency",FALSE,2261,FALSE
"SBR",NA,"Ap3b2",2.24589527397065,2063.59247022982,0.00108834244472725,0.00108715924317872,"Exiting naïve pluripotency",FALSE,978,FALSE
"SBR",NA,"Cdc5l",23.7962938464115,52662.7490296946,0.000451861976156878,0.000451657889130549,"Naïve pluripotency",FALSE,1458,FALSE
"SBR",NA,"Btf3",2.83218122908143,159212.865503638,1.77886455351607e-05,1.77883291048796e-05,"Naïve pluripotency",FALSE,2733,FALSE
"SBR",NA,"Mtdh",172.985583741894,147786.700042203,0.00117050846721996,0.0011691399789752,"Epiblast",FALSE,935,FALSE
"SBR",NA,"Cited4",0.0254893225748068,108.234854589956,0.000235500132294465,0.00023544468503999,"Epiblast",FALSE,1802,FALSE
"SBR",NA,"Fgf15",3.22047705663856,8569.53557361407,0.000375805319783552,0.000375664143200086,"Exiting naïve pluripotency",FALSE,1561,FALSE
"SBR",NA,"Nkx2-9",0.544138972536858,652.013532248837,0.000834551655178209,0.00083385575947396,"Naïve pluripotency",FALSE,1114,FALSE
"SBR",NA,"Tsix",2.00899446798748,7810.97396470507,0.000257201531725159,0.000257135396107419,"Naïve pluripotency",FALSE,1750,FALSE
"SBR",NA,"Acot1",4.12148007855139,6134.53584680186,0.000671848723599855,0.000671397645948397,"Exiting naïve pluripotency",FALSE,1218,FALSE
"SBR",NA,"Xlr5b",23.3876166548547,3074.12193098599,0.00760790143654235,0.00755045829404057,"Naïve pluripotency",FALSE,269,TRUE
"SBR",NA,"Sem1",52.9965201918085,107436.79412508,0.00049328091575507,0.000493037709662146,"Epiblast",FALSE,1401,FALSE
"SBR",NA,"Mrpl33",74.0482110279239,29235.1965691779,0.00253284464336359,0.00252644554928733,"Naïve pluripotency",FALSE,571,FALSE
"SBR",NA,"Aurka",1.24502075581629,41035.1294515486,3.03403637921095e-05,3.03394432823631e-05,"Naïve pluripotency",FALSE,2664,FALSE
"SBR",NA,"Hoxc13",0.076506561509385,366.31709200883,0.000208853376428149,0.00020880976580353,"Epiblast",FALSE,1866,FALSE
"SBR",NA,"Pnrc1",3.29851836963648,28408.0748305695,0.000116111999468791,0.000116098519037611,"Naïve pluripotency",FALSE,2171,FALSE
"SBR",NA,"Pwwp3b",0.557411836918849,547.208574575739,0.00101864602058003,0.00101760943677676,"Epiblast",FALSE,1014,FALSE
"SBR",NA,"Card19",119.276357796482,32176.93347993,0.0037068901507,0.00369319986449772,"Exiting naïve pluripotency",FALSE,449,TRUE
"SBR",NA,"Nrk",2.86873374546631,1853.80945690705,0.00154748037063776,0.00154508937515882,"Epiblast",FALSE,771,FALSE
"SBR",NA,"Tspan6",9.2648536198931,2936.58922757848,0.00315497092098677,0.00314504838478767,"Epiblast",FALSE,501,FALSE
"SBR",NA,"Serf2",3.1343083913218,168029.157893008,1.86533601109728e-05,1.86530121696197e-05,"Naïve pluripotency",FALSE,2728,FALSE
"SBR",NA,"Ttc28",0.0546133321815836,200.969100634242,0.000271749895925435,0.000271676067982236,"Exiting naïve pluripotency",FALSE,1722,FALSE
"SBR",NA,"Zmynd8",146.191075115593,34213.1383495416,0.00427295133296508,0.00425477090395954,"Epiblast",FALSE,401,TRUE
"SBR",NA,"Meox1",0.0199376308298758,245.156779207655,8.13260432540926e-05,8.13194298666218e-05,"Exiting naïve pluripotency",FALSE,2339,FALSE
"SBR",NA,"Bex3",29.2959595073518,150845.924303733,0.000194211143871302,0.000194173433226725,"Epiblast",FALSE,1910,FALSE
"SBR",NA,"Tceal9",46.4783445304001,97109.7491734988,0.00047861666749196,0.000478387703163702,"Exiting naïve pluripotency",FALSE,1413,FALSE
"SBR",NA,"Nop56",119.301073031952,144049.209844938,0.000828196650022401,0.000827511307929319,"Exiting naïve pluripotency",FALSE,1118,FALSE
"SBR",NA,"Bnip3",246.899031314442,18734.4163616716,0.0131789016827643,0.0130074774167482,"Naïve pluripotency",FALSE,174,TRUE
"SBR",NA,"Ndrg1",20.7426535464517,1098.60677009288,0.0188808717651522,0.0185309905096581,"Naïve pluripotency",FALSE,127,TRUE
"SBR",NA,"H1f3",0.793384625175517,1994.18811599535,0.000397848437071604,0.000397690216640474,"Epiblast",FALSE,1530,FALSE
"SBR",NA,"Tal2",0.0229265340077433,680.620439644849,3.36847568370214e-05,3.36836222123978e-05,"Exiting naïve pluripotency",FALSE,2648,FALSE
"SBR",NA,"Myh13",0.097976017141338,116.872978176902,0.000838311974843655,0.000837609796520986,"Exiting naïve pluripotency",FALSE,1111,FALSE
"SBR",NA,"Snrpf",121.444962831437,129523.784998947,0.000937626728808344,0.000936748408462401,"Epiblast",FALSE,1052,FALSE
"SBR",NA,"Npc2",239.521857067107,57245.7380990905,0.0041840993761405,0.00416666563306461,"Exiting naïve pluripotency",FALSE,411,TRUE
"SBR",NA,"Phf5a",129.471634582726,172683.836855351,0.000749761164336289,0.000749199443689069,"Epiblast",FALSE,1157,FALSE
"SBR",NA,"Resf1",2.14525962245377,74797.617952921,2.8680854834228e-05,2.86800322663859e-05,"Epiblast",FALSE,2677,FALSE
"SBR",NA,"Sp8",0.0526915727433192,330.603029580382,0.00015938018719973,0.000159354789203596,"Epiblast",FALSE,2017,FALSE
"SBR",NA,"Aard",0.664990748292718,1418.28399205968,0.000468869952714473,0.000468650216709524,"Epiblast",FALSE,1432,FALSE
"SBR",NA,"Eif3h",22.0868318198086,173681.921811386,0.000127168283201025,0.000127152113485048,"Exiting naïve pluripotency",FALSE,2133,FALSE
"SBR",NA,"Gstm1",7.81332122832216,37278.2883724869,0.000209594419954344,0.000209550499338984,"Exiting naïve pluripotency",FALSE,1860,FALSE
"SBR",NA,"Tapbpl",0.266559326987216,1593.60524256436,0.000167268103710729,0.000167240129771358,"Epiblast",FALSE,1993,FALSE
"SBR",NA,"Yae1d1",5.10033201106014,3156.8678917252,0.00161563048755672,0.00161302443610058,"Exiting naïve pluripotency",FALSE,749,FALSE
"SBR",NA,"Ythdc1",3.00245057420695,47315.5331277056,6.34559176603436e-05,6.34518912623562e-05,"Exiting naïve pluripotency",FALSE,2444,FALSE
"SBR",NA,"Igsf23",125.686794208165,15570.9529870684,0.00807187551799476,0.00800724205686925,"Naïve pluripotency",FALSE,248,TRUE
"SBR",NA,"Herpud1",1.17058862989551,10210.4008734775,0.000114646686687515,0.000114633544331475,"Exiting naïve pluripotency",FALSE,2181,FALSE
"SBR",NA,"Marc2",20.9488230429568,10899.3416674654,0.00192202645646839,0.00191833935747084,"Naïve pluripotency",FALSE,677,FALSE
"SBR",NA,"Tcea3",100.829421353982,6464.62203420166,0.0155971100584898,0.0153575762514641,"Naïve pluripotency",FALSE,148,TRUE
"SBR",NA,"Kcnk1",95.308761222999,45418.7181898342,0.00209844674225816,0.00209405248464364,"Epiblast",FALSE,636,FALSE
"SBR",NA,"Nefh",9.72367519726574,6524.97836650317,0.00149022336184033,0.00148800590068457,"Epiblast",FALSE,797,FALSE
"SBR",NA,"Sfrp1",7.39416009715083,4128.06024396946,0.00179119481309719,0.00178799217079501,"Epiblast",FALSE,706,FALSE
"SBR",NA,"Tex101",0.254611169018545,132.098105519308,0.00192743997362877,0.00192373209548937,"Naïve pluripotency",FALSE,675,FALSE
"SBR",NA,"Eif1-ps1",0.0127586723039673,111.0721207719,0.000114868359542434,0.000114855166317894,"Epiblast",FALSE,2176,FALSE
"SBR",NA,"Dact1",0.0245402555189431,494.70752065312,4.96055840965278e-05,4.96031235046133e-05,"Epiblast",FALSE,2532,FALSE
"SBR",NA,"Spic",0.0147782906182614,27.8441138909635,0.000530750975812433,0.000530469428645541,"Exiting naïve pluripotency",FALSE,1359,FALSE
"SBR",NA,"9530053A07Rik",1.18081707308527,562.825058925114,0.00209801794422658,0.00209362548040021,"Naïve pluripotency",FALSE,637,FALSE
"SBR",NA,"Junb",0.959347102145703,1490.20057093632,0.000643770456713037,0.000643356282944936,"Naïve pluripotency",FALSE,1252,FALSE
"SBR",NA,"Mafb",1.26073504654096,1408.87346740034,0.000894853282223617,0.000894053235751122,"Epiblast",FALSE,1082,FALSE
"SBR",NA,"Ubxn2a",138.707486242522,8070.78512851352,0.0171863683686087,0.0168959877000442,"Exiting naïve pluripotency",FALSE,136,TRUE
"SBR",NA,"Ddt",21.9040211687552,130305.112690769,0.000168097941181604,0.000168069689012906,"Naïve pluripotency",FALSE,1989,FALSE
"SBR",NA,"Pax3",0.0230140236871686,170.19802179823,0.000135219102102443,0.000135200820368909,"Epiblast",FALSE,2099,FALSE
"SBR",NA,"Irs4",17.4488942161762,4970.42208179617,0.00351054577036456,0.00349826495113674,"Epiblast",FALSE,464,TRUE
"SBR",NA,"Tex15",0.0986105339447714,711.610839854737,0.000138573681599484,0.000138554481594867,"Epiblast",FALSE,2087,FALSE
"SBR",NA,"Uchl1",7.26102981555156,33900.1520496171,0.00021418870938762,0.00021414284240858,"Exiting naïve pluripotency",FALSE,1849,FALSE
"SBR",NA,"Atp5h",51.0803232259503,167389.050682917,0.000305159286211086,0.000305066192429557,"Exiting naïve pluripotency",FALSE,1674,FALSE
"SBR",NA,"Ccdc34",7.60916157685535,21164.3847980284,0.00035952670722393,0.000359397494226246,"Epiblast",FALSE,1585,FALSE
"SBR",NA,"Cdc42ep5",51.9452090225243,14109.3210880892,0.00368162356630862,0.00366811893320013,"Exiting naïve pluripotency",FALSE,451,TRUE
"SBR",NA,"Mfap1a",5.33585560770649,39199.0181844701,0.000136122174861524,0.000136103648136933,"Exiting naïve pluripotency",FALSE,2095,FALSE
"SBR",NA,"Pdia6",145.489553718788,128081.675456238,0.00113591232469861,0.00113462349189028,"Epiblast",FALSE,957,FALSE
"SBR",NA,"Ifrd1",22.2930089476998,73104.6442549594,0.000304946548538706,0.000304853584490306,"Exiting naïve pluripotency",FALSE,1675,FALSE
"SBR",NA,"Mfap1b",5.98581990360127,23046.6141194527,0.000259726651063632,0.000259659210646433,"Epiblast",FALSE,1742,FALSE
"SBR",NA,"Tex13b",0.28689671591104,46.1302889097699,0.00621926987000244,0.00618082962255924,"Naïve pluripotency",FALSE,313,TRUE
"SBR",NA,"Impdh2",2.9524459106844,87879.1627792593,3.35966549670091e-05,3.35955262697046e-05,"Naïve pluripotency",FALSE,2650,FALSE
"SBR",NA,"Cfap126",0.00435737705797153,45.2012308825587,9.63995221566601e-05,9.63902301845297e-05,"Epiblast",FALSE,2269,FALSE
"SBR",NA,"Patl2",124.652214285376,5895.0385311177,0.0211452755783331,0.0207074116524286,"Naïve pluripotency",FALSE,106,TRUE
"SBR",NA,"Nme1",5.91771952712721,175672.875212799,3.36860173772352e-05,3.36848826676923e-05,"Exiting naïve pluripotency",FALSE,2647,FALSE
"SBR",NA,"Plekha1",9.82937632493935,31179.9200585359,0.000315247002124639,0.000315147652771876,"Epiblast",FALSE,1661,FALSE
"SBR",NA,"Smc4",8.78957030735612,74524.6690606571,0.000117941755638017,0.000117927847020701,"Exiting naïve pluripotency",FALSE,2164,FALSE
"SBR",NA,"S100a1",0.12937890405884,841.082669148847,0.000153824242021023,0.000153800583762803,"Exiting naïve pluripotency",FALSE,2030,FALSE
"SBR",NA,"Utp14a",23.8633994305513,86829.5933091701,0.000274830256840914,0.000274754745923523,"Epiblast",FALSE,1718,FALSE
"SBR",NA,"Wnt3",0.513278476009776,709.983266866957,0.000722944469205298,0.00072242219807277,"Epiblast",FALSE,1179,FALSE
"SBR",NA,"Ina",13.3903975282586,24587.1821282759,0.000544608872151287,0.000544312434770089,"Naïve pluripotency",FALSE,1345,FALSE
"SBR",NA,"Gng3",120.519855333601,20823.7923778136,0.00578760358089271,0.00575429997375905,"Epiblast",FALSE,326,TRUE
"SBR",NA,"Taf9",0.617775785657926,4480.94516883092,0.000137867294149262,0.000137848289378602,"Epiblast",FALSE,2092,FALSE
"SBR",NA,"Dcn",1.68361479033139,2037.94784161415,0.000826132423976997,0.000825450492560705,"Epiblast",FALSE,1119,FALSE
"SBR",NA,"Upk1a",3.64258018856786,159.184769303299,0.0228827180169954,0.0223708130110526,"Naïve pluripotency",FALSE,97,TRUE
"SBR",NA,"Lncenc1",59.1422635779809,4501.81068633959,0.0131374390658949,0.0129670847797388,"Exiting naïve pluripotency",FALSE,175,TRUE
"SBR",NA,"Catip",0.0307483856542268,214.633308040858,0.000143260083604421,0.000143239563092637,"Epiblast",FALSE,2073,FALSE
"SBR",NA,"Greb1l",0.0132453330473559,75.6284833133727,0.000175136832937305,0.00017510616539807,"Epiblast",FALSE,1968,FALSE
"SBR",NA,"Ndufaf4",12.0792174146086,10404.0858677565,0.00116100708588378,0.00115966071158042,"Epiblast",FALSE,943,FALSE
"SBR",NA,"Ptges3",1.66442672418884,173020.868563701,9.61980331046628e-06,9.61971077074076e-06,"Naïve pluripotency",FALSE,2764,FALSE
"SBR",NA,"Hsph1",50.3269262883289,29399.3249792185,0.00171183951753666,0.00170891413079549,"Exiting naïve pluripotency",FALSE,720,FALSE
"SBR",NA,"Id4",1.76449533314351,291.847500302797,0.00604594978991704,0.00600961595360486,"Naïve pluripotency",FALSE,318,TRUE
"SBR",NA,"Mid1",9.95014462244836,6487.3473054058,0.0015337770823765,0.00153142821288028,"Naïve pluripotency",FALSE,775,FALSE
"SBR",NA,"Pole4",136.11426701754,48311.8201568438,0.00281741127897162,0.00280949577389004,"Naïve pluripotency",FALSE,533,FALSE
"SBR",NA,"Zfp984",46.4014564103562,13073.1888239379,0.00354936022383398,0.00353680682237924,"Exiting naïve pluripotency",FALSE,459,TRUE
"SBR",NA,"Smtnl1",9.12523899457974,2261.97831940537,0.00403418499474327,0.00401797573731455,"Exiting naïve pluripotency",FALSE,421,TRUE
"SBR",NA,"Rec114",99.9675206593157,3140.27833707319,0.0318339681801861,0.0308518319437872,"Naïve pluripotency",FALSE,68,TRUE
"SBR",NA,"Lhpp",1.78113978391945,8206.0024169476,0.000217053285317211,0.000217006183412168,"Epiblast",FALSE,1841,FALSE
"SBR",NA,"Synm",0.94945366465585,1064.17318473776,0.000892198448779578,0.000891403140280582,"Epiblast",FALSE,1083,FALSE
"SBR",NA,"Rragd",92.1403224299813,36066.0851071211,0.00255476362783242,0.0025482534426227,"Epiblast",FALSE,566,FALSE
"SBR",NA,"Ndufa4",0.300461116480676,173905.905838409,1.7277223279574e-06,1.72771934293811e-06,"Exiting naïve pluripotency",FALSE,2789,FALSE
"SBR",NA,"Wnt8b",0.00381389502273995,94.214866823919,4.0480819549083e-05,4.04791809186647e-05,"Exiting naïve pluripotency",FALSE,2603,FALSE
"SBR",NA,"Rhox6",0.0534929264451203,310.275275959803,0.000172404734085388,0.000172375015816624,"Epiblast",FALSE,1975,FALSE
"SBR",NA,"Sqstm1",89.7380512034544,20567.373062417,0.00436312653692435,0.00434417236320547,"Exiting naïve pluripotency",FALSE,390,TRUE
"SBR",NA,"Nrp2",0.06315287915817,180.607005005886,0.000349670153470026,0.00034954792699275,"Naïve pluripotency",FALSE,1604,FALSE
"SBR",NA,"Snu13",24.6685875903377,170788.62568365,0.000144439288574352,0.000144418428879228,"Exiting naïve pluripotency",FALSE,2069,FALSE
"SBR",NA,"Vwa3b",109.986115753504,2083.20629715087,0.0527965549566205,0.0501488675167596,"Exiting naïve pluripotency",FALSE,37,TRUE
"SBR",NA,"Itm2a",89.7503576735237,22555.7623173499,0.00397904342184382,0.00396327338495245,"Epiblast",FALSE,426,TRUE
"SBR",NA,"H1f1",2.91381405208229,6579.65570960094,0.000442852054983741,0.000442656023853927,"Epiblast",FALSE,1471,FALSE
"SBR",NA,"Elobl",3.72880939775033,106.651768672856,0.0349624712665393,0.0337813903761687,"Naïve pluripotency",FALSE,57,TRUE
"SBR",NA,"Mab21l2",0.00139031411081525,24.9885700467016,5.56380020231997e-05,5.56349066081533e-05,"Epiblast",FALSE,2494,FALSE
"SBR",NA,"Snrpd2",52.7549323591618,171199.380432141,0.000308149084570271,0.000308054157963497,"Naïve pluripotency",FALSE,1672,FALSE
"SBR",NA,"Tra2a",3.7909529036291,47083.1447135735,8.05161364367452e-05,8.05096541104503e-05,"Exiting naïve pluripotency",FALSE,2343,FALSE
"SBR",NA,"Edn2",2.31354905686778,277.38815093505,0.00834047542791216,0.0082714872914059,"Exiting naïve pluripotency",FALSE,240,TRUE
"SBR",NA,"Ywhaq",449.118694070521,168103.19213925,0.00267168450732624,0.00266456562861751,"Naïve pluripotency",FALSE,551,FALSE
"SBR",NA,"Snx6",1.05251278658579,7982.60319623871,0.000131850821180955,0.000131833438833785,"Naïve pluripotency",FALSE,2113,FALSE
"SBR",NA,"Dpysl2",6.26581412140658,3515.97823028813,0.00178209696164504,0.00177892674170366,"Epiblast",FALSE,708,FALSE
"SBR",NA,"Epp13",13.0861535956514,3924.99181422171,0.00333405882484529,0.00332297981466941,"Exiting naïve pluripotency",FALSE,483,TRUE
"SBR",NA,"Evx1",0.737138828570334,49.2957230186659,0.0149534033265161,0.0147330934380891,"Naïve pluripotency",FALSE,153,TRUE
"SBR",NA,"Gadd45a",34.1311369318103,6512.73806324861,0.00524067398386745,0.00521335250303606,"Exiting naïve pluripotency",FALSE,345,TRUE
"SBR",NA,"Tnrc6c",14.8581058336077,11929.530390022,0.00124548958323081,0.00124394026858412,"Naïve pluripotency",FALSE,895,FALSE
"SBR",NA,"Atp5l2-ps",0.0357336122186518,483.315563900073,7.39343296340438e-05,7.39288637530616e-05,"Naïve pluripotency",FALSE,2376,FALSE
"SBR",NA,"Rtraf",0.683489353238896,176367.589539476,3.87536822963673e-06,3.87535321121601e-06,"Naïve pluripotency",FALSE,2781,FALSE
"SBR",NA,"Eid1",14.7156956242962,5226.19838419786,0.00281575526654157,0.00280784905078915,"Epiblast",FALSE,534,FALSE
"SBR",NA,"1110038B12Rik",11.7123528221893,74832.2687723827,0.000156514736414244,0.000156490243385049,"Naïve pluripotency",FALSE,2026,FALSE
"SBR",NA,"Myof",3.59454461501869,219.419854731216,0.0163820389883218,0.016117993392158,"Naïve pluripotency",FALSE,140,TRUE
"SBR",NA,"Zfp706",1.96573812763877,169300.923039126,1.16109120514629e-05,1.16107772397495e-05,"Naïve pluripotency",FALSE,2759,FALSE
"SBR",NA,"Nefm",0.061508681455937,277.792393298281,0.00022141960305548,0.000221370587267919,"Exiting naïve pluripotency",FALSE,1825,FALSE
"SBR",NA,"Arhgef26",0.777410991388709,1254.49262874175,0.000619701522015674,0.000619317729875859,"Naïve pluripotency",FALSE,1277,FALSE
"SBR",NA,"Atp5b",26.364171631148,168764.327764341,0.000156218864379695,0.000156194463857929,"Naïve pluripotency",FALSE,2027,FALSE
"SBR",NA,"Epha1",2.57519621650805,2896.98450778121,0.000888923019640304,0.000888133537294489,"Epiblast",FALSE,1084,FALSE
"SBR",NA,"Ccdc136",0.971968314598536,17482.6970584558,5.55960165270052e-05,5.55929257817846e-05,"Epiblast",FALSE,2495,FALSE
"SBR",NA,"Tgfb1",1.33581216601398,1164.9571664696,0.0011466620442897,0.00114534871638914,"Epiblast",FALSE,951,FALSE
"SBR",NA,"Dbi",6.55942543431484,93205.8887490349,7.03756546110158e-05,7.03707022267811e-05,"Exiting naïve pluripotency",FALSE,2389,FALSE
"SBR",NA,"Fdft1",16.2490382811669,68783.6896904899,0.000236233885595317,0.000236178092326874,"Exiting naïve pluripotency",FALSE,1800,FALSE
"SBR",NA,"Ndufb9",74.6102065767816,170296.620550862,0.000438119126119112,0.000437927261809864,"Naïve pluripotency",FALSE,1479,FALSE
"SBR",NA,"Hypk",2.44417038174728,5364.54624833303,0.000455615492644281,0.00045540800170323,"Exiting naïve pluripotency",FALSE,1450,FALSE
"SBR",NA,"Tmem238",70.8532713086239,56823.2705001495,0.00124690590113847,0.00124535306305515,"Exiting naïve pluripotency",FALSE,894,FALSE
"SBR",NA,"Mir6236",0.0376519818685209,233.395958178574,0.000161322338922909,0.000161296318223593,"Naïve pluripotency",FALSE,2011,FALSE
"SBR",NA,"Alg13",86.852283505652,25926.6577792294,0.00334992208580128,0.00333873757505989,"Exiting naïve pluripotency",FALSE,482,TRUE
"SBR",NA,"Hnrnpab",0.594139564710767,173208.167495889,3.4302052455169e-06,3.43019347924924e-06,"Epiblast",FALSE,2785,FALSE
"SBR",NA,"Tmed10",1.04764254305922,41136.6672944727,2.54673655393563e-05,2.54667169691661e-05,"Naïve pluripotency",FALSE,2698,FALSE
"SBR",NA,"Mreg",39.6350654465835,1198.16140376868,0.0330799050294191,0.0320206644891395,"Naïve pluripotency",FALSE,63,TRUE
"SBR",NA,"Srsf3",3.20185949148048,170582.49875955,1.87701523589108e-05,1.87698000469042e-05,"Epiblast",FALSE,2727,FALSE
"SBR",NA,"Atp6v1g1",115.637720904864,90684.1352798982,0.00127517035419642,0.00127354636562628,"Naïve pluripotency",FALSE,882,FALSE
"SBR",NA,"Lrp8",1.12958472045958,1989.22705138543,0.000567851075458108,0.000567528803616621,"Epiblast",FALSE,1326,FALSE
"SBR",NA,"Matn1",0.237937096087848,269.839369934474,0.000881773093917419,0.000880996255123808,"Exiting naïve pluripotency",FALSE,1086,FALSE
"SBR",NA,"Tafa5",34.9959108770809,6792.65696905431,0.00515202093032429,0.00512561366145969,"Epiblast",FALSE,349,TRUE
"SBR",NA,"Rgs17",0.440793753174518,570.519687980165,0.000772617952476065,0.000772021474824918,"Epiblast",FALSE,1144,FALSE
"SBR",NA,"Plet1",32.2386036017118,1633.63963394295,0.0197342197947908,0.0193523169191695,"Exiting naïve pluripotency",FALSE,116,TRUE
"SBR",NA,"Csnk2a1",6.88154488268058,66340.776243983,0.000103730243634355,0.000103719484786928,"Exiting naïve pluripotency",FALSE,2229,FALSE
"SBR",NA,"Wnt5b",0.0255337122756985,273.873524387885,9.32317657676734e-05,9.32230744158353e-05,"Naïve pluripotency",FALSE,2281,FALSE
"SBR",NA,"Tle5",25.5013533168775,7215.52911250888,0.00353423192107536,0.00352178511570028,"Naïve pluripotency",FALSE,462,TRUE
"SBR",NA,"Dnah8",40.1841000813542,2532.38463008862,0.0158680871791375,0.0156202241013398,"Naïve pluripotency",FALSE,146,TRUE
"SBR",NA,"Top2b",0.918388754391161,5814.8080301178,0.000157939651598878,0.000157914710604503,"Naïve pluripotency",FALSE,2024,FALSE
"SBR",NA,"Nrip1",0.445134261436985,1203.73130319268,0.000369795368996674,0.000369658670932054,"Epiblast",FALSE,1571,FALSE
"SBR",NA,"Thrap3",10.7970262970468,71878.3500559565,0.000150212494981333,0.000150189934576539,"Epiblast",FALSE,2041,FALSE
"SBR",NA,"Trim30a",0.00508353032838652,124.058700450238,4.0976814281765e-05,4.09751352512577e-05,"Exiting naïve pluripotency",FALSE,2598,FALSE
"SBR",NA,"Eif3s6-ps2",0.746499242263807,860.893404335524,0.000867121572199742,0.000866370323802459,"Epiblast",FALSE,1097,FALSE
"SBR",NA,"Dgkk",0.0989294447829871,225.943084065998,0.000437851174741378,0.000437659544995465,"Epiblast",FALSE,1480,FALSE
"SBR",NA,"Rbms1",0.474671672267157,4878.60813156561,9.72965361156869e-05,9.72870704207261e-05,"Exiting naïve pluripotency",FALSE,2263,FALSE
"SBR",NA,"Mis18bp1",26.618806760295,20215.6029880099,0.00131674562347128,0.0013150140844308,"Naïve pluripotency",FALSE,864,FALSE
"SBR",NA,"Tcf4",8.38578178701086,5611.30662720306,0.00149444369095024,0.00149221366165802,"Naïve pluripotency",FALSE,796,FALSE
"SBR",NA,"Ssbp4",26.4747736692473,7737.26850626581,0.00342172094038193,0.003410052691679,"Naïve pluripotency",FALSE,474,TRUE
"SBR",NA,"3830417A13Rik",0.148443365029698,448.326723049005,0.000331105324304909,0.000330995729856431,"Epiblast",FALSE,1638,FALSE
"SBR",NA,"Tnni1",0.54886589162073,322.446903495105,0.00170218999057333,0.00169929746344005,"Exiting naïve pluripotency",FALSE,724,FALSE
"SBR",NA,"Col4a2",0.12535224872287,242.122242863994,0.000517722978443099,0.000517455080057841,"Exiting naïve pluripotency",FALSE,1373,FALSE
"SBR",NA,"Fkbp11",21.8631425754193,32400.4921506326,0.000674778101325613,0.00067432308287607,"Epiblast",FALSE,1216,FALSE
"SBR",NA,"Rhox1",1.30210094991118,791.657763191841,0.00164477759260683,0.00164207674157694,"Exiting naïve pluripotency",FALSE,736,FALSE
"SBR",NA,"Emp3",5.79796973898932,4367.14140119222,0.00132763499194381,0.0013258747142782,"Epiblast",FALSE,859,FALSE
"SBR",NA,"Hdgf",11.2578220147267,174521.433365231,6.45068161408394e-05,6.45026552799146e-05,"Naïve pluripotency",FALSE,2435,FALSE
"SBR",NA,"Krt42",13.4226631503477,1767.95076491922,0.00759221547154398,0.00753500806672161,"Naïve pluripotency",FALSE,271,TRUE
"SBR",NA,"Efhc2",4.68721134442867,923.533810098572,0.00507530021443221,0.00504967161500178,"Exiting naïve pluripotency",FALSE,355,TRUE
"SBR",NA,"Nucks1",7.22471815670927,124986.180097615,5.78041360338135e-05,5.78007949088017e-05,"Epiblast",FALSE,2483,FALSE
"SBR",NA,"Wnt10a",0.00130605689114625,24.970570376892,5.23038469459586e-05,5.2301111396633e-05,"Epiblast",FALSE,2516,FALSE
"SBR",NA,"Hopx",13.3857625366184,4264.94138151128,0.00313855721315335,0.00312873749153124,"Naïve pluripotency",FALSE,504,FALSE
"SBR",NA,"Hspa9",36.7233822353825,145162.50710573,0.000252981179283676,0.000252917195993172,"Naïve pluripotency",FALSE,1758,FALSE
"SBR",NA,"Adnp",0.439009794852824,1972.87002139784,0.000222523425309981,0.000222473919651338,"Exiting naïve pluripotency",FALSE,1821,FALSE
"SBR",NA,"Hsf2bp",348.175559081118,10784.1091152585,0.0322859825841788,0.0312761997439464,"Naïve pluripotency",FALSE,67,TRUE
"SBR",NA,"Limd2",39.9115826882937,16470.4655251989,0.00242322128826481,0.00241736348161469,"Epiblast",FALSE,587,FALSE
"SBR",NA,"Zc3hav1",0.882771841698401,1259.64968222589,0.000700807418248606,0.000700316631158368,"Naïve pluripotency",FALSE,1194,FALSE
"SBR",NA,"Ctcf",108.155174016606,87345.7929951447,0.00123824136581619,0.00123671002031152,"Epiblast",FALSE,901,FALSE
"SBR",NA,"Mlana",0.34539096133276,1795.47612196165,0.000192367337614829,0.000192330339539469,"Exiting naïve pluripotency",FALSE,1918,FALSE
"SBR",NA,"Mtss1",49.337339707228,30140.5900510046,0.00163690689610715,0.00163423181078624,"Exiting naïve pluripotency",FALSE,740,FALSE
"SBR",NA,"Sftpd",0.0074534186577054,58.2862683734321,0.000127876065250092,0.000127859715052827,"Epiblast",FALSE,2132,FALSE
"SBR",NA,"Ebp",156.096946904539,6417.99312519642,0.0243217691043821,0.0237442665361372,"Naïve pluripotency",FALSE,89,TRUE
"SBR",NA,"Drg1",3.12686367535296,12534.6624491161,0.000249457349812676,0.000249395136362903,"Epiblast",FALSE,1764,FALSE
"SBR",NA,"Tardbp",1.99884715037606,62761.3932416016,3.18483552887592e-05,3.18473410033279e-05,"Naïve pluripotency",FALSE,2659,FALSE
"SBR",NA,"2310043M15Rik",0.0101309706096894,41.6743270943156,0.000243098600890696,0.000243039518323831,"Exiting naïve pluripotency",FALSE,1775,FALSE
"SBR",NA,"Zfp638",3.54818011997063,36471.3258833787,9.72868420335567e-05,9.7277378224628e-05,"Naïve pluripotency",FALSE,2264,FALSE
"SBR",NA,"Pgls",31.8716617660976,83100.116407425,0.00038353329867598,0.000383386257280058,"Exiting naïve pluripotency",FALSE,1553,FALSE
"SBR",NA,"Cox7b2",0.215443888285661,1500.38458650812,0.000143592443046265,0.000143571827216842,"Exiting naïve pluripotency",FALSE,2071,FALSE
"SBR",NA,"Gcat",497.023444328436,55752.2767227686,0.00891485466683117,0.00883608227750307,"Naïve pluripotency",FALSE,224,TRUE
"SBR",NA,"Cxcl10",0.0673888295045193,280.325384635368,0.000240395030910864,0.000240337255029013,"Epiblast",FALSE,1785,FALSE
"SBR",NA,"Esrrb",2.35403054104534,239.687605347163,0.00982124435527554,0.0097257256273569,"Exiting naïve pluripotency",FALSE,209,TRUE
"SBR",NA,"Pcsk1n",1.82013468352768,11467.2588002745,0.00015872447942695,0.000158699289964765,"Naïve pluripotency",FALSE,2020,FALSE
"SBR",NA,"Sfrp5",0.0751831431544783,157.606233472763,0.000477031532940423,0.000476804082358103,"Naïve pluripotency",FALSE,1416,FALSE
"SBR",NA,"Ptk7",29.9268393578503,14850.1213848098,0.00201525890478327,0.00201120580437665,"Epiblast",FALSE,653,FALSE
"SBR",NA,"Myb",3.48697065465149,12065.4154336897,0.000289005436556704,0.000288921936546302,"Exiting naïve pluripotency",FALSE,1696,FALSE
"SBR",NA,"Slfn9",8.31037836780056,6015.12813012905,0.00138157960861629,0.00137967347986996,"Exiting naïve pluripotency",FALSE,843,FALSE
"SBR",NA,"Eif4g2",224.370608798125,150896.274956397,0.00148691946744847,0.00148471182053896,"Epiblast",FALSE,800,FALSE
"SBR",NA,"Hacd2",117.969425457914,30460.3727251412,0.00387288187581975,0.00385794052787137,"Exiting naïve pluripotency",FALSE,438,TRUE
"SBR",NA,"Lrrc2",368.07330702102,2466.38064192542,0.149236213082535,0.12985686613742,"Naïve pluripotency",FALSE,10,TRUE
"SBR",NA,"Apela",19.5543049647984,10735.0220269801,0.00182154306862651,0.0018182310824012,"Exiting naïve pluripotency",FALSE,698,FALSE
"SBR",NA,"Ncoa3",318.324952071981,7868.75458659996,0.0404542991611494,0.0388813801757223,"Naïve pluripotency",FALSE,44,TRUE
"SBR",NA,"Siva1",3.18898834750311,158053.690573321,2.01766142627574e-05,2.01762071752079e-05,"Exiting naïve pluripotency",FALSE,2722,FALSE
"SBR",NA,"Khdrbs3",15.4792756773066,15192.1309352455,0.0010189008864711,0.00101786378415911,"Epiblast",FALSE,1013,FALSE
"SBR",NA,"Sox3",102.375109851473,13458.9470313604,0.00760647245382053,0.00754905080680607,"Epiblast",FALSE,270,TRUE
"SBR",NA,"Sqle",162.487089674145,89259.5192951294,0.00182038947730487,0.0018170816809335,"Epiblast",FALSE,699,FALSE
"SBR",NA,"Nr5a2",0.781671932903814,258.408144336937,0.00302495083856412,0.00301582810680348,"Naïve pluripotency",FALSE,515,FALSE
"SBR",NA,"Cct3",10.5458115189644,173902.679209969,6.06420301681001e-05,6.06383529352721e-05,"Exiting naïve pluripotency",FALSE,2462,FALSE
"SBR",NA,"Hebp1",205.164676634659,5321.21651546186,0.0385559723116907,0.0371245973636549,"Naïve pluripotency",FALSE,48,TRUE
"SBR",NA,"Cryab",1.51753796381456,966.324474292848,0.00157042277639205,0.00156796041564284,"Exiting naïve pluripotency",FALSE,762,FALSE
"SBR",NA,"Phf10",1.95800694268632,19227.9699807653,0.000101831183668635,0.000101820815134508,"Exiting naïve pluripotency",FALSE,2241,FALSE
"SBR",NA,"Pglyrp1",0.0704811112505188,135.319456844413,0.000520849794213673,0.000520578650930464,"Naïve pluripotency",FALSE,1368,FALSE
"SBR",NA,"Bptf",32.5504161879542,100780.718437091,0.000322982577349584,0.000322878293286248,"Epiblast",FALSE,1649,FALSE
"SBR",NA,"Lrrc58",0.503353299334443,12891.6630480103,3.90448693438456e-05,3.90433449015452e-05,"Naïve pluripotency",FALSE,2610,FALSE
"SBR",NA,"Chst7",0.303267716751618,485.314637943478,0.000624888872169024,0.000624498629924499,"Naïve pluripotency",FALSE,1266,FALSE
"SBR",NA,"Chchd2-ps",0.0630420114942539,135.190452923399,0.000466319996205462,0.000466102643222643,"Naïve pluripotency",FALSE,1435,FALSE
"SBR",NA,"Naa10",6.5873834665318,37726.8990929545,0.000174607074127701,0.000174576591819792,"Naïve pluripotency",FALSE,1971,FALSE
"SBR",NA,"Tchh",0.0100566318205638,146.50272493612,6.86446741857451e-05,6.86399624178888e-05,"Epiblast",FALSE,2399,FALSE
"SBR",NA,"Vcan",1.64801422744125,2390.2216927853,0.000689481746574243,0.000689006689038883,"Epiblast",FALSE,1205,FALSE
"SBR",NA,"Btg1",4.08727560822736,8468.38721327104,0.000482651006064305,0.000482418166450924,"Naïve pluripotency",FALSE,1408,FALSE
"SBR",NA,"Uqcr10",308.49600154845,102033.003788377,0.00302349230243471,0.00301437835268873,"Naïve pluripotency",FALSE,516,FALSE
"SBR",NA,"Eif1a",1.30790750928716,39832.4806814456,3.28352009945591e-05,3.28341228795349e-05,"Epiblast",FALSE,2654,FALSE
"SBR",NA,"Tspan13",18.1819263287063,9441.98180096238,0.00192564725414458,0.00192194626359946,"Naïve pluripotency",FALSE,676,FALSE
"SBR",NA,"Ddx3y",7.25812061623446,8252.72975339983,0.000879481193873382,0.000878708386372668,"Exiting naïve pluripotency",FALSE,1087,FALSE
"SBR",NA,"Psmd13",1.50733975045747,10796.9238836355,0.00013960825941749,0.000139588771672042,"Naïve pluripotency",FALSE,2084,FALSE
"SBR",NA,"Nectin2",14.9634578640397,9502.11908775193,0.00157474956121391,0.00157227362401439,"Exiting naïve pluripotency",FALSE,759,FALSE
"SBR",NA,"Stox1",0.0037960025944035,40.871856439277,9.28757077634385e-05,9.28670826674078e-05,"Epiblast",FALSE,2283,FALSE
"SBR",NA,"Map4k4",4.04517257063639,22740.2063560666,0.000177886361596592,0.000177854723666906,"Epiblast",FALSE,1961,FALSE
"SBR",NA,"Cdc6",0.204393685230534,14280.5871211199,1.43126948140844e-05,1.43124899637835e-05,"Exiting naïve pluripotency",FALSE,2746,FALSE
"SBR",NA,"Cenpv",205.436069721532,39671.7237289447,0.00517840039230876,0.00515172270940929,"Naïve pluripotency",FALSE,347,TRUE
"SBR",NA,"Bend7",0.19648159406392,547.027278457006,0.000359180614572154,0.000359051650179779,"Naïve pluripotency",FALSE,1586,FALSE
"SBR",NA,"Anxa1",1.80876633564735,174.635492559976,0.0103573810176425,0.010251205377656,"Naïve pluripotency",FALSE,202,TRUE
"SBR",NA,"Macf1",127.489905420859,21660.1079341461,0.00588593121550782,0.00585148974933499,"Naïve pluripotency",FALSE,322,TRUE
"SBR",NA,"Sept11",7.10328823411574,16171.2024536587,0.000439255414337396,0.000439062553733436,"Epiblast",FALSE,1474,FALSE
"SBR",NA,"Pdia3",441.811596214483,96040.4357068401,0.00460026647070924,0.00457920092622569,"Epiblast",FALSE,374,TRUE
"SBR",NA,"Hmgb1-ps1",0.00109091025571356,27.931080932464,3.90572158074129e-05,3.90556904008844e-05,"Epiblast",FALSE,2609,FALSE
"SBR",NA,"Fbl",33.9652855668756,118134.625303959,0.000287513381275671,0.000287430741091417,"Naïve pluripotency",FALSE,1698,FALSE
"SBR",NA,"Snrpe",2.68194013883059,173668.013600129,1.54429136559699e-05,1.54426751760705e-05,"Epiblast",FALSE,2744,FALSE
"SBR",NA,"Ly6g6e",1.15100718184833,134.393590013183,0.00856444999895773,0.00849172306139343,"Naïve pluripotency",FALSE,234,TRUE
"SBR",NA,"Ddah2",18.7335750742451,9993.7480522736,0.00187452945343996,0.00187102216727935,"Naïve pluripotency",FALSE,691,FALSE
"SBR",NA,"Ascl2",49.3227948604241,4339.2219367141,0.0113667370740143,0.0112389864698333,"Naïve pluripotency",FALSE,193,TRUE
"SBR",NA,"Irf2bpl",13.8710298316227,11414.4392364694,0.00121521780827432,0.00121374284635276,"Naïve pluripotency",FALSE,917,FALSE
"SBR",NA,"Nt5dc2",348.268814665703,101524.660883402,0.00343038638726093,0.00341865906573913,"Epiblast",FALSE,471,TRUE
"SBR",NA,"Vangl1",74.1031671271607,995.349402840538,0.0744494013013766,0.0692907466942633,"Naïve pluripotency",FALSE,20,TRUE
"SBR",NA,"Aim2",26.3099776985016,12826.3317359516,0.00205124724980846,0.0020470482477201,"Exiting naïve pluripotency",FALSE,644,FALSE
"SBR",NA,"Impdh2-ps",3.31293769219599,47300.9797462562,7.00395152482693e-05,7.00346100581302e-05,"Naïve pluripotency",FALSE,2391,FALSE
"SBR",NA,"2610528J11Rik",20.7563280434716,2321.58852920452,0.00894057141580712,0.00886134591977124,"Exiting naïve pluripotency",FALSE,223,TRUE
"SBR",NA,"Cox6b1",53.3964346673564,94262.914325181,0.000566462802997512,0.000566142104554072,"Naïve pluripotency",FALSE,1327,FALSE
"SBR",NA,"Dusp9",10.4253986522533,19023.7631974921,0.000548019786833115,0.000547719625640627,"Exiting naïve pluripotency",FALSE,1343,FALSE
"SBR",NA,"Fbxo5",7.21042634538451,60697.8955808177,0.000118792031855273,0.000118777921984581,"Exiting naïve pluripotency",FALSE,2161,FALSE
"SBR",NA,"Sycp1",0.60063736907428,1480.34070018602,0.000405742657078066,0.000405578096743441,"Exiting naïve pluripotency",FALSE,1523,FALSE
"SBR",NA,"Gap43",0.413424583529498,1387.62863489435,0.000297936042204098,0.000297847302757533,"Naïve pluripotency",FALSE,1685,FALSE
"SBR",NA,"Slc38a4",78.9177844486577,16139.2923768072,0.0048897921052639,0.00486599838477779,"Exiting naïve pluripotency",FALSE,363,TRUE
"SBR",NA,"Irak3",4.90810186002628,219.737425289969,0.0223362126572179,0.0218482064712962,"Naïve pluripotency",FALSE,100,TRUE
"SBR",NA,"Slc9b1",52.8651826539117,7618.34675155879,0.00693919355181554,0.00689137298086358,"Exiting naïve pluripotency",FALSE,287,TRUE
"SBR",NA,"Impa2",297.824618008193,43462.6942953653,0.00685241959424389,0.00680578350996602,"Exiting naïve pluripotency",FALSE,292,TRUE
"SBR",NA,"Enah",685.615107957904,25598.1114396692,0.0267838160472812,0.0260851560266975,"Naïve pluripotency",FALSE,79,TRUE
"SBR",NA,"Atp5pb",11.7399910136187,174920.89120172,6.71160027425199e-05,6.71114984870034e-05,"Exiting naïve pluripotency",FALSE,2411,FALSE
"SBR",NA,"Psrc1",25.0198051205517,39669.572503257,0.000630705186412014,0.000630307648109317,"Naïve pluripotency",FALSE,1262,FALSE
"SBR",NA,"Eif3j2",47.6849655059446,45462.4388880994,0.00104888709607762,0.00104778808467618,"Epiblast",FALSE,995,FALSE
"SBR",NA,"Cnn3",149.365294288375,38820.9694705127,0.00384754158192336,0.00383279474476789,"Naïve pluripotency",FALSE,442,TRUE
"SBR",NA,"Kif26b",0.00364030652594585,41.6362501379044,8.74311810955288e-05,8.7423537552385e-05,"Epiblast",FALSE,2305,FALSE
"SBR",NA,"Rbmx2",2.7193118603492,12446.1332710181,0.000218486480992563,0.000218438755077654,"Exiting naïve pluripotency",FALSE,1836,FALSE
"SBR",NA,"Mt3",14.823679079058,5998.28166756159,0.00247132093833201,0.00246522856735573,"Epiblast",FALSE,581,FALSE
"SBR",NA,"Cidea",1.53612831381723,1537.36869874905,0.000999193176670744,0.000998195786252139,"Epiblast",FALSE,1024,FALSE
"SBR",NA,"Anxa8",0.1075650561454,102.155700498169,0.00105295206846855,0.00105184452659856,"Exiting naïve pluripotency",FALSE,992,FALSE
"SBR",NA,"Dynll2",81.6376417409714,38703.3591132261,0.00210931670044819,0.00210487684855914,"Epiblast",FALSE,633,FALSE
"SBR",NA,"Cnn2",4.61088253443529,1787.89582417419,0.00257894362305198,0.00257230978114538,"Exiting naïve pluripotency",FALSE,564,FALSE
"SBR",NA,"Uqcrh",65.0192296150128,159949.288475387,0.00040649902375163,0.000406333849438516,"Epiblast",FALSE,1521,FALSE
"SBR",NA,"Them5",0.276091094744575,515.675047819105,0.000535397428889026,0.000535110931871931,"Exiting naïve pluripotency",FALSE,1352,FALSE
"SBR",NA,"Slc44a5",0.00277577705062162,41.5458279497772,6.68124138475981e-05,6.68079502471778e-05,"Epiblast",FALSE,2415,FALSE
"SBR",NA,"Cxcr4",0.00592583502891744,52.7231628106379,0.000112395287251655,0.000112382655970756,"Epiblast",FALSE,2192,FALSE
"SBR",NA,"Stpg3",0.0613473869917552,184.798525615107,0.000331969028365128,0.000331858861501321,"Epiblast",FALSE,1636,FALSE
"SBR",NA,"Tpt1-ps5",0.00707358895835167,118.840780162083,5.9521562789341e-05,5.95180201837656e-05,"Exiting naïve pluripotency",FALSE,2471,FALSE
"SBR",NA,"Mpc1",314.082183153627,12541.0338618512,0.0250443613033404,0.0244324658022571,"Naïve pluripotency",FALSE,83,TRUE
"SBR",NA,"Ifi27",0.0123820520945978,331.267770656443,3.73777746928458e-05,3.73763776470233e-05,"Naïve pluripotency",FALSE,2616,FALSE
"SBR",NA,"Lsm7",10.3400116872311,77081.6991140705,0.000134143536093169,0.000134125544018414,"Epiblast",FALSE,2106,FALSE
"SBR",NA,"Exosc6",0.0968771388431297,5933.22968150993,1.63278929088206e-05,1.63276263130867e-05,"Naïve pluripotency",FALSE,2739,FALSE
"SBR",NA,"Ybx3",24.3052703285129,171825.607951465,0.00014145313156918,0.000141433125410683,"Exiting naïve pluripotency",FALSE,2076,FALSE
"SBR",NA,"Bicc1",0.0398288703808959,260.540327276222,0.000152870270784107,0.000152846905036346,"Exiting naïve pluripotency",FALSE,2033,FALSE
"SBR",NA,"Tspo",62.6962329832815,24118.151898724,0.00259954548949492,0.00259280537397986,"Exiting naïve pluripotency",FALSE,559,FALSE
"SBR",NA,"Hnrnpd",123.194248100166,169243.730826367,0.000727910259946675,0.000727380792005287,"Epiblast",FALSE,1173,FALSE
"SBR",NA,"1700029P11Rik",13.3485960397695,2296.28681827783,0.00581312226918616,0.00577952518264163,"Naïve pluripotency",FALSE,325,TRUE
"SBR",NA,"Bub3",13.1348473243885,100876.011020811,0.000130207838231021,0.000130190886357151,"Epiblast",FALSE,2120,FALSE
"SBR",NA,"Hoxb7",0.0659216192229744,44.357971339117,0.00148612790966032,0.00148392261085256,"Naïve pluripotency",FALSE,801,FALSE
"SBR",NA,"Usp9x",145.396823274958,16979.224230694,0.00856321945569919,0.00849051332679035,"Naïve pluripotency",FALSE,235,TRUE
"SBR",NA,"Zfp207",0.0618917468949089,40340.5362294946,1.53423213173992e-06,1.53422977787529e-06,"Exiting naïve pluripotency",FALSE,2790,FALSE
"SBR",NA,"Car6",0.0633018998702352,126.898013171651,0.000498840748472621,0.000498592030450969,"Naïve pluripotency",FALSE,1396,FALSE
"SBR",NA,"1700028P14Rik",0.00364382465911059,47.1837065315785,7.72263335580026e-05,7.72203701119429e-05,"Epiblast",FALSE,2357,FALSE
"SBR",NA,"Pim3",58.566781325246,8982.21168511357,0.00652030740071624,0.00647806840336345,"Naïve pluripotency",FALSE,300,TRUE
"SBR",NA,"Snx20",0.366773382471195,266.755963389668,0.00137493976820839,0.00137305190454102,"Exiting naïve pluripotency",FALSE,846,FALSE
"SBR",NA,"Uhrf2",3.34156449996537,5979.90495413686,0.000558798931687651,0.000558486849832603,"Epiblast",FALSE,1335,FALSE
"SBR",NA,"Snhg14",4.89583060083823,6500.93480831266,0.000753096400009734,0.000752529672622382,"Epiblast",FALSE,1154,FALSE
"SBR",NA,"Nsd1",402.388576154474,46584.2687327826,0.00863786396353373,0.00856389024460222,"Exiting naïve pluripotency",FALSE,232,TRUE
"SBR",NA,"Ada",0.143447682264287,1000.39655073863,0.000143390820528493,0.000143370262548907,"Epiblast",FALSE,2072,FALSE
"SBR",NA,"Psmb5",6.31193950542987,175651.282696378,3.59344913884881e-05,3.59332001472168e-05,"Epiblast",FALSE,2629,FALSE
"SBR",NA,"Tpt1-ps6",0.156712381690099,199.088008255566,0.000787151285821947,0.000786532166016127,"Exiting naïve pluripotency",FALSE,1140,FALSE
"SBR",NA,"Ptms",12.7707537609842,35406.3128798305,0.000360691433878707,0.00036056138247666,"Naïve pluripotency",FALSE,1579,FALSE
"SBR",NA,"Chd7",3.00186922914168,6650.73726205377,0.000451358866071744,0.000451155233157283,"Epiblast",FALSE,1459,FALSE
"SBR",NA,"Fkbp3",32.8129577506589,174708.478209424,0.00018781548604256,0.000187780218009645,"Naïve pluripotency",FALSE,1931,FALSE
"SBR",NA,"Lor",0.0463096131703007,236.081741472055,0.000196159232313111,0.000196120761415111,"Epiblast",FALSE,1902,FALSE
"SBR",NA,"Crym",6.16142623567425,3718.18496106398,0.00165710589983967,0.00165436444276108,"Epiblast",FALSE,733,FALSE
"SBR",NA,"Hand1",0.0158436089278804,96.8372916341167,0.000163610615915848,0.000163583851861091,"Epiblast",FALSE,2005,FALSE
"SBR",NA,"Slc25a3",2.17698912510527,170286.640545448,1.27842625712277e-05,1.27840991359476e-05,"Naïve pluripotency",FALSE,2755,FALSE
"SBR",NA,"Lars",67.6186190762325,114537.918717386,0.000590360116836738,0.000590011797403088,"Exiting naïve pluripotency",FALSE,1306,FALSE
"SBR",NA,"Ppp4r4",0.446409681537889,677.438342659421,0.000658967249750608,0.000658533297874439,"Exiting naïve pluripotency",FALSE,1232,FALSE
"SBR",NA,"Yaf2",44.2568997119053,10176.3202455774,0.00434900815264135,0.00433017618112726,"Epiblast",FALSE,392,TRUE
"SBR",NA,"Acp1",9.67860508501879,70190.0896761028,0.000137891333800561,0.000137872322402131,"Exiting naïve pluripotency",FALSE,2090,FALSE
"SBR",NA,"Ucma",2.56753745728216,391.555838991174,0.00655727025779337,0.0065145525759443,"Naïve pluripotency",FALSE,299,TRUE
"SBR",NA,"Dnajb14",1.05490334126272,2358.91382082699,0.000447198762391792,0.00044699886505255,"Exiting naïve pluripotency",FALSE,1464,FALSE
"SBR",NA,"Isyna1",236.761423591202,82181.6147840053,0.00288095365628277,0.00287267760523266,"Epiblast",FALSE,525,FALSE
"SBR",NA,"Aire",40.7611520491682,611.880996621016,0.0666161431295678,0.0624555924440716,"Naïve pluripotency",FALSE,23,TRUE
"SBR",NA,"Enc1",4.95544717737203,12566.0243226481,0.000394352823942948,0.000394197371096465,"Epiblast",FALSE,1537,FALSE
"SBR",NA,"Marveld1",1.52849244366894,1469.01994487561,0.00104048447333938,0.00103940299066605,"Naïve pluripotency",FALSE,999,FALSE
"SBR",NA,"Aprt",47.921575365649,165229.443650431,0.000290030483108293,0.000289946389816779,"Epiblast",FALSE,1692,FALSE
"SBR",NA,"Kit",0.0668176929862666,178.724581300019,0.000373858439058822,0.000373718721161082,"Epiblast",FALSE,1564,FALSE
"SBR",NA,"Tmem40",83.7888929690076,5802.01716801578,0.0144413383384838,0.0142357549842525,"Exiting naïve pluripotency",FALSE,160,TRUE
"SBR",NA,"Col13a1",0.00856121621568151,107.759426660074,7.94474922615146e-05,7.94411808589131e-05,"Epiblast",FALSE,2349,FALSE
"SBR",NA,"Ier2",2.21789773436089,52077.2540625596,4.25886075271282e-05,4.25867938148805e-05,"Epiblast",FALSE,2582,FALSE
"SBR",NA,"Gng11",0.652509798935529,562.978863398588,0.0011590307227459,0.00115768892571361,"Epiblast",FALSE,944,FALSE
"SBR",NA,"Dtl",1.29901554105426,13122.1678563086,9.89939738066798e-05,9.89841749698555e-05,"Exiting naïve pluripotency",FALSE,2257,FALSE
"SBR",NA,"Cnbp",4.74128330635976,173934.463531052,2.72590216458931e-05,2.72582786118864e-05,"Naïve pluripotency",FALSE,2689,FALSE
"SBR",NA,"Apom",8.45531297868814,455.251674819707,0.018572832229638,0.0182341720120126,"Naïve pluripotency",FALSE,129,TRUE
"SBR",NA,"Pdzd4",13.4222837140983,23349.0021459012,0.000574854703863844,0.000574524435789446,"Epiblast",FALSE,1321,FALSE
"SBR",NA,"Wnt4",0.0912130075798715,507.535635905442,0.000179717444701489,0.000179685152145095,"Epiblast",FALSE,1956,FALSE
"SBR",NA,"Eif3s6-ps3",0.0293540398385559,142.26896657907,0.000206327778604069,0.000206285216233645,"Epiblast",FALSE,1876,FALSE
"SBR",NA,"Mrto4-ps1",0.241870242173292,624.343417923063,0.000387399362642272,0.000387249342493806,"Exiting naïve pluripotency",FALSE,1547,FALSE
"SBR",NA,"Ptch1",11.6101668131625,12424.6260259879,0.000934447989732497,0.000933575611878714,"Epiblast",FALSE,1056,FALSE
"SBR",NA,"Taf1d",13.5041214714685,68243.2535681767,0.000197882146078771,0.00019784299648204,"Epiblast",FALSE,1898,FALSE
"SBR",NA,"Clu",0.597720263428742,1286.49786937731,0.000464610379586598,0.000464394617027303,"Exiting naïve pluripotency",FALSE,1441,FALSE
"SBR",NA,"Apoc1",83.9623666059912,6581.00624778802,0.0127582870224766,0.0125975636891465,"Exiting naïve pluripotency",FALSE,177,TRUE
"SBR",NA,"Csnk2a2",26.8906857426759,44927.4757841648,0.00059853542344246,0.000598177393083197,"Epiblast",FALSE,1303,FALSE
"SBR",NA,"Mdn1",0.0876523064018466,23083.8137677955,3.79713279978594e-06,3.79711838162319e-06,"Exiting naïve pluripotency",FALSE,2783,FALSE
"SBR",NA,"AU018091",50.564936636003,1451.2244396687,0.0348429472752999,0.033669792471447,"Naïve pluripotency",FALSE,58,TRUE
"SBR",NA,"Ndufa7",87.0227269050757,150496.024942188,0.000578239371694402,0.000577905204152254,"Exiting naïve pluripotency",FALSE,1318,FALSE
"SBR",NA,"Mt4",0.837603056246309,249.06476956913,0.00336299291824903,0.00335172110391262,"Naïve pluripotency",FALSE,481,TRUE
"SBR",NA,"Epha4",3.57079633297084,1540.66310719017,0.00231770094078723,0.00231234162442887,"Naïve pluripotency",FALSE,603,FALSE
"SBR",NA,"Hirip3",16.8299920231946,23301.5120429655,0.000722270382804428,0.000721749084816648,"Naïve pluripotency",FALSE,1180,FALSE
"SBR",NA,"Nav2",3.95466652201909,11382.2984803402,0.00034744006483837,0.000347319392166237,"Exiting naïve pluripotency",FALSE,1609,FALSE
"SBR",NA,"Tdrd5",0.1146801143918,424.065504407394,0.000270430188732418,0.000270357076017326,"Exiting naïve pluripotency",FALSE,1724,FALSE
"SBR",NA,"Knop1",35.15749428799,60224.3275522056,0.000583775622193766,0.000583435027047841,"Naïve pluripotency",FALSE,1310,FALSE
"SBR",NA,"Pmp22",0.314063822333641,514.715253747364,0.000610170030996968,0.000609797950562571,"Epiblast",FALSE,1289,FALSE
"SBR",NA,"Prdm14",0.0842444414801265,24.9237756961382,0.00338008343949186,0.00336869696267566,"Naïve pluripotency",FALSE,480,TRUE
"SBR",NA,"Hmgn1",1.88289423232504,163595.211791914,1.15094703060136e-05,1.15093378396315e-05,"Epiblast",FALSE,2761,FALSE
"SBR",NA,"Krt5",0.0659255059497399,49.809240159211,0.00132355975997656,0.00132181026509935,"Naïve pluripotency",FALSE,860,FALSE
"SBR",NA,"Cmtm8",0.737714395923954,1148.89886322715,0.000642105601751386,0.000641693566717589,"Epiblast",FALSE,1254,FALSE
"SBR",NA,"Npm3",43.0929177024217,122641.064644745,0.000351374295610113,0.000351250875081299,"Exiting naïve pluripotency",FALSE,1602,FALSE
"SBR",NA,"Cd160",0.0631796301305204,69.2465635109725,0.000912386505945659,0.000911554815632446,"Naïve pluripotency",FALSE,1070,FALSE
"SBR",NA,"Nxf7",0.302577937451569,91.7293986878445,0.00329859283697305,0.00328774789531579,"Exiting naïve pluripotency",FALSE,487,TRUE
"SBR",NA,"Robo3",0.113685639229784,91.0343549956427,0.00124882127450922,0.00124726366510931,"Exiting naïve pluripotency",FALSE,892,FALSE
"SBR",NA,"Atp5pb-ps",0.000502328982983214,14.058235915636,3.5732006917348e-05,3.57307301866498e-05,"Epiblast",FALSE,2632,FALSE
"SBR",NA,"Glod4",21.8952989792481,25480.9294979165,0.000859281800573187,0.000858544069279465,"Exiting naïve pluripotency",FALSE,1099,FALSE
"SBR",NA,"Uhrf1",252.877450733207,52756.450258026,0.0047932991984186,0.00477043308533456,"Exiting naïve pluripotency",FALSE,367,TRUE
"SBR",NA,"H1f2",2.57298443758006,2750.27094305578,0.000935538530876982,0.000934664116582491,"Epiblast",FALSE,1055,FALSE
"SBR",NA,"Prickle1",15.4476732134769,4737.37713266417,0.00326080714726411,0.00325020884303863,"Epiblast",FALSE,489,TRUE
"SBR",NA,"Eif3s6-ps1",0.00279884767833422,55.0207056404493,5.08689891515423e-05,5.08664016291097e-05,"Epiblast",FALSE,2528,FALSE
"SBR",NA,"Rbpj",160.900749730677,6947.55550479655,0.0231593327494241,0.022635118508073,"Exiting naïve pluripotency",FALSE,95,TRUE
"SBR",NA,"Ogt",1.07363090043703,8348.03185585083,0.000128608864816988,0.000128592326703827,"Exiting naïve pluripotency",FALSE,2127,FALSE
"SBR",NA,"Polr2f",0.551573274805161,147402.910895287,3.74194289281703e-06,3.74192889073282e-06,"Exiting naïve pluripotency",FALSE,2784,FALSE
"SBR",NA,"Calr4",0.913476102309406,887.525389613507,0.00102923940317606,0.00102818115861401,"Exiting naïve pluripotency",FALSE,1005,FALSE
"SBR",NA,"Galnt6",5.2884196359698,885.481425985075,0.00597236653505924,0.00593690913760413,"Exiting naïve pluripotency",FALSE,319,TRUE
"SBR",NA,"Sult6b1",18.7155317700043,1037.63653750641,0.0180366930938848,0.0177171345750515,"Exiting naïve pluripotency",FALSE,130,TRUE
"SBR",NA,"Zfp36l1",4.62458549089722,6233.98391417153,0.000741834684620261,0.000741284773863828,"Naïve pluripotency",FALSE,1163,FALSE
"SBR",NA,"Gata2",0.0676769358479639,39.5277730138807,0.0017121363205612,0.0017092099201774,"Naïve pluripotency",FALSE,719,FALSE
"SBR",NA,"Cpz",0.0687916981517962,195.367429395796,0.000352114466390561,0.000351990525434524,"Epiblast",FALSE,1598,FALSE
"SBR",NA,"Phf3",2.61781385895026,33725.4908581026,7.76212233637908e-05,7.76151987771101e-05,"Epiblast",FALSE,2355,FALSE
"SBR",NA,"Aen",91.6395038346077,57046.4020047707,0.00160640286878994,0.0016038264773357,"Epiblast",FALSE,751,FALSE
"SBR",NA,"Ak6",13.719198190911,129566.472240424,0.000105885403481956,0.000105874192950317,"Epiblast",FALSE,2218,FALSE
"SBR",NA,"Hs3st3b1",0.0042685893150621,42.374995527082,0.000100733681784911,0.000100723535532334,"Epiblast",FALSE,2245,FALSE
"SBR",NA,"Eif4e2",8.10008013694685,67016.0363938821,0.000120867788857867,0.00012085318160103,"Naïve pluripotency",FALSE,2149,FALSE
"SBR",NA,"Hsd11b2",0.383108888827188,407.180641311374,0.000940881883758863,0.000939997457180622,"Exiting naïve pluripotency",FALSE,1050,FALSE
"SBR",NA,"Neurod1",0.285460101304584,1740.56705718253,0.000164004081386362,0.000163977188458201,"Epiblast",FALSE,2004,FALSE
"SBR",NA,"Mxd4",0.930256894101148,4768.99072080649,0.000195063682980669,0.000195025640560945,"Epiblast",FALSE,1906,FALSE
"SBR",NA,"Mcm4",32.9861992000059,46219.6229727884,0.000713683865820938,0.000713174884412424,"Epiblast",FALSE,1183,FALSE
"SBR",NA,"Tars",27.1316116749109,81229.5246775031,0.000334011700580899,0.000333900174015951,"Epiblast",FALSE,1632,FALSE
"SBR",NA,"Kif11",0.110257569901935,19706.2788449179,5.59504768858832e-06,5.59501638420484e-06,"Exiting naïve pluripotency",FALSE,2774,FALSE
"SBR",NA,"Axin2",2.77157596658675,1069.11248385971,0.00259240819691938,0.00258570499409786,"Exiting naïve pluripotency",FALSE,560,FALSE
"SBR",NA,"Epop",1.24240664114383,15021.0843659123,8.27108490225413e-05,8.27040085037804e-05,"Epiblast",FALSE,2331,FALSE
"SBR",NA,"Psmb3",1.24510186295542,172465.014638682,7.21944601671204e-06,7.21939389668753e-06,"Exiting naïve pluripotency",FALSE,2767,FALSE
"SBR",NA,"Usp28",18.79624922651,17317.9820154737,0.00108536024634484,0.00108418351665612,"Naïve pluripotency",FALSE,980,FALSE
"SBR",NA,"Ahcy",41.2627611160022,58338.1805871486,0.000707302845250062,0.000706802921532631,"Epiblast",FALSE,1187,FALSE
"SBR",NA,"Cltb",32.3634315664486,11958.9110879676,0.00270621892983308,0.00269891507476773,"Exiting naïve pluripotency",FALSE,548,FALSE
"SBR",NA,"Ebf2",0.0109468801504323,99.7226724617473,0.00010977323290881,0.000109761184068787,"Epiblast",FALSE,2206,FALSE
"SBR",NA,"Sall3",0.68087982291024,864.355058824968,0.000787731634076221,0.000787111601368275,"Naïve pluripotency",FALSE,1139,FALSE
"SBR",NA,"Cdh6",0.000375685585594518,10.4222569717386,3.60464711830885e-05,3.6045171881839e-05,"Epiblast",FALSE,2627,FALSE
"SBR",NA,"Gtsf1",92.1261774056039,4464.94790004675,0.0206332032238583,0.0202160807219327,"Naïve pluripotency",FALSE,108,TRUE
"SBR",NA,"Galnt1",0.513957506697129,1369.1920029959,0.00037537285170564,0.000375231999799824,"Exiting naïve pluripotency",FALSE,1562,FALSE
"SBR",NA,"Hoxc4",0.00118735197422465,22.1761209416581,5.35419146273772e-05,5.35390480442376e-05,"Epiblast",FALSE,2509,FALSE
"SBR",NA,"Lmnb1",151.89159191024,109296.89481104,0.00138971552826675,0.00138778689926292,"Epiblast",FALSE,839,FALSE
"SBR",NA,"Prrc1",272.620640466614,11187.6781658835,0.0243679373346619,0.0237882663509224,"Naïve pluripotency",FALSE,88,TRUE
"SBR",NA,"Higd1a",2.24441485622994,50612.806727548,4.43448012735545e-05,4.4342834899353e-05,"Naïve pluripotency",FALSE,2566,FALSE
"SBR",NA,"Laptm4b",35.9921795031931,22143.215926133,0.00162542693090554,0.00162278920562753,"Exiting naïve pluripotency",FALSE,746,FALSE
"SBR",NA,"Slc24a5",12.2931864215511,63930.5477141789,0.00019228970908417,0.000192252740860559,"Naïve pluripotency",FALSE,1919,FALSE
"SBR",NA,"Egln1",10.5290597095646,4131.63706175873,0.00254839898862817,0.0025419211593166,"Epiblast",FALSE,569,FALSE
"SBR",NA,"Ppp1cb",2.02350797980744,11361.0871091099,0.000178108658121712,0.000178076941076695,"Exiting naïve pluripotency",FALSE,1959,FALSE
"SBR",NA,"Tpm3",95.8648448593123,143308.620730193,0.000668939833283281,0.000668492651920154,"Epiblast",FALSE,1220,FALSE
"SBR",NA,"Cct6a",29.5615846245565,173742.064507153,0.00017014638745322,0.000170117442584922,"Naïve pluripotency",FALSE,1985,FALSE
"SBR",NA,"Rbmxl1",4.52546857530033,118308.934510787,3.82512833372505e-05,3.82498202325391e-05,"Exiting naïve pluripotency",FALSE,2613,FALSE
"SBR",NA,"Samd3",0.0148907879135588,83.5752482605629,0.000178172224713395,0.000178140485026866,"Epiblast",FALSE,1958,FALSE
"SBR",NA,"Liph",104.108395254839,6499.55882913668,0.0160177633577428,0.015765239482435,"Naïve pluripotency",FALSE,142,TRUE
"SBR",NA,"Bcl7c",0.203440475277258,34312.3333174245,5.9290772619636e-06,5.92904210821485e-06,"Exiting naïve pluripotency",FALSE,2772,FALSE
"SBR",NA,"Ezr",119.883496264565,66019.9156383622,0.00181586866789185,0.00181257726562706,"Naïve pluripotency",FALSE,700,FALSE
"SBR",NA,"Efnb1",0.113884386912582,261.709500696701,0.00043515572269791,0.000434966444560378,"Epiblast",FALSE,1483,FALSE
"SBR",NA,"Zcrb1",275.838696076561,74211.9841164546,0.00371690232191758,0.00370313811924378,"Epiblast",FALSE,447,TRUE
"SBR",NA,"Foxd2os",0.00361666912714902,37.5192776795925,9.63949561618612e-05,9.63856650699022e-05,"Epiblast",FALSE,2270,FALSE
"SBR",NA,"Etv5",138.027643927139,19358.9988204249,0.00712989577650632,0.00707942024798013,"Exiting naïve pluripotency",FALSE,282,TRUE
"SBR",NA,"Hdgfl3",3.64368146987355,1871.77847710645,0.00194664139717338,0.00194285934674013,"Epiblast",FALSE,671,FALSE
"SBR",NA,"Pde8a",2.39627899152829,322.463534416459,0.00743116270763663,0.00737634786645289,"Naïve pluripotency",FALSE,274,TRUE
"SBR",NA,"Slc30a2",0.407874755295688,671.375473527615,0.000607521083772374,0.000607152225994024,"Epiblast",FALSE,1291,FALSE
"SBR",NA,"Wdr95",15.7784302070451,670.419159536505,0.0235351719630948,0.0229940041219642,"Naïve pluripotency",FALSE,94,TRUE
"SBR",NA,"Cgnl1",19.8896493193377,11783.074773688,0.00168798464758554,0.00168514015687171,"Epiblast",FALSE,726,FALSE
"SBR",NA,"Irx3",0.326441077474879,636.539386685951,0.000512837201126621,0.000512574333939834,"Epiblast",FALSE,1376,FALSE
"SBR",NA,"Pcbp2",3.68138997917226,172577.683875899,2.13317845997954e-05,2.13313295644679e-05,"Exiting naïve pluripotency",FALSE,2715,FALSE
"SBR",NA,"1190005I06Rik",326.044192143718,4236.2022786699,0.0769661528641855,0.0714657119534299,"Naïve pluripotency",FALSE,19,TRUE
"SBR",NA,"Cst6",0.0121838565987486,75.4856113086059,0.000161406344699755,0.000161380296895926,"Epiblast",FALSE,2010,FALSE
"SBR",NA,"Platr3",22.0545795660153,3202.45097195574,0.00688678133065892,0.00683967796414771,"Naïve pluripotency",FALSE,290,TRUE
"SBR",NA,"Tnnc2",0.32991793461499,589.849966427112,0.000559325173168011,0.000559012503402742,"Epiblast",FALSE,1334,FALSE
"SBR",NA,"Maged2",0.218470539371432,4619.62557133,4.72918283090493e-05,4.72895918977885e-05,"Naïve pluripotency",FALSE,2547,FALSE
"SBR",NA,"Ltb4r2",0.261985339877507,498.602900323671,0.000525438860679386,0.000525162919673202,"Epiblast",FALSE,1364,FALSE
"SBR",NA,"Emp2",0.320260865379045,893.813540821012,0.000358308361590572,0.000358180022693487,"Exiting naïve pluripotency",FALSE,1587,FALSE
"SBR",NA,"Tasor",36.465846260954,20879.9368723378,0.001746453855867,0.00174340907237021,"Exiting naïve pluripotency",FALSE,714,FALSE
"SBR",NA,"Pa2g4",4.36169829118168,169751.938775086,2.56945418276532e-05,2.56938816351368e-05,"Naïve pluripotency",FALSE,2695,FALSE
"SBR",NA,"Cnpy2",114.023044236156,82411.2705370865,0.0013835855641231,0.00138167390006065,"Exiting naïve pluripotency",FALSE,840,FALSE
"SBR",NA,"Nudc",196.05305794354,168146.913019455,0.00116596287391167,0.0011646049877332,"Epiblast",FALSE,941,FALSE
"SBR",NA,"Stk38",127.328064149792,10603.2047647601,0.012008450932964,0.0118659591448011,"Naïve pluripotency",FALSE,185,TRUE
"SBR",NA,"1300002E11Rik",0.348542413742247,558.935937787215,0.000623582042554106,0.00062319343032192,"Naïve pluripotency",FALSE,1270,FALSE
"SBR",NA,"Birc5",33.6828987203337,138121.416654635,0.000243864416801892,0.000243804961447156,"Epiblast",FALSE,1771,FALSE
"SBR",NA,"Plk3",6.97454022309429,3849.88329292417,0.00181162380582108,0.00180834775996992,"Exiting naïve pluripotency",FALSE,701,FALSE
"SBR",NA,"Cpm",0.117394082333634,250.822285758088,0.000468036889061993,0.000467817933011978,"Naïve pluripotency",FALSE,1433,FALSE
"SBR",NA,"Pcnp",35.7671736972307,57491.7686468562,0.000622126863359013,0.000621740062164314,"Epiblast",FALSE,1273,FALSE
"SBR",NA,"Eif5",55.7585109918024,160384.324051933,0.000347655616104648,0.000347534793681833,"Exiting naïve pluripotency",FALSE,1607,FALSE
"SBR",NA,"Mmrn2",0.262799584971143,315.047209778097,0.000834159379339516,0.000833464137411951,"Exiting naïve pluripotency",FALSE,1115,FALSE
"SBR",NA,"Fignl2",0.0922680237847645,379.412710449938,0.000243186433251922,0.000243127307989066,"Epiblast",FALSE,1773,FALSE
"SBR",NA,"Cfl1",18.8760268481861,169782.459165342,0.000111177720837485,0.000111165361725932,"Naïve pluripotency",FALSE,2197,FALSE
"SBR",NA,"Pcdh17",0.0182876814948289,199.887071366642,9.14900667151445e-05,9.14816970485783e-05,"Epiblast",FALSE,2291,FALSE
"SBR",NA,"C78283",0.616781347415633,222.215336106902,0.00277560207239214,0.00276791942948744,"Exiting naïve pluripotency",FALSE,540,FALSE
"SBR",NA,"Incenp",20.61826223474,43554.0842816772,0.000473394460583663,0.000473170464306949,"Epiblast",FALSE,1424,FALSE
"SBR",NA,"Trip12",100.049291348627,13670.697766613,0.00731852119450482,0.00726534957962088,"Naïve pluripotency",FALSE,277,TRUE
"SBR",NA,"Fmr1nb",5.69420271276705,11354.1122282164,0.000501510166388548,0.000501258780014379,"Naïve pluripotency",FALSE,1389,FALSE
"SBR",NA,"2900097C17Rik",4.5820775383301,4208.36725332456,0.00108880172820238,0.00108761752835789,"Epiblast",FALSE,977,FALSE
"SBR",NA,"Zbp1",34.5684787443212,2163.72351249855,0.0159763844801055,0.0157251533836398,"Exiting naïve pluripotency",FALSE,143,TRUE
"SBR",NA,"Pik3c2b",0.0715452005667584,174.129108507541,0.000410874443566453,0.000410705695092513,"Epiblast",FALSE,1514,FALSE
"SBR",NA,"Mex3b",0.800839015872629,1103.11190879056,0.000725981661054371,0.000725454994032783,"Naïve pluripotency",FALSE,1174,FALSE
"SBR",NA,"Cda",5.86102289619521,3965.02938480997,0.0014781789306906,0.00147599714281234,"Epiblast",FALSE,805,FALSE
"SBR",NA,"Krt72",0.162321139160265,374.17413787492,0.000433811754286787,0.000433623643253407,"Epiblast",FALSE,1484,FALSE
"SBR",NA,"Lyar",96.8740297187185,166823.079651277,0.000580699204937479,0.000580362189075707,"Epiblast",FALSE,1315,FALSE
"SBR",NA,"Insig1",7.17581147265662,24593.1662190722,0.000291780708865852,0.000291695597717577,"Exiting naïve pluripotency",FALSE,1689,FALSE
"SBR",NA,"Zbtb8a",53.8311914069584,10450.9675372159,0.00515083328077192,0.0051244381541821,"Naïve pluripotency",FALSE,350,TRUE
"SBR",NA,"Enkur",0.000607862302545563,16.6654258200176,3.64744537049531e-05,3.64731233677034e-05,"Epiblast",FALSE,2624,FALSE
"SBR",NA,"Slc3a2",337.398912105919,77253.4025290422,0.00436743109119472,0.00434843958097061,"Exiting naïve pluripotency",FALSE,389,TRUE
"SBR",NA,"Cxcl16",0.0179391690137818,197.597873083434,9.078624548862e-05,9.07780040944553e-05,"Exiting naïve pluripotency",FALSE,2296,FALSE
"SBR",NA,"Rflna",0.0451704844033171,241.768555786123,0.000186833578322222,0.000186798678056774,"Exiting naïve pluripotency",FALSE,1934,FALSE
"SBR",NA,"Chchd3",5.1733147440483,10917.5948202019,0.000473851139307314,0.000473626710750818,"Exiting naïve pluripotency",FALSE,1422,FALSE
"SBR",NA,"Ly6e",47.9905613711918,49734.0325174434,0.000964944102498826,0.00096401388298771,"Epiblast",FALSE,1036,FALSE
"SBR",NA,"Dnajc9",408.76342597551,81512.5291688492,0.0050147312338791,0.00498970918338919,"Epiblast",FALSE,357,TRUE
"SBR",NA,"Gldc",92.5166007297835,17485.6915688998,0.00529098894174332,0.00526314171711921,"Naïve pluripotency",FALSE,343,TRUE
"SBR",NA,"Pigp",4.84819397666891,12071.3517496738,0.000401628092462795,0.0004014668520968,"Naïve pluripotency",FALSE,1527,FALSE
"SBR",NA,"Hoxb3",0.000620392329600068,16.6637703475638,3.72300095752801e-05,3.72286235532687e-05,"Epiblast",FALSE,2617,FALSE
"SBR",NA,"Agtrap",418.30259410623,16887.8566456993,0.0247694306555329,0.0241707353035386,"Naïve pluripotency",FALSE,84,TRUE
"SBR",NA,"Scand1",45.8944755892185,33485.173872719,0.00137059092969529,0.00136871498135651,"Epiblast",FALSE,848,FALSE
"SBR",NA,"Cpvl",0.0249859179310122,192.285865476923,0.000129941521541586,0.000129924638936317,"Epiblast",FALSE,2123,FALSE
"SBR",NA,"Egr3",0.00870055214379387,63.7214226204657,0.000136540456662678,0.000136521815911589,"Epiblast",FALSE,2093,FALSE
"SBR",NA,"Pdpn",14.7419025391791,11720.0612550376,0.00125783493945841,0.0012562547783054,"Epiblast",FALSE,888,FALSE
"SBR",NA,"Parp1",184.043220601996,119644.313972677,0.00153825296406502,0.00153589037614144,"Exiting naïve pluripotency",FALSE,774,FALSE
"SBR",NA,"Tox3",6.02832302208927,2843.53401278249,0.00212001087203116,0.00211552593405091,"Epiblast",FALSE,630,FALSE
"SBR",NA,"Cygb",0.0175621512176919,91.6251786875311,0.00019167385503917,0.000191637123212995,"Epiblast",FALSE,1921,FALSE
"SBR",NA,"Abcg1",0.804116638902063,11114.4269339416,7.2348906847048e-05,7.23436728613992e-05,"Epiblast",FALSE,2381,FALSE
"SBR",NA,"Sohlh2",0.881925150383808,2035.92358730028,0.00043318185215059,0.000432994286883427,"Naïve pluripotency",FALSE,1485,FALSE
"SBR",NA,"Prrc2c",129.073278436875,138529.826499799,0.00093173637546613,0.000930869050910601,"Epiblast",FALSE,1058,FALSE
"SBR",NA,"Cst3",142.790739650947,34736.6524983677,0.00411066494267565,0.00409383655227916,"Naïve pluripotency",FALSE,416,TRUE
"SBR",NA,"Bmp7",0.134946427224288,646.113274879044,0.000208858775188531,0.000208815162309491,"Naïve pluripotency",FALSE,1865,FALSE
"SBR",NA,"Rgs14",0.00544456264078711,49.9517376023718,0.000108996461426971,0.000108984582493129,"Epiblast",FALSE,2208,FALSE
"SBR",NA,"Greb1",0.26561934632031,696.260290537545,0.000381494320342813,0.000381348837927075,"Epiblast",FALSE,1557,FALSE
"SBR",NA,"Isy1",3.54383448745786,13272.5727401816,0.000267004337202025,0.00026693306491595,"Epiblast",FALSE,1731,FALSE
"SBR",NA,"Ppp3ca",31.1186920796777,14649.7602156401,0.00212417757162028,0.00211967500551444,"Epiblast",FALSE,628,FALSE
"SBR",NA,"Tmem54",63.1841019483233,11675.0052765197,0.00541191206785978,0.00538278093078183,"Epiblast",FALSE,336,TRUE
"SBR",NA,"Irx5",0.250070734934038,682.957517858691,0.000366158550707659,0.000366024527697074,"Epiblast",FALSE,1572,FALSE
"SBR",NA,"Sod1",83.8567223701832,35287.6613073018,0.00237637517657854,0.0023707414055523,"Exiting naïve pluripotency",FALSE,595,FALSE
"SBR",NA,"Pdk1",99.6465205068143,12705.9001840665,0.00784253921904514,0.00778151240284236,"Naïve pluripotency",FALSE,257,TRUE
"SBR",NA,"Pten",372.870285562546,76086.1100607744,0.00490063541511996,0.00487673630845653,"Epiblast",FALSE,361,TRUE
"SBR",NA,"Timm10b",1.98068797893581,41442.0215546911,4.77941930588954e-05,4.77919088831756e-05,"Exiting naïve pluripotency",FALSE,2540,FALSE
"SBR",NA,"Wt1",0.839266132520379,4006.75612378403,0.000209462744073319,0.000209418878620343,"Epiblast",FALSE,1862,FALSE
"SBR",NA,"Hnrnpf",8.72468080629899,170113.633021008,5.12873698089885e-05,5.12847395495856e-05,"Naïve pluripotency",FALSE,2525,FALSE
"SBR",NA,"Oasl2",0.456287442299034,1159.1363981074,0.000393644305401888,0.000393489410536194,"Exiting naïve pluripotency",FALSE,1538,FALSE
"SBR",NA,"Zfp640",32.1836560967693,3422.00401310679,0.00940491477318585,0.00931728648785026,"Exiting naïve pluripotency",FALSE,216,TRUE
"SBR",NA,"Carnmt1",98.7268260531512,62819.8882085993,0.00157158551007476,0.00156911950459776,"Exiting naïve pluripotency",FALSE,761,FALSE
"SBR",NA,"Ets1",0.301416371005952,647.894544974579,0.000465224430957014,0.000465008097829311,"Epiblast",FALSE,1439,FALSE
"SBR",NA,"Chd3",0.111717299415362,423.405045659347,0.000263854435748138,0.000263784834949354,"Epiblast",FALSE,1737,FALSE
"SBR",NA,"Trmt112",19.8185500666611,48603.6217767286,0.000407758708964158,0.000407592509568673,"Exiting naïve pluripotency",FALSE,1518,FALSE
"SBR",NA,"Adra2a",0.00206829619917702,30.5040599084624,6.7803964632368e-05,6.77993675664474e-05,"Epiblast",FALSE,2408,FALSE
"SBR",NA,"Ypel3",26.3930009731075,26014.754584432,0.00101453968698601,0.00101351143940752,"Epiblast",FALSE,1015,FALSE
"SBR",NA,"Amn",0.0824271679942599,383.002143935882,0.000215213333134916,0.000215167026322,"Epiblast",FALSE,1846,FALSE
"SBR",NA,"Ckap2",12.3705391384154,16127.1034099512,0.000767065158817189,0.000766477220846051,"Epiblast",FALSE,1146,FALSE
"SBR",NA,"Ranbp1",5.66024926644411,168051.261718269,3.36816826518881e-05,3.36805482343509e-05,"Naïve pluripotency",FALSE,2649,FALSE
"SBR",NA,"Ndufb11",186.3721539583,68065.6568409549,0.00273812319763233,0.00273064635151272,"Exiting naïve pluripotency",FALSE,546,FALSE
"SBR",NA,"Trio",49.9551788438516,17238.0657935101,0.00289795731390346,0.00288958342448434,"Epiblast",FALSE,523,FALSE
"SBR",NA,"Luc7l",24.00921666001,54685.8497522084,0.000439038924489611,0.000438846253902281,"Exiting naïve pluripotency",FALSE,1475,FALSE
"SBR",NA,"Capns1",411.508779501366,37788.9987845205,0.0108896449426422,0.0107723380065487,"Naïve pluripotency",FALSE,196,TRUE
"SBR",NA,"Zfhx4",0.00467354839242173,45.7976167849446,0.000102047851406061,0.000102037438704678,"Epiblast",FALSE,2239,FALSE
"SBR",NA,"Card14",0.0111296593272251,35.9880730666509,0.000309259662405726,0.00030916405043586,"Exiting naïve pluripotency",FALSE,1669,FALSE
"SBR",NA,"Hmgb1-ps9",0.00369808503718684,47.8746900226961,7.72450962175144e-05,7.72391298734956e-05,"Epiblast",FALSE,2356,FALSE
"SBR",NA,"Jmjd1c",11.6836540018215,20935.7621788431,0.000558071585931015,0.000557760315747037,"Naïve pluripotency",FALSE,1336,FALSE
"SBR",NA,"Hmcn2",0.414454641592634,502.666010794209,0.000824512962270511,0.000823833700705524,"Naïve pluripotency",FALSE,1120,FALSE
"SBR",NA,"Ppp4r2",101.439950817464,47233.6855850277,0.00214761879283921,0.00214301641052261,"Epiblast",FALSE,624,FALSE
"SBR",NA,"Eprs",1.7246381757149,131769.399963436,1.30883056020098e-05,1.30881343005083e-05,"Exiting naïve pluripotency",FALSE,2753,FALSE
"SBR",NA,"Nufip2",4.28555517752119,29341.4489714033,0.000146058062152894,0.000146036732310769,"Epiblast",FALSE,2062,FALSE
"SBR",NA,"Ube2l3",2.95238302937571,148182.75572834,1.99239311947217e-05,1.99235342395964e-05,"Exiting naïve pluripotency",FALSE,2724,FALSE
"SBR",NA,"Dtymk",88.2621933206728,170451.635306249,0.000517813708047405,0.000517545715781232,"Exiting naïve pluripotency",FALSE,1372,FALSE
"SBR",NA,"Ifi27l2a",0.187472960347019,856.879065442686,0.000218785786591911,0.000218737929841873,"Naïve pluripotency",FALSE,1835,FALSE
"SBR",NA,"Clta",4.68496062865851,169190.978117056,2.76903690775828e-05,2.76896023422743e-05,"Exiting naïve pluripotency",FALSE,2684,FALSE
"SBR",NA,"En1",0.000809122463893751,19.4430573633821,4.16149810583599e-05,4.16132493237775e-05,"Epiblast",FALSE,2592,FALSE
"SBR",NA,"Raph1",5.07093949335527,4826.20954889927,0.00105070852021165,0.0010496056905697,"Naïve pluripotency",FALSE,993,FALSE
"SBR",NA,"Anxa2",0.757889491916007,534.891182591219,0.00141690406681317,0.00141489929025468,"Naïve pluripotency",FALSE,825,FALSE
"SBR",NA,"Trappc6a",10.5123441577598,6292.1530436282,0.00167070700360749,0.00166792039731823,"Exiting naïve pluripotency",FALSE,731,FALSE
"SBR",NA,"Cks1b",61.4954150097394,173560.09425894,0.000354317709219449,0.000354192212646041,"Epiblast",FALSE,1594,FALSE
"SBR",NA,"Serpinb9b",1.6370422099869,481.187733827552,0.00340208632702508,0.00339055137853907,"Naïve pluripotency",FALSE,478,TRUE
"SBR",NA,"Chrd",0.0437903596190757,376.626616221271,0.000116269954732431,0.000116256437601693,"Naïve pluripotency",FALSE,2170,FALSE
"SBR",NA,"Porcn",3.77102728401993,367.908287000085,0.0102499112340437,0.0101459164906267,"Naïve pluripotency",FALSE,204,TRUE
"SBR",NA,"Sox6",0.00716903094765732,69.3758703796153,0.000103336086573464,0.00010332540933002,"Epiblast",FALSE,2232,FALSE
"SBR",NA,"Zbtb8os",114.587587521863,31283.7904254118,0.00366284219283042,0.00364947474276097,"Naïve pluripotency",FALSE,454,TRUE
"SBR",NA,"Nenf",1.23797395143898,4961.07269029305,0.000249537555428532,0.000249475301971538,"Epiblast",FALSE,1763,FALSE
"SBR",NA,"Chd4",105.912387115573,89494.0726022839,0.00118345700487062,0.00118205808994391,"Epiblast",FALSE,931,FALSE
"SBR",NA,"Rsad2",2.30421401665187,4116.34406271383,0.000559771967927468,0.000559458798574815,"Exiting naïve pluripotency",FALSE,1333,FALSE
"SBR",NA,"Bace2",0.0698746086659118,27.6770929032326,0.00252463685077816,0.00251827911053516,"Naïve pluripotency",FALSE,574,FALSE
"SBR",NA,"Glrx3",44.473735733989,167468.132559344,0.000265565364910422,0.000265494858671397,"Exiting naïve pluripotency",FALSE,1732,FALSE
"SBR",NA,"Rai14",1.47878606778946,6599.66281056897,0.000224069942697871,0.000224019746606086,"Naïve pluripotency",FALSE,1818,FALSE
"SBR",NA,"Iqca",0.476236268523601,53.4795446765109,0.00890501726228742,0.00882641785888985,"Exiting naïve pluripotency",FALSE,225,TRUE
"SBR",NA,"Dctpp1",37.2713758726964,172817.64638493,0.000215668808436836,0.000215622305431151,"Exiting naïve pluripotency",FALSE,1843,FALSE
"SBR",NA,"Rap2b",9.55933222683245,11499.8935957349,0.000831253971808735,0.000830563562548527,"Epiblast",FALSE,1116,FALSE
"SBR",NA,"Srrm4",0.0958034520302647,921.232335590655,0.000103994886337592,0.000103984072525789,"Naïve pluripotency",FALSE,2227,FALSE
"SBR",NA,"Mcam",14.0406221740508,3249.04954990763,0.0043214552312537,0.00430286061175368,"Naïve pluripotency",FALSE,396,TRUE
"SBR",NA,"Fus",19.5788563520557,108656.503039874,0.000180190377973703,0.000180157915250859,"Exiting naïve pluripotency",FALSE,1953,FALSE
"SBR",NA,"Ltbp4",55.4440795642556,7127.41907705354,0.00777898408454131,0.00771893858414569,"Naïve pluripotency",FALSE,260,TRUE
"SBR",NA,"Casp3",62.723856489635,30708.8366054833,0.00204253444360165,0.00203837100062404,"Epiblast",FALSE,645,FALSE
"SBR",NA,"Ifi35",1.18314630445176,8752.88640903974,0.000135172130559107,0.000135153861523692,"Exiting naïve pluripotency",FALSE,2100,FALSE
"SBR",NA,"Rac2",13.6978195853601,707.474452265172,0.0193615748830262,0.0189938245271291,"Naïve pluripotency",FALSE,120,TRUE
"SBR",NA,"Ube4b",6.38685589237936,12296.7287125856,0.000519394713965061,0.000519125083140991,"Epiblast",FALSE,1369,FALSE
"SBR",NA,"H1f6",0.00921688258571476,44.4112648916786,0.000207534791188569,0.000207491729435827,"Exiting naïve pluripotency",FALSE,1872,FALSE
"SBR",NA,"Col18a1",0.31631704069104,27350.8957532473,1.15651437358677e-05,1.1565009984865e-05,"Exiting naïve pluripotency",FALSE,2760,FALSE
"SBR",NA,"Zfy1",7.9761634527343,664.742054645592,0.0119988849764993,0.0118566187716481,"Naïve pluripotency",FALSE,186,TRUE
"SBR",NA,"Dmgdh",0.00272582775789394,35.9630329381463,7.57952690637122e-05,7.57895245763047e-05,"Epiblast",FALSE,2361,FALSE
"SBR",NA,"Zfp36l3",4.89704871093701,2483.64754430877,0.00197171644670698,0.00196783643125105,"Epiblast",FALSE,661,FALSE
"SBR",NA,"Six1",0.163565363570077,4870.53525835025,3.35826259115266e-05,3.35814981566365e-05,"Exiting naïve pluripotency",FALSE,2651,FALSE
"SBR",NA,"Peg12",0.0312260505282998,121.615390314786,0.000256760681748215,0.000256694772623395,"Epiblast",FALSE,1752,FALSE
"SBR",NA,"Dyrk4",0.685162392438627,436.568659696672,0.00156942642862792,0.00156696718890886,"Exiting naïve pluripotency",FALSE,763,FALSE
"SBR",NA,"Tspan1",0.256565708739707,110.427683621554,0.0023233821477138,0.00231799655589737,"Naïve pluripotency",FALSE,599,FALSE
"SBR",NA,"Ascl1",0.00839945651612049,140.198626108292,5.99111185984991e-05,5.9907529471396e-05,"Epiblast",FALSE,2467,FALSE
"SBR",NA,"Meis3",0.122356154550902,339.384558034428,0.000360523635075024,0.000360393704626574,"Epiblast",FALSE,1580,FALSE
"SBR",NA,"Vldlr",0.643529519726092,1417.96538392553,0.00045384007749507,0.000453634200114536,"Naïve pluripotency",FALSE,1454,FALSE
"SBR",NA,"Hmcn1",0.046771080126573,148.801295598505,0.000314319038274844,0.000314220272860872,"Epiblast",FALSE,1662,FALSE
"SBR",NA,"Arhgdib",0.0133078905429905,282.02978485589,4.71861174158983e-05,4.71838909912778e-05,"Naïve pluripotency",FALSE,2549,FALSE
"SBR",NA,"Casp8ap2",1.06515195173318,16800.8038314547,6.33988684362226e-05,6.33948492745139e-05,"Exiting naïve pluripotency",FALSE,2445,FALSE
"SBR",NA,"Slc25a36",33.4223648906684,7372.72702089078,0.00453324323496115,0.00451278567980734,"Exiting naïve pluripotency",FALSE,378,TRUE
"SBR",NA,"Pcna",37.8830112746487,147093.630694652,0.000257543519020814,0.000257477207434744,"Naïve pluripotency",FALSE,1748,FALSE
"SBR",NA,"Dusp8",0.00312113058217792,38.843898525579,8.0350600754521e-05,8.03441450541988e-05,"Epiblast",FALSE,2346,FALSE
"SBR",NA,"Anxa3",0.0605823657630732,606.788492083526,9.98409932842527e-05,9.98310260554508e-05,"Naïve pluripotency",FALSE,2248,FALSE
"SBR",NA,"C330007P06Rik",0.254475925966409,538.687685820085,0.000472399746021669,0.000472176689873295,"Naïve pluripotency",FALSE,1425,FALSE
"SBR",NA,"Zic2",0.853762613688013,20293.8785180753,4.20699578411089e-05,4.20681880342118e-05,"Naïve pluripotency",FALSE,2585,FALSE
"SBR",NA,"Ccnb2",21.6363910967717,23748.848973799,0.000911050094286341,0.000910220837506509,"Naïve pluripotency",FALSE,1071,FALSE
"SBR",NA,"Zfp973",0.032843884319309,740.711631793434,4.43409863023028e-05,4.43390202664125e-05,"Exiting naïve pluripotency",FALSE,2567,FALSE
"SBR",NA,"Platr5",0.729770299346404,468.856437906308,0.00155648987695512,0.0015540709812048,"Exiting naïve pluripotency",FALSE,767,FALSE
"SBR",NA,"Kdm2b",316.50602025946,13821.5139600289,0.0228995189076088,0.0223868703468196,"Naïve pluripotency",FALSE,96,TRUE
"SBR",NA,"Lrrc34",1.73560093977355,297.94019108603,0.00582533337797449,0.0057915954039561,"Naïve pluripotency",FALSE,324,TRUE
"SBR",NA,"Kif1a",11.07002001939,3176.59628262863,0.00348486840456465,0.00347276627111002,"Epiblast",FALSE,466,TRUE
"SBR",NA,"Ackr3",0.121277473739943,401.430362843946,0.000302113355055528,0.000302022110142532,"Naïve pluripotency",FALSE,1679,FALSE
"SBR",NA,"Cox17",35.9535471915868,12275.8992802091,0.00292879131466566,0.00292023854537721,"Naïve pluripotency",FALSE,521,FALSE
"SBR",NA,"Triml1",60.4550336432817,1800.98270586084,0.0335678035366726,0.032477601780754,"Naïve pluripotency",FALSE,62,TRUE
"SBR",NA,"Pabpc4",35.0680952766116,40867.2865122593,0.000858096983417089,0.000857361284285345,"Epiblast",FALSE,1101,FALSE
"SBR",NA,"Pphln1",292.174141795692,54146.7698459503,0.00539596623449449,0.00536700605106263,"Epiblast",FALSE,338,TRUE
"SBR",NA,"Gjb5",2.01012372720674,1455.13256513299,0.00138140247519168,0.0013794968348495,"Epiblast",FALSE,844,FALSE
"SBR",NA,"Il17rd",0.0732810737786821,2690.84711453678,2.72334587062919e-05,2.72327170652162e-05,"Exiting naïve pluripotency",FALSE,2690,FALSE
"SBR",NA,"Ltb4r1",0.0260849424976016,116.165407033378,0.000224550002997938,0.000224499591613968,"Epiblast",FALSE,1817,FALSE
"SBR",NA,"Tcf12",26.7781850123315,9582.81543144821,0.00279439640718246,0.00278660951556395,"Epiblast",FALSE,537,FALSE
"SBR",NA,"Pfkl",5.42564943394239,41143.6927877847,0.000131870745339447,0.000131853357738886,"Exiting naïve pluripotency",FALSE,2111,FALSE
"SBR",NA,"Meioc",5.0411095549319,2453.73485632681,0.00205446384801264,0.00205025168005663,"Epiblast",FALSE,643,FALSE
"SBR",NA,"Dapk2",1.19521377811051,751.792994759802,0.00158981765784128,0.0015872941495741,"Exiting naïve pluripotency",FALSE,757,FALSE
"SBR",NA,"Tsen34",26.4943398755058,44264.6672104252,0.000598543749342045,0.000598185709024962,"Epiblast",FALSE,1302,FALSE
"SBR",NA,"Ier5",9.08100865532452,13740.3534496554,0.000660900659404234,0.000660464158206563,"Epiblast",FALSE,1230,FALSE
"SBR",NA,"Tead1",1.01188025067386,2277.95983562883,0.000444204605738597,0.000444007375617366,"Naïve pluripotency",FALSE,1466,FALSE
"SBR",NA,"Epm2a",0.000582931431098674,16.6816851853445,3.49443970811054e-05,3.49431760128876e-05,"Epiblast",FALSE,2640,FALSE
"SBR",NA,"Ninj2",0.714644289849554,706.131538419163,0.00101205547545638,0.00101103225472712,"Epiblast",FALSE,1020,FALSE
"SBR",NA,"Ktn1",9.05058552764009,46665.2807557824,0.000193946878301351,0.000193909270203721,"Exiting naïve pluripotency",FALSE,1911,FALSE
"SBR",NA,"D230030E09Rik",0.0046958343605537,112.998500299361,4.15566078143805e-05,4.15548809344908e-05,"Exiting naïve pluripotency",FALSE,2593,FALSE
"SBR",NA,"Arhgap5",4.02609572649544,12640.6409161107,0.000318504081653337,0.000318402669103618,"Exiting naïve pluripotency",FALSE,1657,FALSE
"SBR",NA,"Rsl1d1",7.6960907255404,173369.611237906,4.43912325267862e-05,4.43892620327336e-05,"Exiting naïve pluripotency",FALSE,2565,FALSE
"SBR",NA,"Rbm39",12.4016287483837,112465.210385701,0.000110270800239933,0.000110258641931254,"Exiting naïve pluripotency",FALSE,2203,FALSE
"SBR",NA,"Ruvbl1",9.18217162631921,91429.9545834483,0.000100428482855021,0.000100418397987661,"Epiblast",FALSE,2246,FALSE
"SBR",NA,"Scml2",0.449142011150278,190.152981487733,0.00236200351756911,0.00235643760366033,"Naïve pluripotency",FALSE,596,FALSE
"SBR",NA,"Fem1b",5.61617797609754,13294.5646542208,0.000422441661097529,0.000422263279496318,"Naïve pluripotency",FALSE,1501,FALSE
"SBR",NA,"Lama1",0.14354688216316,652.215849211378,0.000220091066993739,0.000220042637574851,"Epiblast",FALSE,1831,FALSE
"SBR",NA,"Srrm2",10.7608945894789,170371.411600364,6.31613865753517e-05,6.31573974665552e-05,"Epiblast",FALSE,2447,FALSE
"SBR",NA,"Rangrf",15.4535589223513,62232.653811787,0.000248319137555795,0.000248257490469869,"Naïve pluripotency",FALSE,1767,FALSE
"SBR",NA,"Bbx",1.51937714249596,14228.0016783857,0.000106787810181672,0.000106776407762907,"Exiting naïve pluripotency",FALSE,2214,FALSE
"SBR",NA,"Dph3",25.5506055209935,89645.0600261607,0.000285019671062044,0.000284938457996473,"Exiting naïve pluripotency",FALSE,1704,FALSE
"SBR",NA,"Luc7l2",64.2265249042841,40451.6732907908,0.00158773468881214,0.00158521778354788,"Epiblast",FALSE,758,FALSE
"SBR",NA,"Tgm2",0.00616410647726465,61.66028246037,9.99688329554185e-05,9.99588401868214e-05,"Exiting naïve pluripotency",FALSE,2247,FALSE
"SBR",NA,"Eif4g3",29.9527340468464,6705.05718186441,0.0044671854742509,0.00444731847774774,"Epiblast",FALSE,382,TRUE
"SBR",NA,"Gab1",31.4797894127003,15687.140566883,0.002006725781444,0.00200270689787935,"Exiting naïve pluripotency",FALSE,655,FALSE
"SBR",NA,"Sptbn1",80.9118859991102,23002.9740542229,0.00351745325662602,0.0035051241462828,"Naïve pluripotency",FALSE,463,TRUE
"SBR",NA,"Fgfr1",9.62917581593118,7485.16659514098,0.00128643440243294,0.00128478161516358,"Epiblast",FALSE,873,FALSE
"SBR",NA,"Manba",3.32833596997698,673.528604581755,0.00494164011347936,0.00491734038697147,"Naïve pluripotency",FALSE,360,TRUE
"SBR",NA,"Mcf2",27.6649478858732,9732.10289786889,0.0028426485186394,0.00283459077337651,"Naïve pluripotency",FALSE,529,FALSE
"SBR",NA,"Lhfp",0.00447307317420666,102.24623855847,4.37480462584324e-05,4.37461324506063e-05,"Exiting naïve pluripotency",FALSE,2573,FALSE
"SBR",NA,"Morf4l2",0.0375943040403538,103096.860245497,3.64650329319762e-07,3.64650196349948e-07,"Naïve pluripotency",FALSE,2792,FALSE
"SBR",NA,"Syncrip",60.3156175882925,81343.0241949743,0.000741497112815963,0.000740947702234008,"Epiblast",FALSE,1164,FALSE
"SBR",NA,"Sgo2a",93.5963452119743,16901.5988083075,0.00553772138798903,0.00550722391631918,"Exiting naïve pluripotency",FALSE,334,TRUE
"SBR",NA,"Cdk4",9.84929265831098,167871.088911045,5.86717624946729e-05,5.86683203209171e-05,"Epiblast",FALSE,2477,FALSE
"SBR",NA,"Churc1",14.6010441997349,10416.3136725154,0.00140174774481508,0.00139978559850914,"Exiting naïve pluripotency",FALSE,832,FALSE
"SBR",NA,"Eif3k",42.4510515859473,173603.763432388,0.000244528406220181,0.000244468626696524,"Naïve pluripotency",FALSE,1769,FALSE
"SBR",NA,"Phc2",10.294556838738,3757.09734178259,0.00274002931046063,0.00273254206511017,"Epiblast",FALSE,545,FALSE
"SBR",NA,"Arid3a",0.946518741757923,973.901175527554,0.000971883765562971,0.00097094012461852,"Epiblast",FALSE,1031,FALSE
"SBR",NA,"Ajap1",0.00229027580514499,38.9105496736449,5.88600218797797e-05,5.88565575815127e-05,"Epiblast",FALSE,2474,FALSE
"SBR",NA,"Anp32b-ps1",0.0061571428556346,60.8518419301954,0.000101182522341684,0.000101172285474648,"Epiblast",FALSE,2243,FALSE
"SBR",NA,"Flrt2",0.0046233977317145,98.1592199700804,4.71010031775287e-05,4.70987847775172e-05,"Exiting naïve pluripotency",FALSE,2550,FALSE
"SBR",NA,"Col1a1",0.00957201238063899,149.280532202806,6.4120969019824e-05,6.41168577847724e-05,"Epiblast",FALSE,2437,FALSE
"SBR",NA,"Ifih1",0.00374505401166327,43.0875767639671,8.69172576628897e-05,8.6909703709779e-05,"Epiblast",FALSE,2307,FALSE
"SBR",NA,"Mmp9",0.0659700165044467,33.1996827008861,0.00198706768070063,0.00198312707298718,"Exiting naïve pluripotency",FALSE,659,FALSE
"SBR",NA,"Pou3f2",0.0257344503357421,130.116108256723,0.000197780664366069,0.000197741554909966,"Epiblast",FALSE,1900,FALSE
"SBR",NA,"Itga6",1.92069761050174,19336.6164586226,9.93295602988116e-05,9.93196949171865e-05,"Naïve pluripotency",FALSE,2254,FALSE
"SBR",NA,"Rftn1",0.12855048492681,429.992007892783,0.000298960172671078,0.000298870822198467,"Epiblast",FALSE,1682,FALSE
"SBR",NA,"Npl",3.35852090989969,839.999728879495,0.00399824046893412,0.00398231820313418,"Naïve pluripotency",FALSE,424,TRUE
"SBR",NA,"Chd9",2.76100517252476,12806.0727983104,0.000215601239818741,0.000215554765943954,"Naïve pluripotency",FALSE,1844,FALSE
"SBR",NA,"Sms",0.892570474451919,69165.055435486,1.29049339848281e-05,1.2904767449656e-05,"Naïve pluripotency",FALSE,2754,FALSE
"SBR",NA,"Cabp7",0.0801542773291456,285.384445239011,0.000280864212000118,0.000280785349444205,"Epiblast",FALSE,1711,FALSE
"SBR",NA,"Prmt1",28.2261085669923,174273.086763529,0.000161964816778005,0.000161938588424201,"Epiblast",FALSE,2007,FALSE
"SBR",NA,"Zic5",3.95994861781081,20238.879718507,0.000195660465049838,0.000195622189521262,"Epiblast",FALSE,1903,FALSE
"SBR",NA,"Ddx18",133.877599345503,47265.6236902844,0.00283245176711848,0.0028244516440681,"Epiblast",FALSE,531,FALSE
"SBR",NA,"Dancr",28.1540159954608,41311.4036029871,0.000681507127330455,0.000681042991677608,"Naïve pluripotency",FALSE,1211,FALSE
"SBR",NA,"Mfge8",5.93302791986223,2664.11016565292,0.00222702048749856,0.00222207188787955,"Naïve pluripotency",FALSE,616,FALSE
"SBR",NA,"Tfrc",4.10517781936535,18876.4880167873,0.000217475719832764,0.000217428434427474,"Naïve pluripotency",FALSE,1839,FALSE
"SBR",NA,"Itpka",0.388263115605297,455.702229074324,0.000852010569256996,0.000851285265213581,"Exiting naïve pluripotency",FALSE,1104,FALSE
"SBR",NA,"Dpp4",2.28075644998532,493.447768717604,0.00462208281114061,0.00460081745187908,"Exiting naïve pluripotency",FALSE,373,TRUE
"SBR",NA,"Pecam1",30.6751591379118,1523.51751403683,0.0201344315738337,0.0197370375419746,"Naïve pluripotency",FALSE,113,TRUE
"SBR",NA,"Ddx5",21.3223745294505,174486.646535557,0.000122200609346374,0.000122185678182047,"Exiting naïve pluripotency",FALSE,2145,FALSE
"SBR",NA,"Trnt1",1.53022943325848,28971.0273835717,5.28193016077232e-05,5.28165118764525e-05,"Epiblast",FALSE,2515,FALSE
"SBR",NA,"Elf3",42.194552013843,1304.39351334589,0.0323480234930102,0.0313344170346341,"Naïve pluripotency",FALSE,66,TRUE
"SBR",NA,"Mcc",0.140668507176532,341.029164458012,0.000412482338277702,0.000412312266749812,"Naïve pluripotency",FALSE,1511,FALSE
"SBR",NA,"Hnrnpul2",36.4276437052567,15950.9911604378,0.00228372289463778,0.00227851938774611,"Epiblast",FALSE,605,FALSE
"SBR",NA,"Phkg1",0.987216792340353,1132.74596952433,0.000871525318915864,0.000870766423930547,"Exiting naïve pluripotency",FALSE,1091,FALSE
"SBR",NA,"4930558C23Rik",1.35411380419976,348.767227081857,0.00388257181022903,0.00386755574731003,"Naïve pluripotency",FALSE,436,TRUE
"SBR",NA,"Ccnf",15.9923399870802,29924.6144599434,0.00053442091989146,0.000534135466723986,"Naïve pluripotency",FALSE,1354,FALSE
"SBR",NA,"Rarg",33.8657152998041,13385.5372044619,0.00253002287338273,0.00252363801148953,"Exiting naïve pluripotency",FALSE,572,FALSE
"SBR",NA,"Arid3b",2.13972881371324,3337.45032585235,0.0006411267898547,0.000640716009656221,"Naïve pluripotency",FALSE,1255,FALSE
"SBR",NA,"Klf6",4.49871392329576,7716.90114093963,0.000582968971758525,0.000582629316944709,"Epiblast",FALSE,1312,FALSE
"SBR",NA,"Zfp326",16.5020006512135,15107.5032483555,0.00109230495469261,0.0010911131264185,"Epiblast",FALSE,975,FALSE
"SBR",NA,"Efna3",0.496121905630606,1043.28057589417,0.000475540249760133,0.000475314218717849,"Epiblast",FALSE,1418,FALSE
"SBR",NA,"Platr14",46.1721248941541,3141.91486069373,0.014695536620607,0.0144827054916885,"Exiting naïve pluripotency",FALSE,157,TRUE
"SBR",NA,"Rbm25",74.7520027164138,137152.977196694,0.000545026467848455,0.000544729575811818,"Epiblast",FALSE,1344,FALSE
"SBR",NA,"Rec8",0.462785638128402,709.480489488638,0.000652288040312365,0.000651862837979228,"Epiblast",FALSE,1242,FALSE
"SBR",NA,"Arap2",4.48285050297665,3375.77338829676,0.00132794769889411,0.00132618659246035,"Epiblast",FALSE,857,FALSE
"SBR",NA,"Camta1",1.97309802612551,3438.50981368506,0.0005738235843541,0.000573494499684684,"Naïve pluripotency",FALSE,1322,FALSE
"SBR",NA,"Wdr35",1.52848769950996,6973.41980179374,0.00021918767877947,0.000219139646069119,"Exiting naïve pluripotency",FALSE,1834,FALSE
"SBR",NA,"Idh2",205.097173275561,10597.1524453194,0.0193539891337649,0.018986524151646,"Exiting naïve pluripotency",FALSE,121,TRUE
"SBR",NA,"Prox1",0.0193766579537826,235.160618165025,8.23975464300955e-05,8.23907576338179e-05,"Exiting naïve pluripotency",FALSE,2333,FALSE
"SBR",NA,"Kif20b",46.947836880263,38498.3347538594,0.00121947708077313,0.00121799176772781,"Naïve pluripotency",FALSE,915,FALSE
"SBR",NA,"Hck",5.78353996539889,205.558177221217,0.02813578152707,0.0273658227177741,"Naïve pluripotency",FALSE,75,TRUE
"SBR",NA,"Tent5a",0.452865410921206,698.605134974381,0.00064824231636633,0.000647822370492288,"Epiblast",FALSE,1245,FALSE
"SBR",NA,"Cfl2",4.9854675279522,9249.31634263979,0.000539009300067828,0.00053871892555683,"Epiblast",FALSE,1348,FALSE
"SBR",NA,"Eif1b",111.960821996927,26756.9200740738,0.00418436881700042,0.00416693283319068,"Epiblast",FALSE,410,TRUE
"SBR",NA,"Rnase4",0.00105962684890973,22.2025109093352,4.77255411893166e-05,4.77232635707354e-05,"Epiblast",FALSE,2541,FALSE
"SBR",NA,"Ankrd11",22.1054133074236,107077.802347704,0.000206442538254966,0.000206399928529825,"Epiblast",FALSE,1875,FALSE
"SBR",NA,"Pebp1",4.40796972192445,169244.736390598,2.60449442383328e-05,2.60442659168793e-05,"Exiting naïve pluripotency",FALSE,2693,FALSE
"SBR",NA,"Zfp516",4.17693327270334,963.419064756073,0.0043355310534164,0.00431681536634375,"Naïve pluripotency",FALSE,393,TRUE
"SBR",NA,"Slc39a8",0.029318678327316,126.522533075569,0.000231726931279543,0.000231673246349107,"Epiblast",FALSE,1808,FALSE
"SBR",NA,"Arl14epl",8.3299814357704,662.150248391623,0.0125801983099819,0.0124239031446384,"Naïve pluripotency",FALSE,179,TRUE
"SBR",NA,"Echdc2",1.38787968085348,8739.05922607127,0.000158813396837158,0.00015878817914705,"Exiting naïve pluripotency",FALSE,2019,FALSE
"SBR",NA,"Klhdc2",185.554401554514,31258.0756799471,0.00593620680474428,0.00590117620241551,"Epiblast",FALSE,321,TRUE
"SBR",NA,"Tiparp",53.0938596490797,8513.02605350373,0.00623677871010716,0.00619812239232805,"Naïve pluripotency",FALSE,312,TRUE
"SBR",NA,"Ntn1",0.00315773341270045,38.8775430194422,8.12225559398471e-05,8.12159593720438e-05,"Epiblast",FALSE,2340,FALSE
"SBR",NA,"2410141K09Rik",5.59929351777953,2969.14881517411,0.00188582447911126,0.00188227483914319,"Exiting naïve pluripotency",FALSE,687,FALSE
"SBR",NA,"Uqcrb",0.141929915204713,138922.849870724,1.02164557764822e-06,1.0216445338896e-06,"Epiblast",FALSE,2791,FALSE
"SBR",NA,"Plac8",0.244932867276669,868.964178060015,0.000281867622924904,0.000281788195955941,"Epiblast",FALSE,1710,FALSE
"SBR",NA,"Pid1",3.71093440215016,3177.87665423653,0.00116774022591562,0.00116637819917382,"Epiblast",FALSE,939,FALSE
"SBR",NA,"Prps1",5.1739487419102,38230.0559831683,0.000135337200243394,0.000135318886564146,"Exiting naïve pluripotency",FALSE,2098,FALSE
"SBR",NA,"Hnrnpdl",59.2553026420326,146132.120545422,0.00040549129391176,0.00040532693736747,"Epiblast",FALSE,1524,FALSE
"SBR",NA,"Epb41l4a",41.4971280830753,2438.54928607678,0.0170171373283323,0.0167323997833859,"Naïve pluripotency",FALSE,137,TRUE
"SBR",NA,"Tia1",8.05142077364953,7231.4635572873,0.00111338745053011,0.00111214919757042,"Epiblast",FALSE,965,FALSE
"SBR",NA,"Nxph4",0.0125665340912459,30.5071184823488,0.000411921371679753,0.000411751762329023,"Exiting naïve pluripotency",FALSE,1512,FALSE
"SBR",NA,"Col2a1",56.5597259506296,982.599213162009,0.0575613385325438,0.0544283687718908,"Naïve pluripotency",FALSE,28,TRUE
"SBR",NA,"Ankrd37",1.1932681483544,2502.65639718637,0.000476800630600328,0.000476573400102632,"Epiblast",FALSE,1417,FALSE
"SBR",NA,"Eif3e",0.847991605379494,173238.962912354,4.89492427756286e-06,4.89490031739646e-06,"Naïve pluripotency",FALSE,2777,FALSE
"SBR",NA,"Stmn3",1.76422980067791,2433.444958613,0.000724992687602631,0.000724467453996078,"Epiblast",FALSE,1177,FALSE
"SBR",NA,"Rasgef1a",0.317203794843209,184.373067016961,0.00172044539896941,0.00171749055025445,"Exiting naïve pluripotency",FALSE,718,FALSE
"SBR",NA,"Colec12",0.4152928701379,572.095299843453,0.000725915542832706,0.000725388971703547,"Epiblast",FALSE,1175,FALSE
"SBR",NA,"Pax2",0.00682581053535202,63.7273117323726,0.000107109657536121,0.000107098186286065,"Exiting naïve pluripotency",FALSE,2213,FALSE
"SBR",NA,"C1d",18.358264775671,29869.4258946518,0.000614617262495094,0.000614239740147489,"Naïve pluripotency",FALSE,1284,FALSE
"SBR",NA,"Epha2",10.8551899810369,1405.44359563548,0.00772367529707139,0.0076644773626009,"Exiting naïve pluripotency",FALSE,264,TRUE
"SBR",NA,"Plat",0.00398793752671669,85.3311077299109,4.67348617966998e-05,4.67326777514637e-05,"Exiting naïve pluripotency",FALSE,2551,FALSE
"SBR",NA,"Trim44",1.4856609524685,8348.54765956969,0.000177954419504994,0.00017792275736399,"Epiblast",FALSE,1960,FALSE
"SBR",NA,"Bhlhe40",2.17950394925931,1441.29103508052,0.00151218865323585,0.00150990539143546,"Exiting naïve pluripotency",FALSE,784,FALSE
"SBR",NA,"Nme5",0.0646205325314499,168.118972463512,0.000384373825181896,0.000384226138711224,"Epiblast",FALSE,1552,FALSE
"SBR",NA,"Akr1b8",0.220596812723686,4804.21276354981,4.59173695214714e-05,4.59152612134555e-05,"Exiting naïve pluripotency",FALSE,2559,FALSE
"SBR",NA,"Tst",163.602813433948,9265.12484646047,0.0176579178527151,0.0173515260314328,"Naïve pluripotency",FALSE,133,TRUE
"SBR",NA,"Npnt",1.62271889539934,349.468353529033,0.00464339296824063,0.00462193152390285,"Naïve pluripotency",FALSE,372,TRUE
"SBR",NA,"Atp5c1",93.0874117189679,167899.521663604,0.0005544233288852,0.000554116113984696,"Naïve pluripotency",FALSE,1339,FALSE
"SBR",NA,"Trim12c",1.594347225198,11737.1013411721,0.000135838243093741,0.000135819793571604,"Exiting naïve pluripotency",FALSE,2097,FALSE
"SBR",NA,"Npepps",0.506539826881613,12077.9579366128,4.19391944846985e-05,4.1937435662428e-05,"Epiblast",FALSE,2588,FALSE
"SBR",NA,"Smarcad1",163.872744231414,19616.9473590626,0.00835363123690641,0.00828442619546017,"Naïve pluripotency",FALSE,239,TRUE
"SBR",NA,"Ost4",51.0628566955515,83040.9547108905,0.000614911724863091,0.000614533840799059,"Epiblast",FALSE,1283,FALSE
"SBR",NA,"Taf10",75.896094765736,121486.641887625,0.000624727900833245,0.000624337859552836,"Exiting naïve pluripotency",FALSE,1267,FALSE
"SBR",NA,"Adm",0.0548374146584374,83.2249503551362,0.000658905946166817,0.000658472075001213,"Naïve pluripotency",FALSE,1233,FALSE
"SBR",NA,"Scara3",0.0013916072412618,24.9791588829147,5.57107326065185e-05,5.57076290936899e-05,"Epiblast",FALSE,2493,FALSE
"SBR",NA,"Cpsf4l",0.646798747665168,253.646860389676,0.00254999705760795,0.00254351111175698,"Naïve pluripotency",FALSE,567,FALSE
"SBR",NA,"Kdm3a",68.9502495503353,3607.16291687187,0.0191148143677771,0.0187562913405741,"Naïve pluripotency",FALSE,125,TRUE
"SBR",NA,"Mup6",0.990012342633227,5117.81101048456,0.000193444490350473,0.000193407076817068,"Exiting naïve pluripotency",FALSE,1912,FALSE
"SBR",NA,"Slfn5",1.78213579250765,194.468453802815,0.00916413823249026,0.00908091943154151,"Naïve pluripotency",FALSE,220,TRUE
"SBR",NA,"Slc25a31",0.444057931620735,2122.91176892926,0.000209173993059875,0.000209130248450737,"Epiblast",FALSE,1863,FALSE
"SBR",NA,"Ubxn1",450.73232438772,106217.455560805,0.00424348636491011,0.00422555527870077,"Naïve pluripotency",FALSE,405,TRUE
"SBR",NA,"Nectin4",0.659391835383794,935.940190100807,0.000704523475279733,0.000704027471398891,"Epiblast",FALSE,1191,FALSE
"SBR",NA,"Rflnb",0.726438263802189,806.708205700239,0.000900496931442052,0.000899686766269767,"Epiblast",FALSE,1077,FALSE
"SBR",NA,"Lin28a",68.0128499716013,19720.7695116701,0.00344879290492968,0.00343693961198121,"Epiblast",FALSE,469,TRUE
"SBR",NA,"Gbp7",0.0965303252457215,178.379960657563,0.000541150053458256,0.000540857368464398,"Naïve pluripotency",FALSE,1346,FALSE
"SBR",NA,"Maged1",6.99668349083987,16911.4393254285,0.000413724896870218,0.000413553799367225,"Epiblast",FALSE,1510,FALSE
"SBR",NA,"Foxp2",0.000388822276016709,11.9743146896772,3.24713594133204e-05,3.24703050583745e-05,"Epiblast",FALSE,2657,FALSE
"SBR",NA,"Nop58",69.744809461692,147798.439065758,0.000471891380602886,0.000471668804159704,"Epiblast",FALSE,1427,FALSE
"SBR",NA,"Cd80",1.2828167598852,676.061394706728,0.00189748559809673,0.00189389196536809,"Exiting naïve pluripotency",FALSE,682,FALSE
"SBR",NA,"Flt4",0.0201835716712143,101.251187453444,0.000199341579875246,0.00019930185072945,"Epiblast",FALSE,1890,FALSE
"SBR",NA,"En2",0.0461213687728918,748.359954702883,6.1629926191338e-05,6.1626128177607e-05,"Epiblast",FALSE,2457,FALSE
"SBR",NA,"Cenpw",30.4277930648821,26913.9470578077,0.00113055855388016,0.00112928183464226,"Exiting naïve pluripotency",FALSE,958,FALSE
"SBR",NA,"Magohb",1.25290799397724,7772.30882356455,0.000161201519705264,0.000161175537963605,"Naïve pluripotency",FALSE,2012,FALSE
"SBR",NA,"Vcp-rs",0.303317816610922,1115.59271441965,0.000271889384620724,0.000271815480876898,"Exiting naïve pluripotency",FALSE,1721,FALSE
"SBR",NA,"Kcnn3",0.000403171515557665,13.8800641691691,2.90468048737991e-05,2.90459611814323e-05,"Epiblast",FALSE,2672,FALSE
"SBR",NA,"Rpa2",34.2887928685988,75770.3560318109,0.000452535723260996,0.000452331027312398,"Exiting naïve pluripotency",FALSE,1457,FALSE
"SBR",NA,"Htra1",1.00453320947327,743.391912899406,0.00135128347785672,0.00134945997488862,"Naïve pluripotency",FALSE,850,FALSE
"SBR",NA,"Hey1",0.136118239203894,354.97537841861,0.000383458255077553,0.000383311271206345,"Exiting naïve pluripotency",FALSE,1554,FALSE
"SBR",NA,"Sirt4",0.659063194922822,576.567446332365,0.00114308082968476,0.00114177568778425,"Naïve pluripotency",FALSE,954,FALSE
"SBR",NA,"Hint1",4.07776317418551,170541.13328349,2.39107310692434e-05,2.39101593598531e-05,"Naïve pluripotency",FALSE,2704,FALSE
"SBR",NA,"Atp5j2",7.7243610154396,123790.659756189,6.23985770061577e-05,6.23946836666841e-05,"Exiting naïve pluripotency",FALSE,2452,FALSE
"SBR",NA,"Tor3a",6.24611122847598,17457.5310144949,0.000357788923490376,0.000357660956361825,"Exiting naïve pluripotency",FALSE,1589,FALSE
"SBR",NA,"Apod",0.124758902107899,216.831873979099,0.000575371599287678,0.000575040737179072,"Exiting naïve pluripotency",FALSE,1320,FALSE
"SBR",NA,"Pbx1",0.201763245529393,6094.02550558806,3.31083690648129e-05,3.31072729370018e-05,"Naïve pluripotency",FALSE,2653,FALSE
"SBR",NA,"Rad50",55.0309750973143,29364.2957757145,0.00187407780924299,0.00187057221137108,"Naïve pluripotency",FALSE,692,FALSE
"SBR",NA,"Tnfrsf19",1.87475075317951,1683.67095437031,0.00111348998942651,0.00111225150850606,"Epiblast",FALSE,964,FALSE
"SBR",NA,"Dcaf12l1",0.358754646858741,523.520015768605,0.000685273983903052,0.000684804705054623,"Epiblast",FALSE,1208,FALSE
"SBR",NA,"Bcl11a",9.53570652495067,10294.7730381237,0.000926266804487861,0.000925409628268643,"Exiting naïve pluripotency",FALSE,1063,FALSE
"SBR",NA,"Smim10l2a",0.873804797736387,1334.33137677804,0.000654863411700872,0.000654434846264711,"Epiblast",FALSE,1239,FALSE
"SBR",NA,"Ppp1r14a",8.17059737747147,6143.22095161857,0.00133001847757384,0.00132825187803319,"Epiblast",FALSE,856,FALSE
"SBR",NA,"Gpx3",1.29414805951868,2033.66588378837,0.000636362182123988,0.000635957482832474,"Epiblast",FALSE,1258,FALSE
"SBR",NA,"Plekha4",42.2966906886774,1171.41631308644,0.0361073089184104,0.0348490051248676,"Naïve pluripotency",FALSE,54,TRUE
"SBR",NA,"Timm8a1",21.8925320483421,127091.606570777,0.000172257890501606,0.000172228222831256,"Exiting naïve pluripotency",FALSE,1976,FALSE
"SBR",NA,"Ubap1l",1.57449800749609,476.795786797465,0.0033022481554874,0.00329137920458006,"Exiting naïve pluripotency",FALSE,486,TRUE
"SBR",NA,"Plekho1",0.321924210477032,667.560041704269,0.000482240083836002,0.000482007640431071,"Epiblast",FALSE,1409,FALSE
"SBR",NA,"Lamb1",3.51687907285226,5306.43189907756,0.000662757788988796,0.000662318832024078,"Naïve pluripotency",FALSE,1228,FALSE
"SBR",NA,"Tap2",0.062181523478864,835.859692932514,7.43922981388271e-05,7.4386764336477e-05,"Epiblast",FALSE,2374,FALSE
"SBR",NA,"Sap30",297.158548672024,20590.5358445753,0.0144318025968379,0.0142264887199849,"Naïve pluripotency",FALSE,161,TRUE
"SBR",NA,"Spta1",0.119773760191194,1008.84943206685,0.000118723127935762,0.000118709034427881,"Naïve pluripotency",FALSE,2163,FALSE
"SBR",NA,"Zfp750",0.0226706989650147,349.429256748497,6.48792238405271e-05,6.48750147999202e-05,"Naïve pluripotency",FALSE,2431,FALSE
"SBR",NA,"Dusp6",5.32868171694851,7312.52156006419,0.000728706462357661,0.000728175835920294,"Epiblast",FALSE,1172,FALSE
"SBR",NA,"Mep1b",0.0664380960553575,40.8382189327189,0.00162686076405081,0.00162421838688494,"Naïve pluripotency",FALSE,743,FALSE
"SBR",NA,"Castor1",278.333547553878,13683.5993811307,0.0203406676709413,0.0199351729431421,"Naïve pluripotency",FALSE,111,TRUE
"SBR",NA,"Il10",2.57260727053255,4925.72144595914,0.000522280299192113,0.000522007664872723,"Epiblast",FALSE,1366,FALSE
"SBR",NA,"Selenos",48.6459891798156,21596.8623679205,0.0022524563221773,0.00224739416498196,"Epiblast",FALSE,610,FALSE
"SBR",NA,"Sall1",2.29648642182452,6954.34461306083,0.000330223270430333,0.000330114259020104,"Naïve pluripotency",FALSE,1641,FALSE
"SBR",NA,"Prps2",5.15349841541739,21418.7903101308,0.000240606418046862,0.00024054854052416,"Epiblast",FALSE,1784,FALSE
"SBR",NA,"Atp2a2",9.72725139773366,10705.8702700696,0.000908590441725057,0.000907765654528027,"Epiblast",FALSE,1074,FALSE
"SBR",NA,"Mtcl1",19.2652355893588,12657.9755717677,0.00152198394444116,0.00151967102953338,"Epiblast",FALSE,781,FALSE
"SBR",NA,"Camk2n1",1.41826375734871,831.966396139046,0.0017047127912023,0.00170181169104436,"Exiting naïve pluripotency",FALSE,722,FALSE
"SBR",NA,"Rab8b",0.134347686994758,785.323718977396,0.00017107300307916,0.000171043742112539,"Epiblast",FALSE,1982,FALSE
"SBR",NA,"Abcg3",0.332578359436407,135.897691334163,0.00244727012042184,0.00244129561061886,"Exiting naïve pluripotency",FALSE,583,FALSE
"SBR",NA,"Aurkb",5.19647174325388,20480.3402920991,0.000253729755909308,0.000253665393450945,"Exiting naïve pluripotency",FALSE,1755,FALSE
"SBR",NA,"Catsperz",0.0310616334112149,236.750988825046,0.000131199593147925,0.000131182382072769,"Naïve pluripotency",FALSE,2115,FALSE
"SBR",NA,"Slc38a1",2.57223426440986,41298.7871991976,6.22835303129636e-05,6.2279651316413e-05,"Exiting naïve pluripotency",FALSE,2453,FALSE
"SBR",NA,"Jph4",56.9383372983508,8004.48545537925,0.00711330386141018,0.00706306215411592,"Epiblast",FALSE,283,TRUE
"SBR",NA,"Ech1",213.517264590636,14345.0605620677,0.0148843752640009,0.0146660798281864,"Naïve pluripotency",FALSE,154,TRUE
"SBR",NA,"Edn3",0.0148556285107444,88.5500721299195,0.000167765289778064,0.000167737149306604,"Epiblast",FALSE,1990,FALSE
"SBR",NA,"Sla2",0.00133752897092641,24.9487721993246,5.36110138102353e-05,5.36081398235109e-05,"Epiblast",FALSE,2507,FALSE
"SBR",NA,"Cdca8",37.0639287384955,90340.8757647343,0.000410267538639069,0.000410099288213496,"Epiblast",FALSE,1515,FALSE
"SBR",NA,"Enpp3",38.4157563579245,4745.56987693923,0.00809507758901691,0.00803007352082035,"Exiting naïve pluripotency",FALSE,247,TRUE
"SBR",NA,"Pdcd4",22.5852493196919,6593.81463859611,0.00342521750421855,0.00341352543714016,"Exiting naïve pluripotency",FALSE,473,TRUE
"SBR",NA,"Spaar",0.0696898337971144,700.477341635121,9.94890621792815e-05,9.94791650904403e-05,"Epiblast",FALSE,2252,FALSE
"SBR",NA,"Gcm1",0.0337599483559968,140.942360766212,0.000239530175118863,0.000239472814153753,"Epiblast",FALSE,1787,FALSE
"SBR",NA,"Degs1",2.06978358544217,28274.5641205833,7.3203023629829e-05,7.31976653394036e-05,"Epiblast",FALSE,2379,FALSE
"SBR",NA,"Misp3",0.0391316031045017,571.865469518557,6.84279873331851e-05,6.84233052641192e-05,"Epiblast",FALSE,2401,FALSE
"SBR",NA,"Vstm2b",0.0271746087155129,273.309100590639,9.94281151150353e-05,9.94182301478037e-05,"Epiblast",FALSE,2253,FALSE
"SBR",NA,"Alox5",0.0734311747480695,352.942948238454,0.000208053950686835,0.000208010673244482,"Epiblast",FALSE,1870,FALSE
"SBR",NA,"Bhmt2",0.00938401362395774,66.6523038985108,0.000140790536486878,0.000140770717302067,"Epiblast",FALSE,2078,FALSE
"SBR",NA,"Plaat3",0.789970527815678,8679.45490675143,9.10161451730325e-05,9.10078619882539e-05,"Exiting naïve pluripotency",FALSE,2294,FALSE
"SBR",NA,"Gprc5c",0.389607051574419,957.458676381111,0.000406917876651355,0.00040675236184395,"Naïve pluripotency",FALSE,1520,FALSE
"SBR",NA,"Myh10",7.71613983000983,8862.18236714551,0.000870681679787547,0.000869924252677937,"Epiblast",FALSE,1094,FALSE
"SBR",NA,"Rbfox2",0.057837327972306,10079.0896415599,5.73834840537788e-06,5.73831547692441e-06,"Exiting naïve pluripotency",FALSE,2773,FALSE
"SBR",NA,"Lpar1",2.7262494181712,652.53616369579,0.00417792847331319,0.00416054600967484,"Naïve pluripotency",FALSE,412,TRUE
"SBR",NA,"Olfr836",0.162254624224695,55.3690058092488,0.00293042329103175,0.00292186100149979,"Exiting naïve pluripotency",FALSE,520,FALSE
"SBR",NA,"Amt",62.0916019340618,14878.8823359021,0.00417313616253537,0.00415579347051951,"Naïve pluripotency",FALSE,414,TRUE
"SBR",NA,"Hpcal4",0.00486745054638322,105.38887323167,4.61856209021553e-05,4.61834878890918e-05,"Exiting naïve pluripotency",FALSE,2558,FALSE
"SBR",NA,"Sord",12.1508244891077,7121.09035647383,0.0017063151681626,0.0017034086162032,"Naïve pluripotency",FALSE,721,FALSE
"SBR",NA,"Nxf2",0.0171003719387264,182.083344864928,9.39150802145672e-05,9.39062610005326e-05,"Exiting naïve pluripotency",FALSE,2277,FALSE
"SBR",NA,"Eif3c",89.757549627176,146901.895726461,0.000611003344669625,0.000610630247546018,"Epiblast",FALSE,1287,FALSE
"SBR",NA,"Onecut2",0.0392920398251032,277.611594704107,0.00014153601857654,0.000141515988966896,"Exiting naïve pluripotency",FALSE,2075,FALSE
"SBR",NA,"Rbx1",20.9987251058209,174746.793487343,0.000120166583241723,0.000120152144968993,"Exiting naïve pluripotency",FALSE,2153,FALSE
"SBR",NA,"Vamp8",10.5944275765857,10927.931520782,0.000969481512254898,0.000968542528179995,"Epiblast",FALSE,1035,FALSE
"SBR",NA,"Mef2b",1.20665196318168,5251.44028144952,0.000229775432740637,0.000229722648119755,"Epiblast",FALSE,1810,FALSE
"SBR",NA,"Asnsd1",10.6715727406367,8275.72023749083,0.00128950380563762,0.00128784312702425,"Epiblast",FALSE,872,FALSE
"SBR",NA,"Gask1b",0.0396897087072328,1979.89046681285,2.00464163914702e-05,2.00460145407158e-05,"Naïve pluripotency",FALSE,2723,FALSE
"SBR",NA,"Fam81a",0.354280742044416,440.602705025975,0.000804082085750087,0.000803436057209439,"Naïve pluripotency",FALSE,1129,FALSE
"SBR",NA,"Nfx1",1.31583355581524,13975.7097636675,9.41514655116838e-05,9.41426018477528e-05,"Naïve pluripotency",FALSE,2275,FALSE
"SBR",NA,"Pla2g2e",0.179490640042951,387.211970547294,0.000463546206459617,0.000463331430932475,"Exiting naïve pluripotency",FALSE,1442,FALSE
"SBR",NA,"Ddx23",26.3139168686282,19406.0767256312,0.00135596273480014,0.00135412658960643,"Epiblast",FALSE,849,FALSE
"SBR",NA,"Cdc25a",51.7427927079546,24561.9976129929,0.00210661988993043,0.00210219137177421,"Exiting naïve pluripotency",FALSE,634,FALSE
"SBR",NA,"Sall4",32.7427665618729,38470.8931393168,0.000851104923488512,0.000850381159896482,"Epiblast",FALSE,1105,FALSE
"SBR",NA,"Itgb2",0.0940436736473243,225.17276622015,0.000417651189466574,0.000417476829772045,"Epiblast",FALSE,1507,FALSE
"SBR",NA,"Dlc1",35.3009066550188,2647.84025847622,0.0133319623576287,0.0131565596002818,"Naïve pluripotency",FALSE,173,TRUE
"SBR",NA,"Baz2b",14.9764982816742,2220.507506438,0.00674462853120392,0.00669944327494852,"Naïve pluripotency",FALSE,297,TRUE
"SBR",NA,"Sptssa",24.4617012059629,15980.1295400189,0.00153075737869982,0.00152841774196358,"Epiblast",FALSE,776,FALSE
"SBR",NA,"Kif23",3.2105910437216,9161.17099545331,0.000350456404024663,0.000350333627361409,"Epiblast",FALSE,1603,FALSE
"SBR",NA,"Ddx58",93.8171106616532,2414.2009276923,0.0388605229935569,0.0374068723697165,"Naïve pluripotency",FALSE,47,TRUE
"SBR",NA,"Dido1",2.95502198054821,13398.7088821972,0.000220545278394289,0.000220496648899472,"Epiblast",FALSE,1829,FALSE
"SBR",NA,"Susd2",0.0618322223550409,63.7149650666596,0.000970450541569803,0.000969509680375425,"Naïve pluripotency",FALSE,1033,FALSE
"SBR",NA,"Ltb",0.538000385597362,71.5807169118736,0.00751599605044078,0.00745992726656868,"Naïve pluripotency",FALSE,272,TRUE
"SBR",NA,"B230206L02Rik",1.99486024919154,469.869023547237,0.00424556663499864,0.00422761800106779,"Exiting naïve pluripotency",FALSE,404,TRUE
"SBR",NA,"Plekhg1",4.50469065381472,1939.33582416694,0.00232280072263902,0.00231741782284546,"Naïve pluripotency",FALSE,600,FALSE
"SBR",NA,"C2cd4b",0.0553426885787948,324.962352787835,0.000170304923336543,0.000170275924508273,"Epiblast",FALSE,1984,FALSE
"SBR",NA,"Pdlim1",51.7562809517776,8162.5439359186,0.00634070473103714,0.00630075351342547,"Naïve pluripotency",FALSE,309,TRUE
"SBR",NA,"Aspscr1",40.0739392024115,9333.5546594425,0.00429353452833426,0.00427517890011182,"Naïve pluripotency",FALSE,400,TRUE
"SBR",NA,"Dusp1",24.0588283379662,7519.54221491873,0.00319950705113852,0.00318930285416839,"Naïve pluripotency",FALSE,496,TRUE
"SBR",NA,"Syce2",10.9866596023358,82356.070300354,0.000133404369128679,0.00013338657477682,"Exiting naïve pluripotency",FALSE,2110,FALSE
"SBR",NA,"Pcp4l1",0.0379886715963393,143.484597473415,0.000264757836487488,0.000264687758329248,"Epiblast",FALSE,1736,FALSE
"SBR",NA,"Scx",0.054471908733784,163.45514120485,0.000333252954494208,0.000333141933960449,"Epiblast",FALSE,1633,FALSE
"SBR",NA,"Grhl3",0.0587255506096199,179.769181153011,0.000326671959192134,0.000326565279472485,"Exiting naïve pluripotency",FALSE,1645,FALSE
"SBR",NA,"Magel2",0.0703603156630337,361.916179593804,0.000194410528266524,0.000194372740159429,"Epiblast",FALSE,1909,FALSE
"SBR",NA,"Ndufs3",84.3055312542976,46114.7404015201,0.001828168835393,0.00182483273306061,"Exiting naïve pluripotency",FALSE,697,FALSE
"SBR",NA,"Wnk1",1.55946170481229,25061.5244762507,6.22253329517166e-05,6.22214612005766e-05,"Naïve pluripotency",FALSE,2454,FALSE
"SBR",NA,"Zfp773",0.61360591767986,466.405785188356,0.0013156052887124,0.00131387674551728,"Naïve pluripotency",FALSE,865,FALSE
"SBR",NA,"Got1l1",1.89675264593965,884.047676971641,0.0021455320740586,0.00214093862157741,"Exiting naïve pluripotency",FALSE,625,FALSE
"SBR",NA,"Gstp3",3.48728556143439,940.619039732958,0.00370743671361833,0.0036937423974434,"Naïve pluripotency",FALSE,448,TRUE
"SBR",NA,"Slc7a1",0.33319635774536,3241.60836469643,0.000102787357465547,0.000102776793310554,"Naïve pluripotency",FALSE,2233,FALSE
"SBR",NA,"Epb41l2",27.5482720499363,8558.71762995792,0.00321873827844368,0.00320841124236489,"Exiting naïve pluripotency",FALSE,493,TRUE
"SBR",NA,"Parp10",2.09795096983802,3254.56665323571,0.000644617607616741,0.000644202343443289,"Exiting naïve pluripotency",FALSE,1251,FALSE
"SBR",NA,"Ctxn1",3.11131999957717,2706.47595505278,0.00114958346249801,0.00114826343783927,"Epiblast",FALSE,950,FALSE
"SBR",NA,"Eps8l2",0.1830143949841,509.034020088542,0.000359532738012808,0.000359403520680966,"Exiting naïve pluripotency",FALSE,1584,FALSE
"SBR",NA,"Mgmt",72.7022173503425,6174.97766644748,0.0117736810199945,0.0116366745259919,"Naïve pluripotency",FALSE,188,TRUE
"SBR",NA,"Acat2",110.676263096493,34524.464281623,0.00320573440890161,0.00319549051500434,"Epiblast",FALSE,495,TRUE
"SBR",NA,"Sec14l5",0.00161724654950393,27.7672270329043,5.82429980346068e-05,5.82396059853499e-05,"Epiblast",FALSE,2480,FALSE
"SBR",NA,"Lbhd1",6.76717326753502,71267.0632213656,9.49551302053128e-05,9.49461145846399e-05,"Exiting naïve pluripotency",FALSE,2273,FALSE
"SBR",NA,"Ncor1",109.730358603179,51061.3603479539,0.00214899011415736,0.00214438185874194,"Exiting naïve pluripotency",FALSE,623,FALSE
"SBR",NA,"Syce1",0.841018678671939,3399.04326396873,0.000247428059415155,0.000247366853914528,"Exiting naïve pluripotency",FALSE,1768,FALSE
"SBR",NA,"Cct5",13.5179953267266,171854.616818665,7.86594830966355e-05,7.86532962690072e-05,"Exiting naïve pluripotency",FALSE,2353,FALSE
"SBR",NA,"Ndnf",0.272437091148982,895.882860520852,0.000304099010210544,0.000304006562115907,"Exiting naïve pluripotency",FALSE,1676,FALSE
"SBR",NA,"Lsamp",0.0130035029748768,77.2310102035763,0.000168371525124433,0.000168343180926316,"Epiblast",FALSE,1988,FALSE
"SBR",NA,"Fthl17a",0.431910318526904,2865.50434988853,0.000150727504058302,0.000150704788701651,"Epiblast",FALSE,2039,FALSE
"SBR",NA,"Zadh2",0.00129640970319814,24.9896666971909,5.1877830901357e-05,5.187513973163e-05,"Epiblast",FALSE,2521,FALSE
"SBR",NA,"Spib",0.0661588480173929,47.0529022496904,0.00140605244000285,0.00140407823237826,"Naïve pluripotency",FALSE,828,FALSE
"SBR",NA,"Fndc3c1",0.858479353379641,971.813526151398,0.000883378683541702,0.000882599014386278,"Epiblast",FALSE,1085,FALSE
"SBR",NA,"4930591A17Rik",9.1234232848517,862.624656796743,0.010576353473051,0.01046566490172,"Naïve pluripotency",FALSE,199,TRUE
"SBR",NA,"Gpr182",0.000805631934850483,19.4293333215985,4.14647235453471e-05,4.14630042933367e-05,"Epiblast",FALSE,2597,FALSE
"SBR",NA,"Sesn2",2.22936227220618,8848.72893410766,0.000251941526156716,0.000251878067611957,"Naïve pluripotency",FALSE,1759,FALSE
"SBR",NA,"Fam129a",15.7699381989761,2649.78300976212,0.00595140739482356,0.00591619769212938,"Exiting naïve pluripotency",FALSE,320,TRUE
"SBR",NA,"Nptx2",2.04406328803885,5748.31828297242,0.000355593268746748,0.000355466867121537,"Exiting naïve pluripotency",FALSE,1593,FALSE
"SBR",NA,"Dnase2a",15.4611630692482,13272.4911967423,0.00116490286865236,0.00116354744889133,"Naïve pluripotency",FALSE,942,FALSE
"SBR",NA,"Dlgap1",1.20555870780449,962.483080128794,0.00125255054628407,0.00125098362605985,"Exiting naïve pluripotency",FALSE,890,FALSE
"SBR",NA,"Anapc15",20.2084074529917,27605.2743410674,0.000732048781812988,0.000731513278408649,"Exiting naïve pluripotency",FALSE,1170,FALSE
"SBR",NA,"Phyh",13.9660002662573,8586.94616718523,0.00162642224538777,0.00162378129137384,"Naïve pluripotency",FALSE,744,FALSE
"SBR",NA,"Fhad1",0.00679652775132531,61.609937922028,0.000110315445536187,0.000110303277380998,"Epiblast",FALSE,2201,FALSE
"SBR",NA,"Lgals9",14.2622835954054,814.210130050524,0.0175167110663686,0.0172151581156941,"Naïve pluripotency",FALSE,134,TRUE
"SBR",NA,"Efna1",0.0369670439573091,219.000841484013,0.000168798638885631,0.000168770150713906,"Epiblast",FALSE,1987,FALSE
"SBR",NA,"Mrps34",1.90801956583042,135481.854829538,1.40832111298674e-05,1.40830127958248e-05,"Exiting naïve pluripotency",FALSE,2748,FALSE
"SBR",NA,"Igfbp6",0.0156709942240801,86.058510363968,0.000182096972836302,0.000182063819565896,"Epiblast",FALSE,1950,FALSE
"SBR",NA,"B430218F22Rik",0.0199968846392628,95.6486343378353,0.000209066075827417,0.000209022376339436,"Epiblast",FALSE,1864,FALSE
"SBR",NA,"Gtpbp4",10.3213337310871,159545.171801995,6.46922348981924e-05,6.46880500836613e-05,"Epiblast",FALSE,2432,FALSE
"SBR",NA,"Gna15",5.62608618459649,3630.54593156133,0.00154965294218905,0.00154725523356404,"Exiting naïve pluripotency",FALSE,769,FALSE
"SBR",NA,"Pla2g4a",1.93638728896906,3618.55193335419,0.000535127676659912,0.000534841468187659,"Epiblast",FALSE,1353,FALSE
"SBR",NA,"Per3",0.00273389975800995,39.8722114248063,6.85665444758619e-05,6.85618434271752e-05,"Epiblast",FALSE,2400,FALSE
"SBR",NA,"Tns4",0.00403859286353029,44.4733498834669,9.08092795823246e-05,9.08010340058412e-05,"Epiblast",FALSE,2295,FALSE
"SBR",NA,"Bzw1",108.011990182313,147213.647467108,0.000733709082280882,0.000733171147950764,"Epiblast",FALSE,1169,FALSE
"SBR",NA,"Ly6k",0.120556473541673,82.8111072846644,0.00145580076748954,0.00145368449248968,"Exiting naïve pluripotency",FALSE,809,FALSE
"SBR",NA,"Zfp931",5.49946301105995,5336.4729338251,0.00103054265977847,0.00102948173493316,"Exiting naïve pluripotency",FALSE,1004,FALSE
"SBR",NA,"Penk",0.348480166369801,438.923013218538,0.000793943711938144,0.00079331386538313,"Epiblast",FALSE,1137,FALSE
"SBR",NA,"Slc40a1",15.6448388847271,6112.85950110156,0.00255933231933563,0.00255279885871177,"Exiting naïve pluripotency",FALSE,565,FALSE
"SBR",NA,"Srsf9",395.624551505715,125010.34132592,0.00316473459163081,0.00315475064314248,"Epiblast",FALSE,499,TRUE
"SBR",NA,"Helz",16.355289831982,16040.5024377516,0.00101962453454635,0.00101858595931169,"Naïve pluripotency",FALSE,1011,FALSE
"SBR",NA,"Ddx17",3.51029665350223,21388.9092652908,0.000164117609269521,0.000164090679099564,"Exiting naïve pluripotency",FALSE,2003,FALSE
"SBR",NA,"Pipox",86.5182488388317,6330.2280345349,0.0136674774379101,0.0134831961586212,"Naïve pluripotency",FALSE,169,TRUE
"SBR",NA,"Ngfr",0.0032653992045532,38.8994444479756,8.3944623140322e-05,8.39375770320507e-05,"Epiblast",FALSE,2326,FALSE
"SBR",NA,"Zmym1",6.41970506869331,14847.6488982268,0.000432371826185895,0.000432184961584805,"Naïve pluripotency",FALSE,1488,FALSE
"SBR",NA,"Eif4g1",60.2144137942643,60200.7221346946,0.00100022743347728,0.000999227978241142,"Epiblast",FALSE,1023,FALSE
"SBR",NA,"Calb1",0.0568633958267711,175.770003429223,0.000323510239047518,0.000323405614020017,"Epiblast",FALSE,1648,FALSE
"SBR",NA,"Ldoc1",1.70332190611887,1420.959176227,0.00119871276713355,0.00119727757521833,"Epiblast",FALSE,923,FALSE
"SBR",NA,"Arpc3",28.4514854719611,78438.5030611475,0.00036272346311583,0.000362591942510744,"Naïve pluripotency",FALSE,1575,FALSE
"SBR",NA,"Rab20",0.551313806077321,1421.8634462085,0.000387740332974617,0.000387590048680084,"Epiblast",FALSE,1546,FALSE
"SBR",NA,"Rbbp6",1.08327536674228,32316.1022157173,3.35212260287817e-05,3.35201023938529e-05,"Exiting naïve pluripotency",FALSE,2652,FALSE
"SBR",NA,"Tacstd2",0.0457162286365149,151.290570721544,0.000302175002833834,0.00030208372068468,"Epiblast",FALSE,1678,FALSE
"SBR",NA,"Olfm1",2.15942168057326,1490.92548633044,0.00144837666293315,0.0014462819019783,"Epiblast",FALSE,813,FALSE
"SBR",NA,"Mrpl12",225.900753599706,146165.885074696,0.00154550942912748,0.00154312451563825,"Epiblast",FALSE,772,FALSE
"SBR",NA,"B430305J03Rik",0.0069206581779239,52.7214282646488,0.000131268412213415,0.000131251183079011,"Exiting naïve pluripotency",FALSE,2114,FALSE
"SBR",NA,"Mvd",45.0847267838587,19974.3462847007,0.00225713152967571,0.00225204836031529,"Naïve pluripotency",FALSE,609,FALSE
"SBR",NA,"Zfp106",34.7655441599261,51090.3444150102,0.000680471908302738,0.000680009181157573,"Epiblast",FALSE,1212,FALSE
"SBR",NA,"Hesx1",0.0632022535865184,99.3850542817197,0.000635933179725027,0.000635529025730886,"Naïve pluripotency",FALSE,1259,FALSE
"SBR",NA,"Auts2",4.87234209430597,12860.6793142756,0.000378855733452397,0.000378712256142829,"Epiblast",FALSE,1559,FALSE
"SBR",NA,"Rbm24",0.0167533231477676,190.138394152167,8.811120564298e-05,8.81034427424187e-05,"Exiting naïve pluripotency",FALSE,2303,FALSE
"SBR",NA,"D1Pas1",4.92227487361994,381.128876631608,0.0129149880143501,0.012750317812621,"Naïve pluripotency",FALSE,176,TRUE
"SBR",NA,"Park7",19.5858693416738,173618.649988332,0.000112809708766829,0.000112796984171895,"Naïve pluripotency",FALSE,2190,FALSE
"SBR",NA,"Gbp3",0.125078580332744,483.77272685569,0.000258548226035188,0.000258481396128756,"Exiting naïve pluripotency",FALSE,1746,FALSE
"SBR",NA,"Lxn",10.176333179883,2232.62351424669,0.00455801576707688,0.00453733452477247,"Exiting naïve pluripotency",FALSE,376,TRUE
"SBR",NA,"Tek",0.184741276962403,713.686971334512,0.000258854770204026,0.000258787781752249,"Exiting naïve pluripotency",FALSE,1745,FALSE
"SBR",NA,"2200002D01Rik",0.0185645900236048,93.8226122186084,0.000197869038013448,0.00019782989360271,"Epiblast",FALSE,1899,FALSE
"SBR",NA,"Fbp1",8.66144058655838,4580.93149674623,0.00189075968342038,0.0018871914578969,"Exiting naïve pluripotency",FALSE,685,FALSE
"SBR",NA,"Klk1",1.41644167207069,326.905583725298,0.00433287696077085,0.0043141841317419,"Exiting naïve pluripotency",FALSE,394,TRUE
"SBR",NA,"Prkch",0.0159867649632065,172.283171595188,9.27935376112671e-05,9.27849277695824e-05,"Exiting naïve pluripotency",FALSE,2285,FALSE
"SBR",NA,"Platr26",1.6700724810511,117.145146859086,0.0142564376402211,0.0140560484618567,"Naïve pluripotency",FALSE,163,TRUE
"SBR",NA,"Ercc5",9.5285860643894,5392.00456668966,0.00176716950932394,0.00176405213018662,"Epiblast",FALSE,711,FALSE
"SBR",NA,"Trim24",4.64009330677164,16256.03058078,0.000285438273735642,0.000285356821976979,"Naïve pluripotency",FALSE,1703,FALSE
"SBR",NA,"Uchl4",0.110557554657887,235.588894565351,0.000469281690301487,0.000469061568295862,"Epiblast",FALSE,1431,FALSE
"SBR",NA,"Sncg",1.09648283847013,1630.92847580704,0.000672305901046672,0.000671854209496984,"Exiting naïve pluripotency",FALSE,1217,FALSE
"SBR",NA,"Jdp2",0.128088515844312,810.992337112198,0.000157940476109075,0.000157915534854316,"Exiting naïve pluripotency",FALSE,2023,FALSE
"SBR",NA,"Cnn1",6.59795260550086,2628.18920878774,0.00251045570974861,0.00250416910412299,"Epiblast",FALSE,579,FALSE
"SBR",NA,"Arc",0.381176413202658,3268.4632281004,0.00011662251847459,0.000116608919248751,"Epiblast",FALSE,2168,FALSE
"SBR",NA,"Pnn",140.14236292586,83985.8196971115,0.00166864315227586,0.00166586342068631,"Epiblast",FALSE,732,FALSE
"SBR",NA,"She",0.00518009171869809,119.498486874282,4.33485967412104e-05,4.33467177218238e-05,"Exiting naïve pluripotency",FALSE,2577,FALSE
"SBR",NA,"Snrpb",20.4658550098811,171372.142496498,0.000119423464699341,0.00011940920443843,"Epiblast",FALSE,2159,FALSE
"SBR",NA,"Pdcl2",8.67180469224329,452.353103713151,0.0191704326135061,0.0188098398462625,"Naïve pluripotency",FALSE,124,TRUE
"SBR",NA,"Trim59",24.3625832320612,16222.9035491944,0.0015017400034577,0.00149948816209997,"Epiblast",FALSE,792,FALSE
"SBR",NA,"1700003F12Rik",0.0217888580318768,146.946833898933,0.000148277152040327,0.000148255169186065,"Exiting naïve pluripotency",FALSE,2049,FALSE
"SBR",NA,"Fhl2",0.100514207350924,490.361063696003,0.000204979992892007,0.000204937984705359,"Epiblast",FALSE,1880,FALSE
"SBR",NA,"Mif4gd",27.1860772085947,14465.4180763299,0.00187938413291213,0.00187585867388485,"Naïve pluripotency",FALSE,690,FALSE
"SBR",NA,"Ypel2",0.0152523102355294,198.595523456201,7.68008763243512e-05,7.67949784027126e-05,"Exiting naïve pluripotency",FALSE,2360,FALSE
"SBR",NA,"Itm2b",154.659649695812,55136.2894243415,0.00280504276422223,0.00279719650839625,"Exiting naïve pluripotency",FALSE,536,FALSE
"SBR",NA,"Pml",8.14009437008873,14074.1483919209,0.000578372072214432,0.000578037751322382,"Epiblast",FALSE,1317,FALSE
"SBR",NA,"Tns3",39.7195431604153,4052.49923707033,0.00980124630180799,0.00970611428506656,"Naïve pluripotency",FALSE,210,TRUE
"SBR",NA,"Ripply2",0.00710120997818679,63.6622720734264,0.000111545028898693,0.000111532587992942,"Exiting naïve pluripotency",FALSE,2196,FALSE
"SBR",NA,"Igfbp5",0.209006008687955,1002.36777232627,0.000208512299036608,0.000208468830721437,"Exiting naïve pluripotency",FALSE,1868,FALSE
"SBR",NA,"Zscan4b",4.53975076744074e-05,1.60369876438559,2.83080019032128e-05,2.83072005829248e-05,"Epiblast",FALSE,2679,FALSE
"SBR",NA,"Etv2",1.93300334490593,1369.81529185166,0.00141114160164834,0.00140915308710403,"Epiblast",FALSE,827,FALSE
"SBR",NA,"Crabp1",2.10365717793491,3012.65279551482,0.000698274019849481,0.000697786773474169,"Epiblast",FALSE,1197,FALSE
"SBR",NA,"Crxos",0.0337978631823878,144.63334857803,0.000233679600968056,0.000233625007569511,"Naïve pluripotency",FALSE,1805,FALSE
"SBR",NA,"Mesp2",0.0423113981383563,324.237172731741,0.000130495210595001,0.000130478183816926,"Exiting naïve pluripotency",FALSE,2119,FALSE
"SBR",NA,"2210409E12Rik",1.28750073169678,50.4781529126756,0.0255060983297879,0.024871717848708,"Naïve pluripotency",FALSE,82,TRUE
"SBR",NA,"Prrx2",1.06011376153267,2013.25523979502,0.000526566994873739,0.000526289867999514,"Epiblast",FALSE,1361,FALSE
"SBR",NA,"Cdx4",0.00857414916815938,69.204202679593,0.000123896365194129,0.000123881016786433,"Epiblast",FALSE,2139,FALSE
"SBR",NA,"Pomc",0.170175066121478,810.408645509101,0.000209986735783864,0.00020994265061196,"Exiting naïve pluripotency",FALSE,1858,FALSE
"SBR",NA,"Trpm1",0.0196418303066083,5.53718088411743,0.00354726181384969,0.00353472322513066,"Exiting naïve pluripotency",FALSE,460,TRUE
"SBR",NA,"Tmem140",0.000265022027263975,8.32941017357228,3.18176223455584e-05,3.18166100166766e-05,"Epiblast",FALSE,2660,FALSE
"SBR",NA,"Uncx",0.00200422908118381,30.4787971434924,6.57581423488603e-05,6.57538184999034e-05,"Epiblast",FALSE,2424,FALSE
"SBR",NA,"Tal1",0.0252920912754821,197.732821621112,0.000127910435243501,0.000127894076256542,"Epiblast",FALSE,2131,FALSE
"SBR",NA,"Ncbp3",161.873306747971,31455.0515739663,0.00514617839259706,0.00511983082980695,"Exiting naïve pluripotency",FALSE,351,TRUE
"SBR",NA,"Pcdh19",0.0050961147022348,104.916673419071,4.85729725901551e-05,4.85706133710831e-05,"Epiblast",FALSE,2536,FALSE
"SBR",NA,"Gpc3",3.60005943085521,5080.46586671053,0.00070860813266051,0.000708106362733088,"Exiting naïve pluripotency",FALSE,1185,FALSE
"SBR",NA,"Dlk1",0.158332024145689,333.063451139228,0.000475380963009066,0.000475155083327975,"Naïve pluripotency",FALSE,1419,FALSE
"SBR",NA,"Dmrt2",0.00103194618559703,22.2363924189925,4.64079858887374e-05,4.64058322875275e-05,"Epiblast",FALSE,2557,FALSE
"SBR",NA,"Vps35l",29.4171155039001,16504.781068558,0.00178233903144225,0.00177916795095976,"Exiting naïve pluripotency",FALSE,707,FALSE
"SBR",NA,"Khdc3",0.31754570779365,39.5990789073129,0.00801901752656695,0.00795522444233608,"Naïve pluripotency",FALSE,251,TRUE
"SBR",NA,"Fgf18",0.0380246509721623,328.923385305028,0.000115603367443455,0.000115590004849651,"Exiting naïve pluripotency",FALSE,2174,FALSE
"SBR",NA,"Epha5",0.0347520137184637,148.706904489146,0.000233694688473596,0.00023364008802601,"Epiblast",FALSE,1804,FALSE
"SBR",NA,"Pcp4",0.0443930609372427,134.018696675623,0.000331245281728796,0.000331135594625464,"Epiblast",FALSE,1637,FALSE
"SBR",NA,"Myl3",0.0014535959182172,25.6598578421175,5.66486348896017e-05,5.66454260035458e-05,"Epiblast",FALSE,2490,FALSE
"SBR",NA,"Bhmt",0.000376261671974714,16.2844447571616,2.31055880372735e-05,2.310505418141e-05,"Epiblast",FALSE,2707,FALSE
"SBR",NA,"Cck",0.0174281830370555,13.8743346404551,0.00125614550093365,0.00125456957900138,"Exiting naïve pluripotency",FALSE,889,FALSE
"SBR",NA,"Dpy30",109.695355666858,171502.632438822,0.000639613247370931,0.000639204403766504,"Naïve pluripotency",FALSE,1257,FALSE
"SBR",NA,"Lhx9",0.00607398400118019,149.394412274583,4.06573707055145e-05,4.06557177509266e-05,"Epiblast",FALSE,2602,FALSE
"SBR",NA,"Dnah7c",0.00637975564482264,49.3694139293401,0.000129224860841039,0.000129208163934035,"Epiblast",FALSE,2125,FALSE
"SBR",NA,"Nr2f2",0.00223518053850689,31.1936791219669,7.16549186060215e-05,7.16497845465416e-05,"Epiblast",FALSE,2384,FALSE
"SBR",NA,"Crygs",0.0498738717859781,99.8303276936145,0.000499586377589024,0.000499336915668129,"Exiting naïve pluripotency",FALSE,1393,FALSE
"SBR",NA,"Helt",0.000422529402364252,13.8926366585583,3.04139100984808e-05,3.04129851206855e-05,"Epiblast",FALSE,2663,FALSE
"SBR",NA,"Chp2",0.00540727430829123,214.90159213417,2.51616298166618e-05,2.51609967249764e-05,"Epiblast",FALSE,2699,FALSE
"SBR",NA,"4933408N05Rik",0.0892803130978937,16.5629742757318,0.00539035511446202,0.00536145496825294,"Naïve pluripotency",FALSE,339,TRUE
"SBR",NA,"Notch1",4.22483447693598,3182.06161570633,0.00132770354165445,0.00132594308232801,"Exiting naïve pluripotency",FALSE,858,FALSE
"SBR",NA,"Fbn2",0.0301711658908954,202.53020613307,0.000148971190357017,0.000148949001246998,"Epiblast",FALSE,2046,FALSE
"SBR",NA,"Gstm5",3.93612895877786,4689.79996103177,0.000839295703757883,0.000838591877198145,"Epiblast",FALSE,1110,FALSE
"SBR",NA,"Crct1",0.347729751461885,1627.41623541816,0.000213669830676439,0.000213624185632866,"Exiting naïve pluripotency",FALSE,1850,FALSE
"SBR",NA,"Clec10a",0.000429508407796852,12.4782598540761,3.44205372239103e-05,3.44193524913066e-05,"Epiblast",FALSE,2645,FALSE
"SBR",NA,"Stra8",0.178102634674893,80.7235607465471,0.00220632778122974,0.00220147061545131,"Naïve pluripotency",FALSE,618,FALSE
"SBR",NA,"Lfng",0.0301089465041133,198.174013272522,0.000151931860322719,0.000151908780539092,"Epiblast",FALSE,2035,FALSE
"SBR",NA,"Twf2",484.155315045215,19796.2112978256,0.024456968445189,0.023873104677405,"Naïve pluripotency",FALSE,86,TRUE
"SBR",NA,"A430089I19Rik",0.000221880301128876,3.76642927805227,5.89099873511011e-05,5.89065171689198e-05,"Epiblast",FALSE,2473,FALSE
"SBR",NA,"Pth1r",1.00033750051438,830.879132712668,0.00120395068443765,0.00120250293021178,"Epiblast",FALSE,922,FALSE
"SBR",NA,"Ihh",0.00121994587108103,21.5007041761245,5.67398100586731e-05,5.67365908352858e-05,"Epiblast",FALSE,2489,FALSE
"SBR",NA,"Dlx5",0.0307502172069748,235.565676228685,0.000130537766364242,0.000130520728479882,"Epiblast",FALSE,2118,FALSE
"SBR",NA,"Ptprz1",0.0403297265666497,132.701002771068,0.000303914256294095,0.000303821920481086,"Epiblast",FALSE,1677,FALSE
"SBR",NA,"Slc45a4",43.8353067705338,5399.97921616499,0.00811768064575352,0.00805231452795641,"Exiting naïve pluripotency",FALSE,245,TRUE
"SBR",NA,"Cmtm7",0.466992266719595,1952.37922647708,0.000239191372447784,0.000239134173616598,"Naïve pluripotency",FALSE,1789,FALSE
"SBR",NA,"Ncam1",0.543147301621351,1146.07634317072,0.000473918953879361,0.0004736944610959,"Naïve pluripotency",FALSE,1420,FALSE
"SBR",NA,"Tet2",5.06194924722305,433.972555893885,0.0116642151179274,0.0115297298684897,"Naïve pluripotency",FALSE,189,TRUE
"SBR",NA,"Lyl1",0.00441167878826715,44.2915374237913,9.96054561406442e-05,9.95955358818631e-05,"Epiblast",FALSE,2251,FALSE
"SBR",NA,"Cpn1",0.104504786174921,244.218725408023,0.000427914714567122,0.000427731681886557,"Exiting naïve pluripotency",FALSE,1495,FALSE
"SBR",NA,"Tmem185a",0.109212318261348,1599.97972336885,6.82585639469203e-05,6.8253905033379e-05,"Naïve pluripotency",FALSE,2404,FALSE
"SBR",NA,"Myl7",0.0827498945431205,1322.03762332468,6.25926925854196e-05,6.25887749854676e-05,"Epiblast",FALSE,2451,FALSE
"SBR",NA,"Nfatc2ip",0.389045612537889,4763.93786701665,8.16647117149585e-05,8.16580431344067e-05,"Exiting naïve pluripotency",FALSE,2338,FALSE
"SBR",NA,"Gzmm",0.141823563279455,305.97311858972,0.000463516415864055,0.00046330166793547,"Exiting naïve pluripotency",FALSE,1443,FALSE
"SBR",NA,"Lars2",1.66279216425765,2951.19708866365,0.000563429725057971,0.00056311245076466,"Naïve pluripotency",FALSE,1330,FALSE
"SBR",NA,"Ahnak",0.106663638553476,34.5227467744766,0.00308966257089182,0.00308014595920876,"Naïve pluripotency",FALSE,510,FALSE
"SBR",NA,"Ebf3",0.0863291532000826,240.95912102016,0.000358273025045024,0.000358144711455847,"Epiblast",FALSE,1588,FALSE
"SBR",NA,"Add3",0.516769456434763,3507.1602539253,0.000147346975621197,0.000147325267688571,"Naïve pluripotency",FALSE,2054,FALSE
"SBR",NA,"Acot13",0.592564193657901,5767.65933748369,0.000102739111134193,0.000102728556893569,"Exiting naïve pluripotency",FALSE,2234,FALSE
"SBR",NA,"Fzd2",33.7037493166115,9326.79403357796,0.00361364786177036,0.00360063642963539,"Epiblast",FALSE,456,TRUE
"SBR",NA,"Phf11a",1.45943247519603,106.819514080047,0.0136626017049879,0.0134784509974101,"Exiting naïve pluripotency",FALSE,170,TRUE
"SBR",NA,"1110017D15Rik",0.00185266367637895,28.4635438134676,6.50890025683434e-05,6.50847662658248e-05,"Epiblast",FALSE,2430,FALSE
"SBR",NA,"Tex19.2",4.61619689291669,635.506562229966,0.00726380680746811,0.00721142441372019,"Naïve pluripotency",FALSE,279,TRUE
"SBR",NA,"Hoxd1",0.0218586649336364,99.3729635140564,0.000219965915885606,0.000219917541522166,"Epiblast",FALSE,1833,FALSE
"SBR",NA,"Mme",0.0406702332337845,130.038502492873,0.000312755318264401,0.000312657532958173,"Naïve pluripotency",FALSE,1665,FALSE
"SBR",NA,"Cobl",5.24870662079471,553.469797293973,0.00948327559418185,0.00939418792114213,"Naïve pluripotency",FALSE,214,TRUE
"SBR",NA,"Meox2",0.00955927380491217,40.2161340877317,0.000237697481912572,0.000237640995246402,"Exiting naïve pluripotency",FALSE,1795,FALSE
"SBR",NA,"Rnf213",0.0321419372882692,982.239793387065,3.27231064192929e-05,3.2722035652638e-05,"Epiblast",FALSE,2656,FALSE
"SBR",NA,"Coch",0.0311231099857577,274.186683326816,0.000113510654887132,0.000113497771680741,"Epiblast",FALSE,2184,FALSE
"SBR",NA,"Prss50",27.4669520219442,5708.43135437148,0.00481164619784912,0.00478860512421021,"Naïve pluripotency",FALSE,366,TRUE
"SBR",NA,"Mllt3",0.921904745127614,1513.99242795294,0.000608922956354621,0.000608552394831263,"Naïve pluripotency",FALSE,1290,FALSE
"SBR",NA,"H4c4",0.829678018209621,1381.57384437388,0.000600531069394721,0.000600170648273494,"Epiblast",FALSE,1298,FALSE
"SBR",NA,"Smchd1",0.917300258004049,41927.3700034577,2.18783161912708e-05,2.18778375410235e-05,"Epiblast",FALSE,2713,FALSE
"SBR",NA,"Csnk2a3",1.91854223840104,12821.2426586881,0.000149637776109086,0.000149615387995155,"Naïve pluripotency",FALSE,2043,FALSE
"SBR",NA,"Lhx1os",0.000326693801472877,11.8066907432818,2.76702260249147e-05,2.76694604046913e-05,"Epiblast",FALSE,2685,FALSE
"SBR",NA,"Prss43",0.275400412313454,82.8749263233381,0.00332308485245555,0.00331207853444758,"Exiting naïve pluripotency",FALSE,485,TRUE
"SBR",NA,"BC048679",0.0376259249807988,23.5728823022932,0.00159615292259523,0.0015936092784879,"Exiting naïve pluripotency",FALSE,756,FALSE
"SBR",NA,"Efnb2",0.230787303661227,3842.96844459631,6.00544363006004e-05,6.00508299818565e-05,"Naïve pluripotency",FALSE,2466,FALSE
"SBR",NA,"Klhl6",0.000837574493881602,19.4502480946855,4.30624067006351e-05,4.30605524096145e-05,"Epiblast",FALSE,2580,FALSE
"SBR",NA,"Kcne3",0.00138456191845734,24.9928317440918,5.53983611234708e-05,5.53952923150626e-05,"Epiblast",FALSE,2497,FALSE
"SBR",NA,"Nrp1",0.0182215480145414,227.319957462321,8.01581533709449e-05,8.01517285563943e-05,"Naïve pluripotency",FALSE,2347,FALSE
"SBR",NA,"Klf17",0.00335029797552641,38.8056016545102,8.6335421503174e-05,8.63279683416397e-05,"Epiblast",FALSE,2310,FALSE
"SBR",NA,"Epb41l3",0.702651918752194,1402.08784515875,0.000501146858364382,0.000500895835989807,"Exiting naïve pluripotency",FALSE,1391,FALSE
"SBR",NA,"Pax1",0.00553294935424365,29.7226625472387,0.000186152547587217,0.000186117901265745,"Epiblast",FALSE,1937,FALSE
"SBR",NA,"Gss",44.1734625850498,4156.31263122985,0.0106280413684807,0.0105162739736465,"Naïve pluripotency",FALSE,198,TRUE
"SBR",NA,"Pdcd5-ps",4.00063059494403,11374.2279671579,0.00035172766068128,0.000351603991831747,"Exiting naïve pluripotency",FALSE,1600,FALSE
"SBR",NA,"Rnf7",10.619350259687,134051.95718706,7.92181664671141e-05,7.92118914463113e-05,"Exiting naïve pluripotency",FALSE,2351,FALSE
"SBR",NA,"Rgs12",0.184633599184259,2125.04214255092,8.68846765375783e-05,8.68771282463921e-05,"Naïve pluripotency",FALSE,2308,FALSE
"SBR",NA,"Ccer2",0.00467354839242173,47.1461451091725,9.91289612671317e-05,9.9119135690169e-05,"Epiblast",FALSE,2256,FALSE
"SBR",NA,"Oxt",0.00161714477246427,25.0004512611556,6.46846233122562e-05,6.46804394823926e-05,"Epiblast",FALSE,2433,FALSE
"SBR",NA,"Hspa1b",0.359622577344934,449.664673150703,0.000799757238711098,0.000799118138195491,"Naïve pluripotency",FALSE,1131,FALSE
"SBR",NA,"Rab18",2.63888288560898,12419.6598203648,0.000212476261328989,0.00021243112475781,"Epiblast",FALSE,1851,FALSE
"SBR",NA,"Naca",16.8078774070227,154774.798263016,0.000108595699013352,0.00010858390726804,"Naïve pluripotency",FALSE,2210,FALSE
"SBR",NA,"Fam136a",53.0430463285375,129882.048390573,0.000408393977349587,0.000408227259795297,"Epiblast",FALSE,1517,FALSE
"SBR",NA,"2610528A11Rik",0.0660799480276973,55.5064374751141,0.00119049160842513,0.00118907602339749,"Naïve pluripotency",FALSE,925,FALSE
"SBR",NA,"Kat6b",36.4032577131545,4037.7830340627,0.00901565473084041,0.00893509896359871,"Naïve pluripotency",FALSE,221,TRUE
"SBR",NA,"Commd7",0.821598886368506,12361.0258393036,6.64668852771201e-05,6.64624677239027e-05,"Naïve pluripotency",FALSE,2419,FALSE
"SBR",NA,"1110012L19Rik",1.85108064726454,7438.39698453991,0.000248854780285572,0.00024879286699132,"Naïve pluripotency",FALSE,1766,FALSE
"SBR",NA,"Mras",0.00133752897092641,24.9724796687223,5.35601185252597e-05,5.35572499926022e-05,"Epiblast",FALSE,2508,FALSE
"SBR",NA,"Krt17",19.9647170939818,3524.7449627836,0.00566415933770568,0.00563225733473081,"Exiting naïve pluripotency",FALSE,331,TRUE
"SBR",NA,"Pcolce2",8.55903267857389,3252.10907722458,0.0026318405918532,0.00262493218876794,"Naïve pluripotency",FALSE,555,FALSE
"SBR",NA,"Lrig3",0.306845449725074,2786.57681344666,0.000110115554053414,0.000110103429953221,"Exiting naïve pluripotency",FALSE,2204,FALSE
"SBR",NA,"Cldn11",0.00167582659926409,27.7182885516629,6.04592378111871e-05,6.04555827127348e-05,"Epiblast",FALSE,2463,FALSE
"SBR",NA,"Cox5b",49.99283709955,119602.510425626,0.000417991536478975,0.000417816892554089,"Naïve pluripotency",FALSE,1506,FALSE
"SBR",NA,"Cox7a2l",219.740647335084,154617.332278924,0.00142119026435329,0.00141917334900625,"Epiblast",FALSE,820,FALSE
"SBR",NA,"Zfp986",0.389403894961546,510.934889616654,0.0007621399573118,0.000761559542354699,"Epiblast",FALSE,1148,FALSE
"SBR",NA,"Slc20a1",281.49124560754,13134.1838851927,0.021431955580041,0.0209822646168049,"Exiting naïve pluripotency",FALSE,105,TRUE
"SBR",NA,"Plagl1",0.0753709296571867,195.65056162737,0.000385232370560406,0.00038508402372908,"Epiblast",FALSE,1551,FALSE
"SBR",NA,"Cxcl12",10.5805558394723,3361.59550256428,0.00314748036502348,0.00313760481547358,"Epiblast",FALSE,503,FALSE
"SBR",NA,"Smoc1",0.10740821740777,1245.76516550555,8.62186713690796e-05,8.62112383506519e-05,"Exiting naïve pluripotency",FALSE,2311,FALSE
"SBR",NA,"Gsn",0.0134474824557124,741.084685724305,1.81456758110841e-05,1.81453465515081e-05,"Naïve pluripotency",FALSE,2732,FALSE
"SBR",NA,"Rasgrp3",0.0168487722692157,310.155655914217,5.43236015463014e-05,5.43206506529196e-05,"Naïve pluripotency",FALSE,2503,FALSE
"SBR",NA,"Nt5e",0.00585398375624693,49.2899696054588,0.000118766227755973,0.000118752124014166,"Epiblast",FALSE,2162,FALSE
"SBR",NA,"Fbln1",0.164636368014987,3668.83400540793,4.48743027818403e-05,4.48722891691496e-05,"Exiting naïve pluripotency",FALSE,2563,FALSE
"SBR",NA,"Aox3",0.000590941997343568,16.6689776863509,3.54516040793222e-05,3.5450347307645e-05,"Epiblast",FALSE,2634,FALSE
"SBR",NA,"Icam2",0.96927727597459,57.215109375324,0.0169409319768359,0.0166587177722351,"Naïve pluripotency",FALSE,138,TRUE
"SBR",NA,"Slc16a1",5.98523398398207,11376.0161703569,0.000526127415287798,0.000525850750791457,"Exiting naïve pluripotency",FALSE,1362,FALSE
"SBR",NA,"Tenm4",0.503383972512303,1111.86979404518,0.000452736440191349,0.000452531562662595,"Naïve pluripotency",FALSE,1456,FALSE
"SBR",NA,"Apip",4.88926315387399,5695.21984371863,0.000858485411983957,0.000857749046940016,"Exiting naïve pluripotency",FALSE,1100,FALSE
"SBR",NA,"Fam183b",0.0516303259137027,204.087109244486,0.000252981808134938,0.000252917824526379,"Exiting naïve pluripotency",FALSE,1757,FALSE
"SBR",NA,"Dand5",0.133768285425852,814.572436337006,0.000164219017804464,0.000164192054346568,"Epiblast",FALSE,2002,FALSE
"SBR",NA,"Oxct1",0.326405182831521,24778.8839491076,1.31727152644127e-05,1.3172541746271e-05,"Exiting naïve pluripotency",FALSE,2752,FALSE
"SBR",NA,"Myf5",0.0198117213556067,203.468946008606,9.73697546689447e-05,9.73602747228804e-05,"Epiblast",FALSE,2262,FALSE
"SBR",NA,"Rnd3",1.42016023087868,1910.25558591815,0.000743439904768599,0.000742887612472729,"Epiblast",FALSE,1162,FALSE
"SBR",NA,"Hand2",0.000792331675149463,19.4257655687891,4.07876679219521e-05,4.07860043559506e-05,"Epiblast",FALSE,2601,FALSE
"SBR",NA,"Irf1",9.11852298398956,4642.57219824827,0.00196411010849334,0.00196025994212573,"Exiting naïve pluripotency",FALSE,664,FALSE
"SBR",NA,"1500009L16Rik",20.8588885072164,16494.2790085296,0.00126461353639221,0.00126301630887132,"Naïve pluripotency",FALSE,885,FALSE
"SBR",NA,"Lap3",139.569749963457,54828.465640179,0.00254557096088384,0.00253910748260955,"Naïve pluripotency",FALSE,570,FALSE
"SBR",NA,"2610016A17Rik",0.0104567123796252,38.9107679705446,0.000268735697726163,0.000268663498253507,"Exiting naïve pluripotency",FALSE,1727,FALSE
"SBR",NA,"Atp5j",137.31825185867,147921.89600942,0.000928315925925701,0.000927454954720655,"Naïve pluripotency",FALSE,1061,FALSE
"SBR",NA,"Pde6a",0.154603459422082,327.453452334493,0.000472138737032323,0.000471915927242449,"Exiting naïve pluripotency",FALSE,1426,FALSE
"SBR",NA,"Trim54",3.11652983204854,2982.77705451823,0.00104484169453017,0.00104375113982057,"Exiting naïve pluripotency",FALSE,998,FALSE
"SBR",NA,"Ndufa13",78.9667734665832,80752.0789397221,0.000977891523084234,0.000976936185469869,"Exiting naïve pluripotency",FALSE,1030,FALSE
"SBR",NA,"Nid1",0.403181186364212,330.570491877107,0.00121965268005258,0.00121816693948009,"Naïve pluripotency",FALSE,914,FALSE
"SBR",NA,"Rtn1",1.40721791997285,1891.43335036698,0.000743995509913064,0.000743442392111454,"Epiblast",FALSE,1161,FALSE
"SBR",NA,"St3gal6",0.0735962011812056,311.005259727421,0.000236639731577879,0.00023658374646362,"Naïve pluripotency",FALSE,1797,FALSE
"SBR",NA,"Atp1a4",0.0158976384188501,19.4107590128413,0.000819011683589132,0.000818341452378469,"Exiting naïve pluripotency",FALSE,1122,FALSE
"SBR",NA,"Txn2",91.540190199465,114022.665298297,0.000802824508267589,0.000802180498103657,"Epiblast",FALSE,1130,FALSE
"SBR",NA,"Pifo",0.258318024978855,524.400047996918,0.000492597256551686,0.000492354723965411,"Epiblast",FALSE,1402,FALSE
"SBR",NA,"B4galt6",2.94347712105014,3972.8634722534,0.000740895613858235,0.0007403470939436,"Naïve pluripotency",FALSE,1165,FALSE
"SBR",NA,"Palld",136.365637606595,9466.80555472792,0.0144046095399615,0.0142000631744902,"Naïve pluripotency",FALSE,162,TRUE
"SBR",NA,"Kcnc1",0.0639253143420682,59.6008407087004,0.0010725572589572,0.00107140811240893,"Naïve pluripotency",FALSE,987,FALSE
"SBR",NA,"Kcnk3",0.00078028264554448,19.4413976207905,4.01351106933819e-05,4.01334999309197e-05,"Epiblast",FALSE,2605,FALSE
"SBR",NA,"Hmces",137.090822296972,4061.32431821323,0.0337552018887487,0.0326529935008553,"Naïve pluripotency",FALSE,61,TRUE
"SBR",NA,"Cdh1",31.1534194790722,21472.1204721843,0.0014508776401208,0.00144877564393346,"Epiblast",FALSE,810,FALSE
"SBR",NA,"Trim28",99.8044232040191,130409.932736602,0.000765313048704665,0.000764727792546322,"Naïve pluripotency",FALSE,1147,FALSE
"SBR",NA,"Slc9a3r1",88.5060776424137,52831.1014341203,0.0016752646687251,0.0016724628508014,"Epiblast",FALSE,729,FALSE
"SBR",NA,"Fstl1",3.23007109664494,2993.11275514684,0.00107916786331909,0.00107800451548946,"Exiting naïve pluripotency",FALSE,982,FALSE
"SBR",NA,"Oas1e",0.00237346503631798,62.4754052200158,3.79903904257923e-05,3.79889472108559e-05,"Epiblast",FALSE,2614,FALSE
"SBR",NA,"Hpgd",0.0412065912972113,137.933796700933,0.000298741804276984,0.000298652584265108,"Epiblast",FALSE,1683,FALSE
"SBR",NA,"Trf",0.0302714296481438,923.934018850468,3.27636270886601e-05,3.27625536685693e-05,"Exiting naïve pluripotency",FALSE,2655,FALSE
"SBR",NA,"Qrfpr",0.0162711920849141,15.9642532010776,0.00101922663590776,0.00101818887069037,"Exiting naïve pluripotency",FALSE,1012,FALSE
"SBR",NA,"Hax1",5.62769317760233,35182.5495616486,0.000159956945921193,0.000159931363788685,"Epiblast",FALSE,2015,FALSE
"SBR",NA,"Esam",0.0575609111017025,77.3450145715668,0.000744209713070024,0.00074365627684561,"Naïve pluripotency",FALSE,1160,FALSE
"SBR",NA,"Nacad",0.0341691245713959,132.62853471865,0.000257630265190521,0.000257563908932359,"Epiblast",FALSE,1747,FALSE
"SBR",NA,"Tfpi",1.85322430271637,1603.01230891172,0.00115608862914753,0.00115475363160457,"Naïve pluripotency",FALSE,948,FALSE
"SBR",NA,"Ube2k",6.74049538191787,130360.61830732,5.1706531231905e-05,5.17038578047666e-05,"Naïve pluripotency",FALSE,2523,FALSE
"SBR",NA,"Srsf2",4.87733815459635,174228.750909986,2.79938766083227e-05,2.79930929731321e-05,"Epiblast",FALSE,2681,FALSE
"SBR",NA,"Rhobtb3",6.95521300640105,5585.66480458911,0.0012451898296308,0.00124364126018191,"Epiblast",FALSE,898,FALSE
"SBR",NA,"Vegfc",29.6830129598785,1256.06944872073,0.0236316654227278,0.0230861023754757,"Naïve pluripotency",FALSE,93,TRUE
"SBR",NA,"Tbc1d12",0.208581232801869,1127.98242253903,0.000184915321935924,0.000184881134581403,"Epiblast",FALSE,1943,FALSE
"SBR",NA,"Prss23",0.117847142868892,352.232026823278,0.000334572480338416,0.000334460579032913,"Epiblast",FALSE,1629,FALSE
"SBR",NA,"Tubb4b-ps1",0.0871037487178214,82.6586314840166,0.0010537768065355,0.00105266752990749,"Naïve pluripotency",FALSE,991,FALSE
"SBR",NA,"Serbp1",3.25084206784435,166191.564579435,1.95608127047299e-05,1.95604300868205e-05,"Exiting naïve pluripotency",FALSE,2726,FALSE
"SBR",NA,"Dqx1",0.0191197455614619,228.580934523885,8.36454081408267e-05,8.36384121717043e-05,"Naïve pluripotency",FALSE,2327,FALSE
"SBR",NA,"Ptgr1",17.9655858954001,16675.7109355406,0.00107735052285599,0.00107619108782483,"Exiting naïve pluripotency",FALSE,985,FALSE
"SBR",NA,"Tbx18",0.000404813493818523,13.8837453524371,2.91573695384339e-05,2.9156519411023e-05,"Epiblast",FALSE,2671,FALSE
"SBR",NA,"Msc",0.0865192365119864,198.6133580273,0.000435616402498437,0.000435426723475605,"Naïve pluripotency",FALSE,1482,FALSE
"SBR",NA,"Sh3gl3",1.07010082590719,11199.0270205517,9.55530175919222e-05,9.55438880851032e-05,"Epiblast",FALSE,2272,FALSE
"SBR",NA,"Taf7",18.3366436048738,99030.1575653719,0.000185162217809958,0.000185127939110174,"Epiblast",FALSE,1941,FALSE
"SBR",NA,"Krt12",2.31943465446116,1289.70695184521,0.00179841990550078,0.00179519139755723,"Naïve pluripotency",FALSE,702,FALSE
"SBR",NA,"Usp9y",0.000784247845144554,19.4284976344346,4.03658512305435e-05,4.03642218943675e-05,"Epiblast",FALSE,2604,FALSE
"SBR",NA,"Reep5",45.8026244526325,30000.3818189296,0.0015267347172139,0.00152440735158706,"Epiblast",FALSE,778,FALSE
"SBR",NA,"Zfhx2",3.51856783710043,2952.77354920773,0.00119161452053935,0.00119019626538722,"Naïve pluripotency",FALSE,924,FALSE
"SBR",NA,"Slc25a20",1.60732062613054,1376.74811008957,0.00116747618126453,0.00116611477004588,"Naïve pluripotency",FALSE,940,FALSE
"SBR",NA,"Prdx4",28.102773706682,54112.954434372,0.000519335416083499,0.000519065846805973,"Exiting naïve pluripotency",FALSE,1370,FALSE
"SBR",NA,"Ddx39b",147.947591017242,154012.202877367,0.000960622523755769,0.000959700613730158,"Exiting naïve pluripotency",FALSE,1039,FALSE
"SBR",NA,"Dbn1",4.96038601291496,2227.07584709375,0.00222730897081394,0.00222235909047536,"Epiblast",FALSE,615,FALSE
"SBR",NA,"Rgs8",0.00525364390314681,49.9485613045985,0.00010518108561944,0.00010517002372217,"Epiblast",FALSE,2222,FALSE
"SBR",NA,"Nkx3-1",0.04944070099696,94.0775996305188,0.000525531063623369,0.000525255025790992,"Naïve pluripotency",FALSE,1363,FALSE
"SBR",NA,"Lmcd1",0.0652188875318213,49.8045641315583,0.00130949620118241,0.00130778366344316,"Naïve pluripotency",FALSE,868,FALSE
"SBR",NA,"E030024N20Rik",0.104867989732677,243.389334122311,0.00043086518195566,0.000430679617104072,"Naïve pluripotency",FALSE,1492,FALSE
"SBR",NA,"Ecscr",0.293391458105576,850.964502378596,0.000344775201886207,0.000344656372915654,"Naïve pluripotency",FALSE,1612,FALSE
"SBR",NA,"Tff3",0.0272796676205163,130.167491584981,0.000209573583145423,0.000209529671261441,"Epiblast",FALSE,1861,FALSE
"SBR",NA,"Crygb",0.0856746703642168,200.333898581937,0.00042765937752255,0.000427476563161643,"Epiblast",FALSE,1496,FALSE
"SBR",NA,"Tgm1",0.074415340337153,155.549009595916,0.000478404462557934,0.000478175701168609,"Naïve pluripotency",FALSE,1414,FALSE
"SBR",NA,"AU015836",0.000330216059352364,11.7970212911469,2.79914777809358e-05,2.79906942800388e-05,"Epiblast",FALSE,2682,FALSE
"SBR",NA,"Ndufa6",55.5592685717682,78839.7990174955,0.000704710936153439,0.000704214668375236,"Naïve pluripotency",FALSE,1190,FALSE
"SBR",NA,"Phpt1",1.62529698167611,6265.30509913864,0.000259412264200758,0.000259344986930489,"Exiting naïve pluripotency",FALSE,1744,FALSE
"SBR",NA,"Rpp25",60.4926575423029,5286.18487675398,0.0114435380057023,0.0113140650720513,"Naïve pluripotency",FALSE,192,TRUE
"SBR",NA,"Pcsk5",0.00174303910886899,26.647765244957,6.5410329641014e-05,6.54060514096308e-05,"Epiblast",FALSE,2427,FALSE
"SBR",NA,"Pappa",0.000408099686515567,13.8942773511235,2.93717820799488e-05,2.93709194037046e-05,"Epiblast",FALSE,2668,FALSE
"SBR",NA,"Col23a1",0.0111698488048359,36.0654099030278,0.000309710851335648,0.000309614960222732,"Exiting naïve pluripotency",FALSE,1667,FALSE
"SBR",NA,"Dlx6",0.000587663548582417,16.6582060252315,3.52777212439507e-05,3.52764767702367e-05,"Epiblast",FALSE,2635,FALSE
"SBR",NA,"Tspan3",4.95047055487535,5976.16635174768,0.000828368934781682,0.000827683307641794,"Epiblast",FALSE,1117,FALSE
"SBR",NA,"Doc2a",3.59513287751749,10690.9451465785,0.000336278301705445,0.000336165256623856,"Exiting naïve pluripotency",FALSE,1626,FALSE
"SBR",NA,"Car3",0.715494230559083,1089.74556851697,0.000656569984067745,0.000656139182774965,"Epiblast",FALSE,1235,FALSE
"SBR",NA,"Capn6",0.00039439383432913,13.8704560680972,2.84340927502922e-05,2.84332842756499e-05,"Epiblast",FALSE,2678,FALSE
"SBR",NA,"Cyb5b",56.9718452318641,49248.1813783717,0.00115683145320945,0.00115549474054956,"Exiting naïve pluripotency",FALSE,946,FALSE
"SBR",NA,"Sars",242.870637683844,58352.6808358876,0.00416211619080362,0.00414486478198582,"Exiting naïve pluripotency",FALSE,415,TRUE
"SBR",NA,"Selenow",24.0375095219903,64359.0189061272,0.000373490925289755,0.000373351481899322,"Epiblast",FALSE,1567,FALSE
"SBR",NA,"Shmt2",74.7635794469244,15257.1461214278,0.00490023355953334,0.00487633836264109,"Exiting naïve pluripotency",FALSE,362,TRUE
"SBR",NA,"Smap1",20.0167764479053,20042.631650129,0.000998709989652306,0.000997713563149977,"Epiblast",FALSE,1025,FALSE
"SBR",NA,"Sec61b",237.423578861701,170290.700728667,0.00139422515642824,0.00139228399905187,"Epiblast",FALSE,838,FALSE
"SBR",NA,"Fah",0.281599575607051,679.001719020931,0.000414725865514886,0.000414553939273619,"Naïve pluripotency",FALSE,1509,FALSE
"SBR",NA,"Col3a1",0.00134947620188168,25.0166303439888,5.39431643401143e-05,5.39402546320941e-05,"Epiblast",FALSE,2504,FALSE
"SBR",NA,"Rbmx",0.693046605372623,2865.80363634142,0.000241833249348999,0.0002417747801683,"Naïve pluripotency",FALSE,1781,FALSE
"SBR",NA,"Crot",3.13841373550436,3569.34746156486,0.000879268204986811,0.000878495771586639,"Epiblast",FALSE,1088,FALSE
"SBR",NA,"4931440P22Rik",0.0994673760137672,398.931935805369,0.000249334202369538,0.000249272050321698,"Exiting naïve pluripotency",FALSE,1765,FALSE
"SBR",NA,"Ppig",34.6308235974718,95898.3726685904,0.000361120033987964,0.000360989673384842,"Epiblast",FALSE,1578,FALSE
"SBR",NA,"Tpd52",305.239881025466,53848.3837962307,0.00566850589574858,0.00563655505021472,"Exiting naïve pluripotency",FALSE,328,TRUE
"SBR",NA,"Pla1a",31.5942533988468,1189.29130706134,0.0265656136652626,0.025878144866369,"Naïve pluripotency",FALSE,80,TRUE
"SBR",NA,"Emx2",0.00103366116289561,22.2347330567552,4.64885798384511e-05,4.64864187508616e-05,"Epiblast",FALSE,2554,FALSE
"SBR",NA,"G3bp1",11.8625416404612,170406.90395608,6.96130342437217e-05,6.96081886065046e-05,"Naïve pluripotency",FALSE,2395,FALSE
"SBR",NA,"Cd55",1.4679342629469,409.460965198403,0.00358504079194855,0.00357223418667094,"Naïve pluripotency",FALSE,458,TRUE
"SBR",NA,"6330403L08Rik",0.0145300367157274,22.1877867120373,0.000654866431893567,0.000654437862505652,"Exiting naïve pluripotency",FALSE,1238,FALSE
"SBR",NA,"Igfbpl1",0.147870572285002,2470.45654392086,5.98555650164635e-05,5.9851982542231e-05,"Epiblast",FALSE,2469,FALSE
"SBR",NA,"Col14a1",0.0312045616544328,103.708873821377,0.0003008861296496,0.000300795624418354,"Exiting naïve pluripotency",FALSE,1680,FALSE
"SBR",NA,"Dpp7",0.230132994958289,1220.61505894338,0.000188538551341077,0.000188503011256412,"Exiting naïve pluripotency",FALSE,1929,FALSE
"SBR",NA,"Nkd2",0.119903394570882,411.510568671145,0.00029137379134168,0.000291288917385445,"Epiblast",FALSE,1691,FALSE
"SBR",NA,"Bdh1",1.58713598762266,1682.10929383205,0.000943539158509114,0.000942649731574616,"Naïve pluripotency",FALSE,1048,FALSE
"SBR",NA,"Alx1",0.0262143016835011,176.948443973544,0.000148146551022627,0.000148124606872998,"Epiblast",FALSE,2050,FALSE
"SBR",NA,"Oas1a",7.41802319078808,861.389451687394,0.00861169494966156,0.0085381668612234,"Naïve pluripotency",FALSE,233,TRUE
"SBR",NA,"Ppih",54.4896555077462,75524.5390778781,0.000721482794506809,0.00072096263237207,"Epiblast",FALSE,1181,FALSE
"SBR",NA,"Strbp",13.0557589057401,10691.8123612076,0.00122109876835376,0.00121960950468971,"Epiblast",FALSE,911,FALSE
"SBR",NA,"Usp50",7.59719229378413,7084.05091962695,0.00107243614987796,0.00107128726269054,"Naïve pluripotency",FALSE,988,FALSE
"SBR",NA,"Ppid",17.2530050709279,150362.821018278,0.00011474249388305,0.000114729329553656,"Exiting naïve pluripotency",FALSE,2178,FALSE
"SBR",NA,"Ripply1",0.168738673606231,96.9157422898526,0.0017410863252904,0.00173806021242202,"Naïve pluripotency",FALSE,715,FALSE
"SBR",NA,"Col26a1",0.0163599975123254,194.248002786178,8.42222173595985e-05,8.42151245750716e-05,"Exiting naïve pluripotency",FALSE,2324,FALSE
"SBR",NA,"4933402E13Rik",0.0391384103569417,135.057131419545,0.000289791512270176,0.000289707557478978,"Naïve pluripotency",FALSE,1694,FALSE
"SBR",NA,"Krtdap",0.00185523745972602,27.7694642093223,6.68085435765522e-05,6.68040804932295e-05,"Epiblast",FALSE,2416,FALSE
"SBR",NA,"Scn1b",2.39645306385943,1653.52539039455,0.00144929922321157,0.00144720179477457,"Epiblast",FALSE,812,FALSE
"SBR",NA,"Prorp",164.12351826099,6937.47216629609,0.0236575389892505,0.02311079446805,"Naïve pluripotency",FALSE,92,TRUE
"SBR",NA,"Uqcr11",37.8901084364063,93272.2074416626,0.000406231496773622,0.000406066539755387,"Epiblast",FALSE,1522,FALSE
"SBR",NA,"Vwf",0.197602506023943,38.5321536055759,0.00512824972220988,0.00510208495644928,"Naïve pluripotency",FALSE,352,TRUE
"SBR",NA,"Ndufb4",11.5091933608239,5423.62322055464,0.00212204883945587,0.00211755528372356,"Naïve pluripotency",FALSE,629,FALSE
"SBR",NA,"Ablim1",0.10984384376052,880.521548107774,0.000124748615177644,0.000124733054901778,"Naïve pluripotency",FALSE,2138,FALSE
"SBR",NA,"Ddx21",67.5808528837931,59931.0295800183,0.00112764378248435,0.00112637363425892,"Epiblast",FALSE,959,FALSE
"SBR",NA,"Terf1",2.31400722097607,55703.5563160799,4.1541462951587e-05,4.15397373301276e-05,"Exiting naïve pluripotency",FALSE,2594,FALSE
"SBR",NA,"2810025M15Rik",93.0679589462509,97322.5436057447,0.000956283667669752,0.000955370062882037,"Naïve pluripotency",FALSE,1042,FALSE
"SBR",NA,"Smyd2",2.5437579192642,7146.62821402037,0.000355938191142196,0.000355811544224757,"Epiblast",FALSE,1592,FALSE
"SBR",NA,"Kdelr3",0.0175422329121303,206.545445183165,8.49315892518172e-05,8.49243764895558e-05,"Exiting naïve pluripotency",FALSE,2320,FALSE
"SBR",NA,"Nkx2-5",0.0202680168823439,97.097133992425,0.000208739599707702,0.000208696036580566,"Epiblast",FALSE,1867,FALSE
"SBR",NA,"Psmd7",3.79853795543106,161282.106492758,2.35521350634246e-05,2.35515803734227e-05,"Epiblast",FALSE,2705,FALSE
"SBR",NA,"Dis3l",0.247445280344285,1437.44567160831,0.00017214235308624,0.000172112725196728,"Naïve pluripotency",FALSE,1978,FALSE
"SBR",NA,"Grem1",0.000810720675293758,19.4247754603174,4.17364245445189e-05,4.1734682688084e-05,"Epiblast",FALSE,2590,FALSE
"SBR",NA,"Rtkn",3.04851277846569,1389.8886884371,0.00219335030483173,0.002188550047917,"Exiting naïve pluripotency",FALSE,621,FALSE
"SBR",NA,"Dach1",0.00566652014123992,50.7323857743212,0.000111694335970064,0.000111681861738677,"Epiblast",FALSE,2195,FALSE
"SBR",NA,"Sema6d",0.066348110653444,99.8831330848149,0.000664257403670999,0.000663816458673646,"Naïve pluripotency",FALSE,1224,FALSE
"SBR",NA,"Ly75",2.70277500206527,1149.53116131857,0.00235119768216204,0.00234568251886061,"Exiting naïve pluripotency",FALSE,597,FALSE
"SBR",NA,"Rhbg",0.746980372519272,352.917791620816,0.00211658462750965,0.00211211415914885,"Naïve pluripotency",FALSE,632,FALSE
"SBR",NA,"Serpinb1a",0.215978200937153,152.015163368727,0.00142076748234173,0.00141875176596713,"Naïve pluripotency",FALSE,821,FALSE
"SBR",NA,"H4c8",0.0421131114254547,277.365637751786,0.000151832475597218,0.00015180942599625,"Epiblast",FALSE,2036,FALSE
"SBR",NA,"Caprin1",30.3844103791421,72005.1378818804,0.000421975587755775,0.000421797599465826,"Epiblast",FALSE,1502,FALSE
"SBR",NA,"Serpinb6c",0.348624652250691,71.6955472639649,0.00486257048805477,0.00483904031343615,"Naïve pluripotency",FALSE,365,TRUE
"SBR",NA,"Ak4",0.5206549658664,1125.71753038753,0.000462509423378316,0.000462295607303552,"Exiting naïve pluripotency",FALSE,1444,FALSE
"SBR",NA,"Spred1",2.19921816459372,3156.33606140629,0.000696762994119793,0.000696277853477864,"Exiting naïve pluripotency",FALSE,1199,FALSE
"SBR",NA,"Fgf9",0.0559496738843525,258.768942380101,0.000216214795213596,0.000216168056481532,"Epiblast",FALSE,1842,FALSE
"SBR",NA,"BC051019",0.0306296888723514,333.858949316318,9.17443996486402e-05,9.17359833859183e-05,"Naïve pluripotency",FALSE,2290,FALSE
"SBR",NA,"Mgst1",0.967550642353311,1930.04449784717,0.000501310018205562,0.000501058832393173,"Epiblast",FALSE,1390,FALSE
"SBR",NA,"Rtl1",0.0146049150769207,88.3294046298015,0.000165346015159182,0.000165318680374151,"Epiblast",FALSE,1997,FALSE
"SBR",NA,"Rimklb",1.96573287788384,1532.92414046814,0.00128234191503013,0.00128069962022655,"Exiting naïve pluripotency",FALSE,880,FALSE
"SBR",NA,"Has2",3.07109425941372,2036.31086793991,0.00150816572644464,0.00150589458783962,"Epiblast",FALSE,788,FALSE
"SBR",NA,"Ppp1cc",89.0122931119919,145545.924124134,0.00061157530619734,0.00061120151044644,"Exiting naïve pluripotency",FALSE,1286,FALSE
"SBR",NA,"Pou6f2",0.067948801460383,30.488318531458,0.00222868313942185,0.00222372715620214,"Naïve pluripotency",FALSE,613,FALSE
"SBR",NA,"Ankmy1",0.00597769445797789,58.1852362870881,0.000102735587915871,0.000102725034399069,"Epiblast",FALSE,2235,FALSE
"SBR",NA,"Fam169a",0.501039740991554,13026.8416358433,3.8462104245817e-05,3.84606249692501e-05,"Exiting naïve pluripotency",FALSE,2611,FALSE
"SBR",NA,"Nfia",0.00745685104758454,57.5790635066308,0.000129506292625371,0.000129489522917324,"Epiblast",FALSE,2124,FALSE
"SBR",NA,"Frem1",0.00466204424608314,40.1992078510159,0.00011597353518411,0.000115960086882894,"Epiblast",FALSE,2172,FALSE
"SBR",NA,"Acp6",217.475133692909,11240.2417696289,0.0193479053342542,0.0189806691444662,"Naïve pluripotency",FALSE,122,TRUE
"SBR",NA,"Cxxc5",0.808219727127064,10717.9728368658,7.54078909723575e-05,7.54022050510999e-05,"Naïve pluripotency",FALSE,2367,FALSE
"SBR",NA,"Adssl1",0.359672307535592,598.396962342453,0.000601059714821475,0.000600698659056769,"Epiblast",FALSE,1297,FALSE
"SBR",NA,"Ntm",0.00987705523929348,67.5144896475343,0.000146295340316687,0.000146273941120691,"Epiblast",FALSE,2061,FALSE
"SBR",NA,"Srrt",9.66049751363797,74253.7908007345,0.000130101068369191,0.000130084144283042,"Exiting naïve pluripotency",FALSE,2121,FALSE
"SBR",NA,"Cpa1",0.00412321944668812,44.4575768395524,9.27450333509817e-05,9.2736432507456e-05,"Epiblast",FALSE,2286,FALSE
"SBR",NA,"Trp53",164.127332458876,127795.845808333,0.00128429317416963,0.00128264588082001,"Naïve pluripotency",FALSE,878,FALSE
"SBR",NA,"Wnt9a",0.00581438367286879,52.6905259582967,0.000110349698871306,0.000110337523158852,"Epiblast",FALSE,2200,FALSE
"SBR",NA,"Rfc5",12.9806680957158,114267.783904761,0.000113598668427269,0.000113585765235586,"Exiting naïve pluripotency",FALSE,2183,FALSE
"SBR",NA,"Tfdp2",5.39895554760672,26664.3446572126,0.000202478463919282,0.000202437474690367,"Exiting naïve pluripotency",FALSE,1884,FALSE
"SBR",NA,"Hipk2",2.12001415151855,1706.95571589128,0.00124198544331397,0.00124044482889325,"Epiblast",FALSE,900,FALSE
"SBR",NA,"Gja1",12.5496583096143,6006.94852983422,0.00208919025147043,0.00208483463527449,"Epiblast",FALSE,638,FALSE
"SBR",NA,"Hmgb1-rs17",0.00959700074545125,74.3065444191642,0.000129154179089724,0.000129137500441864,"Epiblast",FALSE,2126,FALSE
"SBR",NA,"Hook1",13.0210744680204,8318.36040355199,0.00156534146590479,0.001562895001552,"Epiblast",FALSE,764,FALSE
"SBR",NA,"Cdo1",3.50425632011159,3200.58514675064,0.00109487989209387,0.00109368244118069,"Naïve pluripotency",FALSE,972,FALSE
"SBR",NA,"Lix1",0.0723029318649547,492.998439169862,0.000146659555325778,0.000146638049454651,"Naïve pluripotency",FALSE,2058,FALSE
"SBR",NA,"Ddx39",7.9591864953,171294.079100898,4.64650415068448e-05,4.6462882607076e-05,"Epiblast",FALSE,2555,FALSE
"SBR",NA,"Ankrd2",0.00105116915433254,22.2129934670842,4.73222645966284e-05,4.73200253058701e-05,"Epiblast",FALSE,2546,FALSE
"SBR",NA,"Enox1",95.6302014315676,1721.1738182474,0.055561036554079,0.0526364981559571,"Exiting naïve pluripotency",FALSE,29,TRUE
"SBR",NA,"Timp3",0.0567491148338312,3122.47521645265,1.81744004035049e-05,1.81740701006779e-05,"Exiting naïve pluripotency",FALSE,2731,FALSE
"SBR",NA,"Meis1",0.00394599045825613,40.893366003263,9.64946357788514e-05,9.64853254625129e-05,"Epiblast",FALSE,2268,FALSE
"SBR",NA,"Atp6v0d1",43.5960921727349,13477.9788009825,0.00323461646708904,0.00322418745724684,"Naïve pluripotency",FALSE,491,TRUE
"SBR",NA,"Bmyc",33.4664348494177,8669.7782815445,0.00386012580283146,0.00384528252852392,"Epiblast",FALSE,441,TRUE
"SBR",NA,"Arf4",4.7097036256871,21856.9396367752,0.000215478639917312,0.000215432218875794,"Epiblast",FALSE,1845,FALSE
"SBR",NA,"Scn9a",0.0522221082824343,223.451527396283,0.000233706651688356,0.000233652045651107,"Epiblast",FALSE,1803,FALSE
"SBR",NA,"Pcolce",8.58396210308357,1696.63606297815,0.00505940094660957,0.00503393226494314,"Naïve pluripotency",FALSE,356,TRUE
"SBR",NA,"Tmx2",0.0293871115731328,171.282203647246,0.000171571307160756,0.000171541875496944,"Epiblast",FALSE,1980,FALSE
"SBR",NA,"Morf4l1-ps1",0.00347300814497725,23.2994398133794,0.00014905972730653,0.000149037511815661,"Epiblast",FALSE,2044,FALSE
"SBR",NA,"Srxn1",18.7430410574408,4117.10976702906,0.00455247543010395,0.00453184432018326,"Exiting naïve pluripotency",FALSE,377,TRUE
"SBR",NA,"Appl1",0.187431105368173,8406.28744200473,2.22965377595362e-05,2.22960406350243e-05,"Epiblast",FALSE,2712,FALSE
"SBR",NA,"Pafah1b3",26.6033809011482,45771.0340103638,0.000581227439500808,0.000580889810403675,"Exiting naïve pluripotency",FALSE,1314,FALSE
"SBR",NA,"Eno2",0.0228560756445032,108.346253717642,0.000210954000348435,0.00021090950814398,"Epiblast",FALSE,1854,FALSE
"SBR",NA,"Wfdc3",0.000258110250026558,6.93827628343641,3.72009184244708e-05,3.71995345676199e-05,"Epiblast",FALSE,2618,FALSE
"SBR",NA,"Ier3ip1",10.3067522969164,22121.9150226106,0.000465906874987178,0.00046568990685796,"Epiblast",FALSE,1436,FALSE
"SBR",NA,"Cd274",0.034025607394012,91.6821081678855,0.000371125927118793,0.000370988243762877,"Exiting naïve pluripotency",FALSE,1568,FALSE
"SBR",NA,"Sim1",0.000844422893066758,19.4422682212379,4.34323240199077e-05,4.34304377350637e-05,"Epiblast",FALSE,2575,FALSE
"SBR",NA,"Pcbd1",7.52993032602466,5765.65897426446,0.00130599648013092,0.00130429307796205,"Epiblast",FALSE,869,FALSE
"SBR",NA,"Serping1",0.164754943014239,887.265921450013,0.000185688347801062,0.000185653874039928,"Epiblast",FALSE,1939,FALSE
"SBR",NA,"Lgalsl",0.0908726653566234,1878.76849124828,4.83682081001082e-05,4.83658687297046e-05,"Naïve pluripotency",FALSE,2538,FALSE
"SBR",NA,"Bmp4",0.555666520718996,1613.17690313914,0.000344454795774538,0.000344336187523387,"Epiblast",FALSE,1614,FALSE
"SBR",NA,"Mindy1",40.1131534926786,1771.3078521244,0.0226460654169004,0.0221445778580963,"Naïve pluripotency",FALSE,99,TRUE
"SBR",NA,"Sh3bgr",0.0359151230262762,135.265993979981,0.00026551479769255,0.000265444318298078,"Epiblast",FALSE,1733,FALSE
"SBR",NA,"Krcc1",0.121880241954262,7884.61263606354,1.54579872949995e-05,1.54577483493219e-05,"Epiblast",FALSE,2743,FALSE
"SBR",NA,"Accsl",0.374244717783373,240.287553742612,0.00155748690248123,0.00155506490925256,"Naïve pluripotency",FALSE,766,FALSE
"SBR",NA,"Dnajc19",7.78604724847534,63608.7054459284,0.000122405371935984,0.00012239039069469,"Exiting naïve pluripotency",FALSE,2142,FALSE
"SBR",NA,"Zbtb42",0.00606631825100045,52.8658512627896,0.000114749277768091,0.000114736111882119,"Epiblast",FALSE,2177,FALSE
"SBR",NA,"Eif4b",3.75341184765706,133934.954032806,2.80241395889657e-05,2.80233542585742e-05,"Epiblast",FALSE,2680,FALSE
"SBR",NA,"Cyp1a1",0.0667377316327201,143.559329319531,0.000464879098760465,0.000464663086603537,"Naïve pluripotency",FALSE,1440,FALSE
"SBR",NA,"Rsrp1",33.7750228031489,79628.5620303328,0.000424157135856391,0.000423977302857943,"Exiting naïve pluripotency",FALSE,1499,FALSE
"SBR",NA,"2810004N23Rik",6.53904699954611,46680.7077629277,0.000140080288258594,0.000140060668519774,"Naïve pluripotency",FALSE,2081,FALSE
"SBR",NA,"R3hdml",2.19068815893572,469.521173403654,0.00466579205162353,0.00464412353693813,"Naïve pluripotency",FALSE,370,TRUE
"SBR",NA,"Areg",0.0081632668425,61.0296452175951,0.000133759041419866,0.000133741152331531,"Epiblast",FALSE,2108,FALSE
"SBR",NA,"Bfsp1",0.283841283539098,392.310880740341,0.000723511117008667,0.000722988027133572,"Exiting naïve pluripotency",FALSE,1178,FALSE
"SBR",NA,"Nudt11",3.33916735620654,2607.60125391636,0.00128055136926762,0.001278913654636,"Epiblast",FALSE,881,FALSE
"SBR",NA,"Pgam2",0.720519063593782,2299.7567380329,0.000313302294837531,0.000313204167253178,"Naïve pluripotency",FALSE,1664,FALSE
"SBR",NA,"Msl1",6.06114960165279,2613.0578445318,0.00231956197002551,0.00231419405350773,"Epiblast",FALSE,602,FALSE
"SBR",NA,"Galk1",17.1645950004987,42142.2509185256,0.000407301333611329,0.000407135506776458,"Exiting naïve pluripotency",FALSE,1519,FALSE
"SBR",NA,"Dscam",0.00355504925594501,41.6096152220295,8.54381670432473e-05,8.54308679864776e-05,"Epiblast",FALSE,2317,FALSE
"SBR",NA,"Tmprss6",0.0523659068165273,63.7829121331409,0.000821002131530438,0.000820328639968468,"Exiting naïve pluripotency",FALSE,1121,FALSE
"SBR",NA,"Fkbp4",23.1121244223087,173229.753158673,0.00013341890755417,0.000133401109323897,"Exiting naïve pluripotency",FALSE,2109,FALSE
"SBR",NA,"Twist2",0.0259163090758391,109.632839813009,0.000236391843174383,0.000236335975277579,"Epiblast",FALSE,1799,FALSE
"SBR",NA,"Halr1",0.132912470757809,126.730580406804,0.00104877978409916,0.00104768099744886,"Naïve pluripotency",FALSE,996,FALSE
"SBR",NA,"Esd",10.040056676671,44129.2827123238,0.000227514612963949,0.000227462861838974,"Exiting naïve pluripotency",FALSE,1813,FALSE
"SBR",NA,"Rgs16",0.386225484766161,478.956456818332,0.000806389556436559,0.000805739816263519,"Epiblast",FALSE,1128,FALSE
"SBR",NA,"Piezo2",0.0514545680822456,151.508392951658,0.000339615298399101,0.000339499999005632,"Epiblast",FALSE,1620,FALSE
"SBR",NA,"Polr1d",5.65962160376853,152899.018911573,3.70154213156966e-05,3.70140512249959e-05,"Exiting naïve pluripotency",FALSE,2619,FALSE
"SBR",NA,"Mfap4",2.68966203140503,3818.96477138313,0.000704290872636382,0.000703795196103561,"Epiblast",FALSE,1192,FALSE
"SBR",NA,"Arl4c",47.4393077017229,10859.2431080047,0.0043685648465457,0.0043495634963577,"Epiblast",FALSE,387,TRUE
"SBR",NA,"Car14",0.190419584322016,1838.05430873856,0.00010359845376533,0.000103587722237477,"Naïve pluripotency",FALSE,2230,FALSE
"SBR",NA,"Gclc",13.3718170302093,26523.9140377993,0.000504141923064336,0.000503887892053428,"Exiting naïve pluripotency",FALSE,1385,FALSE
"SBR",NA,"Cox7b",6.29691436417059,128584.301443867,4.89710975092826e-05,4.89686994583266e-05,"Naïve pluripotency",FALSE,2534,FALSE
"SBR",NA,"Fam89a",0.170720708158724,301.769590619399,0.000565731980509735,0.00056541210879762,"Exiting naïve pluripotency",FALSE,1329,FALSE
"SBR",NA,"Lmo4",0.887500786636535,6785.62534308157,0.000130791303935076,0.000130774199806962,"Naïve pluripotency",FALSE,2116,FALSE
"SBR",NA,"Eno3",0.798767205098013,4408.63422235277,0.000181182462597619,0.000181149641459481,"Exiting naïve pluripotency",FALSE,1952,FALSE
"SBR",NA,"Snhg15",1.55029312996927,12677.6730798391,0.000122285305844859,0.000122270353977228,"Naïve pluripotency",FALSE,2143,FALSE
"SBR",NA,"Il6ra",0.149588114692999,19.2672838474201,0.00776384029412788,0.00770402745534302,"Naïve pluripotency",FALSE,262,TRUE
"SBR",NA,"Tcea1",7.05078685836883,27991.1632285326,0.000251893313643416,0.000251829879380625,"Exiting naïve pluripotency",FALSE,1760,FALSE
"SBR",NA,"Btf3l4",4.61487412023966,18180.8354898885,0.000253831795728324,0.000253767381498182,"Naïve pluripotency",FALSE,1754,FALSE
"SBR",NA,"Hap1",0.0279988345187027,193.152930244068,0.000144956819880099,0.00014493581044593,"Naïve pluripotency",FALSE,2066,FALSE
"SBR",NA,"Acer2",11.376276940697,18219.1585516951,0.00062441286234037,0.000624023214219012,"Naïve pluripotency",FALSE,1268,FALSE
"SBR",NA,"Grn",4.06653647756881,6296.45662078307,0.000645845230497764,0.000645428383654553,"Exiting naïve pluripotency",FALSE,1250,FALSE
"SBR",NA,"Atp6v1c2",2.31545259941562,3351.83152807742,0.000690802201727528,0.000690325323474164,"Epiblast",FALSE,1203,FALSE
"SBR",NA,"Rnaset2a",3.33165501718022,1326.07016599785,0.00251242739834449,0.00250613092634131,"Naïve pluripotency",FALSE,578,FALSE
"SBR",NA,"Tkt",44.7695426757057,167236.289235031,0.00026770232035457,0.000267630675001874,"Exiting naïve pluripotency",FALSE,1729,FALSE
"SBR",NA,"Sh2d3c",0.443245980856144,362.868266621247,0.00122150659517106,0.00122001633716899,"Naïve pluripotency",FALSE,910,FALSE
"SBR",NA,"Twistnb",22.7985534468307,54200.3547797143,0.000420634764098695,0.000420457904887059,"Exiting naïve pluripotency",FALSE,1503,FALSE
"SBR",NA,"Runx1",0.234202212617362,423.674939631963,0.000552787504544894,0.000552482099343892,"Epiblast",FALSE,1340,FALSE
"SBR",NA,"Fam3c",4.44189617820014,28368.854303177,0.000156576509249536,0.000156551996884348,"Exiting naïve pluripotency",FALSE,2025,FALSE
"SBR",NA,"Col1a2",0.110348751968319,423.927181917441,0.000260301194816541,0.000260233455737081,"Naïve pluripotency",FALSE,1741,FALSE
"SBR",NA,"Cpe",0.778939118751269,930.228795953319,0.00083736293924657,0.000836662349202685,"Epiblast",FALSE,1113,FALSE
"SBR",NA,"Tnnt1",34.0968024635681,3876.54085471556,0.00879567731682527,0.00871898791261659,"Exiting naïve pluripotency",FALSE,227,TRUE
"SBR",NA,"Gpn1",73.6394292194418,64789.7872352453,0.00113659007633509,0.00113529970595564,"Exiting naïve pluripotency",FALSE,956,FALSE
"SBR",NA,"Cnr1",0.138869864169592,321.617465387879,0.000431785829796623,0.000431599471260785,"Epiblast",FALSE,1490,FALSE
"SBR",NA,"Ighm",0.0105809349358307,86.5768336911668,0.000122214390209448,0.000122199455677489,"Epiblast",FALSE,2144,FALSE
"SBR",NA,"Cadm1",1.2379311828929,3901.5195142846,0.000317294627993138,0.000317193984045969,"Exiting naïve pluripotency",FALSE,1659,FALSE
"SBR",NA,"Ramac",3.43858594418647,41951.8967634084,8.19649696312586e-05,8.19582519256285e-05,"Exiting naïve pluripotency",FALSE,2336,FALSE
"SBR",NA,"Serpinf1",0.67229923418601,2385.08763893837,0.000281876113569252,0.000281796681815765,"Exiting naïve pluripotency",FALSE,1709,FALSE
"SBR",NA,"Mcm3ap",1.08003606920182,12121.1525309594,8.91034137589832e-05,8.9095475048006e-05,"Exiting naïve pluripotency",FALSE,2301,FALSE
"SBR",NA,"Rangap1",147.473290636933,97626.9944033757,0.00151057903132408,0.00150830062402849,"Epiblast",FALSE,785,FALSE
"SBR",NA,"Rasl11a",16.969859000641,4391.46228367986,0.00386428435551106,0.00384940914397803,"Epiblast",FALSE,440,TRUE
"SBR",NA,"Tubb6",30.9772037992404,17462.1363650807,0.00177396414456973,0.00177082276847207,"Epiblast",FALSE,709,FALSE
"SBR",NA,"Plin3",219.640166390147,29291.7077131401,0.00749837355135213,0.00744256640824238,"Naïve pluripotency",FALSE,273,TRUE
"SBR",NA,"Shisal2a",1.17112565225997,452.573819421032,0.00258770083907673,0.00258102192647193,"Naïve pluripotency",FALSE,561,FALSE
"SBR",NA,"Zfand6",1.56775527396311,16154.8819011974,9.70452946391954e-05,9.70358777638473e-05,"Exiting naïve pluripotency",FALSE,2266,FALSE
"SBR",NA,"Cyp2c23",0.0189758041369212,94.0842444917271,0.000201689499016913,0.000201648828565703,"Epiblast",FALSE,1886,FALSE
"SBR",NA,"Tpm2",43.478667188158,17273.0291213236,0.00251714200692705,0.0025108219116214,"Epiblast",FALSE,576,FALSE
"SBR",NA,"Csrnp3",0.0489479828453953,190.571671315436,0.000256848158530216,0.000256782204493848,"Exiting naïve pluripotency",FALSE,1751,FALSE
"SBR",NA,"Adk",21.4510550776508,35611.6598217678,0.000602360439951714,0.000601997820279841,"Exiting naïve pluripotency",FALSE,1295,FALSE
"SBR",NA,"Btbd1",2.21840531188149,6576.35248229433,0.000337330658272067,0.000337216904671634,"Exiting naïve pluripotency",FALSE,1624,FALSE
"SBR",NA,"Akap9",17.526506774543,18838.9869126933,0.000930331702854683,0.000929466990246899,"Epiblast",FALSE,1060,FALSE
"SBR",NA,"Tmem132c",0.00297434576462411,33.9487126537711,8.76129176077525e-05,8.76052422568806e-05,"Epiblast",FALSE,2304,FALSE
"SBR",NA,"Vdac3",55.335581130142,79152.1363462713,0.000699104075827622,0.000698615670764753,"Exiting naïve pluripotency",FALSE,1196,FALSE
"SBR",NA,"Nudt4",17.2779573793385,13444.2821036321,0.00128515284387484,0.00128350334589974,"Exiting naïve pluripotency",FALSE,875,FALSE
"SBR",NA,"Klf3",162.895906632088,10721.2638345701,0.0151937224142213,0.0149663281783197,"Naïve pluripotency",FALSE,149,TRUE
"SBR",NA,"Svop",0.00469703643114782,52.8028223446387,8.89542684004794e-05,8.89463562424329e-05,"Epiblast",FALSE,2302,FALSE
"SBR",NA,"Zfp422",2.59060128570431,2070.64546156775,0.00125110808865506,0.00124954477308232,"Epiblast",FALSE,891,FALSE
"SBR",NA,"Shisa2",3.48077825299533,2068.42033873374,0.00168281958353118,0.00167999245932045,"Naïve pluripotency",FALSE,727,FALSE
"SBR",NA,"Slco5a1",0.148494787018513,277.05177800048,0.000535982075589698,0.000535694952697069,"Epiblast",FALSE,1350,FALSE
"SBR",NA,"Vamp5",0.0109033110315758,67.9375080061647,0.0001604902998589,0.000160464546855658,"Epiblast",FALSE,2013,FALSE
"SBR",NA,"Cystm1",13.3066813511324,4381.57701909366,0.00303696164489307,0.00302776643436222,"Naïve pluripotency",FALSE,514,FALSE
"SBR",NA,"Lpar6",0.102238329708693,421.038211502223,0.000242824349229293,0.000242765399879052,"Naïve pluripotency",FALSE,1777,FALSE
"SBR",NA,"Mrps36",21.837574656767,36103.8800082566,0.000604853956189001,0.000604488329031716,"Epiblast",FALSE,1294,FALSE
"SBR",NA,"Ppp1r2",11.9305940940895,44961.7629039282,0.000265349784428651,0.000265279392599012,"Exiting naïve pluripotency",FALSE,1734,FALSE
"SBR",NA,"Gas6",0.961918523642421,940.511047106607,0.00102276153650898,0.001021716564106,"Naïve pluripotency",FALSE,1009,FALSE
"SBR",NA,"Pdk4",0.00456911363229334,105.077713310704,4.34831848575058e-05,4.34812941523543e-05,"Exiting naïve pluripotency",FALSE,2574,FALSE
"SBR",NA,"Acsl4",14.3659434131141,12560.870900713,0.00114370599989994,0.00114239943081664,"Epiblast",FALSE,953,FALSE
"SBR",NA,"Prdx2-ps1",0.0156642322289383,14.5427320052389,0.00107711757483363,0.00107595864087175,"Exiting naïve pluripotency",FALSE,986,FALSE
"SBR",NA,"AC241534.1",0.00202381754052088,30.5538114282355,6.62378094881683e-05,6.62334223313581e-05,"Epiblast",FALSE,2420,FALSE
"SBR",NA,"Gpr143",0.00647106557280029,59.0126072144852,0.000109655646111021,0.000109643623068692,"Exiting naïve pluripotency",FALSE,2207,FALSE
"SBR",NA,"Pkp2",2.79616336867915,6655.23374693388,0.00042014502795899,0.000419968580248099,"Epiblast",FALSE,1504,FALSE
"SBR",NA,"1810009A15Rik",25.7625961579953,60499.066062344,0.000425834609272266,0.000425653351343711,"Exiting naïve pluripotency",FALSE,1497,FALSE
"SBR",NA,"Prss22",0.791723163776798,349.310067502465,0.00226653405508048,0.0022614084957125,"Naïve pluripotency",FALSE,607,FALSE
"SBR",NA,"Atp5md",1.49975349945561,27499.4480507536,5.4537585506721e-05,5.4534611320693e-05,"Exiting naïve pluripotency",FALSE,2500,FALSE
"SBR",NA,"Neu1",2.01382751690952,2239.91771478289,0.000899063168088168,0.000898255579581037,"Exiting naïve pluripotency",FALSE,1080,FALSE
"SBR",NA,"Nrtn",7.68372355638704,7427.90052089396,0.00103444082682226,0.00103337186477605,"Naïve pluripotency",FALSE,1002,FALSE
"SBR",NA,"Kat2b-ps",0.0732191082641641,8.25656250903472,0.00886798933382316,0.00879003935854768,"Naïve pluripotency",FALSE,226,TRUE
"SBR",NA,"Hspb8",36.7865870305083,1827.46620698693,0.0201298316159623,0.0197326173513376,"Exiting naïve pluripotency",FALSE,114,TRUE
"SBR",NA,"Peli3",0.581045725104856,1096.01985063561,0.000530141607168788,0.000529860705962554,"Epiblast",FALSE,1360,FALSE
"SBR",NA,"Zbtb16",0.012950420318934,193.477501811617,6.69350193054667e-05,6.6930539308526e-05,"Epiblast",FALSE,2412,FALSE
"SBR",NA,"P4hb",38.2434337310918,58407.3744098102,0.000654770636713783,0.000654342192659667,"Epiblast",FALSE,1240,FALSE
"SBR",NA,"Fuca2",2.38353221693576,2086.79456827428,0.00114219782491904,0.00114089469747712,"Exiting naïve pluripotency",FALSE,955,FALSE
"SBR",NA,"Ubc",16.2056040311304,36012.1412577292,0.000450003900494314,0.000449801488070235,"Epiblast",FALSE,1460,FALSE
"SBR",NA,"Camk2d",0.137368251480385,846.20539561178,0.000162334407453254,0.000162308059270628,"Epiblast",FALSE,2006,FALSE
"SBR",NA,"Wdr27",0.0213182635323126,89.805165520467,0.000237383489120724,0.00023732715157342,"Exiting naïve pluripotency",FALSE,1796,FALSE
"SBR",NA,"Ubr7",7.38259585680551,36934.0300014148,0.00019988600909575,0.000199846062663851,"Epiblast",FALSE,1888,FALSE
"SBR",NA,"Cacna2d2",0.0663097812136806,114.752072682569,0.000577852579596612,0.000577518858834269,"Naïve pluripotency",FALSE,1319,FALSE
"SBR",NA,"Usp3",1.21975881246409,2668.21303565294,0.000457144461917227,0.000456935576349046,"Naïve pluripotency",FALSE,1448,FALSE
"SBR",NA,"Cfap206",0.0129453647692153,28.429447239563,0.000455350561695066,0.000455143311932326,"Exiting naïve pluripotency",FALSE,1451,FALSE
"SBR",NA,"Crb3",1.57057240752527,6775.50783231871,0.000231801430445368,0.000231747710994457,"Exiting naïve pluripotency",FALSE,1807,FALSE
"SBR",NA,"D030025P21Rik",0.00713205728331231,58.2385602340858,0.000122462802216358,0.000122447806914798,"Epiblast",FALSE,2141,FALSE
"SBR",NA,"Sema7a",0.00273314666866163,36.0846042285708,7.57427364686904e-05,7.5736999941063e-05,"Epiblast",FALSE,2362,FALSE
"SBR",NA,"Crybg1",0.00931534012514261,66.5639709767089,0.00013994567914829,0.000139926097095602,"Epiblast",FALSE,2083,FALSE
"SBR",NA,"Ube2v2",1.20938020606228,16182.5890162261,7.47334190375622e-05,7.47278343710024e-05,"Naïve pluripotency",FALSE,2371,FALSE
"SBR",NA,"Rtn4",2.35965599969467,115944.127605316,2.03516646201104e-05,2.03512504382869e-05,"Epiblast",FALSE,2720,FALSE
"SBR",NA,"Atp5g3",1.76651228805654,113438.70158161,1.55723951652046e-05,1.55721526694896e-05,"Epiblast",FALSE,2742,FALSE
"SBR",NA,"Utp14b",1.35796806446456,3094.02761750579,0.000438899787701076,0.000438707239186934,"Epiblast",FALSE,1477,FALSE
"SBR",NA,"Xbp1",45.1494372652187,11328.9491058141,0.0039853155701836,0.00396949587646136,"Naïve pluripotency",FALSE,425,TRUE
"SBR",NA,"Sept4",0.131224046844653,269.479026786232,0.000486954581993307,0.000486717572641172,"Epiblast",FALSE,1405,FALSE
"SBR",NA,"Tgfbi",0.191966670967789,304.361111429432,0.000630720101087216,0.000630322543988554,"Naïve pluripotency",FALSE,1261,FALSE
"SBR",NA,"Spint2",5.20375727649848,29916.9546544569,0.000173940072998816,0.000173909823111488,"Naïve pluripotency",FALSE,1972,FALSE
"SBR",NA,"Grina",16.6916100854762,5351.92616518396,0.00311880425295487,0.00310910755508916,"Exiting naïve pluripotency",FALSE,506,FALSE
"SBR",NA,"Nxn",17.0495525713549,24188.3964689983,0.000704864937748432,0.00070436845312257,"Epiblast",FALSE,1189,FALSE
"SBR",NA,"Ddr2",0.00105225395572308,22.2262131647467,4.73429255772672e-05,4.73406843307721e-05,"Epiblast",FALSE,2545,FALSE
"SBR",NA,"A230020J21Rik",0.00658108972696421,61.0563309951035,0.000107787179801092,0.000107775562977107,"Epiblast",FALSE,2212,FALSE
"SBR",NA,"AC124742.1",0.0470799118905448,106.707498359222,0.000441205281863642,0.000441010705610968,"Naïve pluripotency",FALSE,1473,FALSE
"SBR",NA,"Adra2b",0.000794532565599363,19.4466872989466,4.08569620822979e-05,4.08552928591466e-05,"Epiblast",FALSE,2600,FALSE
"SBR",NA,"Etv4",1.75560096619522,7225.25342312962,0.000242981230329604,0.000242922204793408,"Naïve pluripotency",FALSE,1776,FALSE
"SBR",NA,"Igll1",0.00103775682037468,22.2116204145108,4.67213467999262e-05,4.67191640176619e-05,"Epiblast",FALSE,2552,FALSE
"SBR",NA,"D830044D21Rik",1.46310417840238,59.4568384710646,0.0246078368111418,0.0240168344678371,"Naïve pluripotency",FALSE,85,TRUE
"SBR",NA,"Eif3j1",2.89708663874526,10795.21309171,0.000268367712071382,0.000268295710165487,"Naïve pluripotency",FALSE,1728,FALSE
"SBR",NA,"5033404E19Rik",0.0697076556975972,49.8419842286659,0.00139857304592432,0.00139661977115697,"Naïve pluripotency",FALSE,836,FALSE
"SBR",NA,"Gapdh-ps14",0.00582365953420483,114.917411176234,5.0676912006605e-05,5.06743439873338e-05,"Exiting naïve pluripotency",FALSE,2530,FALSE
"SBR",NA,"D830025C05Rik",0.00871883783890502,47.1996296364849,0.000184722590114678,0.0001846884739814,"Exiting naïve pluripotency",FALSE,1945,FALSE
"SBR",NA,"Slc5a9",0.000587050772181981,16.6743934170637,3.52067243166534e-05,3.5205484846854e-05,"Epiblast",FALSE,2636,FALSE
"SBR",NA,"Ei24",3.3992843672795,24358.3175074247,0.000139553331885233,0.000139533859470233,"Exiting naïve pluripotency",FALSE,2085,FALSE
"SBR",NA,"Nup62cl",0.61708722795688,988.382399158653,0.000624340567458675,0.000623951009531318,"Naïve pluripotency",FALSE,1269,FALSE
"SBR",NA,"Gatad1",70.2992309027128,43135.6626282626,0.00162972414515901,0.00162707246587545,"Epiblast",FALSE,741,FALSE
"SBR",NA,"Mycl",3.6792539175713,3852.27351139857,0.000955086368266607,0.000954175048684668,"Epiblast",FALSE,1043,FALSE
"SBR",NA,"Wnk4",0.00528897193724175,49.9430611537613,0.000105900035261323,0.000105888821631379,"Epiblast",FALSE,2217,FALSE
"SBR",NA,"Bcl3",0.0247435960900891,124.370682758632,0.000198950392015692,0.000198910818630349,"Exiting naïve pluripotency",FALSE,1891,FALSE
"SBR",NA,"Nrg1",0.762953099206165,898.514515409605,0.000849127182835058,0.000848406777578115,"Epiblast",FALSE,1106,FALSE
"SBR",NA,"Tmem88b",0.0447981605725137,72.1646384548517,0.000620777177461239,0.000620392052234134,"Exiting naïve pluripotency",FALSE,1275,FALSE
"SBR",NA,"Pax8",4.49393544248452,558.608022331931,0.00804488167521191,0.00798067806449509,"Naïve pluripotency",FALSE,250,TRUE
"SBR",NA,"Srrm4os",1.3006340141448,170.057334933206,0.00764820885059529,0.00759015773899847,"Exiting naïve pluripotency",FALSE,268,TRUE
"SBR",NA,"Tcf21",0.00331685214670798,38.147600845777,8.69478570911271e-05,8.6940297818537e-05,"Epiblast",FALSE,2306,FALSE
"SBR",NA,"Egfl7",16.5643339095395,13094.0984927708,0.00126502285886154,0.00126342459786479,"Exiting naïve pluripotency",FALSE,884,FALSE
"SBR",NA,"Trabd2b",0.00268295377200058,36.039364304066,7.4445091466219e-05,7.44395498071249e-05,"Epiblast",FALSE,2373,FALSE
"SBR",NA,"Ppp2r2a",13.7635043982959,30247.6838198501,0.000455026721393576,0.000454819766246516,"Naïve pluripotency",FALSE,1452,FALSE
"SBR",NA,"Scarf2",0.00381408073208958,42.2635224553183,9.0245216454021e-05,9.02370729898369e-05,"Epiblast",FALSE,2298,FALSE
"SBR",NA,"Nin",1.17130194984072,1466.88008746786,0.000798498772904219,0.000797861681330729,"Epiblast",FALSE,1133,FALSE
"SBR",NA,"Stc1",0.00481479780671365,47.2431766749394,0.000101915200153501,0.000101904814503934,"Epiblast",FALSE,2240,FALSE
"SBR",NA,"A830035O19Rik",0.0020158842028109,30.5096537093791,6.60736507209583e-05,6.60692852820792e-05,"Epiblast",FALSE,2422,FALSE
"SBR",NA,"Gabrb1",0.00502402840522571,110.814729379151,4.53371896802279e-05,4.53351343126444e-05,"Exiting naïve pluripotency",FALSE,2562,FALSE
"SBR",NA,"Cntnap2",0.684143317429885,1791.71384718074,0.000381837377942011,0.000381691633809375,"Epiblast",FALSE,1556,FALSE
"SBR",NA,"Thoc6",104.589795766648,19615.4867773976,0.00533200103334491,0.00530372158437644,"Exiting naïve pluripotency",FALSE,342,TRUE
"SBR",NA,"Fxyd2",0.0670516987660919,44.30631071723,0.00151336677960001,0.00151107996138513,"Naïve pluripotency",FALSE,782,FALSE
"SBR",NA,"Tmem51os1",0.00336421686073815,38.8819104332761,8.65239599404809e-05,8.65164741925337e-05,"Epiblast",FALSE,2309,FALSE
"SBR",NA,"Ptp4a2",14.4682790926058,44812.302487109,0.000322863996929589,0.000322759789413931,"Epiblast",FALSE,1650,FALSE
"SBR",NA,"Eva1c",0.00416940847538486,100.426645607627,4.15169544910917e-05,4.15152309051395e-05,"Exiting naïve pluripotency",FALSE,2595,FALSE
"SBR",NA,"Mex3a",1.41110501375277,4168.22032798568,0.000338538969324277,0.000338424399476884,"Epiblast",FALSE,1623,FALSE
"SBR",NA,"Zfp365",6.24979182904412,3912.6009174377,0.00159734968143314,0.00159480222460771,"Epiblast",FALSE,754,FALSE
"SBR",NA,"Nipal4",0.222089483257852,104.540816351471,0.00212442843866053,0.00211992481010612,"Exiting naïve pluripotency",FALSE,627,FALSE
"SBR",NA,"Dnttip2",23.9398748967149,98468.383561468,0.000243122452414085,0.000243063358254334,"Epiblast",FALSE,1774,FALSE
"SBR",NA,"Ppp1r14d",4.73819218561257,687.149665669504,0.00689542966013968,0.00684820832136175,"Naïve pluripotency",FALSE,289,TRUE
"SBR",NA,"P4ha1",0.0838483677246354,1254.88967494591,6.68173221906934e-05,6.68128579344383e-05,"Exiting naïve pluripotency",FALSE,2414,FALSE
"SBR",NA,"Ttyh1",0.245635018568664,733.487886683711,0.000334886264692447,0.00033477415342669,"Naïve pluripotency",FALSE,1628,FALSE
"SBR",NA,"Atoh8",0.000811539599284646,19.4585944833157,4.17059721338291e-05,4.17042328182573e-05,"Epiblast",FALSE,2591,FALSE
"SBR",NA,"Scg5",0.0264992522215395,110.806959376752,0.000239147905245193,0.00023909072719862,"Epiblast",FALSE,1790,FALSE
"SBR",NA,"Snrpc",12.197463440854,94960.1271321089,0.000128448263594727,0.000128431766757297,"Epiblast",FALSE,2128,FALSE
"SBR",NA,"Pdlim3",4.89845187006548,2581.77657484452,0.0018973182721516,0.00189372527258948,"Epiblast",FALSE,683,FALSE
"SBR",NA,"Cldn3",10.5061809577285,5329.00633083164,0.00197150843994004,0.00196762924228221,"Naïve pluripotency",FALSE,662,FALSE
"SBR",NA,"Cfap53",0.0455437787815042,83.0105432588722,0.000548650532733822,0.000548349680389552,"Exiting naïve pluripotency",FALSE,1342,FALSE
"SBR",NA,"Gdpd1",0.176215828446905,476.079850715542,0.000370139228077085,0.000370002275720363,"Epiblast",FALSE,1569,FALSE
"SBR",NA,"Lcp1",0.0139756353529776,71.6746009758958,0.000194987278096987,0.000194949265470346,"Epiblast",FALSE,1907,FALSE
"SBR",NA,"Card6",0.0706127837435011,27.7053229949065,0.00254870819432363,0.00254222879496207,"Exiting naïve pluripotency",FALSE,568,FALSE
"SBR",NA,"Gkap1",1.6674891657857,4635.55550052934,0.000359717226035863,0.000359587876082562,"Epiblast",FALSE,1583,FALSE
"SBR",NA,"Lhfpl2",0.0896635660882612,376.329004418912,0.000238258452140064,0.000238201698572065,"Epiblast",FALSE,1793,FALSE
"SBR",NA,"B130046B21Rik",0.00536163625860819,47.2824033558172,0.000113396017927852,0.000113383160728926,"Epiblast",FALSE,2186,FALSE
"SBR",NA,"Gsta3",0.438655286851429,2114.73274947366,0.000207428237426506,0.000207385219875879,"Exiting naïve pluripotency",FALSE,1873,FALSE
"SBR",NA,"Baz1a",6.17522935273489,4054.04114877267,0.00152322808923742,0.00152091139428041,"Epiblast",FALSE,779,FALSE
"SBR",NA,"Ntng1",0.00245355154048766,31.2230516535941,7.85814137486856e-05,7.85752391953039e-05,"Epiblast",FALSE,2354,FALSE
"SBR",NA,"Timm23",75.2371037160232,169398.465013386,0.000444142771365005,0.000443945596137601,"Epiblast",FALSE,1468,FALSE
"SBR",NA,"Skap1",0.10005285463066,70.5815718947513,0.00141754925463909,0.00141554265320613,"Naïve pluripotency",FALSE,823,FALSE
"SBR",NA,"Ttc25",1.58769724914964,291.47408823715,0.00544712999619319,0.00541761951840652,"Naïve pluripotency",FALSE,335,TRUE
"SBR",NA,"Vwc2",0.000610133134871881,16.6529413992698,3.66381602050576e-05,3.6636817899454e-05,"Epiblast",FALSE,2622,FALSE
"SBR",NA,"4932412D23Rik",0.00414511634005505,83.2025931709801,4.98195570844396e-05,4.98170752198169e-05,"Exiting naïve pluripotency",FALSE,2531,FALSE
"SBR",NA,"Syp",0.0571262272282204,174.682410382055,0.000327029075814086,0.000326922162761335,"Exiting naïve pluripotency",FALSE,1643,FALSE
"SBR",NA,"Ppp2r2d",3.14234997252031,42726.4224407109,7.35458246447096e-05,7.35404160541662e-05,"Naïve pluripotency",FALSE,2378,FALSE
"SBR",NA,"Exoc3l4",0.0527326342205701,162.905620050978,0.000323700521836315,0.000323595773715499,"Epiblast",FALSE,1647,FALSE
"SBR",NA,"Cd2ap",4.68712106083244,21846.0742534111,0.000214552097848911,0.000214506075120493,"Epiblast",FALSE,1848,FALSE
"SBR",NA,"Hcn4",0.00324288270117503,38.8564410912708,8.34580473687168e-05,8.34510827043035e-05,"Epiblast",FALSE,2328,FALSE
"SBR",NA,"Pdzrn3",3.31392988488781,2335.84422959435,0.0014187289729775,0.00141671903263933,"Epiblast",FALSE,822,FALSE
"SBR",NA,"Cenpx",40.2744974143977,31940.2345992417,0.00126093304948217,0.00125934509962535,"Naïve pluripotency",FALSE,887,FALSE
"SBR",NA,"Fblim1",14.6499845958949,2634.27251978751,0.00556130183413089,0.0055305448051622,"Naïve pluripotency",FALSE,333,TRUE
"SBR",NA,"Prdm13",0.00218961954325487,31.2487852898706,7.00705490771393e-05,7.00656395393053e-05,"Epiblast",FALSE,2390,FALSE
"SBR",NA,"Rcn2",12.7503596256473,9531.27579213729,0.00133773902924576,0.00133595187428234,"Epiblast",FALSE,854,FALSE
"SBR",NA,"Mansc4",0.116420075426145,143.40624407398,0.000811820128041893,0.000811161610719216,"Naïve pluripotency",FALSE,1125,FALSE
"SBR",NA,"Usf1",24.0699691021657,56888.3315361739,0.000423109070914836,0.00042293012534244,"Exiting naïve pluripotency",FALSE,1500,FALSE
"SBR",NA,"Pdx1",0.0339314274196002,121.850015405109,0.000278468798766993,0.000278391275482922,"Exiting naïve pluripotency",FALSE,1714,FALSE
"SBR",NA,"Pbdc1",114.122270239782,63461.1115391516,0.00179830241658115,0.00179507433007544,"Epiblast",FALSE,703,FALSE
"SBR",NA,"Acadl",3.29532252043103,11640.9690249028,0.000283079743050732,0.000282999631587739,"Epiblast",FALSE,1708,FALSE
"SBR",NA,"Srpr",12.309254017195,17084.6838671175,0.000720484740188041,0.000719966015660303,"Naïve pluripotency",FALSE,1182,FALSE
"SBR",NA,"Lbx2",0.0856905400599307,22.1023510958263,0.00387698755161446,0.00386201456920549,"Naïve pluripotency",FALSE,437,TRUE
"SBR",NA,"Fbxl14",7.8151685765074,5280.78573284053,0.00147992533154789,0.0014777383890725,"Epiblast",FALSE,804,FALSE
"SBR",NA,"Ppp1r12a",3.87884216782471,11272.5159938945,0.000344097286703839,0.000343978924489239,"Naïve pluripotency",FALSE,1616,FALSE
"SBR",NA,"1700055D18Rik",0.00713089438854904,55.6915125410837,0.000128042749481594,0.000128026356634885,"Exiting naïve pluripotency",FALSE,2130,FALSE
"SBR",NA,"Cnbd2",0.280002579553841,51.777387997317,0.00540781585135871,0.00537872867715822,"Naïve pluripotency",FALSE,337,TRUE
"SBR",NA,"Rcbtb2",3.3439388599111,3917.91863739719,0.000853498801121759,0.000852770962127951,"Epiblast",FALSE,1102,FALSE
"SBR",NA,"Ttc14",3.47574478472768,22933.1157841285,0.00015156007659165,0.00015153710961571,"Epiblast",FALSE,2037,FALSE
"SBR",NA,"Rgs4",0.000811629958495924,19.4363137828815,4.17584305111788e-05,4.1756686817474e-05,"Epiblast",FALSE,2589,FALSE
"SBR",NA,"Trim13",44.6193832387325,16866.758502735,0.00264540357481832,0.00263842387885731,"Naïve pluripotency",FALSE,553,FALSE
"SBR",NA,"Eef1g",16.5887522705021,163434.806028635,0.000101500730925061,0.000101490429572278,"Exiting naïve pluripotency",FALSE,2242,FALSE
"SBR",NA,"Tomm22",13.2313942925188,167811.341696992,7.88468416896993e-05,7.88406253553932e-05,"Exiting naïve pluripotency",FALSE,2352,FALSE
"SBR",NA,"Wnt7b",0.00760165417393094,52.751648750464,0.000144102684067559,0.000144081921475948,"Exiting naïve pluripotency",FALSE,2070,FALSE
"SBR",NA,"Cldn9",0.149538270790263,301.548761777696,0.000495900795309859,0.000495654999601358,"Naïve pluripotency",FALSE,1398,FALSE
"SBR",NA,"Smarca5",43.4140215408796,129966.506038479,0.00033404007589483,0.000333928530383198,"Epiblast",FALSE,1631,FALSE
"SBR",NA,"Gda",0.0114783356070977,34.0349840526526,0.000337251094031381,0.00033713739407639,"Exiting naïve pluripotency",FALSE,1625,FALSE
"SBR",NA,"Mettl9",7.61685930499172,29911.799295825,0.000254643969413597,0.000254579142370254,"Epiblast",FALSE,1753,FALSE
"SBR",NA,"Psmb1",4.88311622046133,158869.890470147,3.07365744761995e-05,3.0735629768226e-05,"Exiting naïve pluripotency",FALSE,2662,FALSE
"SBR",NA,"Rspo1",38.7491742976579,13564.6056573428,0.00285663846605686,0.00284850132759385,"Epiblast",FALSE,528,FALSE
"SBR",NA,"C130073F10Rik",0.183448319626961,278.580891695555,0.000658510059718817,0.000658076709585488,"Exiting naïve pluripotency",FALSE,1234,FALSE
"SBR",NA,"Eva1b",17.0504870021665,6043.27748404326,0.00282139733732015,0.00281345945031836,"Naïve pluripotency",FALSE,532,FALSE
"SBR",NA,"Tnfaip6",0.00130461240305366,25.0165015074443,5.21500739288203e-05,5.2147354440431e-05,"Epiblast",FALSE,2520,FALSE
"SBR",NA,"Cd2",0.24525652965535,140.354270569546,0.00174741052523816,0.00174436240800658,"Naïve pluripotency",FALSE,713,FALSE
"SBR",NA,"Mpp6",6.84421435384322,24381.9320444484,0.000280708450067294,0.000280629674946197,"Exiting naïve pluripotency",FALSE,1712,FALSE
"SBR",NA,"Popdc3",0.057660914926301,173.029150133789,0.000333243935381504,0.000333132920855953,"Epiblast",FALSE,1634,FALSE
"SBR",NA,"Ier3",5.51551841627677,1311.00246375852,0.00420709996262273,0.00418947442492622,"Naïve pluripotency",FALSE,408,TRUE
"SBR",NA,"Ovgp1",0.0231653368570826,103.463799090528,0.000223897991961552,0.000223847872872311,"Epiblast",FALSE,1819,FALSE
"SBR",NA,"Prdm1",15.0493487579018,616.898911934622,0.0243951617789475,0.0238142102668499,"Naïve pluripotency",FALSE,87,TRUE
"SBR",NA,"Smpdl3b",54.6754090300563,3156.40351891281,0.0173220593319097,0.0170271146418326,"Naïve pluripotency",FALSE,135,TRUE
"SBR",NA,"Rtn4r",0.00285629875998234,36.0059916454283,7.9328429226723e-05,7.93221367262136e-05,"Epiblast",FALSE,2350,FALSE
"SBR",NA,"6330411D24Rik",0.0773965520014876,220.1777429162,0.000351518509438735,0.000351394987596471,"Epiblast",FALSE,1601,FALSE
"SBR",NA,"Tubb2a",2.87536518502298,2983.34104631047,0.000963807067441711,0.000962879037819969,"Naïve pluripotency",FALSE,1037,FALSE
"SBR",NA,"Pimreg",7.72965002378946,8174.38573665188,0.000945593989910663,0.000944700686619132,"Epiblast",FALSE,1045,FALSE
"SBR",NA,"Osbpl5",0.0032192055351434,38.9424404186275,8.2665736932181e-05,8.26589038729784e-05,"Epiblast",FALSE,2332,FALSE
"SBR",NA,"Adamts5",0.00900489937829451,47.1795208647097,0.000190864578809875,0.000190828156474164,"Exiting naïve pluripotency",FALSE,1923,FALSE
"SBR",NA,"Mcidas",0.0115129262530656,77.8570154336482,0.000147872689300262,0.000147850826200976,"Epiblast",FALSE,2052,FALSE
"SBR",NA,"Ptprt",0.1742379127277,280.21572312356,0.000621799200935169,0.000621412806948358,"Epiblast",FALSE,1274,FALSE
"SBR",NA,"Tnnt2",0.0107377101949213,67.9547802864422,0.000158012580566957,0.000157987616535971,"Epiblast",FALSE,2022,FALSE
"SBR",NA,"Polr2k",16.2036102855688,27007.2417662746,0.000599972793438057,0.000599613041926311,"Epiblast",FALSE,1299,FALSE
"SBR",NA,"Suz12",53.213989858241,30634.464973148,0.00173706281160401,0.00173405065669482,"Naïve pluripotency",FALSE,716,FALSE
"SBR",NA,"Gars",62.9558465457892,95906.9888421413,0.000656426057223127,0.000655995444719793,"Exiting naïve pluripotency",FALSE,1236,FALSE
"SBR",NA,"Ftdc",0.0578322306175484,47.098319999244,0.0012279043205464,0.001226398420627,"Exiting naïve pluripotency",FALSE,905,FALSE
"SBR",NA,"Dpep3",0.0081723709564459,60.8867446608662,0.000134222497884643,0.000134204484623489,"Epiblast",FALSE,2102,FALSE
"SBR",NA,"Heph",0.00432257637365733,44.4420517067994,9.72632047272471e-05,9.72537455162864e-05,"Epiblast",FALSE,2265,FALSE
"SBR",NA,"Zp3",43.0317574723527,2130.25408933727,0.0202002933301445,0.0198003210371628,"Exiting naïve pluripotency",FALSE,112,TRUE
"SBR",NA,"Frk",0.00715143241259419,63.7862084381966,0.000112115653018055,0.00011210308450753,"Epiblast",FALSE,2193,FALSE
"SBR",NA,"Avpr1a",0.00103244100010623,22.1882270888037,4.65310272864121e-05,4.65288622506531e-05,"Epiblast",FALSE,2553,FALSE
"SBR",NA,"Trmt112-ps2",3.12304661205612,4690.39730058114,0.000665838395325098,0.000665395349553295,"Exiting naïve pluripotency",FALSE,1222,FALSE
"SBR",NA,"Gna14",0.0914166535734067,469.010032549137,0.000194914068418844,0.00019487608432841,"Exiting naïve pluripotency",FALSE,1908,FALSE
"SBR",NA,"Arhgap28",2.19789795269705,2453.57802984962,0.000895792970901258,0.000894991244035832,"Epiblast",FALSE,1081,FALSE
"SBR",NA,"Slc7a9",2.1531706694203,1912.26325740639,0.00112598025459144,0.00112471384900539,"Epiblast",FALSE,960,FALSE
"SBR",NA,"4930432E11Rik",0.0164942139691202,16.6548428380067,0.000990355425719183,0.000989375592233341,"Exiting naïve pluripotency",FALSE,1027,FALSE
"SBR",NA,"Tram1",31.4350110022357,14105.2830799008,0.00222859837864784,0.00222364277197153,"Epiblast",FALSE,614,FALSE
"SBR",NA,"Hectd1",12.5978375197749,19098.1418772165,0.000659636817066677,0.000659201983168696,"Epiblast",FALSE,1231,FALSE
"SBR",NA,"Ak7",0.0107302461357542,34.6834549387774,0.000309376506887652,0.000309280822667088,"Exiting naïve pluripotency",FALSE,1668,FALSE
"SBR",NA,"Nrcam",1.50276938239195,1285.96467534613,0.00116859305018426,0.00116722903444663,"Epiblast",FALSE,937,FALSE
"SBR",NA,"Rp9",9.32466387406557,39156.2014534144,0.000238140154763466,0.000238083457532043,"Exiting naïve pluripotency",FALSE,1794,FALSE
"SBR",NA,"Mcm10",18.0324867468349,19307.8833257999,0.000933944256993685,0.00093307281899303,"Naïve pluripotency",FALSE,1057,FALSE
"SBR",NA,"Uba2",137.16653338453,148959.402967474,0.000920831653806249,0.000919984502954917,"Exiting naïve pluripotency",FALSE,1066,FALSE
"SBR",NA,"Wtap",3.63575078420003,19291.6472908126,0.000188462432958305,0.000188426921562233,"Naïve pluripotency",FALSE,1930,FALSE
"SBR",NA,"1700019D03Rik",0.839307201816813,6255.90691834599,0.00013416235451897,0.000134144357396137,"Exiting naïve pluripotency",FALSE,2105,FALSE
"SBR",NA,"B4galnt2",0.00107546916361227,22.2158626392418,4.84099663864763e-05,4.84076229750752e-05,"Epiblast",FALSE,2537,FALSE
"SBR",NA,"5033430I15Rik",0.000420105142036042,13.8750475737766,3.0277744260137e-05,3.02768275460955e-05,"Epiblast",FALSE,2665,FALSE
"SBR",NA,"1810058I24Rik",33.135905027031,43877.476605862,0.000755191674413749,0.000754621790320368,"Naïve pluripotency",FALSE,1152,FALSE
"SBR",NA,"Bhlhe22",0.002040816710625,30.5580497700436,6.6784913500129e-05,6.67804535733136e-05,"Epiblast",FALSE,2417,FALSE
"SBR",NA,"Cpt1a",1.46936629433861,613.706592537856,0.00239424883520046,0.0023885300997912,"Exiting naïve pluripotency",FALSE,589,FALSE
"SBR",NA,"Eif2b5",3.28182001866606,28156.7234604821,0.000116555465811641,0.000116541882218273,"Epiblast",FALSE,2169,FALSE
"SBR",NA,"Olfr1459",0.0109818693275923,21.8173920457924,0.0005033538978693,0.000503100660190972,"Exiting naïve pluripotency",FALSE,1386,FALSE
"SBR",NA,"Rnf8",0.0667995394139575,1935.95868680634,3.45046306355605e-05,3.45034401071039e-05,"Exiting naïve pluripotency",FALSE,2644,FALSE
"SBR",NA,"Glul",12.3620173902891,19624.5186315099,0.000629927165216687,0.000629530606786137,"Naïve pluripotency",FALSE,1263,FALSE
"SBR",NA,"Stx3",27.6317634377352,8865.28297717689,0.00311685069826552,0.00310716612535807,"Naïve pluripotency",FALSE,507,FALSE
"SBR",NA,"Cemip2",5.21503420181133,13307.5817824307,0.000391884437538941,0.00039173092428601,"Exiting naïve pluripotency",FALSE,1541,FALSE
"SBR",NA,"Clic6",0.00738028107494302,64.3604995528156,0.000114670972509879,0.000114657824585628,"Epiblast",FALSE,2180,FALSE
"SBR",NA,"Cd34",0.657553479357167,1314.90987898198,0.000500074940395347,0.000499824990443043,"Epiblast",FALSE,1392,FALSE
"SBR",NA,"Fzd5",0.473638050833639,1203.32383023544,0.000393608136839579,0.000393453270430871,"Epiblast",FALSE,1539,FALSE
"SBR",NA,"Pgrmc1",148.037527328575,32770.5534544874,0.00451739478657793,0.00449707970217649,"Exiting naïve pluripotency",FALSE,379,TRUE
"SBR",NA,"Myocd",0.013339872001032,27.7613435130267,0.00048051968359429,0.000480288895326273,"Exiting naïve pluripotency",FALSE,1411,FALSE
"SBR",NA,"Krtcap2",93.8305263078125,67019.248742073,0.00140005338867531,0.00139809597966129,"Epiblast",FALSE,834,FALSE
"SBR",NA,"Tph1",0.00103251374292662,22.2354002210868,4.64355816697845e-05,4.64334255066622e-05,"Epiblast",FALSE,2556,FALSE
"SBR",NA,"Zfp862-ps",0.366887063740862,639.561111189631,0.000573654428516494,0.000573325537782763,"Naïve pluripotency",FALSE,1323,FALSE
"SBR",NA,"Rab44",0.0645124971511142,58.1742952041296,0.00110895193357727,0.0011077235214363,"Naïve pluripotency",FALSE,969,FALSE
"SBR",NA,"4930413G21Rik",0.0632938282349642,72.0869417122801,0.000878020716811488,0.000877250472722605,"Naïve pluripotency",FALSE,1089,FALSE
"SBR",NA,"Arhgap24",0.054895541327688,317.887092124809,0.000172688802683862,0.000172658986410227,"Epiblast",FALSE,1974,FALSE
"SBR",NA,"Plcd1",1.57795123467028,1126.61684056554,0.00140061037422286,0.00139865140855012,"Naïve pluripotency",FALSE,833,FALSE
"SBR",NA,"Zmynd10",0.00161663969444665,27.742498576268,5.82730387460336e-05,5.82696431968579e-05,"Epiblast",FALSE,2479,FALSE
"SBR",NA,"Adamts8",0.00195613403028044,30.5605223113821,6.4008527418129e-05,6.40044305887788e-05,"Epiblast",FALSE,2440,FALSE
"SBR",NA,"Tead2",165.581136493966,36939.9834351696,0.00448243667419517,0.00446243409594731,"Epiblast",FALSE,380,TRUE
"SBR",NA,"Tomm7",13.8731845538746,81424.7408695408,0.000170380456919135,0.000170351432364252,"Exiting naïve pluripotency",FALSE,1983,FALSE
"SBR",NA,"Umps",38.7866935172802,27363.7375025322,0.00141744867687358,0.00141544235997324,"Naïve pluripotency",FALSE,824,FALSE
"SBR",NA,"Ptges",0.246328909096945,438.922074106846,0.000561213307847857,0.000560898524131762,"Epiblast",FALSE,1331,FALSE
"SBR",NA,"Wasf1",1.12250803377464,6558.44224165601,0.000171154672468566,0.000171125383559592,"Epiblast",FALSE,1981,FALSE
"SBR",NA,"Trp53cor1",0.0798501403633974,197.917126169503,0.000403452404088624,0.000403289695891272,"Epiblast",FALSE,1526,FALSE
"SBR",NA,"Icam1",19.2878905225626,2039.93346554918,0.00945515667461734,0.00936659406026994,"Naïve pluripotency",FALSE,215,TRUE
"SBR",NA,"Scn2b",0.0205529712992066,96.9180443286212,0.000212065476987106,0.000212020514755513,"Epiblast",FALSE,1852,FALSE
"SBR",NA,"Il15ra",0.0325103458476037,293.889676322242,0.000110620918211353,0.000110608682577324,"Epiblast",FALSE,2198,FALSE
"SBR",NA,"Sox15",9.79184216309659,973.150306065751,0.0100620038878506,0.00996176853413031,"Naïve pluripotency",FALSE,206,TRUE
"SBR",NA,"Mylip",0.161121800864808,1341.53222049927,0.000120102818555371,0.000120088395600584,"Exiting naïve pluripotency",FALSE,2154,FALSE
"SBR",NA,"Fzd8",0.221072402328754,660.075879278377,0.000334919680098658,0.000334807546462302,"Exiting naïve pluripotency",FALSE,1627,FALSE
"SBR",NA,"2310003N18Rik",0.00594337853912027,52.6442064386427,0.000112897105706158,0.000112884361388478,"Epiblast",FALSE,2189,FALSE
"SBR",NA,"AI662270",0.068289678032797,27.0154785520538,0.00252779819914037,0.00252142454671192,"Naïve pluripotency",FALSE,573,FALSE
"SBR",NA,"Kbtbd11",0.142702342735793,702.369205586023,0.000203172835028735,0.00020313156421295,"Exiting naïve pluripotency",FALSE,1882,FALSE
"SBR",NA,"Vat1",17.2151698031193,6309.67400370666,0.00272837705925951,0.00272095327277076,"Exiting naïve pluripotency",FALSE,547,FALSE
"SBR",NA,"Lamc1",3.29739621040808,3495.60397865007,0.000943297991004539,0.000942409018470711,"Naïve pluripotency",FALSE,1049,FALSE
"SBR",NA,"A930003A15Rik",0.115178921920912,577.747634047453,0.000199358534995665,0.00019931879909188,"Exiting naïve pluripotency",FALSE,1889,FALSE
"SBR",NA,"Col6a4",0.00670330639705637,55.5197254481794,0.000120737383748647,0.000120722807992651,"Epiblast",FALSE,2151,FALSE
"SBR",NA,"Hspa12b",0.000603297575735073,16.6605287321655,3.62111902589455e-05,3.62098790561257e-05,"Epiblast",FALSE,2625,FALSE
"SBR",NA,"Mef2c",0.00444460794022011,100.438535976991,4.42520183810554e-05,4.42500602265769e-05,"Exiting naïve pluripotency",FALSE,2568,FALSE
"SBR",NA,"Nip7",1.32404550144683,112999.217066626,1.17172980115974e-05,1.17171607181334e-05,"Epiblast",FALSE,2758,FALSE
"SBR",NA,"Slit1",0.00584066958162868,52.8598473214276,0.000110493500787337,0.000110481293322466,"Epiblast",FALSE,2199,FALSE
"SBR",NA,"Aldh3a1",0.011130609548035,36.0613901001383,0.00030865725134629,0.000308562011443968,"Exiting naïve pluripotency",FALSE,1670,FALSE
"SBR",NA,"Pard3b",0.0233626783265147,103.706083859884,0.000225277799112344,0.000225227060455864,"Epiblast",FALSE,1816,FALSE
"SBR",NA,"Atp2b2",0.00232979617660535,33.2924150718386,6.997978883713e-05,6.99748920089633e-05,"Epiblast",FALSE,2392,FALSE
"SBR",NA,"Dnah7b",0.00447042719754762,36.9355966195489,0.000121033030645065,0.000121018383423355,"Epiblast",FALSE,2148,FALSE
"SBR",NA,"4933406P04Rik",0.00246303480175181,33.3560099553629,7.38408102482238e-05,7.38353581855504e-05,"Epiblast",FALSE,2377,FALSE
"SBR",NA,"Gnal",0.0607467742491164,367.423398164787,0.000165331806718177,0.000165304476630397,"Epiblast",FALSE,1998,FALSE
"SBR",NA,"Rdh10",0.896242184276672,1966.37920620026,0.000455782985016674,0.000455575341527612,"Exiting naïve pluripotency",FALSE,1449,FALSE
"SBR",NA,"Pop7",0.276922488812791,444.117120944523,0.000623534819427469,0.000623146266033001,"Epiblast",FALSE,1271,FALSE
"SBR",NA,"Fads2",11.7507390289672,19346.1872312859,0.000607393016953977,0.000607024314624153,"Exiting naïve pluripotency",FALSE,1292,FALSE
"SBR",NA,"Atp6v0c-ps2",0.00799343774579033,51.4162175870304,0.000155465301045533,0.000155441135342633,"Exiting naïve pluripotency",FALSE,2028,FALSE
"SBR",NA,"Kiss1r",0.00277414437641842,36.1157097626746,7.68126777695362e-05,7.68067780352445e-05,"Epiblast",FALSE,2359,FALSE
"SBR",NA,"Sdf2l1",10.5679542380678,12499.8894600632,0.000845443815469896,0.000844729644016618,"Exiting naïve pluripotency",FALSE,1108,FALSE
"SBR",NA,"Nav3",0.0124629535210262,75.1491300496495,0.000165842951379373,0.00016581545205542,"Epiblast",FALSE,1996,FALSE
"SBR",NA,"Sdhaf4",12.8393413987503,6798.75047845897,0.0018884854561776,0.00188492580121603,"Naïve pluripotency",FALSE,686,FALSE
"SBR",NA,"D930007J09Rik",0.00164799385401999,27.8200594311881,5.92376108360316e-05,5.92341019493521e-05,"Epiblast",FALSE,2472,FALSE
"SBR",NA,"Tmem106a",3.18174781943025,468.44582336773,0.00679213616754263,0.00674631428230816,"Naïve pluripotency",FALSE,294,TRUE
"SBR",NA,"Tmem256",20.8613099173485,10350.1494036354,0.00201555640443424,0.00201150210847697,"Naïve pluripotency",FALSE,652,FALSE
"SBR",NA,"1700105P06Rik",0.00413952875180127,44.3915992207155,9.32502731253158e-05,9.32415783226706e-05,"Epiblast",FALSE,2280,FALSE
"SBR",NA,"Tcn2",1.65098842045043,1762.62475754899,0.000936664717421876,0.000935788197634172,"Exiting naïve pluripotency",FALSE,1054,FALSE
"SBR",NA,"Gtf2i",7.80191885560497,13604.7422373297,0.000573470538397818,0.000573141858427687,"Epiblast",FALSE,1324,FALSE
"SBR",NA,"Amer2",0.00555371912701832,66.6523480004157,8.33236831654256e-05,8.33167409077038e-05,"Exiting naïve pluripotency",FALSE,2330,FALSE
"SBR",NA,"Srp54a",4.62827777012159,11619.3473827542,0.000398325105331734,0.000398166505616445,"Epiblast",FALSE,1528,FALSE
"SBR",NA,"1700003E24Rik",0.000145817518156332,5.55935782848197,2.62292017630656e-05,2.62285138100849e-05,"Epiblast",FALSE,2692,FALSE
"SBR",NA,"Pgc",0.487659568487002,685.581595682107,0.000711307846590913,0.000710802247374981,"Naïve pluripotency",FALSE,1184,FALSE
"SBR",NA,"Selenov",0.00780651263207495,60.9339171562631,0.000128114406498033,0.000128097995299391,"Epiblast",FALSE,2129,FALSE
"SBR",NA,"Cybrd1",0.0187911768627034,99.28506464541,0.000189264890241194,0.000189229075820928,"Epiblast",FALSE,1927,FALSE
"SBR",NA,"AI661453",0.0461955878446843,338.807662414092,0.000136347529791767,0.00013632894167733,"Exiting naïve pluripotency",FALSE,2094,FALSE
"SBR",NA,"Ppl",0.214445306914814,315.699387737801,0.000679270582218924,0.000678809486903539,"Epiblast",FALSE,1213,FALSE
"SBR",NA,"Platr31",0.000580007862097894,16.7390395225962,3.46500085213932e-05,3.46488079399028e-05,"Epiblast",FALSE,2643,FALSE
"SBR",NA,"Timp2",0.368054824457505,602.484142617612,0.0006108954550379,0.00061052248962379,"Epiblast",FALSE,1288,FALSE
"SBR",NA,"Shpk",0.00780646665783605,52.7036816138294,0.000148119949475932,0.000148098013205699,"Exiting naïve pluripotency",FALSE,2051,FALSE
"SBR",NA,"Sh3bgrl",4.53471042952263,3925.56888407682,0.00115517280767041,0.00115383992316677,"Epiblast",FALSE,949,FALSE
"SBR",NA,"Riiad1",0.0198024043595435,159.965198570372,0.00012379195310305,0.000123776630552205,"Exiting naïve pluripotency",FALSE,2140,FALSE
"SBR",NA,"Ndufb2",29.5149096461897,24194.6078050566,0.00121989618033904,0.00121840984682081,"Exiting naïve pluripotency",FALSE,913,FALSE
"SBR",NA,"Adrm1",23.6884183306397,68814.7938684224,0.000344234386227084,0.000344115929691236,"Naïve pluripotency",FALSE,1615,FALSE
"SBR",NA,"Rhox2a",0.067595055863637,310.375003164662,0.000217785115342475,0.000217737695313387,"Epiblast",FALSE,1838,FALSE
"SBR",NA,"Efna5",0.429281687931233,827.373800588094,0.000518848539349567,0.000518579475146351,"Epiblast",FALSE,1371,FALSE
"SBR",NA,"Prss35",0.0140058520769095,25.1742601518462,0.000556356055448262,0.000556046695502108,"Exiting naïve pluripotency",FALSE,1337,FALSE
"SBR",NA,"AB041806",0.00358293051525527,41.6537804071405,8.60169348432313e-05,8.60095365665285e-05,"Epiblast",FALSE,2314,FALSE
"SBR",NA,"Anxa11",6.41227677016194,3009.56596198243,0.00213063174263777,0.00212610180264897,"Naïve pluripotency",FALSE,626,FALSE
"SBR",NA,"Nkain4",0.255248389053839,208.471698418599,0.00122437909313386,0.00122288182219739,"Exiting naïve pluripotency",FALSE,908,FALSE
"SBR",NA,"5330439K02Rik",0.00199439901878503,30.5151240763245,6.53577227409148e-05,6.53534513881588e-05,"Epiblast",FALSE,2428,FALSE
"SBR",NA,"Zeb2",0.523410078770057,427.637396261945,0.00122395768785723,0.00122246144677135,"Epiblast",FALSE,909,FALSE
"SBR",NA,"Zbtb20",1.68205526882409,703.218181119538,0.0023919393923323,0.00238623167079969,"Naïve pluripotency",FALSE,590,FALSE
"SBR",NA,"Fundc2",11.8752178347844,38478.1492478931,0.000308622375735358,0.000308527157351077,"Exiting naïve pluripotency",FALSE,1671,FALSE
"SBR",NA,"Lipc",0.174387559133627,85.7227424617526,0.0020343208129562,0.00203019075365177,"Naïve pluripotency",FALSE,648,FALSE
"SBR",NA,"Vwa1",1.57081584704262,1919.86450478873,0.000818190993752173,0.000817522104529054,"Exiting naïve pluripotency",FALSE,1123,FALSE
"SBR",NA,"C630004M23Rik",0.0197629346961566,102.294121906775,0.000193197168398077,0.00019315985046192,"Epiblast",FALSE,1913,FALSE
"SBR",NA,"Adrb3",0.166300595560856,1148.80453058539,0.000144759696826852,0.000144738744490081,"Naïve pluripotency",FALSE,2067,FALSE
"SBR",NA,"Lgr6",0.0435473879687582,74.9082216568047,0.000581343235836948,0.00058100547223568,"Exiting naïve pluripotency",FALSE,1313,FALSE
"SBR",NA,"Rgcc",0.167782571004816,468.970460446869,0.000357767887651049,0.000357639935566761,"Epiblast",FALSE,1590,FALSE
"SBR",NA,"Llgl2",7.80508120391987,1944.3923534143,0.00401414929976162,0.00399810032812908,"Exiting naïve pluripotency",FALSE,423,TRUE
"SBR",NA,"Npm3-ps1",0.0533160769313737,334.028400034826,0.000159615400743814,0.000159589927733544,"Epiblast",FALSE,2016,FALSE
"SBR",NA,"Pdzk1ip1",0.336992872590307,1018.0997918621,0.000331001808746025,0.000330892282801918,"Epiblast",FALSE,1639,FALSE
"SBR",NA,"Taf7l2",0.00811520075918554,140.97602950162,5.75644014650896e-05,5.75610879955114e-05,"Epiblast",FALSE,2486,FALSE
"SBR",NA,"Adrb2",0.662595129916105,1241.12675122834,0.000533865803198855,0.000533580942580373,"Epiblast",FALSE,1357,FALSE
"SBR",NA,"Tuba3b",0.198646799505914,1147.95189483312,0.000173044532963458,0.000173014593733889,"Exiting naïve pluripotency",FALSE,1973,FALSE
"SBR",NA,"Eif1ax",154.518129109104,161080.240407104,0.000959261848123549,0.000958342546681085,"Epiblast",FALSE,1040,FALSE
"SBR",NA,"C130026I21Rik",0.00283962140756625,21.1918677247634,0.00013399580652573,0.000133977854055119,"Epiblast",FALSE,2107,FALSE
"SBR",NA,"Pik3r5",0.00440841894768372,45.0589448631561,9.78367105814857e-05,9.78271394959518e-05,"Epiblast",FALSE,2260,FALSE
"SBR",NA,"Mmp25",14.7832233917278,6694.04473976573,0.00220841418999019,0.00220354784366392,"Epiblast",FALSE,617,FALSE
"SBR",NA,"Creld2",17.0788033150159,21440.2548495489,0.000796576506896103,0.000795942477817433,"Epiblast",FALSE,1134,FALSE
"SBR",NA,"Rasip1",4.95827770470665,5380.10107167168,0.000921595642656958,0.000920747086154369,"Naïve pluripotency",FALSE,1065,FALSE
"SBR",NA,"Aspm",1.26159777170343,5024.6351685583,0.000251082462583132,0.000251019436004984,"Exiting naïve pluripotency",FALSE,1762,FALSE
"SBR",NA,"AV356131",0.0372842949687448,137.960191502608,0.000270254009962286,0.000270180992465656,"Epiblast",FALSE,1725,FALSE
"SBR",NA,"Mga",55.7839691636939,23357.4463483867,0.00238827345813627,0.00238258319792287,"Naïve pluripotency",FALSE,591,FALSE
"SBR",NA,"Msh2",3.48330630797884,54400.3603853848,6.40309417677068e-05,6.40268420687108e-05,"Exiting naïve pluripotency",FALSE,2438,FALSE
"SBR",NA,"Cd40",0.0556913684812407,191.105599559318,0.000291416727765501,0.000291331828797259,"Exiting naïve pluripotency",FALSE,1690,FALSE
"SBR",NA,"Atf2",2.39395122943401,6864.22032361753,0.000348757923925783,0.000348636334241647,"Naïve pluripotency",FALSE,1606,FALSE
"SBR",NA,"Ptprd",0.0356002736704359,188.700064097878,0.000188660633692049,0.000188625047571044,"Epiblast",FALSE,1928,FALSE
"SBR",NA,"Loxl2",0.257218012070094,236.144373717651,0.00108924048462675,0.00108805533071102,"Naïve pluripotency",FALSE,976,FALSE
"SBR",NA,"C330004P14Rik",0.0187444825680176,94.3877247578077,0.000198590257537351,0.000198550827277428,"Epiblast",FALSE,1896,FALSE
"SBR",NA,"Notch2",6.99534763917625,6486.07613694208,0.00107851765712918,0.00107735570997297,"Epiblast",FALSE,984,FALSE
"SBR",NA,"Ak8",0.00933981138337211,66.5461956199209,0.000140350793856294,0.000140331098275248,"Epiblast",FALSE,2079,FALSE
"SBR",NA,"Grtp1",66.377456033387,8240.22400678855,0.00805529752330801,0.00799092821901643,"Naïve pluripotency",FALSE,249,TRUE
"SBR",NA,"Ahsa2",2.42742942488344,11963.5240678393,0.000202902540348368,0.000202861379259178,"Naïve pluripotency",FALSE,1883,FALSE
"SBR",NA,"Arhgef5",1.88254750232734,1106.97946295421,0.00170061646609357,0.0016977292797255,"Epiblast",FALSE,725,FALSE
"SBR",NA,"Efcab8",0.128702139639321,271.581060004768,0.000473899540848177,0.000473675066451675,"Epiblast",FALSE,1421,FALSE
"SBR",NA,"Myc",3.27259431214239,4478.4127894721,0.000730748697358948,0.000730215093630486,"Epiblast",FALSE,1171,FALSE
"SBR",NA,"Apbb1ip",0.00366906732613738,40.1085958911525,9.14783288872681e-05,9.14699613680588e-05,"Epiblast",FALSE,2292,FALSE
"SBR",NA,"Tcf7l1",8.23287873713212,17386.1117906302,0.000473531910773115,0.000473307784433569,"Epiblast",FALSE,1423,FALSE
"SBR",NA,"4930423D22Rik",0.00627088898284413,61.0587493635025,0.000102702545469962,0.000102691998740292,"Exiting naïve pluripotency",FALSE,2236,FALSE
"SBR",NA,"Timm8a2",22.3785206475935,1865.97102108641,0.0119929625887567,0.0118508359564851,"Naïve pluripotency",FALSE,187,TRUE
"SBR",NA,"Myom2",0.000408099686515567,13.8891397974452,2.93826466193848e-05,2.93817833048289e-05,"Epiblast",FALSE,2667,FALSE
"SBR",NA,"Ppdpf",348.784837613158,24146.1630363708,0.0144447313259582,0.0142390520448342,"Exiting naïve pluripotency",FALSE,159,TRUE
"SBR",NA,"Hoxd4",0.0063414641064588,18.4052810257931,0.000344545899493297,0.000344427228504042,"Naïve pluripotency",FALSE,1613,FALSE
"SBR",NA,"Lmx1b",0.0424586913850796,141.490808254062,0.000300080916272952,0.000299990894730388,"Epiblast",FALSE,1681,FALSE
"SBR",NA,"Acsbg3",10.4865085027683,363.382188675477,0.0288580696290907,0.0280486400223251,"Naïve pluripotency",FALSE,73,TRUE
"SBR",NA,"Coq2",0.577225184077346,4736.84533247773,0.000121858566949538,0.000121843719248519,"Epiblast",FALSE,2146,FALSE
"SBR",NA,"Arhgap36",0.00227170848573579,33.2995718888422,6.82203510999784e-05,6.82156974011512e-05,"Epiblast",FALSE,2405,FALSE
"SBR",NA,"Usp18",0.0150166703164003,22.2216685135137,0.000675767002251345,0.000675310649598077,"Exiting naïve pluripotency",FALSE,1215,FALSE
"SBR",NA,"Agpat3",2.67729035421569,6945.67354242914,0.000385461588118256,0.000385313064732401,"Exiting naïve pluripotency",FALSE,1550,FALSE
"SBR",NA,"Cbx5",3.07651885052911,69767.1910915887,4.40969286908846e-05,4.40949842375091e-05,"Epiblast",FALSE,2569,FALSE
"SBR",NA,"Adamts1",0.0185852371901003,105.117394736169,0.000176804583454021,0.0001767733291192,"Epiblast",FALSE,1964,FALSE
"SBR",NA,"4731419I09Rik",0.00268295377200058,36.1188060549455,7.42813527091441e-05,7.42758353996171e-05,"Epiblast",FALSE,2375,FALSE
"SBR",NA,"A330084C13Rik",0.00400005722549053,87.7080400493013,4.56065056663229e-05,4.56044258078188e-05,"Epiblast",FALSE,2560,FALSE
"SBR",NA,"Capn2",0.594927989053991,993.853502330106,0.000598607327598255,0.000598249211236679,"Epiblast",FALSE,1301,FALSE
"SBR",NA,"Spdya",0.00201569466096513,36.03534984398,5.59365919768326e-05,5.5933463249521e-05,"Epiblast",FALSE,2491,FALSE
"SBR",NA,"9330121J05Rik",0.0008163498011383,19.4595399504824,4.19511357008243e-05,4.19493758768644e-05,"Epiblast",FALSE,2587,FALSE
"SBR",NA,"Ccnb1ip1",9.2557640531918,9025.13648472704,0.00102555391476407,0.00102450323146435,"Naïve pluripotency",FALSE,1006,FALSE
"SBR",NA,"Arpc4",8.71849437906155,89923.6086261451,9.69544540334057e-05,9.69450547785484e-05,"Epiblast",FALSE,2267,FALSE
"SBR",NA,"Bcam",9.98064409005964,1696.51256305859,0.00588303576842711,0.00584862808023486,"Exiting naïve pluripotency",FALSE,323,TRUE
"SBR",NA,"Huwe1",18.2403726709706,38051.1592012461,0.000479364441290746,0.000479134761123677,"Exiting naïve pluripotency",FALSE,1412,FALSE
"SBR",NA,"Pgd",65.8572524027797,65361.7797575742,0.00100758046440968,0.00100656626790201,"Epiblast",FALSE,1021,FALSE
"SBR",NA,"Dcaf4",20.1423541144145,19647.579664212,0.00102518246311548,0.00102413254039516,"Exiting naïve pluripotency",FALSE,1007,FALSE
"SBR",NA,"Scube3",0.021691147448108,319.880045501921,6.78102549787767e-05,6.78056570598825e-05,"Naïve pluripotency",FALSE,2407,FALSE
"SBR",NA,"Cpeb2",0.104211189304323,227.175321450344,0.000458725836235261,0.00045851550332757,"Epiblast",FALSE,1447,FALSE
"SBR",NA,"Neb",0.196919150893468,1126.01791083765,0.00017488101121498,0.000174850433194411,"Epiblast",FALSE,1970,FALSE
"SBR",NA,"Yipf5",36.8458345829037,21992.2011251082,0.0016754045842568,0.00167260229869792,"Epiblast",FALSE,728,FALSE
"SBR",NA,"A4galt",9.06460669855092,1087.47042903746,0.00833549718365598,0.00826659103734575,"Naïve pluripotency",FALSE,241,TRUE
"SBR",NA,"Ccdc78",0.00063962212421326,16.6464820080165,3.84238618048687e-05,3.84223854684393e-05,"Epiblast",FALSE,2612,FALSE
"SBR",NA,"Slc4a3",34.0907341600486,5236.97397661065,0.00650962451070112,0.00646752336209966,"Exiting naïve pluripotency",FALSE,302,TRUE
"SBR",NA,"Dcbld1",0.145380805723834,1203.39134081598,0.000120809250318567,0.000120794657206588,"Naïve pluripotency",FALSE,2150,FALSE
"SBR",NA,"Tmem82",0.0182096247820428,174.714108768354,0.00010422526784134,0.000104214406066955,"Epiblast",FALSE,2226,FALSE
"SBR",NA,"Pcbp1",194.882410516095,158727.82468152,0.00122777724010972,0.00122627165168558,"Naïve pluripotency",FALSE,906,FALSE
"SBR",NA,"Sulf1",0.523952956957884,4382.01932145524,0.000119568837680041,0.000119554542682333,"Exiting naïve pluripotency",FALSE,2157,FALSE
"SBR",NA,"Fgf10",0.000653915410738792,17.3574244751494,3.76735276408664e-05,3.76721083996493e-05,"Epiblast",FALSE,2615,FALSE
"SBR",NA,"Arih2",1.39858283711884,4403.71583118171,0.000317591527413235,0.000317490695058452,"Exiting naïve pluripotency",FALSE,1658,FALSE
"SBR",NA,"Hnf1b",0.000990546421000774,22.22477182357,4.45694753972803e-05,4.45674890476737e-05,"Epiblast",FALSE,2564,FALSE
"SBR",NA,"1810062O18Rik",0.00130080604836677,24.9303772714311,5.21775516753781e-05,5.21748293205251e-05,"Epiblast",FALSE,2518,FALSE
"SBR",NA,"Cd14",0.00194317940558493,30.5528370278694,6.36006209116495e-05,6.35965761299198e-05,"Epiblast",FALSE,2442,FALSE
"SBR",NA,"Atxn10",932.57961223364,118674.46932634,0.00785830025217268,0.00779702885832908,"Naïve pluripotency",FALSE,256,TRUE
"SBR",NA,"Optn",8.65295310971394,6545.43356362197,0.00132198318501086,0.00132023785276928,"Exiting naïve pluripotency",FALSE,861,FALSE
"SBR",NA,"Tsc22d1",74.7992878247778,17909.8880725095,0.00417642408048265,0.00415905410675915,"Exiting naïve pluripotency",FALSE,413,TRUE
"SBR",NA,"Gpbp1",1.86853669636855,21712.6500701096,8.60575144137215e-05,8.60501091552126e-05,"Naïve pluripotency",FALSE,2313,FALSE
"SBR",NA,"Mmp15",0.505088398410408,455.979395558999,0.00110770004813749,0.00110647440638428,"Epiblast",FALSE,971,FALSE
"SBR",NA,"Rn7sk",0.0123329532400312,66.2520315043995,0.000186152076547453,0.000186117430401302,"Epiblast",FALSE,1938,FALSE
"SBR",NA,"Slc4a5",106.518571062073,4489.04550915387,0.0237285567376995,0.0231785628929948,"Exiting naïve pluripotency",FALSE,91,TRUE
"SBR",NA,"Tie1",0.0121057932501834,31.2148968428189,0.000387821023761234,0.000387670676922428,"Exiting naïve pluripotency",FALSE,1545,FALSE
"SBR",NA,"Mmp16",0.00122832109002651,28.4937234431056,4.31084793982485e-05,4.31066211373593e-05,"Epiblast",FALSE,2579,FALSE
"SBR",NA,"Cops7a",47.9521899282392,14069.7999285413,0.00340816430736628,0.00339658817677537,"Naïve pluripotency",FALSE,475,TRUE
"SBR",NA,"H4c1",0.020153418405797,168.638095946831,0.00011950691385979,0.000119492633663912,"Epiblast",FALSE,2158,FALSE
"SBR",NA,"Mfsd1",5.41317400069522,5396.23358757105,0.00100313930315455,0.00100213402312892,"Exiting naïve pluripotency",FALSE,1022,FALSE
"SBR",NA,"Ccna1",0.00866083425527004,47.2426329284845,0.000183326663193831,0.000183293060688628,"Exiting naïve pluripotency",FALSE,1949,FALSE
"SBR",NA,"Msi2",16.7294029899597,8027.66071988924,0.00208396986042411,0.00207963596175915,"Exiting naïve pluripotency",FALSE,640,FALSE
"SBR",NA,"Sf3b4",8.87200785032169,50325.7210872242,0.000176291718402699,0.000176260645110685,"Epiblast",FALSE,1966,FALSE
"SBR",NA,"Cndp2",12.202710117895,10344.4597308174,0.00117963725853575,0.00117824735405714,"Exiting naïve pluripotency",FALSE,932,FALSE
"SBR",NA,"Snai3",0.182828906960946,704.560304291884,0.000259493624388472,0.000259426304916348,"Exiting naïve pluripotency",FALSE,1743,FALSE
"SBR",NA,"Cnksr2",0.0688123239902277,315.30972448327,0.000218237239917029,0.000218189622815967,"Naïve pluripotency",FALSE,1837,FALSE
"SBR",NA,"Tgfbr3",0.0321305947200113,279.209180088373,0.000115077142914289,0.00011506390168923,"Epiblast",FALSE,2175,FALSE
"SBR",NA,"Fbxo32",0.151719104303753,2250.92026440192,6.74031447062679e-05,6.73986018285558e-05,"Epiblast",FALSE,2410,FALSE
"SBR",NA,"Dap",0.292621004580444,1448.61470005557,0.000202000576529576,0.000201959780537472,"Naïve pluripotency",FALSE,1885,FALSE
"SBR",NA,"4933405L10Rik",0.00597104031552048,58.2390334798015,0.00010252643216669,0.000102515921575011,"Epiblast",FALSE,2237,FALSE
"SBR",NA,"Apoa2",0.0107133080472319,38.7634373094981,0.000276376626811856,0.000276300263876938,"Exiting naïve pluripotency",FALSE,1717,FALSE
"SBR",NA,"Serf1",8.26812423771163,3170.75953257601,0.00260761629911253,0.00260083432114542,"Epiblast",FALSE,558,FALSE
"SBR",NA,"Zfp51",0.0928144903733959,1500.40847566764,6.18594815202547e-05,6.18556551614974e-05,"Naïve pluripotency",FALSE,2456,FALSE
"SBR",NA,"5430416N02Rik",5.23338448919339,8254.66284834144,0.000633991307136777,0.000633589616827417,"Epiblast",FALSE,1260,FALSE
"SBR",NA,"Slc4a4",0.711089246156852,912.621708881651,0.000779171960557719,0.000778565324287572,"Epiblast",FALSE,1141,FALSE
"SBR",NA,"Hnrnpr",123.194221385858,41661.5158100854,0.00295702686257122,0.00294830863473914,"Epiblast",FALSE,519,FALSE
"SBR",NA,"Aars",59.121540517993,79171.4182195586,0.000746753586679941,0.000746196361870346,"Epiblast",FALSE,1158,FALSE
"SBR",NA,"Aldh1b1",7.41040823955831,1716.03326014054,0.00431833602045185,0.004299768176655,"Naïve pluripotency",FALSE,397,TRUE
"SBR",NA,"Ccdc149",0.00272273952421621,36.0304988949561,7.55676331919278e-05,7.55619231562355e-05,"Epiblast",FALSE,2364,FALSE
"SBR",NA,"Fn3k",0.0466379560287269,67.3391536082391,0.000692583044628892,0.000692103705337451,"Exiting naïve pluripotency",FALSE,1202,FALSE
"SBR",NA,"Dgkg",0.157132151162639,415.587340364706,0.000378096577784937,0.000377953674793936,"Naïve pluripotency",FALSE,1560,FALSE
"SBR",NA,"Vegfa",1.89690200201634,1256.66186227873,0.00150947686004941,0.00150720177384836,"Exiting naïve pluripotency",FALSE,787,FALSE
"SBR",NA,"Atoh1",0.00238519824537578,33.300794154098,7.16258667687735e-05,7.16207368714164e-05,"Epiblast",FALSE,2385,FALSE
"SBR",NA,"Rhob",2.72016538341621,1730.61734268361,0.00157178904679075,0.00156932240302678,"Epiblast",FALSE,760,FALSE
"SBR",NA,"Ccdc9b",0.00644170267153969,63.7654957144452,0.000101021761053767,0.000101011556688424,"Exiting naïve pluripotency",FALSE,2244,FALSE
"SBR",NA,"Whamm",1.41801526942593,2010.96498704102,0.000705141699912153,0.000704644825462092,"Naïve pluripotency",FALSE,1188,FALSE
"SBR",NA,"Arhgap27os1",0.0100822756186919,69.4784018059021,0.000145113810286802,0.000145092755324232,"Epiblast",FALSE,2065,FALSE
"SBR",NA,"Xaf1",0.382359747222585,239.342654634241,0.00159754118131137,0.00159499311412765,"Exiting naïve pluripotency",FALSE,753,FALSE
"SBR",NA,"Atp5d",41.3499275011565,144516.338140516,0.000286126316465001,0.000286044471613993,"Exiting naïve pluripotency",FALSE,1701,FALSE
"SBR",NA,"Sesn3",5.30064570008042,8848.28968740441,0.000599058788460093,0.000598700131884436,"Epiblast",FALSE,1300,FALSE
"SBR",NA,"Mvp",21.8526438971124,7573.19893411567,0.00288552355315411,0.00287722126343085,"Exiting naïve pluripotency",FALSE,524,FALSE
"SBR",NA,"Sdhaf3",8.05759583192791,4115.56867986072,0.00195783291659236,0.00195400729678745,"Naïve pluripotency",FALSE,666,FALSE
"SBR",NA,"Fam186b",0.00272498289634217,36.1045674600613,7.54747415089941e-05,7.54690455022929e-05,"Epiblast",FALSE,2366,FALSE
"SBR",NA,"Barx1",0.0736690581377697,280.369332676657,0.000262757190433272,0.000262688167228491,"Epiblast",FALSE,1739,FALSE
"SBR",NA,"Rsrc1",0.816855198134862,6516.8089466892,0.000125345887046429,0.000125330177424166,"Naïve pluripotency",FALSE,2136,FALSE
"SBR",NA,"AI506816",3.69989669246058,12916.8159875258,0.000286440303557293,0.000286358279004929,"Epiblast",FALSE,1700,FALSE
"SBR",NA,"Aspa",0.0133410018090181,26.3716633700219,0.000505883971815881,0.000505628182622594,"Exiting naïve pluripotency",FALSE,1382,FALSE
"SBR",NA,"Cmtm3",0.135568231022778,376.154813441694,0.000360405413351947,0.00036027556808691,"Naïve pluripotency",FALSE,1581,FALSE
"SBR",NA,"Lrp2",0.161253748227847,4762.41947615282,3.38596272410072e-05,3.38584808054682e-05,"Naïve pluripotency",FALSE,2646,FALSE
"SBR",NA,"Trim36",0.231851156199762,266.332658448958,0.000870532204161495,0.000869775036981427,"Naïve pluripotency",FALSE,1095,FALSE
"SBR",NA,"Epsti1",0.0882519845188219,496.932009993334,0.000177593680310523,0.000177562146395461,"Exiting naïve pluripotency",FALSE,1962,FALSE
"SBR",NA,"Snhg8",2.3597000364067,13101.7923200446,0.000180105132089184,0.000180072700071752,"Epiblast",FALSE,1954,FALSE
"SBR",NA,"Ppic",6.52659656698079,5872.74403811352,0.00111133680007571,0.00111010310164697,"Naïve pluripotency",FALSE,967,FALSE
"SBR",NA,"Eif1-ps2",0.0452479543865844,172.491374614506,0.00026232009854236,0.000262251304754254,"Epiblast",FALSE,1740,FALSE
"SBR",NA,"Snai2",0.0730802496163862,424.30972372783,0.000172233266243182,0.00017220360705348,"Epiblast",FALSE,1977,FALSE
"SBR",NA,"Micu1",0.0256727687728254,284.794263447597,9.0144964515935e-05,9.01368391337697e-05,"Exiting naïve pluripotency",FALSE,2299,FALSE
"SBR",NA,"B3gat2",0.00592925101115697,52.7290793864717,0.000112447459355382,0.00011243481634594,"Epiblast",FALSE,2191,FALSE
"SBR",NA,"Nrep",0.155990506412419,907.814652262574,0.000171830787290819,0.000171801266543931,"Exiting naïve pluripotency",FALSE,1979,FALSE
"SBR",NA,"Rasd1",0.0784028266792292,200.884058123529,0.000390288942843921,0.000390136676812763,"Epiblast",FALSE,1542,FALSE
"SBR",NA,"Tmem151b",0.270954558689584,63.6875408822124,0.00425443587452535,0.00423641232992962,"Naïve pluripotency",FALSE,403,TRUE
"SBR",NA,"Ehf",0.0190290446235341,108.333793729789,0.000175651973113737,0.000175621124916625,"Epiblast",FALSE,1967,FALSE
"SBR",NA,"Ppil6",0.292647958594251,41.3351904682827,0.00707987444303191,0.00703010220211922,"Naïve pluripotency",FALSE,285,TRUE
"SBR",NA,"Slc1a1",0.065904511778777,47.1079322134526,0.00139901092410838,0.00139705642690554,"Naïve pluripotency",FALSE,835,FALSE
"SBR",NA,"Atp5e",7.36346084591531,75075.3326254747,9.80809619938564e-05,9.80713430621849e-05,"Exiting naïve pluripotency",FALSE,2259,FALSE
"SBR",NA,"Morc4",0.0998204668126846,306.970222238443,0.000325179641480494,0.000325073934055164,"Epiblast",FALSE,1646,FALSE
"SBR",NA,"Nfib",3.52803645863187,2570.39935529047,0.00137256354790564,0.00137068219948287,"Exiting naïve pluripotency",FALSE,847,FALSE
"SBR",NA,"Cct4",78.1710071837801,169091.182432256,0.000462300908062419,0.000462087284691102,"Naïve pluripotency",FALSE,1445,FALSE
"SBR",NA,"Ddah1",12.6451723823743,3336.39381371995,0.00379007188251421,0.0037757614751123,"Epiblast",FALSE,443,TRUE
"SBR",NA,"Rab11fip5",0.0129974919436719,157.754120732698,8.23908236647282e-05,8.23840359761473e-05,"Epiblast",FALSE,2334,FALSE
"SBR",NA,"D5Ertd605e",2.21403023533062,1814.13108469427,0.00122043564217066,0.00121894799459211,"Exiting naïve pluripotency",FALSE,912,FALSE
"SBR",NA,"Vps36",71.981566164718,32766.5326407656,0.00219680144230959,0.00219198608411848,"Epiblast",FALSE,620,FALSE
"SBR",NA,"Cfap70",0.00952765662323614,42.234464868125,0.000225589613908588,0.000225538734712503,"Exiting naïve pluripotency",FALSE,1815,FALSE
"SBR",NA,"Timp1",2.53402572574029,3896.33713378598,0.000650361002842183,0.000649938308312203,"Naïve pluripotency",FALSE,1244,FALSE
"SBR",NA,"Mrpl17",243.990471549819,124758.558937288,0.00195570126513296,0.00195188396319675,"Naïve pluripotency",FALSE,667,FALSE
"SBR",NA,"Ascl4",0.0164464466634286,30.4569374392544,0.000539990164678595,0.000539698732671063,"Naïve pluripotency",FALSE,1347,FALSE
"SBR",NA,"Rdx",59.7917903760517,63251.9832617716,0.000945295108433206,0.000944402369492931,"Epiblast",FALSE,1046,FALSE
"SBR",NA,"Comp",0.0656879347824214,112.104638417709,0.000585951979414661,0.000585608840755257,"Exiting naïve pluripotency",FALSE,1309,FALSE
"SBR",NA,"Eya4",0.00832637906010519,59.0906542460065,0.000140908561029647,0.000140888708604452,"Epiblast",FALSE,2077,FALSE
"SBR",NA,"D630033A02Rik",0.0588126447934337,326.784496304018,0.000179973791469955,0.000179941406732743,"Epiblast",FALSE,1955,FALSE
"SBR",NA,"Chchd7",4.93402858061322,19620.8626017972,0.000251468484375467,0.000251405263874796,"Epiblast",FALSE,1761,FALSE
"SBR",NA,"4930405N21Rik",0.0445705111506839,72.1751584821116,0.000617532570596718,0.000617151459469504,"Exiting naïve pluripotency",FALSE,1281,FALSE
"SBR",NA,"Opn3",0.0176892369878197,95.6225298646903,0.000184990263412301,0.000184956048344198,"Epiblast",FALSE,1942,FALSE
"SBR",NA,"Sun3",0.0743647910735054,41.4689723280652,0.00179326341837454,0.00179005338112922,"Naïve pluripotency",FALSE,705,FALSE
"SBR",NA,"Dpysl5",2.25336299564011,1503.42848821316,0.00149881621460975,0.00149657312654134,"Epiblast",FALSE,795,FALSE
"SBR",NA,"Leng9",0.0734541842489012,348.945534300438,0.000210503293576063,0.000210458991265239,"Epiblast",FALSE,1855,FALSE
"SBR",NA,"Rasl2-9",0.00990338824663214,68.2163385706342,0.000145176191718026,0.000145155118650692,"Epiblast",FALSE,2064,FALSE
"SBR",NA,"Acot9",38.9257617272831,4857.16146342664,0.0080140967147964,0.00795038158783198,"Naïve pluripotency",FALSE,252,TRUE
"SBR",NA,"Sema6a",1.049608214298,747.180764621348,0.00140475807729059,0.00140278750021894,"Epiblast",FALSE,830,FALSE
"SBR",NA,"Smkr-ps",0.00121858683754261,22.9324480033336,5.31381053329096e-05,5.31352818247072e-05,"Epiblast",FALSE,2513,FALSE
"SBR",NA,"Lypd2",8.66691252717536,1664.79702491093,0.00520598751528829,0.00517902557281485,"Exiting naïve pluripotency",FALSE,346,TRUE
"SBR",NA,"Nsa2-ps1",1.42864508003094,1408.93147328462,0.00101399188471556,0.00101296474668292,"Naïve pluripotency",FALSE,1016,FALSE
"SBR",NA,"Sostdc1",0.0193510128048683,110.625863058014,0.000174923044846397,0.00017489245212615,"Epiblast",FALSE,1969,FALSE
"SBR",NA,"Car8",0.0251941183811103,126.838154857821,0.000198632015810634,0.000198592568968335,"Exiting naïve pluripotency",FALSE,1895,FALSE
"SBR",NA,"Ahsa1",5.77202230748502,131931.940304402,4.37499993873161e-05,4.37480854086063e-05,"Naïve pluripotency",FALSE,2572,FALSE
"SBR",NA,"1700096K18Rik",2.35740931086142,299.371751182491,0.00787452156574517,0.00781299794493466,"Naïve pluripotency",FALSE,255,TRUE
"SBR",NA,"Gata3",0.00121786107244862,22.8912109956626,5.32021251597121e-05,5.31992948441694e-05,"Epiblast",FALSE,2512,FALSE
"SBR",NA,"Abca1",0.141038632889555,206.134498017425,0.000684206837021686,0.000683739018110756,"Exiting naïve pluripotency",FALSE,1210,FALSE
"SBR",NA,"Ltbp2",0.0123187619865743,31.1668312905584,0.000395252307548703,0.000395096144885734,"Exiting naïve pluripotency",FALSE,1536,FALSE
"SBR",NA,"Tbca",5.98970207786243,86307.9193728142,6.93992176081712e-05,6.93944016909874e-05,"Naïve pluripotency",FALSE,2396,FALSE
"SBR",NA,"AU040972",0.0671730615775756,33.2505611626777,0.00202020835825696,0.00201613534478205,"Exiting naïve pluripotency",FALSE,650,FALSE
"SBR",NA,"Mst1",0.00161330272332285,27.7342444255592,5.81700622006515e-05,5.81666786413369e-05,"Epiblast",FALSE,2481,FALSE
"SBR",NA,"Olfr920",0.00923371164937441,44.3483220290377,0.000208208816634111,0.00020816547474695,"Exiting naïve pluripotency",FALSE,1869,FALSE
"SBR",NA,"Ttc30b",0.00919550708400789,100.872164280827,9.11600058308228e-05,9.11516964416437e-05,"Exiting naïve pluripotency",FALSE,2293,FALSE
"SBR",NA,"Afap1",0.267604366571959,618.256385234611,0.000432837206315969,0.000432649939324919,"Exiting naïve pluripotency",FALSE,1487,FALSE
"SBR",NA,"Aqp6",0.0803008223324575,179.421001477803,0.000447555312204585,0.000447355096054904,"Naïve pluripotency",FALSE,1461,FALSE
"SBR",NA,"Mmd",0.23789870209602,346.828901415393,0.000685925253417941,0.000685455082466794,"Exiting naïve pluripotency",FALSE,1207,FALSE
"SBR",NA,"Rinl",22.4711448869917,1350.3514805298,0.0166409599359831,0.0163685711984602,"Exiting naïve pluripotency",FALSE,139,TRUE
"SBR",NA,"Cdk5rap2",0.840467047124641,7126.89425948763,0.000117928934613527,0.00011791502901978,"Epiblast",FALSE,2165,FALSE
"SBR",NA,"Plpp4",0.0344471896741214,167.587671242685,0.000205547278142185,0.000205505037141156,"Naïve pluripotency",FALSE,1879,FALSE
"SBR",NA,"Gata4",0.0136790357824325,85.9061286719298,0.000159232362043364,0.000159207011134927,"Epiblast",FALSE,2018,FALSE
"SBR",NA,"Cep112",0.231731318256265,195.747396533782,0.00118382835409141,0.00118242856163346,"Naïve pluripotency",FALSE,930,FALSE
"SBR",NA,"Col16a1",0.00452983678999191,110.787251709488,4.08877079275356e-05,4.08860361912295e-05,"Exiting naïve pluripotency",FALSE,2599,FALSE
"SBR",NA,"Paqr6",0.013135258414341,78.4310523357467,0.000167475228537184,0.000167447185281561,"Epiblast",FALSE,1991,FALSE
"SBR",NA,"F11r",3.07640027544743,4601.54026715944,0.000668558807885106,0.000668112135632174,"Epiblast",FALSE,1221,FALSE
"SBR",NA,"Flrt3",0.100926005249495,157.44041854922,0.00064104253646876,0.000640631864193595,"Epiblast",FALSE,1256,FALSE
"SBR",NA,"Ryr3",4.93975804674462,622.36723360558,0.00793704710019351,0.00787454645409469,"Naïve pluripotency",FALSE,254,TRUE
"SBR",NA,"Tmprss11d",5.92132955232263,162.157617007959,0.0365158890564603,0.0352294542148319,"Naïve pluripotency",FALSE,52,TRUE
"SBR",NA,"Ceacam20",0.0491315849292962,214.186073847296,0.000229387392218247,0.000229334785709808,"Exiting naïve pluripotency",FALSE,1811,FALSE
"SBR",NA,"Ppa1",196.684607586667,146168.336630668,0.00134560337840911,0.00134379516309776,"Epiblast",FALSE,851,FALSE
"SBR",NA,"Platr7",8.29156313877064,403.919960928002,0.020527738019485,0.0201148261382123,"Exiting naïve pluripotency",FALSE,109,TRUE
"SBR",NA,"Aplp1",54.8432504787563,4078.2948372805,0.013447593336662,0.0132691551344923,"Naïve pluripotency",FALSE,172,TRUE
"SBR",NA,"Exoc6b",0.763063837750451,1939.89920975256,0.000393352311251151,0.000393197646048299,"Exiting naïve pluripotency",FALSE,1540,FALSE
"SBR",NA,"Hrk",0.222450244578253,416.551012887056,0.000534028816870428,0.00053374378230985,"Naïve pluripotency",FALSE,1355,FALSE
"SBR",NA,"Tshz2",0.000926080451040209,17.33361370902,5.34268541220749e-05,5.34239998458285e-05,"Epiblast",FALSE,2511,FALSE
"SBR",NA,"Dnah2os",0.00419832108872598,80.4110161974238,5.2210770206141e-05,5.22080443839328e-05,"Exiting naïve pluripotency",FALSE,2517,FALSE
"SBR",NA,"Ism1",0.0903904399713559,209.284225644848,0.000431902785280851,0.000431716325797288,"Epiblast",FALSE,1489,FALSE
"SBR",NA,"Ablim3",0.0129459594223,77.76079051597,0.000166484411184597,0.000166456698739119,"Epiblast",FALSE,1995,FALSE
"SBR",NA,"Card11",0.0678224129862299,34.0139925459854,0.00199395624887426,0.00198998829926974,"Naïve pluripotency",FALSE,657,FALSE
"SBR",NA,"Ramp2",1.23012042092256,18831.4667997704,6.53226025355369e-05,6.5318335771851e-05,"Epiblast",FALSE,2429,FALSE
"SBR",NA,"Chaf1a",52.2016607016353,20901.3978990758,0.00249752006797323,0.00249129800121988,"Epiblast",FALSE,580,FALSE
"SBR",NA,"Palm3",8.51044406569374,9376.9317033122,0.00090759369215493,0.000906770712775784,"Epiblast",FALSE,1076,FALSE
"SBR",NA,"Ranbp3",10.8696619497571,11765.056349415,0.000923893743211655,0.000923040951451881,"Naïve pluripotency",FALSE,1064,FALSE
"SBR",NA,"Txnl4a",33.3988466366345,151756.062225419,0.000220082454347185,0.000220034028718105,"Epiblast",FALSE,1832,FALSE
"SBR",NA,"Ets2",0.625934848619263,1327.83028422165,0.000471396725965001,0.000471174615793758,"Naïve pluripotency",FALSE,1429,FALSE
"SBR",NA,"Commd10",0.676542433046138,915.658969138503,0.000738858522494092,0.000738313013631702,"Exiting naïve pluripotency",FALSE,1166,FALSE
"SBR",NA,"Cyct",3.51153176950937,2504.9938836073,0.00140181251239329,0.00139985018488863,"Naïve pluripotency",FALSE,831,FALSE
"SBR",NA,"AI504432",0.0614693354342638,77.6038462733136,0.000792091350959261,0.000791464438822678,"Naïve pluripotency",FALSE,1138,FALSE
"SBR",NA,"Slc16a9",0.0256051770632141,132.56140961878,0.000193157097052977,0.000193119794594069,"Exiting naïve pluripotency",FALSE,1914,FALSE
"SBR",NA,"Akr1c13",0.115589579670623,51.1978235934341,0.00225770494833001,0.00225261919881813,"Naïve pluripotency",FALSE,608,FALSE
"SBR",NA,"Brd2",3.59179872798713,54819.7492775549,6.55201597110868e-05,6.55158671010107e-05,"Exiting naïve pluripotency",FALSE,2426,FALSE
"SBR",NA,"Tbc1d16",0.804111618503417,1590.23357027829,0.000505656296994598,0.000505400737928958,"Exiting naïve pluripotency",FALSE,1383,FALSE
"SBR",NA,"Il34",0.781934203314199,145.443459512329,0.00537620740001661,0.00534745835483805,"Exiting naïve pluripotency",FALSE,340,TRUE
"SBR",NA,"Ubap2l",29.4398779495885,32717.7179690836,0.000899814527938884,0.00089900558964862,"Epiblast",FALSE,1079,FALSE
"SBR",NA,"Fam43b",0.0186925595198526,93.9839487031897,0.000198890978489162,0.000198851428733927,"Epiblast",FALSE,1892,FALSE
"SBR",NA,"Zbtb44",0.0165086345544746,3314.50995557541,4.98071653901811e-06,4.98069173160442e-06,"Exiting naïve pluripotency",FALSE,2776,FALSE
"SBR",NA,"Agrp",0.234675544334297,140.437332207255,0.00167103390990059,0.00166824621390709,"Exiting naïve pluripotency",FALSE,730,FALSE
"SBR",NA,"Rai2",0.0105879760905726,75.4650366785883,0.000140303066911206,0.000140283384722093,"Epiblast",FALSE,2080,FALSE
"SBR",NA,"Slc44a4",0.365103784619139,1146.26580536308,0.000318515812746846,0.000318414392727756,"Epiblast",FALSE,1656,FALSE
"SBR",NA,"Smim41",0.00941106854052116,44.4042980247537,0.000211940486825732,0.000211895577573864,"Exiting naïve pluripotency",FALSE,1853,FALSE
"SBR",NA,"Slc25a33",19.9141388631277,16772.6599239392,0.00118729759939297,0.00118588959552306,"Exiting naïve pluripotency",FALSE,929,FALSE
"SBR",NA,"Robo2",0.000753142096369251,13.9618521491301,5.3942850011929e-05,5.39399403378177e-05,"Epiblast",FALSE,2505,FALSE
"SBR",NA,"Tcp11x2",0.0112708370500716,36.0741215509029,0.00031243552345877,0.000312337937991618,"Exiting naïve pluripotency",FALSE,1666,FALSE
"SBR",NA,"Golgb1",0.295641123335415,14513.9626777542,2.03694283841965e-05,2.03690134790352e-05,"Epiblast",FALSE,2719,FALSE
"SBR",NA,"Plch1",0.966377001186359,1706.04407536733,0.000566443162365714,0.000566122486154371,"Epiblast",FALSE,1328,FALSE
"SBR",NA,"Robo4",0.00150950027299181,25.7079194393285,5.87173254745209e-05,5.87138779526393e-05,"Epiblast",FALSE,2475,FALSE
"SBR",NA,"Tigar",16.378008294963,8207.47245944424,0.00199549963474042,0.00199152554624032,"Naïve pluripotency",FALSE,656,FALSE
"SBR",NA,"Gdpd5",0.0556612900682667,56.0159112595157,0.000993669277473573,0.000992682878994442,"Exiting naïve pluripotency",FALSE,1026,FALSE
"SBR",NA,"Adcy6",0.0163918540725175,174.537508911419,9.3915939185523e-05,9.39071198101698e-05,"Exiting naïve pluripotency",FALSE,2276,FALSE
"SBR",NA,"Nptx1",0.00192682041042617,30.528160338797,6.3116165174796e-05,6.31121817759065e-05,"Epiblast",FALSE,2448,FALSE
"SBR",NA,"Pros1",0.0491056109508668,353.506620936882,0.000138910017641889,0.000138890724328922,"Epiblast",FALSE,2086,FALSE
"SBR",NA,"Bcat2",22.713329751661,33173.6110022615,0.000684680656263576,0.000684212189412706,"Exiting naïve pluripotency",FALSE,1209,FALSE
"SBR",NA,"Dnah1",0.0630101386319713,38.8056846329467,0.00162373474989473,0.00162110250941704,"Exiting naïve pluripotency",FALSE,747,FALSE
"SBR",NA,"Aff1",2.18775017118925,5085.64728873655,0.00043018126247854,0.00042999628613331,"Exiting naïve pluripotency",FALSE,1493,FALSE
"SBR",NA,"Apoa1",0.00105277422462011,22.2085633535244,4.74039769192474e-05,4.74017298887378e-05,"Epiblast",FALSE,2543,FALSE
"SBR",NA,"Best2",0.0651269431897143,49.8676560234252,0.00130599567702001,0.00130429227694475,"Naïve pluripotency",FALSE,870,FALSE
"SBR",NA,"Pycrl",10.9895644088198,8848.0472542274,0.00124203274384291,0.00124049201214535,"Epiblast",FALSE,899,FALSE
"SBR",NA,"Vax2",0.626359249133207,85.1607355970206,0.00735502394081153,0.00730132253873951,"Naïve pluripotency",FALSE,276,TRUE
"SBR",NA,"B3galt2",0.0664939099726607,44.3215361409738,0.00150026185376705,0.00149801443984656,"Naïve pluripotency",FALSE,794,FALSE
"SBR",NA,"Dync1li1",25.988441390432,26397.7400525893,0.000984494935500467,0.000983526658486258,"Exiting naïve pluripotency",FALSE,1028,FALSE
"SBR",NA,"4930465K10Rik",0.0052491563904124,49.8525357963483,0.000105293668748479,0.000105282583159043,"Epiblast",FALSE,2221,FALSE
"SBR",NA,"Mir205hg",0.132111618217457,69.2857299312537,0.00190676519318683,0.00190313635901956,"Exiting naïve pluripotency",FALSE,679,FALSE
"SBR",NA,"Sh3glb1",21.7762794762726,14483.4528628441,0.00150352817677459,0.00150127097356486,"Epiblast",FALSE,791,FALSE
"SBR",NA,"Tcfl5",28.3928606910399,22960.2480025142,0.00123660949515575,0.00123508218080367,"Epiblast",FALSE,902,FALSE
"SBR",NA,"Ptov1",11.0688835005802,69845.4005906824,0.000158476913396883,0.00015845180244431,"Epiblast",FALSE,2021,FALSE
"SBR",NA,"Serp1",202.400897752427,66440.8343080439,0.00304633287435891,0.00303708091492568,"Epiblast",FALSE,513,FALSE
"SBR",NA,"Adgre5",2.22966042122672,668.790423607266,0.00333387013707608,0.00332279237879272,"Naïve pluripotency",FALSE,484,TRUE
"SBR",NA,"F5",0.00161925397527409,27.7605192022959,5.83293836644155e-05,5.83259815458603e-05,"Epiblast",FALSE,2478,FALSE
"SBR",NA,"Bola2",26.7670049333619,26425.5947582819,0.00101291967799412,0.00101189470993037,"Epiblast",FALSE,1019,FALSE
"SBR",NA,"Amdhd2",2.18869769100306,3142.2195733047,0.000696545114032622,0.000696060276647851,"Naïve pluripotency",FALSE,1201,FALSE
"SBR",NA,"Aoc1",0.0125479655223129,77.7170793401753,0.000161456987689787,0.000161430923539152,"Epiblast",FALSE,2009,FALSE
"SBR",NA,"Ildr1",16.0442032849863,2081.61718181335,0.00770756670590593,0.0076486144994437,"Naïve pluripotency",FALSE,265,TRUE
"SBR",NA,"Dek",104.902502933799,139656.596808705,0.000751146063493793,0.000750582266578924,"Epiblast",FALSE,1155,FALSE
"SBR",NA,"Tmem208",67.864850980677,34922.3126081159,0.00194330918866196,0.00193954006263646,"Epiblast",FALSE,672,FALSE
"SBR",NA,"G2e3",6.1794337066969,20134.2433982342,0.00030691164224422,0.000306817476388672,"Exiting naïve pluripotency",FALSE,1673,FALSE
"SBR",NA,"Gria3",0.0621743382558003,337.945188939859,0.000183977580656918,0.000183943739132815,"Epiblast",FALSE,1948,FALSE
"SBR",NA,"Slitrk4",0.00421410686187216,88.5057102126543,4.76139545318245e-05,4.76116875510982e-05,"Exiting naïve pluripotency",FALSE,2542,FALSE
"SBR",NA,"Bclaf3",1.07794381546659,8995.33640878784,0.000119833630058961,0.000119819271680685,"Exiting naïve pluripotency",FALSE,2156,FALSE
"SBR",NA,"Cox4i2",0.279534483309693,301.119996718139,0.000928315908462729,0.00092745493729006,"Naïve pluripotency",FALSE,1062,FALSE
"SBR",NA,"Gdi2",4.46575608531266,153911.397624931,2.90151096944447e-05,2.90142678422805e-05,"Naïve pluripotency",FALSE,2673,FALSE
"SBR",NA,"Cort",0.0052089685115418,49.8304439201633,0.000104533857251752,0.000104522931066597,"Epiblast",FALSE,2224,FALSE
"SBR",NA,"Ptpn14",4.86257875540448,3904.32127206349,0.00124543510038418,0.00124388592119705,"Epiblast",FALSE,896,FALSE
"SBR",NA,"Cd109",0.122067576686347,580.222424745042,0.000210380660037374,0.00021033640932475,"Exiting naïve pluripotency",FALSE,1856,FALSE
"SBR",NA,"Pbx2",1.08044258797408,5781.39491403907,0.000186882682127529,0.000186847763516333,"Epiblast",FALSE,1933,FALSE
"SBR",NA,"Bola3",6.72317010769397,13588.5876221325,0.000494765923777359,0.000494521251513526,"Exiting naïve pluripotency",FALSE,1399,FALSE
"SBR",NA,"Dscaml1",0.0844614299139946,526.406804389424,0.000160448970662454,0.000160423230920182,"Exiting naïve pluripotency",FALSE,2014,FALSE
"SBR",NA,"Atp13a4",0.0090412596575167,68.5682206828078,0.000131857871875384,0.000131840487669252,"Epiblast",FALSE,2112,FALSE
