"set","gene"
"rna_counts","4933401J01Rik"
"rna_counts","Lypla1"
"rna_counts","Tcea1"
"rna_counts","Atp6v1h"
"rna_counts","Oprk1"
"rna_counts","Rb1cc1"
"rna_counts","Alkal1"
"rna_counts","St18"
"rna_counts","Pcmtd1"
"rna_counts","Rrs1"
"rna_counts","Adhfe1"
"rna_counts","Vxn"
"rna_counts","1700034P13Rik"
"rna_counts","Sgk3"
"rna_counts","Mcmdc2"
"rna_counts","E330040D14Rik"
"rna_counts","Cspp1"
"rna_counts","Prex2"
"rna_counts","A830018L16Rik"
"rna_counts","Mir6341"
"rna_counts","Sulf1"
"rna_counts","Xkr9"
"rna_counts","Kcnb2"
"rna_counts","Terf1"
"rna_counts","Rdh10"
"rna_counts","D030040B21Rik"
"rna_counts","Tmem70"
"rna_counts","Ly96"
"rna_counts","4921511E07Rik"
"rna_counts","Gdap1"
"rna_counts","Pi15"
"rna_counts","Crispld1"
"rna_counts","Tfap2d"
"rna_counts","Tfap2b"
"rna_counts","4930486I03Rik"
"rna_counts","Mir206"
"rna_counts","Mir133b"
"rna_counts","Il17a"
"rna_counts","Paqr8"
"rna_counts","Efhc1"
"rna_counts","Tmem14a"
"rna_counts","Gsta3"
"rna_counts","Khdc1a"
"rna_counts","Khdc1c"
"rna_counts","Khdc1b"
"rna_counts","Mir30a"
"rna_counts","Mir30c-2"
"rna_counts","B3gat2"
"rna_counts","Col9a1"
"rna_counts","Lmbrd1"
"rna_counts","Mir6342"
"rna_counts","AC125120.1"
"rna_counts","Lgsn"
"rna_counts","Pih1d3"
"rna_counts","Eef1a1-ps2"
"rna_counts","Khdrbs2"
"rna_counts","1700001G17Rik"
"rna_counts","Rab23"
"rna_counts","Dst"
"rna_counts","Mir6896"
"rna_counts","Imp4"
"rna_counts","Ptpn18"
"rna_counts","Prss39"
"rna_counts","Cfc1"
"rna_counts","Amer3"
"rna_counts","Arhgef4"
"rna_counts","Plekhb2"
"rna_counts","1110002O04Rik"
"rna_counts","4930535G08Rik"
"rna_counts","Hs6st1"
"rna_counts","Arid5a"
"rna_counts","4930403P22Rik"
"rna_counts","Fer1l5"
"rna_counts","Cnnm4"
"rna_counts","Cnnm3"
"rna_counts","D430040D24Rik"
"rna_counts","Cox5b"
"rna_counts","4933424G06Rik"
"rna_counts","Zap70"
"rna_counts","n-R5s210"
"rna_counts","Vwa3b"
"rna_counts","Cnga3"
"rna_counts","Inpp4a"
"rna_counts","Unc50"
"rna_counts","4930556I23Rik"
"rna_counts","4930470B04Rik"
"rna_counts","Lipt1"
"rna_counts","Mrpl30"
"rna_counts","Eif5b"
"rna_counts","2610300A13Rik"
"rna_counts","Nms"
"rna_counts","Pdcl3"
"rna_counts","Npas2"
"rna_counts","Cnot11"
"rna_counts","D930019O06Rik"
"rna_counts","Map4k4"
"rna_counts","Il1r2"
"rna_counts","Il1r1"
"rna_counts","Il1rl2"
"rna_counts","Il1rl1"
"rna_counts","Il18r1"
"rna_counts","Il18rap"
"rna_counts","Slc9a4"
"rna_counts","Slc9a2"
"rna_counts","Tmem182"
"rna_counts","4930420N18Rik"
"rna_counts","Pou3f3"
"rna_counts","Dalir"
"rna_counts","Mrps9"
"rna_counts","Gpr45"
"rna_counts","8430432A02Rik"
"rna_counts","AI597479"
"rna_counts","Nck2"
"rna_counts","Ecrg4"
"rna_counts","Tpp2"
"rna_counts","Bivm"
"rna_counts","Ercc5"
"rna_counts","Gulp1"
"rna_counts","Col3a1"
"rna_counts","Wdr75"
"rna_counts","Dnah7b"
"rna_counts","n-R5s211"
"rna_counts","Dnah7c"
"rna_counts","C230029F24Rik"
"rna_counts","4933411E06Rik"
"rna_counts","Tmeff2"
"rna_counts","Cavin2"
"rna_counts","Stat4"
"rna_counts","Stat1"
"rna_counts","Nemp2"
"rna_counts","Hibch"
"rna_counts","Mstn"
"rna_counts","Ormdl1"
"rna_counts","Osgepl1"
"rna_counts","Mir7681"
"rna_counts","Ccdc150"
"rna_counts","4930444A19Rik"
"rna_counts","Coq10b"
"rna_counts","Hspe1"
"rna_counts","Mob4"
"rna_counts","Mars2"
"rna_counts","Plcl1"
"rna_counts","9130227L01Rik"
"rna_counts","1700003I22Rik"
"rna_counts","9130024F11Rik"
"rna_counts","1700126A01Rik"
"rna_counts","1700066M21Rik"
"rna_counts","Maip1"
"rna_counts","Spats2l"
"rna_counts","Sgo2a"
"rna_counts","Aox1"
"rna_counts","Aox3"
"rna_counts","Aox4"
"rna_counts","Aox2"
"rna_counts","Bzw1"
"rna_counts","Nif3l1"
"rna_counts","Ndufb3"
"rna_counts","Cbx3-ps7"
"rna_counts","Cflar"
"rna_counts","Casp8"
"rna_counts","Stradb"
"rna_counts","G730003C15Rik"
"rna_counts","Cdk15"
"rna_counts","Fzd7"
"rna_counts","Nop58"
"rna_counts","Snord70"
"rna_counts","Snord11"
"rna_counts","Bmpr2"
"rna_counts","Fam117b"
"rna_counts","Carf"
"rna_counts","Nbeal1"
"rna_counts","Cyp20a1"
"rna_counts","6030460B20Rik"
"rna_counts","Abi2"
"rna_counts","Eif4a-ps4"
"rna_counts","Cd28"
"rna_counts","2310016D23Rik"
"rna_counts","Ctla4"
"rna_counts","Icos"
"rna_counts","9530026F06Rik"
"rna_counts","Pard3b"
"rna_counts","Nrp2"
"rna_counts","Ino80dos"
"rna_counts","Eef1b2"
"rna_counts","Snora41"
"rna_counts","Platr12"
"rna_counts","Zdbf2"
"rna_counts","Adam23"
"rna_counts","Fastkd2"
"rna_counts","Creb1"
"rna_counts","Ccnyl1"
"rna_counts","Pikfyve"
"rna_counts","Pth2r"
"rna_counts","Crygf"
"rna_counts","Map2"
"rna_counts","Unc80"
"rna_counts","Rpe"
"rna_counts","Cps1"
"rna_counts","Kif22-ps"
"rna_counts","Pced1c-ps"
"rna_counts","Spag16"
"rna_counts","Vwc2l"
"rna_counts","Atic"
"rna_counts","Apol7d"
"rna_counts","Tmem169"
"rna_counts","Xrcc5"
"rna_counts","Smarcal1"
"rna_counts","Igfbp2"
"rna_counts","1700027A15Rik"
"rna_counts","D530049I02Rik"
"rna_counts","Rufy4"
"rna_counts","Cxcr2"
"rna_counts","Arpc2"
"rna_counts","Gpbar1"
"rna_counts","Pnkd"
"rna_counts","Catip"
"rna_counts","Slc11a1"
"rna_counts","Ctdsp1"
"rna_counts","Mir26b"
"rna_counts","Vil1"
"rna_counts","Cnot9"
"rna_counts","Plcd4"
"rna_counts","Bcs1l"
"rna_counts","Stk36"
"rna_counts","Ttll4"
"rna_counts","Cyp27a1"
"rna_counts","Wnt6"
"rna_counts","Wnt10a"
"rna_counts","Cdk5r2"
"rna_counts","Retreg2"
"rna_counts","Zfand2b"
"rna_counts","Ankzf1"
"rna_counts","Stk16"
"rna_counts","Dnajb2"
"rna_counts","Des"
"rna_counts","Speg"
"rna_counts","Asic4"
"rna_counts","Tmem198"
"rna_counts","Inha"
"rna_counts","Stk11ip"
"rna_counts","Slc4a3"
"rna_counts","Mir6343"
"rna_counts","Sgpp2"
"rna_counts","Mogat1"
"rna_counts","Acsl3"
"rna_counts","Utp14b"
"rna_counts","Kcne4"
"rna_counts","Mrpl44"
"rna_counts","9830004L10Rik"
"rna_counts","2310015K22Rik"
"rna_counts","1700016L21Rik"
"rna_counts","Nyap2"
"rna_counts","Mir6344"
"rna_counts","Rhbdd1"
"rna_counts","Col4a3"
"rna_counts","n-R5s213"
"rna_counts","Mff"
"rna_counts","Agfg1"
"rna_counts","A030005L19Rik"
"rna_counts","A030014E15Rik"
"rna_counts","Krtap28-13"
"rna_counts","Ccl20"
"rna_counts","Daw1"
"rna_counts","Mir5126"
"rna_counts","Fbxo36"
"rna_counts","AC167036.1"
"rna_counts","A530040E14Rik"
"rna_counts","AC123856.1"
"rna_counts","AC147806.2"
"rna_counts","AC147806.3"
"rna_counts","G530012D18Rik"
"rna_counts","Sp140"
"rna_counts","Sp100"
"rna_counts","n-R5s215"
"rna_counts","Mir8096"
"rna_counts","9930111H07Rik"
"rna_counts","Cab39"
"rna_counts","Itm2c"
"rna_counts","4933407L21Rik"
"rna_counts","Spata3"
"rna_counts","2810459M11Rik"
"rna_counts","Psmd1"
"rna_counts","Armc9"
"rna_counts","B3gnt7"
"rna_counts","C130036L24Rik"
"rna_counts","Tex44"
"rna_counts","Ptma"
"rna_counts","Cops7b"
"rna_counts","Dis3l2"
"rna_counts","Akp-ps1"
"rna_counts","Akp3"
"rna_counts","Prss56"
"rna_counts","Chrnd"
"rna_counts","Chrng"
"rna_counts","Eif4e2"
"rna_counts","Efhd1"
"rna_counts","Gigyf2"
"rna_counts","Snorc"
"rna_counts","Neu2"
"rna_counts","Inpp5d"
"rna_counts","Atg16l1"
"rna_counts","Scarna6"
"rna_counts","Sag"
"rna_counts","Dgkd"
"rna_counts","4833421G17Rik"
"rna_counts","AC087801.1"
"rna_counts","Ugt1a10"
"rna_counts","AC087801.2"
"rna_counts","Ugt1a9"
"rna_counts","Ugt1a8"
"rna_counts","Ugt1a7c"
"rna_counts","Ugt1a6b"
"rna_counts","Ugt1a6a"
"rna_counts","Ugt1a5"
"rna_counts","AC087801.3"
"rna_counts","Ugt1a2"
"rna_counts","Ugt1a1"
"rna_counts","Mroh2a"
"rna_counts","Trpm8"
"rna_counts","Spp2"
"rna_counts","Platr5"
"rna_counts","1700067G17Rik"
"rna_counts","Sh3bp4"
"rna_counts","Agap1"
"rna_counts","D130058E05Rik"
"rna_counts","4930434B07Rik"
"rna_counts","Ackr3"
"rna_counts","Cops8"
"rna_counts","Mlph"
"rna_counts","Prlh"
"rna_counts","Lrrfip1"
"rna_counts","Rbm44"
"rna_counts","Ramp1"
"rna_counts","Ube2f"
"rna_counts","Scly"
"rna_counts","Espnl"
"rna_counts","Klhl30"
"rna_counts","Erfe"
"rna_counts","Traf3ip1"
"rna_counts","Asb1"
"rna_counts","Twist2"
"rna_counts","Olfr1413"
"rna_counts","Olfr1412"
"rna_counts","Olfr1411"
"rna_counts","Olfr1410"
"rna_counts","Olfr12"
"rna_counts","Gpc1"
"rna_counts","Mir149"
"rna_counts","Dusp28"
"rna_counts","Rnpepl1"
"rna_counts","Capn10"
"rna_counts","Gpr35"
"rna_counts","Aqp12"
"rna_counts","Agxt"
"rna_counts","Crocc2"
"rna_counts","Sned1"
"rna_counts","Mir6901"
"rna_counts","Ppp1r7"
"rna_counts","Mir6902"
"rna_counts","Mir6345"
"rna_counts","Ano7"
"rna_counts","Sept2"
"rna_counts","Farp2"
"rna_counts","Bok"
"rna_counts","Atg4b"
"rna_counts","Ing5"
"rna_counts","D2hgdh"
"rna_counts","Gal3st2"
"rna_counts","Gal3st2b"
"rna_counts","Gal3st2c"
"rna_counts","Neu4"
"rna_counts","4930440C22Rik"
"rna_counts","Fam174a"
"rna_counts","BC055308"
"rna_counts","Panct2"
"rna_counts","AC099860.1"
"rna_counts","Gin1"
"rna_counts","1810006J02Rik"
"rna_counts","Slco6d1"
"rna_counts","Cntnap5b"
"rna_counts","Psmb6-ps2"
"rna_counts","Cdh20"
"rna_counts","Relch"
"rna_counts","Tnfrsf11a"
"rna_counts","Zcchc2"
"rna_counts","Phlpp1"
"rna_counts","D630008O14Rik"
"rna_counts","Serpinb5"
"rna_counts","Serpinb12"
"rna_counts","Serpinb13"
"rna_counts","Serpinb11"
"rna_counts","Serpinb7"
"rna_counts","Serpinb2"
"rna_counts","Serpinb10"
"rna_counts","Serpinb8"
"rna_counts","D830032E09Rik"
"rna_counts","Cdh7"
"rna_counts","Cntnap5a"
"rna_counts","Zfp813-ps"
"rna_counts","B020011L13Rik"
"rna_counts","Nifk"
"rna_counts","Clasp1"
"rna_counts","Tfcp2l1"
"rna_counts","Mir6346"
"rna_counts","Tmem185b"
"rna_counts","Sctr"
"rna_counts","3110009E18Rik"
"rna_counts","C1ql2"
"rna_counts","1700012E03Rik"
"rna_counts","En1"
"rna_counts","2610027F03Rik"
"rna_counts","Celrr"
"rna_counts","Ccdc93"
"rna_counts","Slc35f5"
"rna_counts","Gpr39"
"rna_counts","Mgat5"
"rna_counts","Acmsd"
"rna_counts","Ccnt2"
"rna_counts","Rab3gap1"
"rna_counts","R3hdm1"
"rna_counts","Mir128-1"
"rna_counts","Ubxn4"
"rna_counts","Thsd7b"
"rna_counts","Cd55os"
"rna_counts","Yod1"
"rna_counts","AA986860"
"rna_counts","Fcamr"
"rna_counts","Pigr"
"rna_counts","Fcmr"
"rna_counts","Il10"
"rna_counts","Eif2d"
"rna_counts","Fam72a"
"rna_counts","Avpr1b"
"rna_counts","Ctse"
"rna_counts","Rab7b"
"rna_counts","Slc26a9"
"rna_counts","Pm20d1"
"rna_counts","Slc41a1"
"rna_counts","Rab29"
"rna_counts","Nucks1"
"rna_counts","Slc45a3"
"rna_counts","Elk4"
"rna_counts","Lemd1"
"rna_counts","Mir135b"
"rna_counts","Klhdc8a"
"rna_counts","Nuak2"
"rna_counts","F730311O21Rik"
"rna_counts","Dstyk"
"rna_counts","Rbbp5"
"rna_counts","Tmem81"
"rna_counts","Lrrn2"
"rna_counts","Pik3c2b"
"rna_counts","Ppp1r15b"
"rna_counts","Plekha6"
"rna_counts","Golt1a"
"rna_counts","Kiss1"
"rna_counts","Ren1"
"rna_counts","Etnk2"
"rna_counts","Fmod"
"rna_counts","Chit1"
"rna_counts","Chil1"
"rna_counts","Mybph"
"rna_counts","Myog"
"rna_counts","Mgat4f"
"rna_counts","Cyb5r1"
"rna_counts","Adipor1"
"rna_counts","Platr1"
"rna_counts","Klhl12"
"rna_counts","Rabif"
"rna_counts","Kdm5b"
"rna_counts","Syt2"
"rna_counts","Ube2t"
"rna_counts","Ptpn7"
"rna_counts","Arl8a"
"rna_counts","Lmod1"
"rna_counts","Csrp1"
"rna_counts","Phlda3"
"rna_counts","Tnni1"
"rna_counts","Lad1"
"rna_counts","Tnnt2"
"rna_counts","Tmem9"
"rna_counts","Ascl5"
"rna_counts","Cacna1s"
"rna_counts","Kif21b"
"rna_counts","A430034D21Rik"
"rna_counts","Ddx59"
"rna_counts","Kif14"
"rna_counts","Zfp281"
"rna_counts","Platr22"
"rna_counts","A130050O07Rik"
"rna_counts","D130019J16Rik"
"rna_counts","Mir181a-1"
"rna_counts","Mir181a-1hg"
"rna_counts","Mir181b-1"
"rna_counts","1700113B19Rik"
"rna_counts","Atp6v1g3"
"rna_counts","Dennd1b"
"rna_counts","4930596I21Rik"
"rna_counts","4933436E23Rik"
"rna_counts","Zbtb41"
"rna_counts","Aspm"
"rna_counts","F13b"
"rna_counts","Kcnt2"
"rna_counts","B3galt2"
"rna_counts","Glrx2"
"rna_counts","Uchl5"
"rna_counts","Brinp3"
"rna_counts","n-R5s219"
"rna_counts","Ptgs2"
"rna_counts","Pdc"
"rna_counts","Tpr"
"rna_counts","Ska2l-ps"
"rna_counts","C730036E19Rik"
"rna_counts","3110040M04Rik"
"rna_counts","Ivns1abp"
"rna_counts","Trmt1l"
"rna_counts","Mir7682"
"rna_counts","Fam129a"
"rna_counts","Edem3"
"rna_counts","Colgalt2"
"rna_counts","Apobec4"
"rna_counts","Arpc5"
"rna_counts","Ncf2"
"rna_counts","1700040K01Rik"
"rna_counts","Nmnat2"
"rna_counts","Shcbp1l"
"rna_counts","Rgs8"
"rna_counts","5530400K19Rik"
"rna_counts","Rgs16"
"rna_counts","Rnasel"
"rna_counts","Teddm1b"
"rna_counts","Teddm1a"
"rna_counts","Mir8114"
"rna_counts","Glul"
"rna_counts","Zfp648"
"rna_counts","4930532M18Rik"
"rna_counts","Stx6"
"rna_counts","Acbd6"
"rna_counts","Tor1aip2"
"rna_counts","4930518J20Rik"
"rna_counts","Nphs2"
"rna_counts","Csnk2a3"
"rna_counts","Abl2"
"rna_counts","Angptl1"
"rna_counts","4930439D14Rik"
"rna_counts","2810025M15Rik"
"rna_counts","Cryzl2"
"rna_counts","Sec16b"
"rna_counts","Astn1"
"rna_counts","Mir488"
"rna_counts","4930562F17Rik"
"rna_counts","Cop1"
"rna_counts","Scarna3a"
"rna_counts","Mir1843b"
"rna_counts","Tnr"
"rna_counts","4930523C07Rik"
"rna_counts","Mrps14"
"rna_counts","4933417C20Rik"
"rna_counts","Rc3h1"
"rna_counts","Serpinc1"
"rna_counts","Gas5"
"rna_counts","Snord78"
"rna_counts","Snord80"
"rna_counts","Snord47"
"rna_counts","Cenpl"
"rna_counts","Ankrd45"
"rna_counts","Tnfsf4"
"rna_counts","Tnfsf18"
"rna_counts","Pigc"
"rna_counts","2810442N19Rik"
"rna_counts","Dnm3os"
"rna_counts","Mir199a-2"
"rna_counts","Mir214"
"rna_counts","Vamp4"
"rna_counts","Myoc"
"rna_counts","Kifap3"
"rna_counts","Scyl3"
"rna_counts","Mettl18"
"rna_counts","Sele"
"rna_counts","Sell"
"rna_counts","Selp"
"rna_counts","F5"
"rna_counts","Slc19a2"
"rna_counts","Ccdc181"
"rna_counts","Nme7"
"rna_counts","D630023O14Rik"
"rna_counts","Dpt"
"rna_counts","1700029M03Rik"
"rna_counts","Gpr161"
"rna_counts","Mpc2"
"rna_counts","Adcy10"
"rna_counts","Creg1"
"rna_counts","Cd247"
"rna_counts","Gpa33"
"rna_counts","Ildr2"
"rna_counts","Tada1"
"rna_counts","Fam78b"
"rna_counts","Mir6347"
"rna_counts","Tmco1"
"rna_counts","Aldh9a1"
"rna_counts","Rxrg"
"rna_counts","Lmx1a"
"rna_counts","Mir6348"
"rna_counts","Rgs5"
"rna_counts","Ccdc190"
"rna_counts","3110045C21Rik"
"rna_counts","4930500M09Rik"
"rna_counts","Sh2d1b2"
"rna_counts","Sh2d1b1"
"rna_counts","Spata46"
"rna_counts","Olfml2b"
"rna_counts","Fcgr4"
"rna_counts","Cfap126"
"rna_counts","Mpz"
"rna_counts","Nr1i3"
"rna_counts","Apoa2"
"rna_counts","Adamts4"
"rna_counts","B4galt3"
"rna_counts","Dedd"
"rna_counts","Pfdn2"
"rna_counts","Nectin4"
"rna_counts","Arhgap30"
"rna_counts","Usf1"
"rna_counts","Tstd1"
"rna_counts","F11r"
"rna_counts","Alyref2"
"rna_counts","Cd244a"
"rna_counts","Cd48"
"rna_counts","Tma7-ps"
"rna_counts","Slamf1"
"rna_counts","Cd84"
"rna_counts","Slamf6"
"rna_counts","Copa"
"rna_counts","Pex19"
"rna_counts","Dcaf8"
"rna_counts","Igsf8"
"rna_counts","Kcnj10"
"rna_counts","Pigm"
"rna_counts","Slamf9"
"rna_counts","Igsf9"
"rna_counts","Tagln2"
"rna_counts","Cfap45"
"rna_counts","Vsig8"
"rna_counts","Crp"
"rna_counts","9430083B18Rik"
"rna_counts","Olfr16"
"rna_counts","Olfr1407-ps1"
"rna_counts","Olfr218"
"rna_counts","Olfr1404"
"rna_counts","Olfr418"
"rna_counts","Aim2"
"rna_counts","Ifi209"
"rna_counts","Ifi208"
"rna_counts","Olfr433"
"rna_counts","Olfr432"
"rna_counts","Olfr431-ps1"
"rna_counts","Olfr430"
"rna_counts","Olfr429"
"rna_counts","Olfr428-ps1"
"rna_counts","Olfr427"
"rna_counts","Olfr424"
"rna_counts","Olfr258-ps1"
"rna_counts","Olfr421-ps1"
"rna_counts","Olfr420"
"rna_counts","Spta1"
"rna_counts","Mptx1"
"rna_counts","Olfr417"
"rna_counts","Olfr416-ps1"
"rna_counts","Olfr248"
"rna_counts","Olfr414"
"rna_counts","Olfr220"
"rna_counts","Fmn2"
"rna_counts","Kmo"
"rna_counts","Wdr64"
"rna_counts","Exo1"
"rna_counts","Sdccag8"
"rna_counts","Zbtb18"
"rna_counts","1700016C15Rik"
"rna_counts","Catspere1"
"rna_counts","Catspere2"
"rna_counts","Desi2"
"rna_counts","Cox20"
"rna_counts","Efcab2"
"rna_counts","Kif26b"
"rna_counts","Cnst"
"rna_counts","Sccpdh"
"rna_counts","Cdc42bpa"
"rna_counts","Itpkb"
"rna_counts","Parp1"
"rna_counts","Mir6904"
"rna_counts","Lin9"
"rna_counts","Acbd3"
"rna_counts","H3f3aos"
"rna_counts","Sde2"
"rna_counts","Lefty2"
"rna_counts","Pycr2"
"rna_counts","Lefty1"
"rna_counts","Tmem63a"
"rna_counts","9130409I23Rik"
"rna_counts","Fgfr3-ps"
"rna_counts","Cnih4"
"rna_counts","A430110L20Rik"
"rna_counts","Cnih3"
"rna_counts","2900069G24Rik"
"rna_counts","Dnah14"
"rna_counts","Srp9"
"rna_counts","1700047M11Rik"
"rna_counts","Trp53bp2"
"rna_counts","Capn8"
"rna_counts","Susd4"
"rna_counts","Tlr5"
"rna_counts","Aida"
"rna_counts","Taf1a"
"rna_counts","Hhipl2"
"rna_counts","Dusp10"
"rna_counts","2900092O11Rik"
"rna_counts","4930488B22Rik"
"rna_counts","4930433J02Rik"
"rna_counts","Rab3gap2"
"rna_counts","Snora36b"
"rna_counts","Mir664"
"rna_counts","2010103J01Rik"
"rna_counts","Mir194-1"
"rna_counts","Mir215"
"rna_counts","Bpnt1"
"rna_counts","Eprs"
"rna_counts","AC131980.1"
"rna_counts","Slc30a10"
"rna_counts","5033404E19Rik"
"rna_counts","A430105J06Rik"
"rna_counts","1700023G09Rik"
"rna_counts","D1Pas1"
"rna_counts","1700007P06Rik"
"rna_counts","Gpatch2"
"rna_counts","Esrrg"
"rna_counts","AC121143.1"
"rna_counts","Ush2a"
"rna_counts","A430027H14Rik"
"rna_counts","Ptpn14"
"rna_counts","Prox1os"
"rna_counts","Angel2"
"rna_counts","A230020J21Rik"
"rna_counts","Spata45"
"rna_counts","Nsl1"
"rna_counts","Batf3"
"rna_counts","D730003I15Rik"
"rna_counts","Pacc1"
"rna_counts","Ints7"
"rna_counts","Lpgat1"
"rna_counts","Nek2"
"rna_counts","Slc30a1"
"rna_counts","Rd3"
"rna_counts","Kcnh1"
"rna_counts","1700065J18Rik"
"rna_counts","Irf6"
"rna_counts","A130010J15Rik"
"rna_counts","4930570N18Rik"
"rna_counts","Lamb3"
"rna_counts","Plxna2"
"rna_counts","2900035J10Rik"
"rna_counts","Mir3962"
"rna_counts","Cd34"
"rna_counts","A330023F24Rik"
"rna_counts","9630010A21Rik"
"rna_counts","Mir29b-2"
"rna_counts","Mir29c"
"rna_counts","Xkr4"
"rna_counts","Rp1"
"rna_counts","Sox17"
"rna_counts","Mrpl15"
"rna_counts","Rgs20"
"rna_counts","Npbwr1"
"rna_counts","4732440D04Rik"
"rna_counts","Nras-ps2"
"rna_counts","Sntg1"
"rna_counts","2610203C22Rik"
"rna_counts","Mybl1"
"rna_counts","Vcpip1"
"rna_counts","Snhg6"
"rna_counts","Snord87"
"rna_counts","Tcf24"
"rna_counts","Ppp1r42"
"rna_counts","Cops5"
"rna_counts","1700047N06Rik"
"rna_counts","Arfgef1"
"rna_counts","Cpa6"
"rna_counts","Slco5a1"
"rna_counts","Prdm14"
"rna_counts","Ncoa2"
"rna_counts","Tram1"
"rna_counts","Lactb2"
"rna_counts","Eya1"
"rna_counts","Msc"
"rna_counts","Smt3h2-ps4"
"rna_counts","Trpa1"
"rna_counts","Sbspon"
"rna_counts","4930444P10Rik"
"rna_counts","Stau2"
"rna_counts","Ube2w"
"rna_counts","Eloc"
"rna_counts","Jph1"
"rna_counts","Rbm6-ps1"
"rna_counts","Crisp4"
"rna_counts","Defb44-ps"
"rna_counts","Defb18"
"rna_counts","Defb41"
"rna_counts","Pkhd1"
"rna_counts","Il17f"
"rna_counts","Mcm3"
"rna_counts","6720483E21Rik"
"rna_counts","Tram2"
"rna_counts","Kcnq5"
"rna_counts","Rims1"
"rna_counts","Ppp1r14bl"
"rna_counts","Ogfrl1"
"rna_counts","Smap1"
"rna_counts","Sdhaf4"
"rna_counts","Fam135a"
"rna_counts","Col19a1"
"rna_counts","Tubb4b-ps2"
"rna_counts","Adgrb3"
"rna_counts","8030445P17Rik"
"rna_counts","2900022M07Rik"
"rna_counts","2900002M20Rik"
"rna_counts","4931408C20Rik"
"rna_counts","n-R5s209"
"rna_counts","Phf3"
"rna_counts","Ptp4a1"
"rna_counts","4931428L18Rik"
"rna_counts","Prim2"
"rna_counts","Bag2"
"rna_counts","Zfp451"
"rna_counts","Bend6"
"rna_counts","A930005N03Rik"
"rna_counts","Mir5103"
"rna_counts","Ccdc115"
"rna_counts","4930568A12Rik"
"rna_counts","Prss40"
"rna_counts","1700101I19Rik"
"rna_counts","AA619741"
"rna_counts","Fam168b"
"rna_counts","Uggt1"
"rna_counts","Mir6897"
"rna_counts","Neurl3"
"rna_counts","Kansl3"
"rna_counts","Mir6898"
"rna_counts","Lman2l"
"rna_counts","Ankrd23"
"rna_counts","Ankrd39"
"rna_counts","Sema4c"
"rna_counts","Fam178b"
"rna_counts","Actr1b"
"rna_counts","Tmem131"
"rna_counts","F830112A20Rik"
"rna_counts","1700074A21Rik"
"rna_counts","4930439A04Rik"
"rna_counts","Coa5"
"rna_counts","Mgat4a"
"rna_counts","4930594C11Rik"
"rna_counts","2010300C02Rik"
"rna_counts","Tsga10"
"rna_counts","Mitd1"
"rna_counts","Lyg2"
"rna_counts","Lyg1"
"rna_counts","Txndc9"
"rna_counts","Rev1"
"rna_counts","Aff3"
"rna_counts","Lonrf2"
"rna_counts","Chst10"
"rna_counts","Mir6349"
"rna_counts","Tbc1d8"
"rna_counts","Snord89"
"rna_counts","Rnf149"
"rna_counts","Creg2"
"rna_counts","Rfx8"
"rna_counts","1700066B17Rik"
"rna_counts","4930456G14Rik"
"rna_counts","Mfsd9"
"rna_counts","4930448I06Rik"
"rna_counts","Pantr1"
"rna_counts","Pantr2"
"rna_counts","Tgfbrap1"
"rna_counts","Fhl2"
"rna_counts","Uxs1"
"rna_counts","Mettl21c"
"rna_counts","Tex30"
"rna_counts","Poglut2"
"rna_counts","Mettl21e"
"rna_counts","Txn-ps1"
"rna_counts","4930521E06Rik"
"rna_counts","Col5a2"
"rna_counts","Slc40a1"
"rna_counts","Stk-ps2"
"rna_counts","Slc39a10"
"rna_counts","Mir6350"
"rna_counts","9330175M20Rik"
"rna_counts","1700072G22Rik"
"rna_counts","Nabp1"
"rna_counts","Myo1b"
"rna_counts","Gls"
"rna_counts","Nab1"
"rna_counts","Mfsd6"
"rna_counts","Inpp1"
"rna_counts","1700019D03Rik"
"rna_counts","1700019A02Rik"
"rna_counts","Pms1"
"rna_counts","Asnsd1"
"rna_counts","Dnah7a"
"rna_counts","Stk17b"
"rna_counts","Hecw2"
"rna_counts","Gtf3c3"
"rna_counts","Pgap1"
"rna_counts","Ankrd44"
"rna_counts","A130048G24Rik"
"rna_counts","Sf3b1"
"rna_counts","E330011M16Rik"
"rna_counts","Hspd1"
"rna_counts","Rftn2"
"rna_counts","Boll"
"rna_counts","Hsfy2"
"rna_counts","Satb2"
"rna_counts","BC055402"
"rna_counts","4930558J18Rik"
"rna_counts","Tyw5"
"rna_counts","Kctd18"
"rna_counts","Clk1"
"rna_counts","Ppil3"
"rna_counts","Orc2"
"rna_counts","Fam126b"
"rna_counts","Flacc1"
"rna_counts","Trak2"
"rna_counts","C2cd6"
"rna_counts","AC169382.1"
"rna_counts","Tmem237"
"rna_counts","Mpp4"
"rna_counts","Als2"
"rna_counts","1700122D07Rik"
"rna_counts","Sumo1"
"rna_counts","D430013B06Rik"
"rna_counts","Ica1l"
"rna_counts","Wdr12"
"rna_counts","Raph1"
"rna_counts","4930587A21Rik"
"rna_counts","Pard3bos1"
"rna_counts","Pard3bos2"
"rna_counts","Pard3bos3"
"rna_counts","Ino80d"
"rna_counts","Ndufs1"
"rna_counts","Gpr1"
"rna_counts","1700039I01Rik"
"rna_counts","Dytn"
"rna_counts","Mdh1b"
"rna_counts","4933402D24Rik"
"rna_counts","Klf7"
"rna_counts","Mir6899"
"rna_counts","Mettl21a"
"rna_counts","2810408I11Rik"
"rna_counts","Fzd5"
"rna_counts","Plekhm3"
"rna_counts","Akr1cl"
"rna_counts","Cryge"
"rna_counts","Crygd"
"rna_counts","Crygc"
"rna_counts","Crygb"
"rna_counts","Cryga"
"rna_counts","D630023F18Rik"
"rna_counts","Idh1"
"rna_counts","Kansl1l"
"rna_counts","6820402A03Rik"
"rna_counts","Acadl"
"rna_counts","Myl1"
"rna_counts","Lancl1"
"rna_counts","Erbb4"
"rna_counts","Ikzf2"
"rna_counts","Bard1"
"rna_counts","Abca12"
"rna_counts","Fn1"
"rna_counts","4933417E11Rik"
"rna_counts","4930556G22Rik"
"rna_counts","Mreg"
"rna_counts","Pecr"
"rna_counts","March4"
"rna_counts","Ankar"
"rna_counts","Igfbp5"
"rna_counts","Tnp1"
"rna_counts","Pinc"
"rna_counts","C530043A13Rik"
"rna_counts","6030407O03Rik"
"rna_counts","Mir6351"
"rna_counts","Tns1"
"rna_counts","Cxcr1"
"rna_counts","Mir1928"
"rna_counts","Aamp"
"rna_counts","Tmbim1"
"rna_counts","Usp37"
"rna_counts","Zfp142"
"rna_counts","Rnf25"
"rna_counts","Prkag3"
"rna_counts","Fev"
"rna_counts","Cryba2"
"rna_counts","Mir375"
"rna_counts","Cfap65"
"rna_counts","Ihh"
"rna_counts","Nhej1"
"rna_counts","Slc23a3"
"rna_counts","Cnppd1"
"rna_counts","Abcb6"
"rna_counts","Atg9a"
"rna_counts","Glb1l"
"rna_counts","Tuba4a"
"rna_counts","A630095N17Rik"
"rna_counts","Ptprn"
"rna_counts","Resp18"
"rna_counts","Dnpep"
"rna_counts","Chpf"
"rna_counts","Obsl1"
"rna_counts","Epha4"
"rna_counts","Mir6352"
"rna_counts","Pax3"
"rna_counts","Farsb"
"rna_counts","4833412K13Rik"
"rna_counts","BC035947"
"rna_counts","5730419F03Rik"
"rna_counts","Scg2"
"rna_counts","Ap1s3"
"rna_counts","Wdfy1"
"rna_counts","Serpine2"
"rna_counts","Fam124b"
"rna_counts","Cul3"
"rna_counts","Dock10"
"rna_counts","A630081D01Rik"
"rna_counts","Irs1"
"rna_counts","Col4a4"
"rna_counts","C430014B12Rik"
"rna_counts","Tm4sf20"
"rna_counts","A030003K21Rik"
"rna_counts","Slc19a3"
"rna_counts","Krtap28-10"
"rna_counts","A030005K14Rik"
"rna_counts","n-R5s214"
"rna_counts","Sphkap"
"rna_counts","4933436I20Rik"
"rna_counts","Pid1"
"rna_counts","Mir6353"
"rna_counts","Dner"
"rna_counts","Trip12"
"rna_counts","Slc16a14"
"rna_counts","C130026I21Rik"
"rna_counts","AC167036.2"
"rna_counts","A530032D15Rik"
"rna_counts","AC147806.1"
"rna_counts","Sp110"
"rna_counts","A630001G21Rik"
"rna_counts","Gpr55"
"rna_counts","Htr2b"
"rna_counts","Ncl"
"rna_counts","Snora75"
"rna_counts","Mir3535"
"rna_counts","Snord82"
"rna_counts","Nmur1"
"rna_counts","Pde6d"
"rna_counts","Nppc"
"rna_counts","Alppl2"
"rna_counts","Alpi"
"rna_counts","Ecel1"
"rna_counts","Efhd1os"
"rna_counts","Kcnj13"
"rna_counts","Ngef"
"rna_counts","Usp40"
"rna_counts","Dnajb3"
"rna_counts","Hjurp"
"rna_counts","4930453O03Rik"
"rna_counts","Glrp1"
"rna_counts","Arl4c"
"rna_counts","C030007H22Rik"
"rna_counts","4933400F21Rik"
"rna_counts","Gbx2"
"rna_counts","Asb18"
"rna_counts","Iqca"
"rna_counts","Col6a3"
"rna_counts","4930474B08Rik"
"rna_counts","Rab17"
"rna_counts","Ilkap"
"rna_counts","1700020N18Rik"
"rna_counts","Hes6"
"rna_counts","Per2"
"rna_counts","Hdac4"
"rna_counts","Ndufa10"
"rna_counts","Mir6900"
"rna_counts","Olfr1416"
"rna_counts","Olfr1415"
"rna_counts","Olfr1414"
"rna_counts","1700054K02Rik"
"rna_counts","Cops9"
"rna_counts","Otos"
"rna_counts","Ankmy1"
"rna_counts","5033417F24Rik"
"rna_counts","9430060I03Rik"
"rna_counts","Kif1a"
"rna_counts","Mab21l4"
"rna_counts","Mterf4"
"rna_counts","Pask"
"rna_counts","Hdlbp"
"rna_counts","Stk25"
"rna_counts","Thap4"
"rna_counts","Dtymk"
"rna_counts","Pdcd1"
"rna_counts","St8sia4"
"rna_counts","4930598F16Rik"
"rna_counts","1700063A18Rik"
"rna_counts","4930533P14Rik"
"rna_counts","Slco4c1"
"rna_counts","Slco6b1"
"rna_counts","Slco6c1"
"rna_counts","D1Ertd622e"
"rna_counts","Ppip5k2"
"rna_counts","Pam"
"rna_counts","B230216N24Rik"
"rna_counts","Prdx2-ps1"
"rna_counts","n-R5s216"
"rna_counts","Rnf152"
"rna_counts","Pign"
"rna_counts","A530053M12Rik"
"rna_counts","Bcl2"
"rna_counts","Mir3473f"
"rna_counts","Kdsr"
"rna_counts","Vps4b"
"rna_counts","Pou2f3-rs1"
"rna_counts","Serpinb3a"
"rna_counts","Serpinb3d"
"rna_counts","Serpinb3b"
"rna_counts","Serpinb3c"
"rna_counts","Cdh19"
"rna_counts","Dsel"
"rna_counts","9330185C12Rik"
"rna_counts","Tsn"
"rna_counts","2900060B14Rik"
"rna_counts","Gli2"
"rna_counts","Inhbb"
"rna_counts","Ralb"
"rna_counts","3830432H09Rik"
"rna_counts","Epb41l5"
"rna_counts","Ptpn4"
"rna_counts","Tmem177"
"rna_counts","Cfap221"
"rna_counts","Tmem37"
"rna_counts","Dbi"
"rna_counts","Steap3"
"rna_counts","Marco"
"rna_counts","Insig2"
"rna_counts","2210011K15Rik"
"rna_counts","Htr5b"
"rna_counts","Ddx18"
"rna_counts","Dpp10"
"rna_counts","1700121L03Rik"
"rna_counts","Actr3"
"rna_counts","Lypd1"
"rna_counts","Nckap5"
"rna_counts","4930599A14Rik"
"rna_counts","Tmem163"
"rna_counts","2900009J06Rik"
"rna_counts","Map3k19"
"rna_counts","Zranb3"
"rna_counts","Lct"
"rna_counts","Mcm6"
"rna_counts","Dars"
"rna_counts","Cxcr4"
"rna_counts","Cd55b"
"rna_counts","Cd55"
"rna_counts","Zp3r"
"rna_counts","C4bp"
"rna_counts","C4bp-ps1"
"rna_counts","Pfkfb2"
"rna_counts","Il24"
"rna_counts","Il20"
"rna_counts","Il19"
"rna_counts","Mapkapk2"
"rna_counts","Dyrk3"
"rna_counts","Rassf5"
"rna_counts","Ikbke"
"rna_counts","Srgap2"
"rna_counts","Mfsd4a"
"rna_counts","Cdk18"
"rna_counts","Tmcc2"
"rna_counts","6030442K20Rik"
"rna_counts","Cntn2"
"rna_counts","Nfasc"
"rna_counts","Mdm4"
"rna_counts","Sox13"
"rna_counts","Snrpe"
"rna_counts","Zc3h11a"
"rna_counts","Lax1"
"rna_counts","Atp2b4"
"rna_counts","Mir6903"
"rna_counts","Optc"
"rna_counts","Prelp"
"rna_counts","Btg2"
"rna_counts","Adora1"
"rna_counts","Ppfia4"
"rna_counts","Tmem183a"
"rna_counts","Mgat4e"
"rna_counts","Ppp1r12b"
"rna_counts","Lgr6"
"rna_counts","Ptprv"
"rna_counts","Gpr37l1"
"rna_counts","Elf3"
"rna_counts","Rnpep"
"rna_counts","Timm17a"
"rna_counts","Shisa4"
"rna_counts","Ipo9"
"rna_counts","Nav1"
"rna_counts","Mir1231"
"rna_counts","2610012C04Rik"
"rna_counts","Pkp1"
"rna_counts","Igfn1"
"rna_counts","Mroh3"
"rna_counts","Inava"
"rna_counts","Gpr25"
"rna_counts","Camsap2"
"rna_counts","9230116N13Rik"
"rna_counts","4933409D19Rik"
"rna_counts","Platr23"
"rna_counts","Nr5a2"
"rna_counts","1700006P03Rik"
"rna_counts","Ptprc"
"rna_counts","A130071D04Rik"
"rna_counts","Nek7"
"rna_counts","Lhx9"
"rna_counts","2310009B15Rik"
"rna_counts","1700019P21Rik"
"rna_counts","n-R5s217"
"rna_counts","Crb1"
"rna_counts","Cfhr1"
"rna_counts","Cfhr3"
"rna_counts","Cfhr2"
"rna_counts","Cfh"
"rna_counts","4930590L20Rik"
"rna_counts","Cdc73"
"rna_counts","Ro60"
"rna_counts","Rgs2"
"rna_counts","Rgs13"
"rna_counts","Rbm6-ps2"
"rna_counts","Rgs1"
"rna_counts","Rgs21"
"rna_counts","Rgs18"
"rna_counts","A230059L01Rik"
"rna_counts","n-R5s218"
"rna_counts","Pla2g4a"
"rna_counts","Ptgs2os"
"rna_counts","Ptgs2os2"
"rna_counts","Rbm3-ps"
"rna_counts","2310030A07Rik"
"rna_counts","Odr4"
"rna_counts","Prg4"
"rna_counts","Hmcn1"
"rna_counts","Swt1"
"rna_counts","Rnf2"
"rna_counts","2810414N06Rik"
"rna_counts","1700025G04Rik"
"rna_counts","Tsen15"
"rna_counts","Rgl1"
"rna_counts","Smg7"
"rna_counts","Lamc2"
"rna_counts","Lamc1"
"rna_counts","E330020D12Rik"
"rna_counts","Dhx9"
"rna_counts","Npl"
"rna_counts","C230024C17Rik"
"rna_counts","Rgsl1"
"rna_counts","Teddm2"
"rna_counts","A830008E24Rik"
"rna_counts","4930452N14Rik"
"rna_counts","n-R5s220"
"rna_counts","Cacna1e"
"rna_counts","Ier5"
"rna_counts","Mr1"
"rna_counts","BC034090"
"rna_counts","Xpr1"
"rna_counts","Lhx4"
"rna_counts","Qsox1"
"rna_counts","Cep350"
"rna_counts","Tor1aip1"
"rna_counts","9430034N14Rik"
"rna_counts","Fam163a"
"rna_counts","Tdrd5"
"rna_counts","A430050A11Rik"
"rna_counts","Axdnd1"
"rna_counts","Soat1"
"rna_counts","Tor3a"
"rna_counts","Fam20b"
"rna_counts","Ralgps2"
"rna_counts","Tex35"
"rna_counts","Rasal2"
"rna_counts","Brinp2"
"rna_counts","Pappa2"
"rna_counts","1600012P17Rik"
"rna_counts","4930562F07Rik"
"rna_counts","Tnn"
"rna_counts","Cacybp"
"rna_counts","Rabgap1l"
"rna_counts","Mir1927"
"rna_counts","9430087J23Rik"
"rna_counts","Gpr52"
"rna_counts","6720464F23Rik"
"rna_counts","Zbtb37"
"rna_counts","Dars2"
"rna_counts","Klhl20"
"rna_counts","Tex50"
"rna_counts","Prdx6"
"rna_counts","Fasl"
"rna_counts","Suco"
"rna_counts","4930558K02Rik"
"rna_counts","Dnm3"
"rna_counts","Eef1aknmt"
"rna_counts","Myocos"
"rna_counts","Prrc2c"
"rna_counts","Fmo4"
"rna_counts","Fmo1"
"rna_counts","Fmo2"
"rna_counts","Fmo6"
"rna_counts","Fmo3"
"rna_counts","Mroh9"
"rna_counts","Prrx1"
"rna_counts","Gorab"
"rna_counts","Mettl11b"
"rna_counts","BC055324"
"rna_counts","Blzf1"
"rna_counts","Atp1b1"
"rna_counts","Xcl1"
"rna_counts","4930568G15Rik"
"rna_counts","Tbx19"
"rna_counts","Sft2d2"
"rna_counts","Tiprl"
"rna_counts","Dcaf6"
"rna_counts","Mpzl1"
"rna_counts","Rcsd1"
"rna_counts","Pou2f1"
"rna_counts","Dusp27"
"rna_counts","Mael"
"rna_counts","5330438I03Rik"
"rna_counts","Pogk"
"rna_counts","Fmo9"
"rna_counts","Uck2"
"rna_counts","Mgst3"
"rna_counts","Lrrc52"
"rna_counts","Pbx1"
"rna_counts","1700063I16Rik"
"rna_counts","Mir6354"
"rna_counts","Nuf2"
"rna_counts","Rgs4"
"rna_counts","Hsd17b7"
"rna_counts","Ddr2"
"rna_counts","Uap1"
"rna_counts","Uhmk1"
"rna_counts","Nos1ap"
"rna_counts","Atf6"
"rna_counts","Dusp12"
"rna_counts","Fcrlb"
"rna_counts","Fcrla"
"rna_counts","Fcgr2b"
"rna_counts","Fcgr3"
"rna_counts","Mir6546"
"rna_counts","Sdhc"
"rna_counts","Pcp4l1"
"rna_counts","Tomm40l"
"rna_counts","Fcer1g"
"rna_counts","Ndufs2"
"rna_counts","Ppox"
"rna_counts","Usp21"
"rna_counts","Ufc1"
"rna_counts","Nit1"
"rna_counts","Klhdc9"
"rna_counts","B930036N10Rik"
"rna_counts","Itln1"
"rna_counts","Ly9"
"rna_counts","Slamf7"
"rna_counts","Mir7683"
"rna_counts","A630035G10Rik"
"rna_counts","Vangl2"
"rna_counts","Nhlh1"
"rna_counts","Ncstn"
"rna_counts","Pea15a"
"rna_counts","Casq1"
"rna_counts","Atp1a4"
"rna_counts","Atp1a2"
"rna_counts","Kcnj9"
"rna_counts","4933439K11Rik"
"rna_counts","Slamf8"
"rna_counts","Fcrl6"
"rna_counts","Dusp23"
"rna_counts","Apcs"
"rna_counts","Olfr1409-ps1"
"rna_counts","Olfr1408"
"rna_counts","Olfr1406"
"rna_counts","Fcer1a"
"rna_counts","Mptx2"
"rna_counts","Ackr1"
"rna_counts","Cadm3"
"rna_counts","Ifi206"
"rna_counts","Ifi214"
"rna_counts","Ifi213"
"rna_counts","Ifi207"
"rna_counts","Ifi204"
"rna_counts","Ifi203-ps"
"rna_counts","Mndal"
"rna_counts","Ifi211"
"rna_counts","Ifi203"
"rna_counts","Ifi202b"
"rna_counts","Ifi205"
"rna_counts","Olfr231"
"rna_counts","Olfr419"
"rna_counts","Grem2"
"rna_counts","Rgs7"
"rna_counts","5730408A14Rik"
"rna_counts","Fh1"
"rna_counts","Opn3"
"rna_counts","Chml"
"rna_counts","Pld5"
"rna_counts","Rbm8a2"
"rna_counts","Cep170"
"rna_counts","3110062G12Rik"
"rna_counts","Mir350"
"rna_counts","Akt3"
"rna_counts","2310043L19Rik"
"rna_counts","Adss"
"rna_counts","4930527J03Rik"
"rna_counts","B230369F24Rik"
"rna_counts","Hnrnpu"
"rna_counts","Smyd3"
"rna_counts","Tfb2m"
"rna_counts","Kif28"
"rna_counts","Ahctf1"
"rna_counts","Coq8a"
"rna_counts","Psen2"
"rna_counts","Stum"
"rna_counts","Mixl1"
"rna_counts","H3f3a"
"rna_counts","2210411M09Rik"
"rna_counts","Ephx1"
"rna_counts","Nvl"
"rna_counts","Wdr26"
"rna_counts","Ccdc121"
"rna_counts","Lbr"
"rna_counts","Enah"
"rna_counts","2700078F05Rik"
"rna_counts","Vmn1r1"
"rna_counts","Degs1"
"rna_counts","Fbxo28"
"rna_counts","Capn2"
"rna_counts","Ccdc185"
"rna_counts","Disp1"
"rna_counts","BC085271"
"rna_counts","AC122792.1"
"rna_counts","Brox"
"rna_counts","Mia3"
"rna_counts","1700056E22Rik"
"rna_counts","1700112H15Rik"
"rna_counts","Hlx"
"rna_counts","Marc1"
"rna_counts","Marc2"
"rna_counts","Mir1981"
"rna_counts","C130074G19Rik"
"rna_counts","Mark1"
"rna_counts","Iars2"
"rna_counts","4930532G15Rik"
"rna_counts","9630028B13Rik"
"rna_counts","Lyplal1"
"rna_counts","A730004F24Rik"
"rna_counts","Tgfb2"
"rna_counts","Rrp15"
"rna_counts","Spata17"
"rna_counts","9330162B11Rik"
"rna_counts","Kctd3"
"rna_counts","Kcnk2"
"rna_counts","2900042K21Rik"
"rna_counts","Pdcd5-ps"
"rna_counts","Cenpf"
"rna_counts","Smyd2"
"rna_counts","Prox1"
"rna_counts","Vash2"
"rna_counts","Flvcr1"
"rna_counts","Tatdn3"
"rna_counts","Fam71a"
"rna_counts","Atf3"
"rna_counts","Nenf"
"rna_counts","Ppp2r5a"
"rna_counts","9430037O13Rik"
"rna_counts","Dtl"
"rna_counts","1700034H15Rik"
"rna_counts","Traf5"
"rna_counts","Mir3473c"
"rna_counts","Gstp-ps"
"rna_counts","Rcor3"
"rna_counts","Hhat"
"rna_counts","A730013G03Rik"
"rna_counts","Sertad4"
"rna_counts","Syt14"
"rna_counts","Utp25"
"rna_counts","Traf3ip3"
"rna_counts","Hsd11b1"
"rna_counts","G0s2"
"rna_counts","Camk1g"
"rna_counts","Mir205hg"
"rna_counts","Mir205"
"rna_counts","4930503O07Rik"
"rna_counts","Cd46"
"rna_counts","Cr1l"
"rna_counts","Cr2"
"rna_counts","Fam171a1"
"rna_counts","Nmt2"
"rna_counts","Acbd7"
"rna_counts","Dclre1c"
"rna_counts","Cdnf"
"rna_counts","Fam107b"
"rna_counts","Frmd4a"
"rna_counts","Bend7"
"rna_counts","Sephs1"
"rna_counts","Phyh"
"rna_counts","Ucma"
"rna_counts","4930551O13Rik"
"rna_counts","Ccdc3"
"rna_counts","Nudt5"
"rna_counts","Upf2"
"rna_counts","A230108P19Rik"
"rna_counts","Usp6nl"
"rna_counts","1700061F12Rik"
"rna_counts","4930412O13Rik"
"rna_counts","C630004M23Rik"
"rna_counts","Kin"
"rna_counts","Itih5"
"rna_counts","Sfmbt2"
"rna_counts","Mir466m"
"rna_counts","Mir466f-1"
"rna_counts","Mir669f"
"rna_counts","Mir669e"
"rna_counts","Mir669b"
"rna_counts","Mir669d"
"rna_counts","Mir466f-2"
"rna_counts","Mir669l"
"rna_counts","Mir669d-2"
"rna_counts","Mir466f-3"
"rna_counts","Mir297a-2"
"rna_counts","Mir466o"
"rna_counts","Mir467c"
"rna_counts","Mir466b-1"
"rna_counts","Mir669a-3"
"rna_counts","Mir669k"
"rna_counts","Mir467a-1"
"rna_counts","Mir466b-8"
"rna_counts","Mir669a-1"
"rna_counts","Mir669g"
"rna_counts","Mir669j"
"rna_counts","Mir467a-2"
"rna_counts","Mir466e"
"rna_counts","Mir669a-4"
"rna_counts","Mir467b"
"rna_counts","Mir466c-1"
"rna_counts","Mir467a-3"
"rna_counts","Mir466c-2"
"rna_counts","Mir466b-4"
"rna_counts","Mir466b-5"
"rna_counts","Mir669p-1"
"rna_counts","Mir466b-2"
"rna_counts","Mir466b-3"
"rna_counts","Mir467e"
"rna_counts","Mir466p"
"rna_counts","Mir467d"
"rna_counts","Mir466"
"rna_counts","Mir297c"
"rna_counts","Mir669c"
"rna_counts","Mir669a-2"
"rna_counts","Mir297b"
"rna_counts","Mir466d"
"rna_counts","Mir669m-1"
"rna_counts","Mir669m-2"
"rna_counts","Mir466n"
"rna_counts","Mir669o"
"rna_counts","Mir466g"
"rna_counts","Mir466h"
"rna_counts","Mir297a-3"
"rna_counts","Mir466l"
"rna_counts","Mir297a-4"
"rna_counts","Mir669i"
"rna_counts","Mir669h"
"rna_counts","Prkcq"
"rna_counts","Il2ra"
"rna_counts","Il15ra"
"rna_counts","Ankrd16"
"rna_counts","E030013I19Rik"
"rna_counts","Pter"
"rna_counts","Vim"
"rna_counts","Stam"
"rna_counts","Tmem236"
"rna_counts","Mrc1"
"rna_counts","Mir511"
"rna_counts","Slc39a12"
"rna_counts","Cacnb2"
"rna_counts","2900092N22Rik"
"rna_counts","Arl5b"
"rna_counts","Malrd1"
"rna_counts","Plxdc2"
"rna_counts","Mir6419"
"rna_counts","Mllt10"
"rna_counts","Mir7655"
"rna_counts","Commd3"
"rna_counts","Bmi1"
"rna_counts","Spag6"
"rna_counts","4930426L09Rik"
"rna_counts","Armc3"
"rna_counts","4930447M23Rik"
"rna_counts","Msrb2"
"rna_counts","Ptf1a"
"rna_counts","1810010K12Rik"
"rna_counts","Otud1"
"rna_counts","Etl4"
"rna_counts","Thnsl1"
"rna_counts","Gpr158"
"rna_counts","Myo3a"
"rna_counts","Gad2"
"rna_counts","Mir3967"
"rna_counts","1700092C17Rik"
"rna_counts","Apbb1ip"
"rna_counts","Pdss1"
"rna_counts","Acbd5"
"rna_counts","Yme1l1"
"rna_counts","Potegl"
"rna_counts","Nxph2"
"rna_counts","Sh3d2c-ps1"
"rna_counts","Il1f8"
"rna_counts","Il1f9"
"rna_counts","Il1f6"
"rna_counts","Il1f5"
"rna_counts","Il1f10"
"rna_counts","Il1rn"
"rna_counts","Psd4"
"rna_counts","Zmynd19"
"rna_counts","Dph7"
"rna_counts","Pnpla7"
"rna_counts","Nsmf"
"rna_counts","Mir7664"
"rna_counts","Entpd8"
"rna_counts","AL732309.1"
"rna_counts","Nrarp"
"rna_counts","Fam166a"
"rna_counts","Rnf208"
"rna_counts","Tmem203"
"rna_counts","Tprn"
"rna_counts","Anapc2"
"rna_counts","Tmem210"
"rna_counts","Lrrc26"
"rna_counts","Grin1os"
"rna_counts","Man1b1"
"rna_counts","Sapcd2"
"rna_counts","Entpd2"
"rna_counts","Npdc1"
"rna_counts","Fut7"
"rna_counts","Abca2"
"rna_counts","Mir3087"
"rna_counts","Clic3"
"rna_counts","Fbxw5"
"rna_counts","Edf1"
"rna_counts","Fcnaos"
"rna_counts","Lcn15"
"rna_counts","Lcn8"
"rna_counts","Lcn5"
"rna_counts","Lcn6"
"rna_counts","Lcn10"
"rna_counts","Obp2a"
"rna_counts","Bmyc"
"rna_counts","Obp2b"
"rna_counts","Lcn3"
"rna_counts","Lcn11"
"rna_counts","Lcn9"
"rna_counts","Kcnt1"
"rna_counts","1810012K08Rik"
"rna_counts","Gpsm1"
"rna_counts","Pmpca"
"rna_counts","0610009E02Rik"
"rna_counts","Egfl7"
"rna_counts","Mir126a"
"rna_counts","Dipk1b"
"rna_counts","Snhg7os"
"rna_counts","Surf2"
"rna_counts","Stkld1"
"rna_counts","Adamts13"
"rna_counts","Cacfd1"
"rna_counts","Adamtsl2"
"rna_counts","Dbh"
"rna_counts","Sardhos"
"rna_counts","AA645442"
"rna_counts","Brd3os"
"rna_counts","Wdr5"
"rna_counts","Rxra"
"rna_counts","Col5a1"
"rna_counts","F730016J06Rik"
"rna_counts","Olfm1"
"rna_counts","Ppp1r26"
"rna_counts","Mrps2"
"rna_counts","Gbgt1"
"rna_counts","Ralgds"
"rna_counts","Tsc1"
"rna_counts","Ak8"
"rna_counts","Mir3088"
"rna_counts","Ddx31"
"rna_counts","Ttf1"
"rna_counts","Setx"
"rna_counts","Med27"
"rna_counts","Rapgef1"
"rna_counts","Coq4"
"rna_counts","Slc27a4"
"rna_counts","Urm1"
"rna_counts","Mir219b"
"rna_counts","Cercam"
"rna_counts","Odf2"
"rna_counts","Gle1"
"rna_counts","Sptan1"
"rna_counts","Mir6997"
"rna_counts","Set"
"rna_counts","Pkn3"
"rna_counts","Tbc1d13"
"rna_counts","Slc39a1-ps"
"rna_counts","Endog"
"rna_counts","Lrrc8a"
"rna_counts","Phyhd1"
"rna_counts","Nup188"
"rna_counts","Miga2"
"rna_counts","Dolpp1"
"rna_counts","Ptpa"
"rna_counts","Cstad"
"rna_counts","9330198N18Rik"
"rna_counts","Mir3089"
"rna_counts","4930527E20Rik"
"rna_counts","Ntmt1"
"rna_counts","Prrx2"
"rna_counts","Tor1b"
"rna_counts","Usp20"
"rna_counts","Gpr107"
"rna_counts","Ncs1"
"rna_counts","Hmcn2"
"rna_counts","Ass1"
"rna_counts","Fubp3"
"rna_counts","Mir6998"
"rna_counts","Prdm12"
"rna_counts","Exosc2"
"rna_counts","Abl1"
"rna_counts","AL929275.1"
"rna_counts","Lamc3"
"rna_counts","Aif1l"
"rna_counts","Nup214"
"rna_counts","Mir7674"
"rna_counts","Plpp7"
"rna_counts","Prrc2b"
"rna_counts","Pomt1"
"rna_counts","Golga2"
"rna_counts","Mir199b"
"rna_counts","Ciz1"
"rna_counts","Ptges2"
"rna_counts","Naif1"
"rna_counts","Fam102a"
"rna_counts","Dpm2"
"rna_counts","Pip5kl1"
"rna_counts","St6galnac4"
"rna_counts","St6galnac6"
"rna_counts","Ak1"
"rna_counts","Eng"
"rna_counts","Mir1954"
"rna_counts","Sh2d3c"
"rna_counts","Tor2a"
"rna_counts","Ptrh1"
"rna_counts","Fam129b"
"rna_counts","Snora65"
"rna_counts","Angptl2"
"rna_counts","C130021I20Rik"
"rna_counts","Nron"
"rna_counts","C79798"
"rna_counts","Mapkap1"
"rna_counts","Hspa5"
"rna_counts","Cutal"
"rna_counts","Cntrl"
"rna_counts","Gsn"
"rna_counts","Dab2ip"
"rna_counts","9030204H09Rik"
"rna_counts","Morn5"
"rna_counts","Mrrf"
"rna_counts","Ptgs1"
"rna_counts","Olfr334-ps1"
"rna_counts","Olfr335-ps"
"rna_counts","Olfr336-ps1"
"rna_counts","Olfr337-ps1"
"rna_counts","Olfr338"
"rna_counts","Olfr339"
"rna_counts","Olfr340"
"rna_counts","Olfr342"
"rna_counts","Olfr343-ps1"
"rna_counts","Olfr344"
"rna_counts","Olfr345"
"rna_counts","Olfr346"
"rna_counts","Olfr347"
"rna_counts","Olfr348"
"rna_counts","Olfr50"
"rna_counts","Olfr349-ps1"
"rna_counts","Olfr350"
"rna_counts","Olfr352"
"rna_counts","Olfr354"
"rna_counts","Olfr356"
"rna_counts","Olfr357"
"rna_counts","Olfr360"
"rna_counts","Olfr364-ps1"
"rna_counts","Olfr365"
"rna_counts","Olfr366"
"rna_counts","Olfr367-ps"
"rna_counts","Olfr368"
"rna_counts","Rabgap1"
"rna_counts","Gpr21"
"rna_counts","Crb2"
"rna_counts","Lhx2"
"rna_counts","Nek6"
"rna_counts","Adgrd2-ps"
"rna_counts","Nr5a1os"
"rna_counts","Nr6a1os"
"rna_counts","Mir181a-2"
"rna_counts","Mir181b-2"
"rna_counts","5730507A11Rik"
"rna_counts","Olfml2a"
"rna_counts","Wdr38"
"rna_counts","Arpc5l"
"rna_counts","Vmn2r-ps2"
"rna_counts","Kynu"
"rna_counts","Arhgap15"
"rna_counts","Zeb2os"
"rna_counts","Vis1"
"rna_counts","1700019E08Rik"
"rna_counts","Acvr2a"
"rna_counts","Mbd5"
"rna_counts","Epc2"
"rna_counts","Kif5c"
"rna_counts","Lypd6b"
"rna_counts","Lypd6"
"rna_counts","Tas2r134"
"rna_counts","Tnfaip6"
"rna_counts","Rif1"
"rna_counts","A430018G15Rik"
"rna_counts","Bloc1s2-ps"
"rna_counts","Fmnl2"
"rna_counts","Arl6ip6"
"rna_counts","Galnt13"
"rna_counts","Kcnj3"
"rna_counts","Mir195b"
"rna_counts","4930555B11Rik"
"rna_counts","Gpd2"
"rna_counts","Galnt5"
"rna_counts","Upp2"
"rna_counts","Pkp4"
"rna_counts","Dapl1"
"rna_counts","Tanc1"
"rna_counts","Ldha-ps"
"rna_counts","March7"
"rna_counts","Tank"
"rna_counts","Psmd14"
"rna_counts","Tbr1"
"rna_counts","Slc4a10"
"rna_counts","Gca"
"rna_counts","Scn2a"
"rna_counts","Csrnp3"
"rna_counts","Xirp2"
"rna_counts","B3galt1"
"rna_counts","Mir7224"
"rna_counts","Mir6335"
"rna_counts","4933409G03Rik"
"rna_counts","4932414N04Rik"
"rna_counts","Cers6"
"rna_counts","Nostrin"
"rna_counts","G6pc2"
"rna_counts","Dhrs9"
"rna_counts","Bbs5"
"rna_counts","Klhl41"
"rna_counts","Ppig"
"rna_counts","Phospho2"
"rna_counts","Klhl23"
"rna_counts","Ssb"
"rna_counts","Mettl5os"
"rna_counts","Ubr3"
"rna_counts","Myo3b"
"rna_counts","Sp5"
"rna_counts","Erich2"
"rna_counts","Gad1"
"rna_counts","Gorasp2"
"rna_counts","Dcaf17"
"rna_counts","Cybrd1"
"rna_counts","Dync1i2"
"rna_counts","Hat1"
"rna_counts","Metap1d"
"rna_counts","Dlx1"
"rna_counts","Platr26"
"rna_counts","Itga6"
"rna_counts","Pdk1"
"rna_counts","Rapgef4"
"rna_counts","Map3k20"
"rna_counts","Zakit"
"rna_counts","Cdca7"
"rna_counts","Pex13-ps"
"rna_counts","Ak3l2-ps"
"rna_counts","8430437L04Rik"
"rna_counts","Hspe1-ps5"
"rna_counts","Sp3os"
"rna_counts","Sp9"
"rna_counts","Scrn3"
"rna_counts","D230022J07Rik"
"rna_counts","Chrna1os"
"rna_counts","Chn1os3"
"rna_counts","Chn1os1"
"rna_counts","4930445N08Rik"
"rna_counts","Hoxd13"
"rna_counts","Hoxd12"
"rna_counts","Hoxd11"
"rna_counts","Hoxd10"
"rna_counts","Hoxd9"
"rna_counts","Hoxd8"
"rna_counts","Hoxd3"
"rna_counts","Hoxd4"
"rna_counts","Mir10b"
"rna_counts","Hoxd1"
"rna_counts","Mtx2"
"rna_counts","2600014E21Rik"
"rna_counts","Hnrnpa3"
"rna_counts","E030042O20Rik"
"rna_counts","Agps"
"rna_counts","Rbm45"
"rna_counts","Osbpl6"
"rna_counts","Pjvk"
"rna_counts","Plekha3"
"rna_counts","4930440I19Rik"
"rna_counts","Ube2e3"
"rna_counts","Itga4"
"rna_counts","Itprid2"
"rna_counts","Ppp1r1c"
"rna_counts","Prdx6b"
"rna_counts","Dnajc10"
"rna_counts","Dusp19"
"rna_counts","Nup35"
"rna_counts","Zfp804a"
"rna_counts","Fsip2"
"rna_counts","Zc3h15"
"rna_counts","Itgav"
"rna_counts","Fam171b"
"rna_counts","AL928616.2"
"rna_counts","Btbd18"
"rna_counts","Med19"
"rna_counts","Ypel4"
"rna_counts","Ube2l6"
"rna_counts","Timm10"
"rna_counts","Slc43a1"
"rna_counts","Slc43a3"
"rna_counts","Prg2"
"rna_counts","Prg3"
"rna_counts","Ssrp1"
"rna_counts","Tnks1bp1"
"rna_counts","Aplnr"
"rna_counts","Olfr996"
"rna_counts","Olfr997-ps1"
"rna_counts","Olfr998"
"rna_counts","Olfr1001-ps1"
"rna_counts","Olfr1003-ps1"
"rna_counts","Olfr1005-ps1"
"rna_counts","Olfr1007-ps1"
"rna_counts","Olfr1008"
"rna_counts","Olfr1009"
"rna_counts","Olfr1010"
"rna_counts","Olfr1013"
"rna_counts","Olfr1014"
"rna_counts","Olfr1015"
"rna_counts","Olfr1018"
"rna_counts","Olfr1020"
"rna_counts","Olfr1021-ps1"
"rna_counts","Olfr1022"
"rna_counts","Olfr1023"
"rna_counts","Olfr1025-ps1"
"rna_counts","Olfr1026"
"rna_counts","Olfr1027-ps1"
"rna_counts","Olfr1028"
"rna_counts","Olfr1029"
"rna_counts","Olfr1030"
"rna_counts","Olfr1031"
"rna_counts","Olfr1032"
"rna_counts","Olfr1033"
"rna_counts","Olfr1034"
"rna_counts","Olfr1036"
"rna_counts","Olfr1038-ps"
"rna_counts","Olfr1052"
"rna_counts","Olfr1075-ps1"
"rna_counts","Olfr1076"
"rna_counts","Olfr1092-ps1"
"rna_counts","Olfr1093"
"rna_counts","Olfr1094"
"rna_counts","Olfr1102"
"rna_counts","Olfr1112"
"rna_counts","Olfr1113"
"rna_counts","Olfr1114-ps1"
"rna_counts","Olfr1115"
"rna_counts","Olfr1116"
"rna_counts","Olfr1117-ps1"
"rna_counts","Olfr1118"
"rna_counts","Olfr1119-ps1"
"rna_counts","Olfr1120"
"rna_counts","Olfr1121"
"rna_counts","Olfr1122"
"rna_counts","Olfr1123"
"rna_counts","Olfr1124"
"rna_counts","Olfr1126"
"rna_counts","Pramel6"
"rna_counts","Olfr153"
"rna_counts","Olfr1129"
"rna_counts","Olfr1130"
"rna_counts","Olfr1131"
"rna_counts","Olfr1140"
"rna_counts","Olfr1139-ps1"
"rna_counts","Olfr152"
"rna_counts","Olfr1142-ps1"
"rna_counts","Olfr1143"
"rna_counts","Olfr1145"
"rna_counts","Olfr1146-ps1"
"rna_counts","Olfr1147-ps1"
"rna_counts","Olfr1148"
"rna_counts","Olfr1149-ps1"
"rna_counts","Olfr1150-ps1"
"rna_counts","Olfr1151"
"rna_counts","Olfr1152"
"rna_counts","Olfr1153"
"rna_counts","Olfr1158"
"rna_counts","Olfr1161"
"rna_counts","Olfr1168"
"rna_counts","Olfr1169-ps1"
"rna_counts","Olfr1176"
"rna_counts","Olfr1178"
"rna_counts","Olfr1183"
"rna_counts","Olfr1184"
"rna_counts","Olfr1185-ps1"
"rna_counts","Olfr1186"
"rna_counts","Olfr1188"
"rna_counts","Olfr1189"
"rna_counts","Olfr475-ps1"
"rna_counts","Olfr1191-ps1"
"rna_counts","Olfr1192-ps1"
"rna_counts","Olfr1193"
"rna_counts","Olfr1201"
"rna_counts","Olfr1202"
"rna_counts","Olfr1205"
"rna_counts","Olfr1204"
"rna_counts","Olfr1206"
"rna_counts","Olfr1212"
"rna_counts","Olfr1255"
"rna_counts","Olfr1257"
"rna_counts","Olfr1258"
"rna_counts","Olfr1260"
"rna_counts","Olfr1261"
"rna_counts","Olfr1262"
"rna_counts","Olfr1263"
"rna_counts","Olfr1265"
"rna_counts","Olfr1565"
"rna_counts","Olfr1274"
"rna_counts","4933423P22Rik"
"rna_counts","Nup160"
"rna_counts","Fnbp4"
"rna_counts","Agbl2"
"rna_counts","Mtch2"
"rna_counts","C1qtnf4"
"rna_counts","Kbtbd4"
"rna_counts","Celf1"
"rna_counts","Rapsn"
"rna_counts","Psmc3"
"rna_counts","Spi1"
"rna_counts","Mybpc3"
"rna_counts","Acp2"
"rna_counts","Pacsin3"
"rna_counts","Arfgap2"
"rna_counts","Lrp4"
"rna_counts","Ckap5"
"rna_counts","Snord67"
"rna_counts","Arhgap1"
"rna_counts","Harbi1"
"rna_counts","Ambra1"
"rna_counts","Chrm4"
"rna_counts","Phf21a"
"rna_counts","Mir1955"
"rna_counts","Pex16"
"rna_counts","1700029I15Rik"
"rna_counts","D930015M05Rik"
"rna_counts","Mir7221"
"rna_counts","Mir7222"
"rna_counts","Chst1"
"rna_counts","Syt13"
"rna_counts","4631405J19Rik"
"rna_counts","Trp53i11"
"rna_counts","Alx4"
"rna_counts","Alkbh3os1"
"rna_counts","Mir129b"
"rna_counts","2810002D19Rik"
"rna_counts","Lrrc4c"
"rna_counts","Rag2"
"rna_counts","Traf6"
"rna_counts","Commd9"
"rna_counts","Pamr1"
"rna_counts","Slc1a2"
"rna_counts","Apip"
"rna_counts","Elf5"
"rna_counts","Abtb2"
"rna_counts","Lmo2"
"rna_counts","Fbxo3"
"rna_counts","Cd59b"
"rna_counts","Cd59a"
"rna_counts","A930018P22Rik"
"rna_counts","Platr14"
"rna_counts","Cstf3"
"rna_counts","Ccdc73"
"rna_counts","Wt1"
"rna_counts","Them7"
"rna_counts","4930527A07Rik"
"rna_counts","Pax6"
"rna_counts","Immp1l"
"rna_counts","n-R5s201"
"rna_counts","Dcdc5"
"rna_counts","Mpped2"
"rna_counts","Kcna4"
"rna_counts","Kif18a"
"rna_counts","Bdnf"
"rna_counts","Lin7c"
"rna_counts","Lgr4"
"rna_counts","Ccdc34"
"rna_counts","Slc5a12"
"rna_counts","Muc15"
"rna_counts","Olfr1276"
"rna_counts","Olfr1278"
"rna_counts","Olfr1279"
"rna_counts","Olfr1280"
"rna_counts","Olfr1281"
"rna_counts","Olfr1283"
"rna_counts","Olfr1284"
"rna_counts","Olfr1285"
"rna_counts","Olfr1287"
"rna_counts","Olfr1288"
"rna_counts","Olfr1289"
"rna_counts","Olfr1291-ps1"
"rna_counts","Olfr1293-ps"
"rna_counts","Olfr1299"
"rna_counts","Olfr1300-ps1"
"rna_counts","Olfr1301"
"rna_counts","Olfr1302"
"rna_counts","Olfr1317"
"rna_counts","Olfr1318"
"rna_counts","Olfr1319-ps1"
"rna_counts","Lpcat4"
"rna_counts","Nop10"
"rna_counts","Slc12a6"
"rna_counts","Katnbl1"
"rna_counts","Emc7"
"rna_counts","Aven"
"rna_counts","Tmco5b"
"rna_counts","Fmn1"
"rna_counts","A530058N18Rik"
"rna_counts","C130080G10Rik"
"rna_counts","BC052040"
"rna_counts","Mir1951"
"rna_counts","G630016G05Rik"
"rna_counts","Tmco5"
"rna_counts","D330050G23Rik"
"rna_counts","Spred1"
"rna_counts","Mir674"
"rna_counts","Rap1a-ps2"
"rna_counts","Fam98b"
"rna_counts","4930412B13Rik"
"rna_counts","Thbs1"
"rna_counts","1700054M17Rik"
"rna_counts","Eif2ak4"
"rna_counts","Bub1b"
"rna_counts","Pak6"
"rna_counts","Inafm2"
"rna_counts","Phgr1"
"rna_counts","Disp2"
"rna_counts","Knstrn"
"rna_counts","Ivd"
"rna_counts","Bahd1"
"rna_counts","Chst14"
"rna_counts","Uqcrh-ps2"
"rna_counts","Rpusd2"
"rna_counts","Knl1"
"rna_counts","Rad51"
"rna_counts","Gchfr"
"rna_counts","Zfyve19"
"rna_counts","Spint1"
"rna_counts","Vps18"
"rna_counts","Dll4"
"rna_counts","Chac1"
"rna_counts","Chp1"
"rna_counts","Oip5os1"
"rna_counts","Nusap1"
"rna_counts","n-R5s204"
"rna_counts","Rtf1"
"rna_counts","Itpka"
"rna_counts","Tyro3"
"rna_counts","Mga"
"rna_counts","Mapkbp1"
"rna_counts","Mir7665"
"rna_counts","Jmjd7"
"rna_counts","Pla2g4b"
"rna_counts","Ganc"
"rna_counts","AL935121.1"
"rna_counts","Capn3"
"rna_counts","Snap23"
"rna_counts","Haus2"
"rna_counts","Stard9"
"rna_counts","AV039307"
"rna_counts","Tmem62"
"rna_counts","Ccndbp1"
"rna_counts","Adal"
"rna_counts","Tubgcp4"
"rna_counts","Map1a"
"rna_counts","Ckmt1"
"rna_counts","Pdia3"
"rna_counts","Serf2"
"rna_counts","Hypk"
"rna_counts","Wdr76"
"rna_counts","Casc4"
"rna_counts","Ctdspl2"
"rna_counts","Eif3j1"
"rna_counts","B2m"
"rna_counts","Trim69"
"rna_counts","Terb2"
"rna_counts","Sord"
"rna_counts","Duoxa2"
"rna_counts","Duox1"
"rna_counts","Slc28a2"
"rna_counts","Slc28a2b"
"rna_counts","Spata5l1"
"rna_counts","AA467197"
"rna_counts","Mir147"
"rna_counts","4930417H01Rik"
"rna_counts","Bloc1s6"
"rna_counts","Sqor"
"rna_counts","Sema6d"
"rna_counts","Slc24a5"
"rna_counts","Ctxn2"
"rna_counts","Slc12a1"
"rna_counts","Dut"
"rna_counts","A530010F05Rik"
"rna_counts","Eid1"
"rna_counts","Galk2"
"rna_counts","Fgf7"
"rna_counts","Dtwd1"
"rna_counts","Slc27a2"
"rna_counts","Usp8"
"rna_counts","Ap4e1"
"rna_counts","Blvra"
"rna_counts","Snrnp200"
"rna_counts","Tmem127"
"rna_counts","Stard7"
"rna_counts","Dusp2"
"rna_counts","Astl"
"rna_counts","Adra2b"
"rna_counts","Gpat2"
"rna_counts","Mrps5"
"rna_counts","Acoxl"
"rna_counts","Bcl2l11"
"rna_counts","Spdye4c"
"rna_counts","Mertk"
"rna_counts","Tmem87b"
"rna_counts","Fbln7"
"rna_counts","Zc3h6"
"rna_counts","Ttl"
"rna_counts","Polr1b"
"rna_counts","Chchd5"
"rna_counts","Slc20a1"
"rna_counts","A730036I17Rik"
"rna_counts","Il1bos"
"rna_counts","Sirpa"
"rna_counts","Stk35"
"rna_counts","Tgm3"
"rna_counts","AU015228"
"rna_counts","Tgm6"
"rna_counts","Tmc2"
"rna_counts","Nop56"
"rna_counts","Snord110"
"rna_counts","Snord57"
"rna_counts","Ebf4"
"rna_counts","1700020A23Rik"
"rna_counts","Tmem239"
"rna_counts","Vps16"
"rna_counts","Ptpra"
"rna_counts","9530056E24Rik"
"rna_counts","Mrps26"
"rna_counts","Oxt"
"rna_counts","Itpa"
"rna_counts","Atrn"
"rna_counts","Hspa12b"
"rna_counts","Cdc25b"
"rna_counts","Ap5s1"
"rna_counts","Mavs"
"rna_counts","Pank2"
"rna_counts","Mir103-2"
"rna_counts","Smox"
"rna_counts","Lamr1-ps1"
"rna_counts","Prnp"
"rna_counts","Prn"
"rna_counts","Prnd"
"rna_counts","AV099323"
"rna_counts","Cds2"
"rna_counts","4921508D12Rik"
"rna_counts","1700026D11Rik"
"rna_counts","AU019990"
"rna_counts","Shld1"
"rna_counts","Chgb"
"rna_counts","Mcm8"
"rna_counts","Crls1"
"rna_counts","A430048G15Rik"
"rna_counts","Bmp2"
"rna_counts","Mir3090"
"rna_counts","Plcb1"
"rna_counts","Platr3"
"rna_counts","Plcb4"
"rna_counts","Lamp5"
"rna_counts","Ankef1"
"rna_counts","Snap25"
"rna_counts","Slx4ip"
"rna_counts","Btbd3"
"rna_counts","Mir1952"
"rna_counts","Sptlc3"
"rna_counts","Ism1"
"rna_counts","Ndufaf5"
"rna_counts","Macrod2"
"rna_counts","Zcchc9-ps"
"rna_counts","Fau-ps1"
"rna_counts","Rbmx2-ps"
"rna_counts","Kif16bos"
"rna_counts","Snrpb2"
"rna_counts","Otor"
"rna_counts","Pcsk2"
"rna_counts","Dstn"
"rna_counts","Banf2"
"rna_counts","4930444E06Rik"
"rna_counts","Mgme1"
"rna_counts","1700108N11Rik"
"rna_counts","Kat14"
"rna_counts","Pet117"
"rna_counts","Zfp133-ps"
"rna_counts","Polr3f"
"rna_counts","Sec23b"
"rna_counts","Smim26"
"rna_counts","Dtd1"
"rna_counts","Scp2d1"
"rna_counts","Slc24a3"
"rna_counts","Rin2"
"rna_counts","Naa20"
"rna_counts","Cfap61"
"rna_counts","Insm1"
"rna_counts","A930019D19Rik"
"rna_counts","4933406D12Rik"
"rna_counts","Kiz"
"rna_counts","Xrn2"
"rna_counts","Nkx2-2os"
"rna_counts","6430503K07Rik"
"rna_counts","Pax1"
"rna_counts","A530006G24Rik"
"rna_counts","Sstr4"
"rna_counts","Nxt1"
"rna_counts","Gzf1"
"rna_counts","Cstl1"
"rna_counts","Cstdc1"
"rna_counts","Cst12"
"rna_counts","Cst8"
"rna_counts","Cst13"
"rna_counts","Cst9"
"rna_counts","Cst10"
"rna_counts","Syndig1"
"rna_counts","Zfp937"
"rna_counts","Cst7"
"rna_counts","E130215H24Rik"
"rna_counts","Entpd6"
"rna_counts","Pygb"
"rna_counts","Gins1"
"rna_counts","4930442J19Rik"
"rna_counts","Nsfl1c"
"rna_counts","Fkbp1a"
"rna_counts","Sdcbp2"
"rna_counts","Tmem74b"
"rna_counts","Rspo4"
"rna_counts","Angpt4"
"rna_counts","Slc52a3"
"rna_counts","Scrt2"
"rna_counts","Srxn1"
"rna_counts","Tcf15"
"rna_counts","Csnk2a1"
"rna_counts","Tbc1d20"
"rna_counts","6820408C15Rik"
"rna_counts","Defb20"
"rna_counts","Defb28"
"rna_counts","Defb21"
"rna_counts","Defb36"
"rna_counts","Rem1"
"rna_counts","H13"
"rna_counts","Mcts2"
"rna_counts","Id1"
"rna_counts","Cox4i2"
"rna_counts","Tpx2"
"rna_counts","Mir5622"
"rna_counts","Mylk2"
"rna_counts","Ttll9"
"rna_counts","Xkr7"
"rna_counts","Ccm2l"
"rna_counts","Hck"
"rna_counts","Tm9sf4"
"rna_counts","Pofut1"
"rna_counts","Kif3b"
"rna_counts","Asxl1"
"rna_counts","4930404H24Rik"
"rna_counts","Dnmt3b"
"rna_counts","Dnmt3c"
"rna_counts","Mapre1"
"rna_counts","Efcab8"
"rna_counts","Bpifb2"
"rna_counts","Bpifb6"
"rna_counts","Bpifb3"
"rna_counts","Bpifb4"
"rna_counts","Bpifa6"
"rna_counts","Bpifa2"
"rna_counts","AL732466.1"
"rna_counts","Bpifa3"
"rna_counts","Bpifa1"
"rna_counts","Bpifa5"
"rna_counts","Bpifb1"
"rna_counts","Bpifb5"
"rna_counts","Bpifb9a"
"rna_counts","Bpifb9b"
"rna_counts","Cbfa2t2"
"rna_counts","1700003F12Rik"
"rna_counts","Actl10"
"rna_counts","Zfp341"
"rna_counts","Chmp4b"
"rna_counts","Raly"
"rna_counts","a"
"rna_counts","Itch"
"rna_counts","Dynlrb1"
"rna_counts","Map1lc3a"
"rna_counts","Mir695"
"rna_counts","Trp53inp2"
"rna_counts","Acss2"
"rna_counts","Mipep-ps"
"rna_counts","Gssos2"
"rna_counts","Gssos1"
"rna_counts","Myh7b"
"rna_counts","Mir499"
"rna_counts","Procr"
"rna_counts","Mmp24"
"rna_counts","Cep250"
"rna_counts","Ergic3"
"rna_counts","Spag4"
"rna_counts","Romo1"
"rna_counts","Phf20"
"rna_counts","Cnbd2"
"rna_counts","Epb41l1"
"rna_counts","Aar2"
"rna_counts","Dlgap4"
"rna_counts","Myl9"
"rna_counts","Tgif2"
"rna_counts","Rab5if"
"rna_counts","Tldc2"
"rna_counts","Rpn2"
"rna_counts","Manbal"
"rna_counts","Src"
"rna_counts","Nnat"
"rna_counts","Ctnnbl1"
"rna_counts","Vstm2l"
"rna_counts","Rprd1b"
"rna_counts","1700060C20Rik"
"rna_counts","Bpi"
"rna_counts","Lbp"
"rna_counts","Snhg11"
"rna_counts","Ralgapb"
"rna_counts","Adig"
"rna_counts","Arhgap40"
"rna_counts","Slc32a1"
"rna_counts","Actr5"
"rna_counts","Mir3474"
"rna_counts","Ppp1r16b"
"rna_counts","Fam83d"
"rna_counts","Dhx35"
"rna_counts","4933416E03Rik"
"rna_counts","9130015L21Rik"
"rna_counts","Top1"
"rna_counts","Plcg1"
"rna_counts","Lpin3"
"rna_counts","Ptprtos"
"rna_counts","9430021M05Rik"
"rna_counts","Srsf6"
"rna_counts","L3mbtl1"
"rna_counts","Sgk2"
"rna_counts","Ift52"
"rna_counts","Mybl2"
"rna_counts","Mir7003"
"rna_counts","Tox2"
"rna_counts","2900093K20Rik"
"rna_counts","Gdap1l1"
"rna_counts","2310001K24Rik"
"rna_counts","R3hdml"
"rna_counts","Hnf4a"
"rna_counts","Ttpal"
"rna_counts","0610039K10Rik"
"rna_counts","Pkig"
"rna_counts","Ccn5"
"rna_counts","Kcnk15"
"rna_counts","Ywhab"
"rna_counts","Pabpc1l"
"rna_counts","Stk4"
"rna_counts","A730032A03Rik"
"rna_counts","Svs3a"
"rna_counts","Svs6"
"rna_counts","Svs5"
"rna_counts","Rbpjl"
"rna_counts","Sys1"
"rna_counts","Dbndd2"
"rna_counts","Pigt"
"rna_counts","Wfdc2"
"rna_counts","Wfdc6b"
"rna_counts","Wfdc10"
"rna_counts","Wfdc13"
"rna_counts","Spint4"
"rna_counts","Spint5"
"rna_counts","Dnttip1"
"rna_counts","Ube2c"
"rna_counts","Snx21"
"rna_counts","Zswim3"
"rna_counts","Zswim1"
"rna_counts","Ctsa"
"rna_counts","Pcif1"
"rna_counts","Zfp335os"
"rna_counts","Mmp9"
"rna_counts","Slc12a5"
"rna_counts","Cd40"
"rna_counts","Slc2a10"
"rna_counts","Eya2"
"rna_counts","BC046401"
"rna_counts","Ncoa3"
"rna_counts","5031425F14Rik"
"rna_counts","Trp53rkb"
"rna_counts","Arfgef2"
"rna_counts","Cse1l"
"rna_counts","Ddx27"
"rna_counts","Zfas1"
"rna_counts","Snord12"
"rna_counts","1110018N20Rik"
"rna_counts","Slc9a8"
"rna_counts","Rnf114"
"rna_counts","Snai1"
"rna_counts","Cebpb"
"rna_counts","A530013C23Rik"
"rna_counts","9230111E07Rik"
"rna_counts","Ptpn1"
"rna_counts","Pard6b"
"rna_counts","AL831766.1"
"rna_counts","Mocs3"
"rna_counts","1700017J07Rik"
"rna_counts","9430093N23Rik"
"rna_counts","Tshz2"
"rna_counts","Bcas1os2"
"rna_counts","Bcas1os1"
"rna_counts","Pfdn4"
"rna_counts","Dok5"
"rna_counts","1700007M16Rik"
"rna_counts","Mc3r"
"rna_counts","Fam210b"
"rna_counts","Cstf1"
"rna_counts","Cass4"
"rna_counts","Rtf2"
"rna_counts","Fam209"
"rna_counts","Tfap2c"
"rna_counts","Spo11"
"rna_counts","Rae1"
"rna_counts","Rbm38"
"rna_counts","Ctcflos"
"rna_counts","Pck1"
"rna_counts","Pmepa1os"
"rna_counts","1700021F07Rik"
"rna_counts","Rab22a"
"rna_counts","1700010B08Rik"
"rna_counts","Vapb"
"rna_counts","Stx16"
"rna_counts","Npepl1"
"rna_counts","Gnas"
"rna_counts","Nelfcd"
"rna_counts","Tubb1"
"rna_counts","Vmn1r-ps1"
"rna_counts","Zfp831"
"rna_counts","Edn3"
"rna_counts","Zfp968"
"rna_counts","Zfp965"
"rna_counts","2210418O10Rik"
"rna_counts","Zfp967"
"rna_counts","Zfp973"
"rna_counts","Zfp970"
"rna_counts","Zfp971"
"rna_counts","Phactr3"
"rna_counts","Fam217b"
"rna_counts","Cdh26"
"rna_counts","4930591A17Rik"
"rna_counts","Cdh4"
"rna_counts","4921531C22Rik"
"rna_counts","Lsm14b"
"rna_counts","Ss18l1"
"rna_counts","Mtg2"
"rna_counts","Osbpl2"
"rna_counts","Adrm1"
"rna_counts","Mir3091"
"rna_counts","Gata5os"
"rna_counts","Mir1a-1"
"rna_counts","Mir133a-2"
"rna_counts","Slco4a1"
"rna_counts","Ntsr1"
"rna_counts","Mrgbp"
"rna_counts","Ogfr"
"rna_counts","Col9a3"
"rna_counts","Gid8"
"rna_counts","Slc17a9"
"rna_counts","Mir124a-3"
"rna_counts","Birc7"
"rna_counts","Arfgap1"
"rna_counts","9230112E08Rik"
"rna_counts","Col20a1"
"rna_counts","Ppdpf"
"rna_counts","Fndc11"
"rna_counts","Rtel1"
"rna_counts","AL928965.1"
"rna_counts","Zgpat"
"rna_counts","Lime1"
"rna_counts","Slc2a4rg-ps"
"rna_counts","Abhd16b"
"rna_counts","Tpd52l2"
"rna_counts","Dnajc5"
"rna_counts","Uckl1os"
"rna_counts","Prpf6"
"rna_counts","Tcea2"
"rna_counts","Oprl1"
"rna_counts","Myt1"
"rna_counts","Pcmtd2"
"rna_counts","Polr3k"
"rna_counts","Rpp38"
"rna_counts","Olah"
"rna_counts","Meig1"
"rna_counts","Suv39h2"
"rna_counts","Hspa14"
"rna_counts","1700080N15Rik"
"rna_counts","Prpf18"
"rna_counts","Mcm10"
"rna_counts","Optn"
"rna_counts","Camk1d"
"rna_counts","Cdc123"
"rna_counts","Sec61a2"
"rna_counts","Dhtkd1"
"rna_counts","Proser2"
"rna_counts","Echdc3"
"rna_counts","AL845275.1"
"rna_counts","Celf2"
"rna_counts","Gata3"
"rna_counts","9230102O04Rik"
"rna_counts","Taf3"
"rna_counts","Atp5c1"
"rna_counts","Itih2"
"rna_counts","8030442B05Rik"
"rna_counts","4933403L11Rik"
"rna_counts","Pfkfb3"
"rna_counts","Rbm17"
"rna_counts","Fbh1"
"rna_counts","Itga8"
"rna_counts","Mindy3"
"rna_counts","C1ql3"
"rna_counts","Rsu1"
"rna_counts","Cubn"
"rna_counts","Trdmt1"
"rna_counts","St8sia6"
"rna_counts","Hacd1"
"rna_counts","D930036K23Rik"
"rna_counts","Stamos"
"rna_counts","Nsun6"
"rna_counts","Nebl"
"rna_counts","H2al2a"
"rna_counts","A930004D18Rik"
"rna_counts","Skida1"
"rna_counts","1810059C17Rik"
"rna_counts","Dnajc1"
"rna_counts","Carlr"
"rna_counts","Pip4k2a"
"rna_counts","Ptf1aos"
"rna_counts","4921504E06Rik"
"rna_counts","Arhgap21"
"rna_counts","Enkur"
"rna_counts","A130006I12Rik"
"rna_counts","Abi1"
"rna_counts","Mastl"
"rna_counts","Spopl"
"rna_counts","Hnmt"
"rna_counts","Tbpl2"
"rna_counts","Pax8"
"rna_counts","Cacna1b"
"rna_counts","Ehmt1"
"rna_counts","Arrdc1"
"rna_counts","Mrpl41"
"rna_counts","Noxa1"
"rna_counts","Tor4a"
"rna_counts","Nelfb"
"rna_counts","Stpg3"
"rna_counts","Tubb4b"
"rna_counts","Slc34a3"
"rna_counts","Rnf224"
"rna_counts","Cysrt1"
"rna_counts","Ndor1"
"rna_counts","Ssna1"
"rna_counts","Grin1"
"rna_counts","Dpp7"
"rna_counts","Uap1l1"
"rna_counts","Paxx"
"rna_counts","Ptgds"
"rna_counts","Lcn12"
"rna_counts","C8g"
"rna_counts","Traf2"
"rna_counts","Mamdc4"
"rna_counts","Phpt1"
"rna_counts","Ajm1"
"rna_counts","Rabl6"
"rna_counts","Ccdc183"
"rna_counts","Tmem141"
"rna_counts","Fcna"
"rna_counts","A230005M16Rik"
"rna_counts","Glt6d1"
"rna_counts","Sohlh1"
"rna_counts","Camsap1"
"rna_counts","Ubac1"
"rna_counts","Nacc2"
"rna_counts","Tmem250-ps"
"rna_counts","Lhx3"
"rna_counts","Qsox2"
"rna_counts","Ccdc187"
"rna_counts","Dnlz"
"rna_counts","Card9"
"rna_counts","Snapc4"
"rna_counts","Entr1"
"rna_counts","Inpp5e"
"rna_counts","Sec16a"
"rna_counts","Notch1"
"rna_counts","Mir6996"
"rna_counts","Mir126b"
"rna_counts","Agpat2"
"rna_counts","Snora43"
"rna_counts","Snora17"
"rna_counts","Lcn4"
"rna_counts","Abo"
"rna_counts","Surf6"
"rna_counts","Med22"
"rna_counts","Surf1"
"rna_counts","Surf4"
"rna_counts","Rexo4"
"rna_counts","Slc2a6"
"rna_counts","Mymk"
"rna_counts","Fam163b"
"rna_counts","Dbhos"
"rna_counts","Sardh"
"rna_counts","Vav2"
"rna_counts","Brd3"
"rna_counts","Mir7578"
"rna_counts","2810430I11Rik"
"rna_counts","Fcnb"
"rna_counts","1700007K13Rik"
"rna_counts","Cel"
"rna_counts","Gtf3c5"
"rna_counts","Gfi1b"
"rna_counts","Spaca9"
"rna_counts","Gtf3c4"
"rna_counts","Barhl1"
"rna_counts","Cfap77"
"rna_counts","Ntng2"
"rna_counts","6530402F18Rik"
"rna_counts","Mir133c"
"rna_counts","Trub2"
"rna_counts","Mir219a-2"
"rna_counts","2600006K01Rik"
"rna_counts","Wdr34"
"rna_counts","Zdhhc12"
"rna_counts","Zer1"
"rna_counts","Spout1"
"rna_counts","Kyat1"
"rna_counts","1700084E18Rik"
"rna_counts","Dolk"
"rna_counts","Sh3glb2"
"rna_counts","Crat"
"rna_counts","Ier5l"
"rna_counts","1700001O22Rik"
"rna_counts","Asb6"
"rna_counts","Ptges"
"rna_counts","Tor1a"
"rna_counts","BC005624"
"rna_counts","Fnbp1"
"rna_counts","D330023K18Rik"
"rna_counts","Qrfp"
"rna_counts","Fibcd1"
"rna_counts","Fam78a"
"rna_counts","Uck1"
"rna_counts","Swi5"
"rna_counts","Dnm1"
"rna_counts","1110008P14Rik"
"rna_counts","Lcn2"
"rna_counts","Slc25a25"
"rna_counts","9430097D07Rik"
"rna_counts","Fpgs"
"rna_counts","Mir8093"
"rna_counts","Cdk9"
"rna_counts","Mir2861"
"rna_counts","Mir3960"
"rna_counts","6330409D20Rik"
"rna_counts","Ttc16"
"rna_counts","Cfap157"
"rna_counts","Stxbp1"
"rna_counts","Lrsam1"
"rna_counts","Slc2a8"
"rna_counts","Garnl3"
"rna_counts","Ralgps1"
"rna_counts","Zbtb34"
"rna_counts","Zbtb43"
"rna_counts","Lmx1b"
"rna_counts","9430024E24Rik"
"rna_counts","Mvb12b"
"rna_counts","C230014O12Rik"
"rna_counts","Pbx3"
"rna_counts","Gapvd1"
"rna_counts","Rabepk"
"rna_counts","Fbxw2"
"rna_counts","Psmd5"
"rna_counts","Phf19"
"rna_counts","Traf1"
"rna_counts","Hc"
"rna_counts","AI182371"
"rna_counts","Rab14"
"rna_counts","Stom"
"rna_counts","4930568D16Rik"
"rna_counts","4930402F06Rik"
"rna_counts","Ggta1"
"rna_counts","Ttll11"
"rna_counts","Ndufa8"
"rna_counts","Lhx6"
"rna_counts","Rbm18"
"rna_counts","Olfr341"
"rna_counts","Olfr3"
"rna_counts","Olfr351"
"rna_counts","Olfr353"
"rna_counts","Olfr355"
"rna_counts","Olfr358"
"rna_counts","Olfr359-ps1"
"rna_counts","Olfr361"
"rna_counts","Olfr362"
"rna_counts","Olfr363-ps"
"rna_counts","Pdcl"
"rna_counts","Rc3h2"
"rna_counts","Snord90"
"rna_counts","Zbtb6"
"rna_counts","Zbtb26"
"rna_counts","Strbp"
"rna_counts","Mir5128"
"rna_counts","Dennd1a"
"rna_counts","Psmb7"
"rna_counts","Nr5a1"
"rna_counts","Nr6a1"
"rna_counts","Golga1"
"rna_counts","Scai"
"rna_counts","Ppp6c"
"rna_counts","Lrp1b"
"rna_counts","Mir6336"
"rna_counts","Arhgap15os"
"rna_counts","Gtdc1"
"rna_counts","Zeb2"
"rna_counts","Mir5129"
"rna_counts","Orc4"
"rna_counts","Mmadhc"
"rna_counts","Rnd3"
"rna_counts","1700057H21Rik"
"rna_counts","Rbm43"
"rna_counts","Nmi"
"rna_counts","Neb"
"rna_counts","Arl5a"
"rna_counts","Cacnb4"
"rna_counts","Stam2"
"rna_counts","Prpf40a"
"rna_counts","Rprm"
"rna_counts","Nr4a2"
"rna_counts","BB557941"
"rna_counts","A930012O16Rik"
"rna_counts","Ermn"
"rna_counts","Cytip"
"rna_counts","Acvr1c"
"rna_counts","Acvr1"
"rna_counts","Ccdc148"
"rna_counts","5330411J11Rik"
"rna_counts","Wdsub1"
"rna_counts","Baz2b"
"rna_counts","Cd302"
"rna_counts","Ly75"
"rna_counts","Pla2r1"
"rna_counts","Itgb6"
"rna_counts","Rbms1"
"rna_counts","Dpp4"
"rna_counts","Gcg"
"rna_counts","Fap"
"rna_counts","Ifih1"
"rna_counts","Kcnh7"
"rna_counts","AL772407.1"
"rna_counts","Fign"
"rna_counts","Grb14"
"rna_counts","Cobll1"
"rna_counts","Slc38a11"
"rna_counts","Mir6337"
"rna_counts","Scn3a"
"rna_counts","BX284648.1"
"rna_counts","Galnt3"
"rna_counts","Ttc21b"
"rna_counts","Scn1a"
"rna_counts","Scn9a"
"rna_counts","Scn7a"
"rna_counts","Stk39"
"rna_counts","Spc25"
"rna_counts","Abcb11"
"rna_counts","Lrp2"
"rna_counts","Fastkd1"
"rna_counts","Ccdc173"
"rna_counts","Mettl5"
"rna_counts","Gad1os"
"rna_counts","Erich2os"
"rna_counts","Tlk1"
"rna_counts","Mettl8"
"rna_counts","Slc25a12"
"rna_counts","Dlx1as"
"rna_counts","Dlx2"
"rna_counts","Rapgef4os1"
"rna_counts","Rapgef4os2"
"rna_counts","Rapgef4os3"
"rna_counts","Eif1-ps3"
"rna_counts","6430710C18Rik"
"rna_counts","Sp3"
"rna_counts","Ola1"
"rna_counts","Cir1"
"rna_counts","Gpr155"
"rna_counts","Wipf1"
"rna_counts","Chrna1"
"rna_counts","Chn1"
"rna_counts","Atf2"
"rna_counts","Atp5g3"
"rna_counts","A630050E04Rik"
"rna_counts","4930441J16Rik"
"rna_counts","Lnpk"
"rna_counts","Mrpl23-ps1"
"rna_counts","Evx2"
"rna_counts","Hoxd3os1"
"rna_counts","Haglr"
"rna_counts","n-R5s198"
"rna_counts","A330043C09Rik"
"rna_counts","Nfe2l2"
"rna_counts","Ttc30b"
"rna_counts","Ttc30a2"
"rna_counts","Ttc30a1"
"rna_counts","Pde11a"
"rna_counts","Cyct"
"rna_counts","Prkra"
"rna_counts","Fkbp7"
"rna_counts","Ttn"
"rna_counts","Ccdc141"
"rna_counts","Sestd1"
"rna_counts","Zfp385b"
"rna_counts","Cwc22"
"rna_counts","Cerkl"
"rna_counts","Neurod1"
"rna_counts","Pde1a"
"rna_counts","Frzb"
"rna_counts","Nckap1"
"rna_counts","Mir684-1"
"rna_counts","A130030D18Rik"
"rna_counts","Dnmt3l-ps1"
"rna_counts","Zswim2"
"rna_counts","Calcrl"
"rna_counts","Tfpi"
"rna_counts","AL928616.1"
"rna_counts","Ctnnd1"
"rna_counts","Selenoh"
"rna_counts","Tmx2"
"rna_counts","Zdhhc5"
"rna_counts","n-R5s200"
"rna_counts","Clp1"
"rna_counts","Mir130a"
"rna_counts","Serping1"
"rna_counts","Smtnl1"
"rna_counts","Rtn4rl2"
"rna_counts","P2rx3"
"rna_counts","4930443O20Rik"
"rna_counts","Lrrc55"
"rna_counts","Olfr987"
"rna_counts","Olfr988"
"rna_counts","Olfr989-ps1"
"rna_counts","Olfr990-ps1"
"rna_counts","Olfr991-ps1"
"rna_counts","Olfr992"
"rna_counts","Olfr993"
"rna_counts","Olfr994"
"rna_counts","Olfr995"
"rna_counts","Fads2b"
"rna_counts","Olfr999-ps1"
"rna_counts","Olfr1000"
"rna_counts","Olfr1002"
"rna_counts","Olfr1004-ps1"
"rna_counts","Olfr154"
"rna_counts","Olfr1006"
"rna_counts","Olfr1012"
"rna_counts","Olfr1016"
"rna_counts","Olfr1017-ps1"
"rna_counts","Olfr1019"
"rna_counts","Olfr1024"
"rna_counts","Olfr1035-ps1"
"rna_counts","Olfr1037"
"rna_counts","Olfr1039"
"rna_counts","Olfr1040"
"rna_counts","Olfr1041-ps1"
"rna_counts","Olfr1042"
"rna_counts","Olfr1043"
"rna_counts","Olfr1044"
"rna_counts","Olfr52"
"rna_counts","Olfr1045"
"rna_counts","Olfr1046"
"rna_counts","Olfr1047"
"rna_counts","Olfr1048"
"rna_counts","Olfr1049"
"rna_counts","Olfr1050-ps1"
"rna_counts","Olfr1051"
"rna_counts","Olfr1053"
"rna_counts","Olfr1054"
"rna_counts","Olfr1055"
"rna_counts","Olfr1056"
"rna_counts","Olfr1057"
"rna_counts","Olfr1058"
"rna_counts","Olfr1059-ps1"
"rna_counts","Olfr1060-ps1"
"rna_counts","Olfr1061"
"rna_counts","Olfr1062"
"rna_counts","Olfr1063-ps1"
"rna_counts","Olfr1064-ps1"
"rna_counts","Olfr1065"
"rna_counts","Olfr1066"
"rna_counts","Olfr1069-ps1"
"rna_counts","Olfr1070-ps1"
"rna_counts","Olfr228"
"rna_counts","Olfr1073-ps1"
"rna_counts","Olfr1077-ps1"
"rna_counts","Olfr1078-ps1"
"rna_counts","Olfr1079"
"rna_counts","Olfr1080"
"rna_counts","Olfr1081-ps1"
"rna_counts","Olfr1082"
"rna_counts","Olfr1083-ps"
"rna_counts","Olfr1084"
"rna_counts","Olfr1085"
"rna_counts","Olfr1086"
"rna_counts","Olfr1087"
"rna_counts","Olfr1088-ps1"
"rna_counts","Olfr1089"
"rna_counts","Olfr1090"
"rna_counts","Olfr1091-ps1"
"rna_counts","Olfr141"
"rna_counts","Olfr1095"
"rna_counts","Olfr1097"
"rna_counts","Olfr1098"
"rna_counts","Olfr1099"
"rna_counts","Olfr1100"
"rna_counts","Olfr1101"
"rna_counts","Olfr1103-ps1"
"rna_counts","Olfr1104"
"rna_counts","Olfr1105"
"rna_counts","Olfr1106"
"rna_counts","Olfr1107"
"rna_counts","Olfr1108-ps1"
"rna_counts","Olfr1109"
"rna_counts","Olfr259"
"rna_counts","Olfr1110"
"rna_counts","Olfr1111"
"rna_counts","Nlk-ps1"
"rna_counts","Pramel7"
"rna_counts","Olfr1127-ps1"
"rna_counts","Olfr1128"
"rna_counts","Olfr1132"
"rna_counts","Olfr1133"
"rna_counts","Olfr1134"
"rna_counts","Olfr1135"
"rna_counts","Olfr1136"
"rna_counts","Olfr1137"
"rna_counts","Olfr1138"
"rna_counts","Olfr1141"
"rna_counts","Olfr1144-ps1"
"rna_counts","Olfr1154"
"rna_counts","Olfr1155"
"rna_counts","Olfr1156"
"rna_counts","Olfr1157"
"rna_counts","Olfr74"
"rna_counts","Olfr1159-ps1"
"rna_counts","Olfr1160"
"rna_counts","Olfr73"
"rna_counts","Olfr1162"
"rna_counts","Olfr1163"
"rna_counts","Olfr1164"
"rna_counts","Olfr1165-ps"
"rna_counts","Olfr1166"
"rna_counts","Olfr1167"
"rna_counts","Olfr1170"
"rna_counts","Olfr1171-ps1"
"rna_counts","Olfr1172-ps1"
"rna_counts","Olfr1173"
"rna_counts","Olfr1174"
"rna_counts","Olfr1175"
"rna_counts","Olfr1177-ps"
"rna_counts","Olfr1179"
"rna_counts","Olfr1180"
"rna_counts","Olfr1181"
"rna_counts","Olfr1182"
"rna_counts","Olfr1187-ps1"
"rna_counts","Olfr1195"
"rna_counts","Olfr1196"
"rna_counts","Olfr1197"
"rna_counts","Olfr1198"
"rna_counts","Olfr1199"
"rna_counts","Olfr1200"
"rna_counts","Olfr1208"
"rna_counts","Olfr1209"
"rna_counts","Olfr1211"
"rna_counts","Olfr1213"
"rna_counts","Olfr1214"
"rna_counts","Olfr1215"
"rna_counts","Olfr1216"
"rna_counts","Olfr1217"
"rna_counts","Olfr1218"
"rna_counts","Olfr1219"
"rna_counts","Olfr1220"
"rna_counts","Olfr1221"
"rna_counts","Olfr1222"
"rna_counts","Olfr1223"
"rna_counts","Olfr1224-ps1"
"rna_counts","Olfr1225"
"rna_counts","Olfr1226"
"rna_counts","Olfr1228"
"rna_counts","Olfr1229"
"rna_counts","Olfr1230"
"rna_counts","Olfr1231"
"rna_counts","Olfr1232"
"rna_counts","Olfr1233"
"rna_counts","Olfr1234"
"rna_counts","Olfr1235-ps1"
"rna_counts","AL929555.1"
"rna_counts","Olfr1238"
"rna_counts","Olfr1239"
"rna_counts","Olfr1240"
"rna_counts","Olfr1241"
"rna_counts","Olfr1242"
"rna_counts","Olfr1243"
"rna_counts","Olfr1244-ps1"
"rna_counts","Olfr1245"
"rna_counts","Olfr1246"
"rna_counts","Olfr1247"
"rna_counts","Olfr1248"
"rna_counts","Olfr1249"
"rna_counts","Olfr1250"
"rna_counts","Olfr1251"
"rna_counts","Olfr1252"
"rna_counts","Olfr1253"
"rna_counts","Olfr1254"
"rna_counts","Olfr1256"
"rna_counts","Olfr48"
"rna_counts","Olfr1259"
"rna_counts","Olfr1264"
"rna_counts","Olfr140"
"rna_counts","Olfr1266-ps1"
"rna_counts","Olfr1267-ps1"
"rna_counts","Olfr1268-ps1"
"rna_counts","Olfr1269"
"rna_counts","Olfr32"
"rna_counts","Olfr1270"
"rna_counts","Olfr1506"
"rna_counts","Olfr142"
"rna_counts","Olfr1271"
"rna_counts","Olfr1272"
"rna_counts","Olfr1273-ps"
"rna_counts","Ptprj"
"rna_counts","Ndufs3"
"rna_counts","Ptpmt1"
"rna_counts","Slc39a13"
"rna_counts","Madd"
"rna_counts","Nr1h3"
"rna_counts","Ddb2"
"rna_counts","1110051M20Rik"
"rna_counts","F2"
"rna_counts","Zfp408"
"rna_counts","Atg13"
"rna_counts","Mdk"
"rna_counts","Dgkz"
"rna_counts","Mir6999"
"rna_counts","Creb3l1"
"rna_counts","2900072N19Rik"
"rna_counts","Large2"
"rna_counts","Mapk8ip1"
"rna_counts","Mir7000"
"rna_counts","Cry2"
"rna_counts","Slc35c1"
"rna_counts","Prdm11"
"rna_counts","Tspan18"
"rna_counts","Cd82"
"rna_counts","Mir7001"
"rna_counts","Ext2"
"rna_counts","Accs"
"rna_counts","Accsl"
"rna_counts","Alkbh3"
"rna_counts","Hsd17b12"
"rna_counts","Mir670hg"
"rna_counts","Mir129-2"
"rna_counts","Mir670"
"rna_counts","Ttc17"
"rna_counts","Itpa-ps1"
"rna_counts","Api5"
"rna_counts","4930445B16Rik"
"rna_counts","B230118H07Rik"
"rna_counts","Rag1"
"rna_counts","Prr5l"
"rna_counts","Ldlrad3"
"rna_counts","Trim44"
"rna_counts","Fjx1"
"rna_counts","Cd44"
"rna_counts","Pdhx"
"rna_counts","Ehf"
"rna_counts","A930006I01Rik"
"rna_counts","BC016548"
"rna_counts","Cat"
"rna_counts","Nat10"
"rna_counts","Caprin1"
"rna_counts","4930547E08Rik"
"rna_counts","4931422A03Rik"
"rna_counts","D430041D05Rik"
"rna_counts","Hipk3"
"rna_counts","Mir1902"
"rna_counts","Tcp11l1"
"rna_counts","Pin1rt1"
"rna_counts","Depdc7"
"rna_counts","Qser1"
"rna_counts","Prrg4"
"rna_counts","Eif3m"
"rna_counts","Wt1os"
"rna_counts","Rcn1"
"rna_counts","Pax6os1"
"rna_counts","Paupar"
"rna_counts","Elp4"
"rna_counts","Dnajc24"
"rna_counts","BB218582"
"rna_counts","Arl14ep"
"rna_counts","Fshb"
"rna_counts","Mettl15"
"rna_counts","Platr8"
"rna_counts","Ccdc34os"
"rna_counts","Bbox1"
"rna_counts","Fibin"
"rna_counts","Ano3"
"rna_counts","A26c3"
"rna_counts","Olfr1275"
"rna_counts","Olfr1277"
"rna_counts","Olfr1282"
"rna_counts","Olfr1286"
"rna_counts","Olfr1290"
"rna_counts","Olfr1292-ps1"
"rna_counts","Olfr1294"
"rna_counts","Olfr1295"
"rna_counts","Olfr1296-ps1"
"rna_counts","Olfr1297"
"rna_counts","Olfr1298"
"rna_counts","Olfr1303"
"rna_counts","Olfr1304-ps1"
"rna_counts","Olfr268-ps1"
"rna_counts","Olfr1305"
"rna_counts","Olfr1306"
"rna_counts","Olfr1307"
"rna_counts","Olfr1308"
"rna_counts","Olfr1309"
"rna_counts","Olfr1310"
"rna_counts","Olfr1311"
"rna_counts","Olfr1312"
"rna_counts","Olfr1313"
"rna_counts","Olfr1314"
"rna_counts","Olfr1315-ps1"
"rna_counts","Olfr1316"
"rna_counts","Nutm1"
"rna_counts","Emc4"
"rna_counts","n-R5s202"
"rna_counts","Chrm5"
"rna_counts","Ryr3"
"rna_counts","4930533B01Rik"
"rna_counts","Grem1"
"rna_counts","Scg5"
"rna_counts","Arhgap11a"
"rna_counts","Gjd2"
"rna_counts","Actc1"
"rna_counts","Aqr"
"rna_counts","Mir7002"
"rna_counts","Zfp770"
"rna_counts","Dph6"
"rna_counts","4930528P14Rik"
"rna_counts","3110099E03Rik"
"rna_counts","Meis2"
"rna_counts","2700033N17Rik"
"rna_counts","2810405F15Rik"
"rna_counts","Rasgrp1"
"rna_counts","Fsip1"
"rna_counts","A930104D05Rik"
"rna_counts","Gpr176"
"rna_counts","Srp14"
"rna_counts","Bmf"
"rna_counts","Ankrd63"
"rna_counts","Plcb2"
"rna_counts","Ccdc9b"
"rna_counts","Ccdc32"
"rna_counts","Rmdn3"
"rna_counts","Dnajc17"
"rna_counts","Ppp1r14d"
"rna_counts","Rhov"
"rna_counts","Ino80"
"rna_counts","Exd1"
"rna_counts","Oip5"
"rna_counts","Ndufaf1"
"rna_counts","H3f3c"
"rna_counts","Ltk"
"rna_counts","Rpap1"
"rna_counts","Sptbn5"
"rna_counts","Ehd4"
"rna_counts","Pla2g4e"
"rna_counts","Pla2g4d"
"rna_counts","Pla2g4f"
"rna_counts","Vps39"
"rna_counts","Tmem87a"
"rna_counts","Zfp106"
"rna_counts","Lrrc57"
"rna_counts","n-R5s205"
"rna_counts","Cdan1"
"rna_counts","Ttbk2"
"rna_counts","Ubr1"
"rna_counts","Epb42"
"rna_counts","Tgm5"
"rna_counts","Tgm7"
"rna_counts","Lcmt2"
"rna_counts","Zscan29"
"rna_counts","Trp53bp1"
"rna_counts","Ppip5k1"
"rna_counts","Strc"
"rna_counts","Catsper2"
"rna_counts","Ell3"
"rna_counts","Serinc4"
"rna_counts","Mfap1b"
"rna_counts","Mfap1a"
"rna_counts","Frmd5"
"rna_counts","Mageb3"
"rna_counts","Spg11"
"rna_counts","Patl2"
"rna_counts","Duox2"
"rna_counts","Duoxa1"
"rna_counts","Shf"
"rna_counts","Bambi-ps1"
"rna_counts","Gatm"
"rna_counts","Slc30a4"
"rna_counts","Bloc1s6os"
"rna_counts","4930517E11Rik"
"rna_counts","4930583P06Rik"
"rna_counts","Myef2"
"rna_counts","Fbn1"
"rna_counts","Cep152"
"rna_counts","Shc4"
"rna_counts","Secisbp2l"
"rna_counts","Cops2"
"rna_counts","Fam227b"
"rna_counts","Atp8b4"
"rna_counts","Hdc"
"rna_counts","Gabpb1"
"rna_counts","Usp50"
"rna_counts","Trpm7"
"rna_counts","Sppl2a"
"rna_counts","Mir3473g"
"rna_counts","Ncaph"
"rna_counts","Itpripl1"
"rna_counts","1810024B03Rik"
"rna_counts","Ciao1"
"rna_counts","Fahd2a"
"rna_counts","Kcnip3"
"rna_counts","AL731831.1"
"rna_counts","Prom2"
"rna_counts","Zfp661"
"rna_counts","Mal"
"rna_counts","Mall"
"rna_counts","Nphp1"
"rna_counts","Mtln"
"rna_counts","Bub1"
"rna_counts","Morrbid"
"rna_counts","Anapc1"
"rna_counts","Zc3h8"
"rna_counts","4933427J07Rik"
"rna_counts","Vinac1"
"rna_counts","AI847159"
"rna_counts","9830144P21Rik"
"rna_counts","Ckap2l"
"rna_counts","Il1a"
"rna_counts","Il1b"
"rna_counts","Spcs2-ps"
"rna_counts","F830045P16Rik"
"rna_counts","Pdyn"
"rna_counts","Mir6339"
"rna_counts","Snrpb"
"rna_counts","Idh3b"
"rna_counts","Cpxm1"
"rna_counts","Pced1a"
"rna_counts","4930473A02Rik"
"rna_counts","Avp"
"rna_counts","Ubox5"
"rna_counts","Fastkd5"
"rna_counts","Lzts3"
"rna_counts","Ddrgk1"
"rna_counts","Slc4a11"
"rna_counts","4930402H24Rik"
"rna_counts","A730017L22Rik"
"rna_counts","Gfra4"
"rna_counts","Mir6973b"
"rna_counts","Adam33"
"rna_counts","Siglec1"
"rna_counts","1700037H04Rik"
"rna_counts","Spef1"
"rna_counts","Cenpb"
"rna_counts","Rnf24"
"rna_counts","Snrpert"
"rna_counts","Adra1d"
"rna_counts","5330413P13Rik"
"rna_counts","Erv3"
"rna_counts","Rassf2"
"rna_counts","Slc23a2"
"rna_counts","Tmem230"
"rna_counts","Pcna"
"rna_counts","Prokr2"
"rna_counts","Gpcpd1"
"rna_counts","Trmt6"
"rna_counts","Lrrn4"
"rna_counts","Fermt1"
"rna_counts","Hao1"
"rna_counts","Tmx4"
"rna_counts","4930545L23Rik"
"rna_counts","9630028H03Rik"
"rna_counts","Pak7"
"rna_counts","Mkks"
"rna_counts","AL731706.1"
"rna_counts","AL731706.2"
"rna_counts","Jag1"
"rna_counts","Tasp1"
"rna_counts","Esf1"
"rna_counts","Sel1l2"
"rna_counts","Flrt3"
"rna_counts","Calr-ps"
"rna_counts","Macrod2os2"
"rna_counts","Macrod2os1"
"rna_counts","Kif16b"
"rna_counts","Pcsk2os1"
"rna_counts","Pcsk2os2"
"rna_counts","Bfsp1"
"rna_counts","Rrbp1"
"rna_counts","Banf2os"
"rna_counts","Snx5"
"rna_counts","Snord17"
"rna_counts","Ovol2"
"rna_counts","Dzank1"
"rna_counts","Rbbp9"
"rna_counts","Crnkl1"
"rna_counts","Ralgapa2"
"rna_counts","Nkx2-4"
"rna_counts","Nkx2-2"
"rna_counts","AI646519"
"rna_counts","9030622O22Rik"
"rna_counts","Foxa2"
"rna_counts","Thbd"
"rna_counts","Cd93"
"rna_counts","Napb"
"rna_counts","Cst11"
"rna_counts","Cstdc2"
"rna_counts","Cst3"
"rna_counts","C530025M09Rik"
"rna_counts","Zfp120"
"rna_counts","3300002I08Rik"
"rna_counts","Zfp442"
"rna_counts","Zfp345"
"rna_counts","Apmap"
"rna_counts","Acss1"
"rna_counts","Vsx1"
"rna_counts","Platr15"
"rna_counts","Abhd12"
"rna_counts","Ninl"
"rna_counts","Nanp"
"rna_counts","4921509C19Rik"
"rna_counts","Snph"
"rna_counts","Rad21l"
"rna_counts","Tmem74bos"
"rna_counts","Psmf1"
"rna_counts","4930556L07Rik"
"rna_counts","Rspo4os"
"rna_counts","Mir1953"
"rna_counts","Fam110a"
"rna_counts","AA387200"
"rna_counts","Rbck1"
"rna_counts","Trib3"
"rna_counts","Nrsn2"
"rna_counts","Sox12"
"rna_counts","Zcchc3"
"rna_counts","Defb23"
"rna_counts","Defb22"
"rna_counts","Defb26"
"rna_counts","Defb29"
"rna_counts","Defb19"
"rna_counts","Defb45"
"rna_counts","Defb25"
"rna_counts","1700030C14Rik"
"rna_counts","Bcl2l1"
"rna_counts","Foxs1"
"rna_counts","Dusp15"
"rna_counts","Pdrg1"
"rna_counts","Tspyl3"
"rna_counts","Plagl2"
"rna_counts","2500004C02Rik"
"rna_counts","Nol4l"
"rna_counts","Commd7"
"rna_counts","Dnmt3bos"
"rna_counts","Sun5"
"rna_counts","Cdk5rap1"
"rna_counts","Snta1"
"rna_counts","Necab3"
"rna_counts","E2f1"
"rna_counts","Pxmp4"
"rna_counts","4930519P11Rik"
"rna_counts","Eif2s2"
"rna_counts","Ahcy"
"rna_counts","2310005A03Rik"
"rna_counts","Pigu"
"rna_counts","Ncoa6"
"rna_counts","Ggt7"
"rna_counts","Acss2os"
"rna_counts","Gss"
"rna_counts","Trpc4ap"
"rna_counts","Edem2"
"rna_counts","BC029722"
"rna_counts","Eif6"
"rna_counts","Fam83c"
"rna_counts","Uqcc1"
"rna_counts","Gdf5"
"rna_counts","6430550D23Rik"
"rna_counts","Fer1l4"
"rna_counts","Cpne1"
"rna_counts","Rbm12"
"rna_counts","Nfs1"
"rna_counts","Rbm39"
"rna_counts","Scand1"
"rna_counts","2900097C17Rik"
"rna_counts","4930405A21Rik"
"rna_counts","5430405H02Rik"
"rna_counts","4930518I15Rik"
"rna_counts","Sla2"
"rna_counts","Ndrg3"
"rna_counts","Dsn1"
"rna_counts","Soga1"
"rna_counts","Samhd1"
"rna_counts","Rbl1"
"rna_counts","Mroh8"
"rna_counts","Ghrh"
"rna_counts","Blcap"
"rna_counts","Platr27"
"rna_counts","Tti1"
"rna_counts","2010009K17Rik"
"rna_counts","Tgm2"
"rna_counts","D630003M21Rik"
"rna_counts","Mir7685"
"rna_counts","Snhg17"
"rna_counts","Mafb"
"rna_counts","Zhx3"
"rna_counts","Emilin3"
"rna_counts","Chd6"
"rna_counts","Ptprt"
"rna_counts","Gtsf1l"
"rna_counts","Jph2"
"rna_counts","Oser1"
"rna_counts","Fitm2"
"rna_counts","Hnf4aos"
"rna_counts","Serinc3"
"rna_counts","Ada"
"rna_counts","Rims4"
"rna_counts","Tomm34"
"rna_counts","n-R5s207"
"rna_counts","Kcns1"
"rna_counts","Wfdc5"
"rna_counts","Wfdc12"
"rna_counts","Wfdc15a"
"rna_counts","Wfdc15b"
"rna_counts","Svs2"
"rna_counts","Svs3b"
"rna_counts","Svs4"
"rna_counts","Slpi"
"rna_counts","Mir7678"
"rna_counts","Matn4"
"rna_counts","Sdc4"
"rna_counts","Trp53tg5"
"rna_counts","Spint3"
"rna_counts","Wfdc6a"
"rna_counts","Eppin"
"rna_counts","Wfdc8"
"rna_counts","Wfdc16"
"rna_counts","Wfdc9"
"rna_counts","Wfdc11"
"rna_counts","Wfdc3"
"rna_counts","Tnnc2"
"rna_counts","Acot8"
"rna_counts","Spata25"
"rna_counts","Neurl2"
"rna_counts","Pltp"
"rna_counts","Zfp335"
"rna_counts","Ncoa5"
"rna_counts","1700025C18Rik"
"rna_counts","Cdh22"
"rna_counts","Slc35c2"
"rna_counts","Elmo2"
"rna_counts","Zfp663"
"rna_counts","Zfp334"
"rna_counts","Ocstamp"
"rna_counts","Slc13a3"
"rna_counts","Trp53rka"
"rna_counts","Zmynd8"
"rna_counts","Platr29"
"rna_counts","Sulf2"
"rna_counts","Prex1"
"rna_counts","Stau1"
"rna_counts","Znfx1"
"rna_counts","Kcnb1"
"rna_counts","Ptgis"
"rna_counts","B4galt5"
"rna_counts","Spata2"
"rna_counts","Ube2v1"
"rna_counts","Tmem189"
"rna_counts","1200007C13Rik"
"rna_counts","Ripor3"
"rna_counts","E130018N17Rik"
"rna_counts","Adnp"
"rna_counts","Dpm1"
"rna_counts","Kcng1"
"rna_counts","Nfatc2"
"rna_counts","Atp9a"
"rna_counts","Mir7004"
"rna_counts","Sall4"
"rna_counts","Zfp64"
"rna_counts","4930529I22Rik"
"rna_counts","AY702102"
"rna_counts","Zfp217"
"rna_counts","Bcas1"
"rna_counts","Cyp24a1"
"rna_counts","4930470P17Rik"
"rna_counts","1700028P15Rik"
"rna_counts","Cbln4"
"rna_counts","Aurka"
"rna_counts","Gcnt7"
"rna_counts","Bmp7"
"rna_counts","Ctcfl"
"rna_counts","Zbp1"
"rna_counts","Pmepa1"
"rna_counts","Ankrd60"
"rna_counts","Ppp4r1l-ps"
"rna_counts","Mir6340"
"rna_counts","Atp5k-ps2"
"rna_counts","Vamp7-ps"
"rna_counts","Mir296"
"rna_counts","Mir298"
"rna_counts","Gnasas1"
"rna_counts","Ctsz"
"rna_counts","Atp5e"
"rna_counts","Prelid3b"
"rna_counts","Zfp969"
"rna_counts","Zfp966"
"rna_counts","Zfp972"
"rna_counts","Zfp931"
"rna_counts","Sycp2"
"rna_counts","Ppp1r3d"
"rna_counts","Taf4"
"rna_counts","Psma7"
"rna_counts","Hrh3"
"rna_counts","Lama5"
"rna_counts","Mir7005"
"rna_counts","Cables2"
"rna_counts","Rbbp8nl"
"rna_counts","Gata5"
"rna_counts","B230312C02Rik"
"rna_counts","Tcfl5"
"rna_counts","Dido1"
"rna_counts","Bhlhe23"
"rna_counts","Ythdf1"
"rna_counts","Nkain4"
"rna_counts","Chrna4"
"rna_counts","Kcnq2"
"rna_counts","Eef1a2"
"rna_counts","Ptk6"
"rna_counts","Srms"
"rna_counts","Helz2"
"rna_counts","Stmn3"
"rna_counts","Arfrp1"
"rna_counts","Zbtb46"
"rna_counts","Uckl1"
"rna_counts","Zfp512b"
"rna_counts","Mir7006"
"rna_counts","Samd10"
"rna_counts","Sox18"
"rna_counts","Rgs19"
"rna_counts","Lkaaear1"
"rna_counts","Hnf4g"
"rna_counts","n-R5s194"
"rna_counts","1110015O18Rik"
"rna_counts","Zfhx4"
"rna_counts","Pkia"
"rna_counts","Zc2hc1a"
"rna_counts","Stmn2"
"rna_counts","4930539M17Rik"
"rna_counts","Zbtb10"
"rna_counts","C030034L19Rik"
"rna_counts","Fabp5"
"rna_counts","1700029B24Rik"
"rna_counts","A930014E01Rik"
"rna_counts","Chmp4c"
"rna_counts","Ralyl"
"rna_counts","Slc7a12"
"rna_counts","Lrrcc1"
"rna_counts","E2f5"
"rna_counts","Car13"
"rna_counts","Car3"
"rna_counts","Car2"
"rna_counts","A930001A20Rik"
"rna_counts","Ythdf3"
"rna_counts","Mir124-2hg"
"rna_counts","Mir124a-2"
"rna_counts","Cypt12"
"rna_counts","Bhlhe22"
"rna_counts","Pgk1-ps3"
"rna_counts","Mtfr1"
"rna_counts","Dnajc5b"
"rna_counts","Trim55"
"rna_counts","BC002189"
"rna_counts","4632415L05Rik"
"rna_counts","Cp"
"rna_counts","Hltf"
"rna_counts","Tbl1xr1"
"rna_counts","Rprl2"
"rna_counts","Spin3-ps"
"rna_counts","4930412E21Rik"
"rna_counts","A830092H15Rik"
"rna_counts","Spata16"
"rna_counts","1700125G22Rik"
"rna_counts","Nceh1"
"rna_counts","Tnfsf10"
"rna_counts","Ghsr"
"rna_counts","Pld1"
"rna_counts","Tnik"
"rna_counts","Mir466q"
"rna_counts","Slc2a2"
"rna_counts","Eif5a2"
"rna_counts","Egfem1"
"rna_counts","Mir551b"
"rna_counts","Mir21b"
"rna_counts","Mannr"
"rna_counts","Mecomos"
"rna_counts","Mynn"
"rna_counts","Lrriq4"
"rna_counts","Samd7"
"rna_counts","Sec62"
"rna_counts","Gpr160"
"rna_counts","Prkci"
"rna_counts","Mir7008"
"rna_counts","Skil"
"rna_counts","Cldn11"
"rna_counts","Kcnmb2"
"rna_counts","Pik3ca"
"rna_counts","Zfp639"
"rna_counts","Mfn1"
"rna_counts","Actl6a"
"rna_counts","Ndufb5"
"rna_counts","Usp13"
"rna_counts","4930419G24Rik"
"rna_counts","Ttc14"
"rna_counts","4930502C17Rik"
"rna_counts","Fxr1"
"rna_counts","Sox2ot"
"rna_counts","AC137708.1"
"rna_counts","Mir1897"
"rna_counts","Sox2"
"rna_counts","Ube2l3-ps1"
"rna_counts","Atp11b"
"rna_counts","B230207O21Rik"
"rna_counts","Mccc1os"
"rna_counts","Acad9"
"rna_counts","Zfp267"
"rna_counts","1810062G17Rik"
"rna_counts","Exosc9"
"rna_counts","4932438A13Rik"
"rna_counts","Adad1"
"rna_counts","Bbs12"
"rna_counts","Fgf2"
"rna_counts","Spata5"
"rna_counts","4930594O21Rik"
"rna_counts","Spry1"
"rna_counts","Fat4"
"rna_counts","Intu"
"rna_counts","Slc25a31"
"rna_counts","Hspa4l"
"rna_counts","Plk4"
"rna_counts","Abhd18"
"rna_counts","Larp1b"
"rna_counts","1700052H01Rik"
"rna_counts","Jade1"
"rna_counts","D3Ertd751e"
"rna_counts","Pcdh10"
"rna_counts","Noct"
"rna_counts","4930577N17Rik"
"rna_counts","Naa15"
"rna_counts","Rab33b"
"rna_counts","5031434O11Rik"
"rna_counts","5430433H01Rik"
"rna_counts","Mgst2"
"rna_counts","n-R5s196"
"rna_counts","Foxo1"
"rna_counts","Lhfp"
"rna_counts","C130075A20Rik"
"rna_counts","Proser1"
"rna_counts","Stoml3"
"rna_counts","6430500D05Rik"
"rna_counts","C820005J03Rik"
"rna_counts","Trpc4"
"rna_counts","Postn"
"rna_counts","Supt20"
"rna_counts","Alg5"
"rna_counts","Smad9"
"rna_counts","4931419H13Rik"
"rna_counts","Spg20"
"rna_counts","Ccdc169"
"rna_counts","Sohlh2"
"rna_counts","Dclk1"
"rna_counts","Mab21l1"
"rna_counts","4933417G07Rik"
"rna_counts","Tm4sf4"
"rna_counts","Mir6377"
"rna_counts","Rnf13"
"rna_counts","4921539H07Rik"
"rna_counts","Tsc22d2"
"rna_counts","Eif2a"
"rna_counts","6720482G16Rik"
"rna_counts","Selenot"
"rna_counts","4930593A02Rik"
"rna_counts","A930028O11Rik"
"rna_counts","Med12l"
"rna_counts","Aadacl2fm2"
"rna_counts","4930449A18Rik"
"rna_counts","Aadacl2fm3"
"rna_counts","Aadacl2fm1"
"rna_counts","Aadacl2"
"rna_counts","Aadac"
"rna_counts","Sucnr1"
"rna_counts","Mbnl1"
"rna_counts","P2ry1"
"rna_counts","Rap2b"
"rna_counts","Arhgef26"
"rna_counts","Mme"
"rna_counts","Vmn2r1"
"rna_counts","Vmn2r-ps4"
"rna_counts","Vmn2r-ps8"
"rna_counts","Vmn2r-ps10"
"rna_counts","Vmn2r-ps13"
"rna_counts","Kcnab1"
"rna_counts","Tiparp"
"rna_counts","Mir8120"
"rna_counts","Lekr1"
"rna_counts","Ptx3"
"rna_counts","Rsrc1"
"rna_counts","Mlf1"
"rna_counts","Gfm1"
"rna_counts","Mfsd1"
"rna_counts","Iqcj"
"rna_counts","Iqschfp"
"rna_counts","Schip1"
"rna_counts","Il12a"
"rna_counts","1110032F04Rik"
"rna_counts","Smc4"
"rna_counts","Mir15b"
"rna_counts","Mir16-2"
"rna_counts","Arl14"
"rna_counts","Ppm1l"
"rna_counts","Nmd3"
"rna_counts","Otol1"
"rna_counts","Serpini1"
"rna_counts","Fstl5"
"rna_counts","4921511C10Rik"
"rna_counts","6430573P05Rik"
"rna_counts","4930589L23Rik"
"rna_counts","Ppid"
"rna_counts","4930579G24Rik"
"rna_counts","Gask1b"
"rna_counts","A330069K06Rik"
"rna_counts","Pdgfc"
"rna_counts","A830029E22Rik"
"rna_counts","Ctso"
"rna_counts","Asic5"
"rna_counts","Map9"
"rna_counts","Rbm46os"
"rna_counts","Fgg"
"rna_counts","Fga"
"rna_counts","Plrg1"
"rna_counts","Dchs2"
"rna_counts","Sfrp2"
"rna_counts","Tigd4"
"rna_counts","Tmem154"
"rna_counts","Fbxw7"
"rna_counts","1700036G14Rik"
"rna_counts","Mir466k"
"rna_counts","Gatb"
"rna_counts","4933425M03Rik"
"rna_counts","Sh3d19"
"rna_counts","Lrba"
"rna_counts","Cd1d2"
"rna_counts","Cd5l"
"rna_counts","Fcrl1"
"rna_counts","Fcrl5"
"rna_counts","Etv3"
"rna_counts","ETV3L"
"rna_counts","Arhgef11"
"rna_counts","Insrr"
"rna_counts","Sh2d2a"
"rna_counts","Hdgf"
"rna_counts","Mrpl24"
"rna_counts","Isg20l2"
"rna_counts","Crabp2"
"rna_counts","Nes"
"rna_counts","Gpatch4"
"rna_counts","Iqgap3"
"rna_counts","Mef2d"
"rna_counts","AW047730"
"rna_counts","Mir3093"
"rna_counts","Mir9-1"
"rna_counts","Cct3"
"rna_counts","Glmp"
"rna_counts","Smg5"
"rna_counts","Paqr6"
"rna_counts","Mex3a"
"rna_counts","Ubqln4"
"rna_counts","Ssr2"
"rna_counts","Arhgef2"
"rna_counts","Khdc4"
"rna_counts","Rit1"
"rna_counts","5830417I10Rik"
"rna_counts","Gon4l"
"rna_counts","n-R5s197"
"rna_counts","Ash1l"
"rna_counts","Pklr"
"rna_counts","Clk2"
"rna_counts","Scamp3"
"rna_counts","Fam189b"
"rna_counts","Gba"
"rna_counts","Thbs3"
"rna_counts","Muc1"
"rna_counts","Krtcap2"
"rna_counts","Dpm3"
"rna_counts","4731419I09Rik"
"rna_counts","Dcst2"
"rna_counts","Shc1"
"rna_counts","Pygo2"
"rna_counts","Pbxip1"
"rna_counts","Pmvk"
"rna_counts","Kcnn3"
"rna_counts","Adar"
"rna_counts","Ube2q1"
"rna_counts","She"
"rna_counts","4933434E20Rik"
"rna_counts","AC163616.1"
"rna_counts","1700094D03Rik"
"rna_counts","Mir190b"
"rna_counts","Tpm3"
"rna_counts","Nup210l"
"rna_counts","Rab13"
"rna_counts","Jtb"
"rna_counts","Slc39a1"
"rna_counts","Crtc2"
"rna_counts","Dennd4b"
"rna_counts","Mir7012"
"rna_counts","Gatad2b"
"rna_counts","Ilf2"
"rna_counts","S100a13"
"rna_counts","S100a14"
"rna_counts","S100a16"
"rna_counts","S100a2"
"rna_counts","S100a3"
"rna_counts","S100a4"
"rna_counts","S100a5"
"rna_counts","S100a6"
"rna_counts","S100a7a"
"rna_counts","S100a8"
"rna_counts","Pglyrp4"
"rna_counts","4930529C04Rik"
"rna_counts","Pglyrp3"
"rna_counts","Mif-ps3"
"rna_counts","AC138676.1"
"rna_counts","Sprr2a1"
"rna_counts","Sprr2a2"
"rna_counts","Sprr2a3"
"rna_counts","Sprr2b"
"rna_counts","Sprr2c-ps"
"rna_counts","Sprr2d"
"rna_counts","Sprr2e"
"rna_counts","Sprr2f"
"rna_counts","Sprr2g"
"rna_counts","Sprr2h"
"rna_counts","Sprr2i"
"rna_counts","Sprr2j-ps"
"rna_counts","Sprr2k"
"rna_counts","Lce1c"
"rna_counts","Lce3b"
"rna_counts","Lce3c"
"rna_counts","Lce3d"
"rna_counts","Lce3e"
"rna_counts","Lce3f"
"rna_counts","Tdpoz8"
"rna_counts","Crnn"
"rna_counts","Flg2"
"rna_counts","Flg"
"rna_counts","Hrnr"
"rna_counts","Rptn"
"rna_counts","Tchh"
"rna_counts","Tchhl1"
"rna_counts","S100a11"
"rna_counts","S100a10"
"rna_counts","Tdpoz4"
"rna_counts","Tdpoz3"
"rna_counts","Spopfm3"
"rna_counts","Spopfm1"
"rna_counts","Them4"
"rna_counts","Them5"
"rna_counts","C2cd4d"
"rna_counts","Rorc"
"rna_counts","Lingo4"
"rna_counts","Tdrkh"
"rna_counts","Mrpl9"
"rna_counts","Celf3"
"rna_counts","Selenbp2"
"rna_counts","Pogz"
"rna_counts","Selenbp1"
"rna_counts","Rfx5"
"rna_counts","Pi4kb"
"rna_counts","Mir7013"
"rna_counts","4930481B07Rik"
"rna_counts","Vps72"
"rna_counts","Tmod4"
"rna_counts","Lysmd1"
"rna_counts","Sema6c"
"rna_counts","Cdc42se1"
"rna_counts","Mindy1"
"rna_counts","Cers2"
"rna_counts","Arnt"
"rna_counts","Ctsk"
"rna_counts","Ctss"
"rna_counts","Hmgb1-ps5"
"rna_counts","Hormad1"
"rna_counts","Golph3l"
"rna_counts","Ensa"
"rna_counts","E330034L11Rik"
"rna_counts","Mcl1"
"rna_counts","C920021L13Rik"
"rna_counts","Aph1a"
"rna_counts","Anp32e"
"rna_counts","Otud7b"
"rna_counts","Mtmr11"
"rna_counts","Sf3b4"
"rna_counts","Sv2a"
"rna_counts","H2ac21"
"rna_counts","H2bc21"
"rna_counts","H2ac18"
"rna_counts","H3c14"
"rna_counts","H3c13"
"rna_counts","H2bc18"
"rna_counts","Platr30"
"rna_counts","Rnu1b2"
"rna_counts","Hjv"
"rna_counts","Txnip"
"rna_counts","Ankrd34a"
"rna_counts","Lix1l"
"rna_counts","Rbm8a"
"rna_counts","Pex11b"
"rna_counts","Itga10"
"rna_counts","Ankrd35"
"rna_counts","Pias3"
"rna_counts","Rnf115"
"rna_counts","Pdzk1"
"rna_counts","Gja5"
"rna_counts","Acp6"
"rna_counts","Fmo5"
"rna_counts","Prkab2"
"rna_counts","Sec22b"
"rna_counts","Notch2"
"rna_counts","Adam30"
"rna_counts","Reg4"
"rna_counts","Hmgcs2"
"rna_counts","Zfp697"
"rna_counts","Wars2"
"rna_counts","Tbx15"
"rna_counts","M6pr-ps"
"rna_counts","Spag17"
"rna_counts","Gdap2"
"rna_counts","4930406D18Rik"
"rna_counts","Vtcn1"
"rna_counts","Trim45"
"rna_counts","Tpt1-ps1"
"rna_counts","Igsf3"
"rna_counts","Nhlh2"
"rna_counts","Casq2"
"rna_counts","4632404M16Rik"
"rna_counts","A230001M10Rik"
"rna_counts","Ngf"
"rna_counts","Tspan2"
"rna_counts","Sike1"
"rna_counts","Csde1"
"rna_counts","Nras"
"rna_counts","Ampd1"
"rna_counts","Dennd2c"
"rna_counts","Bcas2"
"rna_counts","Trim33"
"rna_counts","Syt6"
"rna_counts","Ap4b1"
"rna_counts","Bcl2l15"
"rna_counts","Ptpn22"
"rna_counts","Rsbn1"
"rna_counts","Phtf1"
"rna_counts","Slc16a1"
"rna_counts","Ppm1j"
"rna_counts","Rhoc"
"rna_counts","St7l"
"rna_counts","4930564D02Rik"
"rna_counts","Kcnd3"
"rna_counts","Inka2"
"rna_counts","Adora3"
"rna_counts","Tmigd3"
"rna_counts","Wdr77"
"rna_counts","Ovgp1"
"rna_counts","Chia1"
"rna_counts","Dennd2d"
"rna_counts","Dram2"
"rna_counts","Lrif1"
"rna_counts","Kcna3"
"rna_counts","AI504432"
"rna_counts","A930002I21Rik"
"rna_counts","Kcna2"
"rna_counts","Kcna10"
"rna_counts","A630076J17Rik"
"rna_counts","Lamtor5"
"rna_counts","Slc16a4"
"rna_counts","Alx3"
"rna_counts","4930554G22Rik"
"rna_counts","Eps8l3"
"rna_counts","Gstm5"
"rna_counts","Gnat2"
"rna_counts","Amigo1"
"rna_counts","Psma5"
"rna_counts","Sort1"
"rna_counts","Mybphl"
"rna_counts","Psrc1"
"rna_counts","1700013F07Rik"
"rna_counts","Taf13"
"rna_counts","Wdr47"
"rna_counts","Clcc1"
"rna_counts","Aknad1"
"rna_counts","Henmt1"
"rna_counts","Slc25a54"
"rna_counts","Slc25a24"
"rna_counts","Vav3"
"rna_counts","C130013H08Rik"
"rna_counts","Utp14b-ps1"
"rna_counts","Col11a1"
"rna_counts","Olfm3"
"rna_counts","Dph5"
"rna_counts","Mir669n"
"rna_counts","Extl2"
"rna_counts","5330425B07Rik"
"rna_counts","Dbt"
"rna_counts","Lrrc39"
"rna_counts","Sass6"
"rna_counts","4930512P04Rik"
"rna_counts","Frrs1"
"rna_counts","4930455H04Rik"
"rna_counts","Plppr5"
"rna_counts","4921521D15Rik"
"rna_counts","Mir137"
"rna_counts","Dpyd"
"rna_counts","Alg14"
"rna_counts","Cnn3"
"rna_counts","A530020G20Rik"
"rna_counts","4930432M17Rik"
"rna_counts","F3"
"rna_counts","Arhgap29"
"rna_counts","Abca4"
"rna_counts","Gclm"
"rna_counts","Dnttip2"
"rna_counts","Bcar3"
"rna_counts","Pde5a"
"rna_counts","Fabp2"
"rna_counts","1810037I17Rik"
"rna_counts","Sec24d"
"rna_counts","Prss12"
"rna_counts","Tram1l1"
"rna_counts","Ndst4"
"rna_counts","Arsj"
"rna_counts","Camk2d"
"rna_counts","Mir302b"
"rna_counts","Mir302c"
"rna_counts","Mir302a"
"rna_counts","Mir302d"
"rna_counts","Mir367"
"rna_counts","Zgrf1"
"rna_counts","Neurog2"
"rna_counts","Tifa"
"rna_counts","9830132P13Rik"
"rna_counts","Pitx2"
"rna_counts","Elovl6"
"rna_counts","6330410L21Rik"
"rna_counts","Cfi"
"rna_counts","Pla2g12a"
"rna_counts","Casp6"
"rna_counts","Col25a1"
"rna_counts","Etnppl"
"rna_counts","5830437K03Rik"
"rna_counts","Lef1"
"rna_counts","4930534D22Rik"
"rna_counts","Papss1"
"rna_counts","Dkk2"
"rna_counts","Gimd1"
"rna_counts","Tbck"
"rna_counts","Ints12"
"rna_counts","Ppa2"
"rna_counts","Cxxc4"
"rna_counts","Tacr3"
"rna_counts","Cenpe"
"rna_counts","Bdh2"
"rna_counts","Slc9b2"
"rna_counts","Slc9b1"
"rna_counts","Ube2d3"
"rna_counts","Manba"
"rna_counts","Slc39a8"
"rna_counts","Ppp3ca"
"rna_counts","Emcn"
"rna_counts","Ddit4l"
"rna_counts","H2az1"
"rna_counts","Dnajb14"
"rna_counts","Lamtor3"
"rna_counts","1110002E22Rik"
"rna_counts","Trmt10a"
"rna_counts","Adh7"
"rna_counts","Adh1"
"rna_counts","Adh6a"
"rna_counts","Adh6b"
"rna_counts","Adh6-ps1"
"rna_counts","Adh4"
"rna_counts","Adh5"
"rna_counts","Eif4e"
"rna_counts","Mir1956"
"rna_counts","Tspan5"
"rna_counts","Stpg2"
"rna_counts","Mir7j"
"rna_counts","4930590L14Rik"
"rna_counts","Unc5c"
"rna_counts","Gbp5"
"rna_counts","Gbp7"
"rna_counts","Gbp3"
"rna_counts","Gbp2b"
"rna_counts","Gbp2"
"rna_counts","Gbp2-ps"
"rna_counts","Kyat3"
"rna_counts","Gtf2b"
"rna_counts","9530052C20Rik"
"rna_counts","4930519L02Rik"
"rna_counts","A830019L24Rik"
"rna_counts","1700001N15Rik"
"rna_counts","Selenof"
"rna_counts","Odf2l"
"rna_counts","Col24a1"
"rna_counts","D530037P16Rik"
"rna_counts","Znhit6"
"rna_counts","Ddah1"
"rna_counts","Bcl10"
"rna_counts","2410004B18Rik"
"rna_counts","Syde2"
"rna_counts","Mcoln3"
"rna_counts","Mcoln2"
"rna_counts","Lpar3"
"rna_counts","Ssx2ip"
"rna_counts","Ctbs"
"rna_counts","Gng5"
"rna_counts","Uox"
"rna_counts","Ttll7"
"rna_counts","4930555A03Rik"
"rna_counts","Adgrl4"
"rna_counts","D630002J18Rik"
"rna_counts","Fubp1"
"rna_counts","Usp33"
"rna_counts","Zzz3"
"rna_counts","AI115009"
"rna_counts","Pigk"
"rna_counts","Asb17"
"rna_counts","Slc44a5"
"rna_counts","AI606473"
"rna_counts","Cryz"
"rna_counts","Erich3"
"rna_counts","Lrriq3"
"rna_counts","Scp2-ps1"
"rna_counts","9330178D15Rik"
"rna_counts","Negr1"
"rna_counts","Zranb2"
"rna_counts","Mir186"
"rna_counts","Ptger3"
"rna_counts","1810013D15Rik"
"rna_counts","Ankrd13c"
"rna_counts","Lrrc40"
"rna_counts","Depdc1a"
"rna_counts","Rpe65"
"rna_counts","Wls"
"rna_counts","2700069I18Rik"
"rna_counts","4930555M17Rik"
"rna_counts","Pex2"
"rna_counts","1700008P02Rik"
"rna_counts","Olfr289-ps1"
"rna_counts","Il7"
"rna_counts","1700010I02Rik"
"rna_counts","1700003N22Rik"
"rna_counts","Hey1"
"rna_counts","C230057A21Rik"
"rna_counts","Mrps28"
"rna_counts","Tpd52"
"rna_counts","Zfp704"
"rna_counts","Pag1"
"rna_counts","Pmp2"
"rna_counts","Fabp9"
"rna_counts","Fabp4"
"rna_counts","4632432E15Rik"
"rna_counts","Fabp12"
"rna_counts","Impa1"
"rna_counts","Slc10a5"
"rna_counts","Zfand1"
"rna_counts","Snx16"
"rna_counts","Rbis"
"rna_counts","Car1"
"rna_counts","Sirpb1a"
"rna_counts","Sirpb1b"
"rna_counts","Sirpb1c"
"rna_counts","Cyp7b1"
"rna_counts","4930433B08Rik"
"rna_counts","Armc1"
"rna_counts","Pde7a"
"rna_counts","1700064H15Rik"
"rna_counts","Crh"
"rna_counts","Hps3"
"rna_counts","Gyg"
"rna_counts","Cpa3"
"rna_counts","Mir7007"
"rna_counts","Cpb1"
"rna_counts","Agtr1b"
"rna_counts","7530428D23Rik"
"rna_counts","Naaladl2"
"rna_counts","Nlgn1"
"rna_counts","Ect2"
"rna_counts","Fndc3b"
"rna_counts","Mir3092"
"rna_counts","Tmem212"
"rna_counts","1700112D23Rik"
"rna_counts","Mecom"
"rna_counts","1600017P15Rik"
"rna_counts","Actrt3"
"rna_counts","Lrrc34"
"rna_counts","Lrrc31"
"rna_counts","4933429H19Rik"
"rna_counts","Phc3"
"rna_counts","9530022L04Rik"
"rna_counts","Slc7a14"
"rna_counts","Zmat3"
"rna_counts","Kcnmb3"
"rna_counts","Gnb4"
"rna_counts","Mrpl47"
"rna_counts","Pex5l"
"rna_counts","Ccdc39"
"rna_counts","4930431L21Rik"
"rna_counts","Dnajc19"
"rna_counts","Mir6378"
"rna_counts","1700017M07Rik"
"rna_counts","Dcun1d1"
"rna_counts","8430422M14Rik"
"rna_counts","Mccc1"
"rna_counts","Ccdc144b"
"rna_counts","Qrfpr"
"rna_counts","Anxa5"
"rna_counts","Mir7009"
"rna_counts","Ccna2"
"rna_counts","Bbs7"
"rna_counts","Trpc3"
"rna_counts","Il2"
"rna_counts","Il21"
"rna_counts","Cetn4"
"rna_counts","Fgf2os"
"rna_counts","Nudt6"
"rna_counts","5430434I15Rik"
"rna_counts","3830422I06Rik"
"rna_counts","Ankrd50"
"rna_counts","C230034O21Rik"
"rna_counts","n-R5s195"
"rna_counts","1700017G19Rik"
"rna_counts","Mfsd8"
"rna_counts","6430590A07Rik"
"rna_counts","1700034I23Rik"
"rna_counts","Pgrmc2"
"rna_counts","Platr4"
"rna_counts","2400006E01Rik"
"rna_counts","Sclt1"
"rna_counts","5930409G06Rik"
"rna_counts","2610316D01Rik"
"rna_counts","1700027H10Rik"
"rna_counts","Pabpc4l"
"rna_counts","Mir6379"
"rna_counts","1700018B24Rik"
"rna_counts","Pcdh18"
"rna_counts","Slc7a11"
"rna_counts","5830415G21Rik"
"rna_counts","Elf2"
"rna_counts","Mgarp"
"rna_counts","Ndufc1"
"rna_counts","Setd7"
"rna_counts","Maml3"
"rna_counts","3110080O07Rik"
"rna_counts","C130089K02Rik"
"rna_counts","5430420F09Rik"
"rna_counts","Olfr1398-ps1"
"rna_counts","Cog6"
"rna_counts","Nhlrc3"
"rna_counts","Frem2"
"rna_counts","Ufm1"
"rna_counts","B020017C02Rik"
"rna_counts","Exosc8"
"rna_counts","Rfxap"
"rna_counts","Sertm1"
"rna_counts","Ccna1"
"rna_counts","Nbea"
"rna_counts","Tm4sf1"
"rna_counts","Wwtr1"
"rna_counts","Commd2"
"rna_counts","BB187690"
"rna_counts","Ankub1"
"rna_counts","Pfn2"
"rna_counts","1700007F19Rik"
"rna_counts","Serp1"
"rna_counts","Erich6"
"rna_counts","AU022133"
"rna_counts","Siah2"
"rna_counts","Mindy4b-ps"
"rna_counts","Clrn1"
"rna_counts","Gpr171"
"rna_counts","P2ry14"
"rna_counts","Gpr87"
"rna_counts","P2ry13"
"rna_counts","P2ry12"
"rna_counts","Igsf10"
"rna_counts","Tgif1-ps"
"rna_counts","B430305J03Rik"
"rna_counts","9330121J05Rik"
"rna_counts","Dhx36"
"rna_counts","Gpr149"
"rna_counts","Strit1"
"rna_counts","Plch1"
"rna_counts","E130311K13Rik"
"rna_counts","Slc33a1"
"rna_counts","Vmn2r-ps3"
"rna_counts","Vmn2r2"
"rna_counts","Vmn2r3"
"rna_counts","Vmn2r-ps5"
"rna_counts","Vmn2r4"
"rna_counts","Vmn2r-ps6"
"rna_counts","Vmn2r-ps7"
"rna_counts","Vmn2r5"
"rna_counts","Vmn2r6"
"rna_counts","Vmn2r-ps9"
"rna_counts","Vmn2r-ps11"
"rna_counts","Vmn2r7"
"rna_counts","Vmn2r-ps12"
"rna_counts","A330015K06Rik"
"rna_counts","A730090N16Rik"
"rna_counts","Ssr3"
"rna_counts","4931440P22Rik"
"rna_counts","Ccnl1"
"rna_counts","Veph1"
"rna_counts","Tpi-rs2"
"rna_counts","Shox2"
"rna_counts","Lxn"
"rna_counts","Rarres1"
"rna_counts","4930402C01Rik"
"rna_counts","4930535E02Rik"
"rna_counts","Ift80"
"rna_counts","Trim59"
"rna_counts","Kpna4"
"rna_counts","B3galnt1"
"rna_counts","Sptssb"
"rna_counts","Sis"
"rna_counts","Slitrk3"
"rna_counts","4930509J09Rik"
"rna_counts","Bche"
"rna_counts","Zbbx"
"rna_counts","Serpini2"
"rna_counts","Wdr49"
"rna_counts","Pdcd10"
"rna_counts","Platr10"
"rna_counts","Golim4"
"rna_counts","Dnmt3a-ps1"
"rna_counts","Rapgef2"
"rna_counts","Fnip2"
"rna_counts","Etfdh"
"rna_counts","Rxfp1"
"rna_counts","Tmem144"
"rna_counts","Gria2"
"rna_counts","Glrb"
"rna_counts","Tdo2"
"rna_counts","Gucy1b1"
"rna_counts","Gucy1a1"
"rna_counts","Mir7010"
"rna_counts","Npy2r"
"rna_counts","Rbm46"
"rna_counts","Lrat"
"rna_counts","Fgb"
"rna_counts","1700028M03Rik"
"rna_counts","Tlr2"
"rna_counts","Tmem131l"
"rna_counts","Mnd1"
"rna_counts","Trim2"
"rna_counts","4930565D16Rik"
"rna_counts","Fhdc1"
"rna_counts","Arfip1"
"rna_counts","Fam160a1"
"rna_counts","Glt28d2"
"rna_counts","Prss48"
"rna_counts","Snord73a"
"rna_counts","Rnu73b"
"rna_counts","Mab21l2"
"rna_counts","Dclk2"
"rna_counts","Cd1d1"
"rna_counts","Kirrel"
"rna_counts","Fcrls"
"rna_counts","Lrrc71"
"rna_counts","Pear1"
"rna_counts","Ntrk1"
"rna_counts","Prcc"
"rna_counts","Rrnad1"
"rna_counts","Bcan"
"rna_counts","Hapln2"
"rna_counts","Naxe"
"rna_counts","Ttc24"
"rna_counts","1700113A16Rik"
"rna_counts","AI849053"
"rna_counts","Rhbg"
"rna_counts","Tsacc"
"rna_counts","Tmem79"
"rna_counts","Bglap3"
"rna_counts","Bglap2"
"rna_counts","Bglap"
"rna_counts","Pmf1"
"rna_counts","Slc25a44"
"rna_counts","Sema4a"
"rna_counts","Mir7011"
"rna_counts","Lmna"
"rna_counts","Mir1905"
"rna_counts","Rab25"
"rna_counts","Lamtor2"
"rna_counts","Rtraf-ps"
"rna_counts","Rxfp4"
"rna_counts","Syt11"
"rna_counts","1500004A13Rik"
"rna_counts","Msto1"
"rna_counts","Dap3"
"rna_counts","Rusc1"
"rna_counts","Fdps"
"rna_counts","Hcn3"
"rna_counts","Mtx1"
"rna_counts","Mir92b"
"rna_counts","Trim46"
"rna_counts","Slc50a1"
"rna_counts","Efna1"
"rna_counts","Efna3"
"rna_counts","Efna4"
"rna_counts","Adam15"
"rna_counts","Dcst1"
"rna_counts","Zbtb7b"
"rna_counts","Lenep"
"rna_counts","Flad1"
"rna_counts","Cks1b"
"rna_counts","Chrnb2"
"rna_counts","4632404H12Rik"
"rna_counts","Il6ra"
"rna_counts","Atp8b2"
"rna_counts","Aqp10-ps"
"rna_counts","Hax1"
"rna_counts","Ubap2l"
"rna_counts","Mir7669"
"rna_counts","Creb3l4"
"rna_counts","4930537H20Rik"
"rna_counts","Slc27a3"
"rna_counts","Ints3"
"rna_counts","Npr1"
"rna_counts","Snapin"
"rna_counts","Chtop"
"rna_counts","S100a1"
"rna_counts","S100a9"
"rna_counts","S100a7l2"
"rna_counts","Lor"
"rna_counts","4930511M18Rik"
"rna_counts","Prr9"
"rna_counts","Lelp1"
"rna_counts","Sprr1b"
"rna_counts","Sprr3"
"rna_counts","Sprr1a"
"rna_counts","Sprr4"
"rna_counts","2310046K23Rik"
"rna_counts","Ivl"
"rna_counts","Smcp"
"rna_counts","2210017I01Rik"
"rna_counts","Lce6a"
"rna_counts","Lce1a1"
"rna_counts","Lce1b"
"rna_counts","Lce1a2"
"rna_counts","Lce1d"
"rna_counts","Lce1e"
"rna_counts","Lce1f"
"rna_counts","Lce1g"
"rna_counts","Lce1h"
"rna_counts","Lce1i"
"rna_counts","Lce1j"
"rna_counts","Lce1k"
"rna_counts","Kprp"
"rna_counts","Lce1l"
"rna_counts","2310050C09Rik"
"rna_counts","Lce3a"
"rna_counts","Crct1"
"rna_counts","Lce1m"
"rna_counts","Tdpoz2"
"rna_counts","Tdpoz1"
"rna_counts","Tdpoz6"
"rna_counts","Tdpoz5"
"rna_counts","Tdpoz9"
"rna_counts","Spopfm2"
"rna_counts","1700040D17Rik"
"rna_counts","Oaz3"
"rna_counts","Riiad1"
"rna_counts","Snx27"
"rna_counts","Tuft1"
"rna_counts","BC021767"
"rna_counts","Cgn"
"rna_counts","Psmb4"
"rna_counts","B230398E01Rik"
"rna_counts","A730011C13Rik"
"rna_counts","Zfp687"
"rna_counts","Psmd4"
"rna_counts","Pip5k1a"
"rna_counts","Scnm1"
"rna_counts","Mir8099-1"
"rna_counts","Tnfaip8l2"
"rna_counts","Gabpb2"
"rna_counts","Mllt11"
"rna_counts","Bnipl"
"rna_counts","Prune1"
"rna_counts","Anxa9"
"rna_counts","6330562C20Rik"
"rna_counts","Setdb1"
"rna_counts","4930558C23Rik"
"rna_counts","Adamtsl4"
"rna_counts","Ecm1"
"rna_counts","Mir7014"
"rna_counts","Tars2"
"rna_counts","Rprd2"
"rna_counts","Prpf3"
"rna_counts","Mrps21"
"rna_counts","Ciart"
"rna_counts","BC028528"
"rna_counts","Car14"
"rna_counts","Plekho1"
"rna_counts","Vps45"
"rna_counts","Bola1"
"rna_counts","H2ac20"
"rna_counts","H3c15"
"rna_counts","H2ac19"
"rna_counts","H4c14"
"rna_counts","Fcgr1"
"rna_counts","4930477E14Rik"
"rna_counts","Pafah1b1-ps1"
"rna_counts","Terc"
"rna_counts","BC107364"
"rna_counts","Polr3gl"
"rna_counts","6330549D23Rik"
"rna_counts","Nudt17"
"rna_counts","Polr3c"
"rna_counts","Cd160"
"rna_counts","4930442L01Rik"
"rna_counts","Gpr89"
"rna_counts","Gja8"
"rna_counts","9230114J08Rik"
"rna_counts","4930573H18Rik"
"rna_counts","Bcl9"
"rna_counts","Olfr1402"
"rna_counts","Chd1l"
"rna_counts","Pde4dip"
"rna_counts","Mir7225"
"rna_counts","Phgdh"
"rna_counts","Hsd3b4"
"rna_counts","Hsd3b5"
"rna_counts","Hsd3b2"
"rna_counts","Hsd3b3"
"rna_counts","Hsd3b6"
"rna_counts","Hsd3b1"
"rna_counts","Hao2"
"rna_counts","5730437C11Rik"
"rna_counts","Mir6481"
"rna_counts","Tra2b-ps"
"rna_counts","Spag17os"
"rna_counts","Wdr3"
"rna_counts","Tent5c"
"rna_counts","Man1a2"
"rna_counts","Ttf2"
"rna_counts","Cd101"
"rna_counts","Ptgfrn"
"rna_counts","Cd2"
"rna_counts","Atp1a1"
"rna_counts","Mab21l3"
"rna_counts","Slc22a15"
"rna_counts","Vangl1"
"rna_counts","Tspan2os"
"rna_counts","Tshb"
"rna_counts","Sycp1"
"rna_counts","Nr1h5"
"rna_counts","2410024N13Rik"
"rna_counts","Atg4a-ps"
"rna_counts","Olfml3"
"rna_counts","Hipk1"
"rna_counts","Dclre1b"
"rna_counts","Phtf1os"
"rna_counts","Magi3"
"rna_counts","9530097N15Rik"
"rna_counts","C030032O16Rik"
"rna_counts","Lrig2"
"rna_counts","A530041M06Rik"
"rna_counts","4930509H03Rik"
"rna_counts","Tafa3"
"rna_counts","Mov10"
"rna_counts","Capza1"
"rna_counts","Wnt2b"
"rna_counts","Cttnbp2nl"
"rna_counts","Kcnd3os"
"rna_counts","Ddx20"
"rna_counts","Rap1a"
"rna_counts","I830077J02Rik"
"rna_counts","Atp5pb"
"rna_counts","Pifo"
"rna_counts","Chil5"
"rna_counts","Chil3"
"rna_counts","Chil4"
"rna_counts","Chil6"
"rna_counts","2010016I18Rik"
"rna_counts","Cept1"
"rna_counts","Cd53"
"rna_counts","Olfr266"
"rna_counts","Cym"
"rna_counts","Prok1"
"rna_counts","Rbm15"
"rna_counts","Kcnc4"
"rna_counts","Slc6a17"
"rna_counts","Ubl4b"
"rna_counts","Strip1"
"rna_counts","Ahcyl1"
"rna_counts","Csf1"
"rna_counts","4933431E20Rik"
"rna_counts","Gstm7"
"rna_counts","Gstm6"
"rna_counts","Gstm3"
"rna_counts","Gstm2"
"rna_counts","Gstm1"
"rna_counts","Gstm4"
"rna_counts","Ampd2"
"rna_counts","Gnai3"
"rna_counts","Gpr61"
"rna_counts","Cyb561d1"
"rna_counts","Atxn7l2"
"rna_counts","Sypl2"
"rna_counts","1700010K24Rik"
"rna_counts","Celsr2"
"rna_counts","Sars"
"rna_counts","5330417C22Rik"
"rna_counts","Scarna2"
"rna_counts","Tmem167b"
"rna_counts","Gpsm2"
"rna_counts","Stxbp3"
"rna_counts","Fndc7"
"rna_counts","Prpf38b"
"rna_counts","Fam102b"
"rna_counts","4930408K08Rik"
"rna_counts","Ntng1"
"rna_counts","Prmt6"
"rna_counts","Amy2b"
"rna_counts","Amy2-ps1"
"rna_counts","Amy2a5"
"rna_counts","Amy2a4"
"rna_counts","Amy2a3"
"rna_counts","Amy2a2"
"rna_counts","Amy2a1"
"rna_counts","Amy1"
"rna_counts","Rnpc3"
"rna_counts","S1pr1"
"rna_counts","A930005H10Rik"
"rna_counts","Slc30a7"
"rna_counts","Vcam1"
"rna_counts","Gpr88"
"rna_counts","Cdc14a"
"rna_counts","Rtca"
"rna_counts","Trmt13"
"rna_counts","Mfsd14a"
"rna_counts","Slc35a3"
"rna_counts","Agl"
"rna_counts","Palmd"
"rna_counts","1700061I17Rik"
"rna_counts","Plppr4"
"rna_counts","Snx7"
"rna_counts","Ptbp2"
"rna_counts","6530403H02Rik"
"rna_counts","Rwdd3"
"rna_counts","Tmem56"
"rna_counts","Slc44a3"
"rna_counts","A730020M07Rik"
"rna_counts","Abcd3"
"rna_counts","4633401B06Rik"
"rna_counts","Mir760"
"rna_counts","Fnbp1l"
"rna_counts","Mir7657"
"rna_counts","4930447N08Rik"
"rna_counts","4933405D12Rik"
"rna_counts","Usp53"
"rna_counts","Myoz2"
"rna_counts","Synpo2"
"rna_counts","Mettl14"
"rna_counts","Snhg8"
"rna_counts","Snora24"
"rna_counts","Ndst3"
"rna_counts","4921527H02Rik"
"rna_counts","1700006A11Rik"
"rna_counts","1700003H04Rik"
"rna_counts","Ugt8a"
"rna_counts","Ank2"
"rna_counts","A930036I15Rik"
"rna_counts","C230031I18Rik"
"rna_counts","Larp7"
"rna_counts","Alpk1"
"rna_counts","1500005C15Rik"
"rna_counts","Ap1ar"
"rna_counts","Fam241a"
"rna_counts","D030025E07Rik"
"rna_counts","4933424H11Rik"
"rna_counts","Enpep"
"rna_counts","Egf"
"rna_counts","Lrit3"
"rna_counts","Rrh"
"rna_counts","Gar1"
"rna_counts","Mcub"
"rna_counts","Sec24b"
"rna_counts","Ostc"
"rna_counts","2010110G14Rik"
"rna_counts","A430072C10Rik"
"rna_counts","Lef1os1"
"rna_counts","Hadh"
"rna_counts","Cyp2u1"
"rna_counts","Sgms2"
"rna_counts","Olfr375-ps1"
"rna_counts","Aimp1"
"rna_counts","Npnt"
"rna_counts","Gstcd"
"rna_counts","Arhgef38"
"rna_counts","Tet2"
"rna_counts","Mir1895"
"rna_counts","4930539C22Rik"
"rna_counts","Cisd2"
"rna_counts","2810428J06Rik"
"rna_counts","4930539J05Rik"
"rna_counts","Oaz2-ps"
"rna_counts","Nfkb1"
"rna_counts","4933401H06Rik"
"rna_counts","Bank1"
"rna_counts","1700030L20Rik"
"rna_counts","4930599N24Rik"
"rna_counts","Mir6380"
"rna_counts","Dapp1"
"rna_counts","Mttp"
"rna_counts","4930579F01Rik"
"rna_counts","0610031O16Rik"
"rna_counts","Metap1"
"rna_counts","4930425O10Rik"
"rna_counts","Rap1gds1"
"rna_counts","Pdha2"
"rna_counts","Bmpr1b"
"rna_counts","Pdlim5"
"rna_counts","Mir6381"
"rna_counts","Pkn2"
"rna_counts","Lmo4"
"rna_counts","Hs2st1"
"rna_counts","Sh3glb1"
"rna_counts","Clca3a1"
"rna_counts","Clca3a2"
"rna_counts","Clca3b"
"rna_counts","Clca4c-ps"
"rna_counts","Clca4b"
"rna_counts","Clca4a"
"rna_counts","Clca1"
"rna_counts","Clca2"
"rna_counts","9530034A14Rik"
"rna_counts","Ccn1"
"rna_counts","Wdr63"
"rna_counts","Spata1"
"rna_counts","Rpf1"
"rna_counts","Dnase2b"
"rna_counts","4930503B20Rik"
"rna_counts","Samd13"
"rna_counts","Prkacb"
"rna_counts","Adgrl2"
"rna_counts","Mir3963"
"rna_counts","Ifi44"
"rna_counts","Ifi44l"
"rna_counts","Ptgfr"
"rna_counts","Gipc2"
"rna_counts","Dnajb4"
"rna_counts","Nexn"
"rna_counts","Miga1"
"rna_counts","Ak5"
"rna_counts","St6galnac5"
"rna_counts","1700094M23Rik"
"rna_counts","St6galnac3"
"rna_counts","1700012D16Rik"
"rna_counts","A530083M17Rik"
"rna_counts","1700015C17Rik"
"rna_counts","4930597L12Rik"
"rna_counts","5730460C07Rik"
"rna_counts","Asb17os"
"rna_counts","Msh4"
"rna_counts","Rabggtb"
"rna_counts","Snord45b"
"rna_counts","Snord45c"
"rna_counts","Acadm"
"rna_counts","Lhx8"
"rna_counts","Tyw3"
"rna_counts","Tnni3k"
"rna_counts","Fpgt"
"rna_counts","4930570G19Rik"
"rna_counts","4930566N20Rik"
"rna_counts","4930592C13Rik"
"rna_counts","Cth"
"rna_counts","Srsf11"
"rna_counts","B230334C09Rik"
"rna_counts","Lrrc7"
"rna_counts","Vmn1r2"
"rna_counts","AI838599"
"rna_counts","Mir3471-2"
"rna_counts","Tgs1"
"rna_counts","2210414B05Rik"
"rna_counts","Lyn"
"rna_counts","Chchd7"
"rna_counts","A830012C17Rik"
"rna_counts","4930423M02Rik"
"rna_counts","Fam110b"
"rna_counts","Ubxn2b"
"rna_counts","Sdcbp"
"rna_counts","8430436N08Rik"
"rna_counts","Rab2a"
"rna_counts","Chd7"
"rna_counts","Clvs1"
"rna_counts","4930412C18Rik"
"rna_counts","Gdf6"
"rna_counts","n-TSaga9"
"rna_counts","2610301B20Rik"
"rna_counts","Mir684-2"
"rna_counts","Trp53inp1"
"rna_counts","Ccne2"
"rna_counts","Virma"
"rna_counts","Rad54b"
"rna_counts","Fsbp"
"rna_counts","Gem"
"rna_counts","Cdh17"
"rna_counts","1700123M08Rik"
"rna_counts","Rbm12b2"
"rna_counts","Rbm12b1"
"rna_counts","n-R5s182"
"rna_counts","Triqk"
"rna_counts","Runx1t1"
"rna_counts","Pip4p2"
"rna_counts","Tmem64"
"rna_counts","Calb1"
"rna_counts","Nbn"
"rna_counts","A530072M11Rik"
"rna_counts","Mmp16"
"rna_counts","Cngb3"
"rna_counts","Rmdn1"
"rna_counts","Slc7a13"
"rna_counts","Ttpa"
"rna_counts","Ggh"
"rna_counts","Ccnc"
"rna_counts","Usp45"
"rna_counts","Pnisr"
"rna_counts","Coq3"
"rna_counts","Faxc"
"rna_counts","Fbxl4"
"rna_counts","Mms22l"
"rna_counts","Ndufaf4"
"rna_counts","Gpr63"
"rna_counts","Prdx6-ps2"
"rna_counts","Epha7"
"rna_counts","4930556G01Rik"
"rna_counts","Map3k7"
"rna_counts","Bach2"
"rna_counts","Bach2it1"
"rna_counts","Casp8ap2"
"rna_counts","Mdn1"
"rna_counts","Lyrm2"
"rna_counts","Rragd"
"rna_counts","Ube2j1"
"rna_counts","Gabrr2"
"rna_counts","Gabrr1"
"rna_counts","Srsf12"
"rna_counts","Rngtt"
"rna_counts","Mir8118"
"rna_counts","Cnr1"
"rna_counts","Akirin2"
"rna_counts","Rars2"
"rna_counts","Cga"
"rna_counts","Ifnk"
"rna_counts","Mir873b"
"rna_counts","1700009N14Rik"
"rna_counts","Aco1"
"rna_counts","Smim27"
"rna_counts","4930509K18Rik"
"rna_counts","Tmem215"
"rna_counts","Dnaja1"
"rna_counts","Mir207"
"rna_counts","Spink4"
"rna_counts","Chmp5"
"rna_counts","Nfx1"
"rna_counts","Mir3094"
"rna_counts","Ube2r2"
"rna_counts","n-R5s183"
"rna_counts","Ubap1"
"rna_counts","Nudt2"
"rna_counts","Fam219aos"
"rna_counts","Dnaic1"
"rna_counts","Il11ra1"
"rna_counts","Galt"
"rna_counts","Ccl19-ps1"
"rna_counts","Fam205a4"
"rna_counts","Ccl19-ps3"
"rna_counts","1700045I11Rik"
"rna_counts","Ccl21b"
"rna_counts","Fam205a3"
"rna_counts","BX666061.1"
"rna_counts","4930578G10Rik"
"rna_counts","Phf24"
"rna_counts","Dnajb5"
"rna_counts","1700022I11Rik"
"rna_counts","Unc13b"
"rna_counts","Atp8b5"
"rna_counts","Rusc2"
"rna_counts","Tesk1"
"rna_counts","Ccdc107"
"rna_counts","Car9"
"rna_counts","Creb3"
"rna_counts","Rgp1"
"rna_counts","Npr2"
"rna_counts","Tmem8b"
"rna_counts","Hrct1"
"rna_counts","Spaar"
"rna_counts","Olfr155"
"rna_counts","Reck"
"rna_counts","Glipr2"
"rna_counts","Ccin"
"rna_counts","Clta"
"rna_counts","Melk"
"rna_counts","4930517J16Rik"
"rna_counts","5730488B01Rik"
"rna_counts","Zcchc7"
"rna_counts","Grhpr"
"rna_counts","1700055D18Rik"
"rna_counts","Polr1e"
"rna_counts","Frmpd1"
"rna_counts","Trmt10b"
"rna_counts","Dcaf10"
"rna_counts","Aldh1b1"
"rna_counts","Stra6l"
"rna_counts","Ccdc180"
"rna_counts","Tdrd7"
"rna_counts","Tmod1"
"rna_counts","Ncbp1"
"rna_counts","Foxe1"
"rna_counts","Anp32b"
"rna_counts","Nans"
"rna_counts","Galnt12"
"rna_counts","Col15a1"
"rna_counts","Tgfbr1"
"rna_counts","Sec61b"
"rna_counts","Nr4a3"
"rna_counts","Stx17"
"rna_counts","Invs"
"rna_counts","Msantd3"
"rna_counts","Tmeff1"
"rna_counts","Cavin4"
"rna_counts","Plppr1"
"rna_counts","Rbpj-ps1"
"rna_counts","Zfp189"
"rna_counts","Rnf20"
"rna_counts","Cylc2"
"rna_counts","Smc2"
"rna_counts","Toporsl"
"rna_counts","Olfr275"
"rna_counts","Cct3-ps1"
"rna_counts","Olfr270"
"rna_counts","Nipsnap3a"
"rna_counts","Nipsnap3b"
"rna_counts","4930522O17Rik"
"rna_counts","Slc44a1"
"rna_counts","Fsd1l"
"rna_counts","Fktn"
"rna_counts","Tal2"
"rna_counts","Tmem38b"
"rna_counts","n-R5s185"
"rna_counts","Tpt1-ps2"
"rna_counts","Zfp462"
"rna_counts","Rad23b"
"rna_counts","Actl7a"
"rna_counts","Abitram"
"rna_counts","Pakap"
"rna_counts","Musk"
"rna_counts","Zkscan16"
"rna_counts","Dnajc25"
"rna_counts","Gng10"
"rna_counts","Ugcg"
"rna_counts","1700018M17Rik"
"rna_counts","Hsdl2"
"rna_counts","E130308A19Rik"
"rna_counts","Snx30"
"rna_counts","Mup6"
"rna_counts","Mup-ps1"
"rna_counts","Mup-ps2"
"rna_counts","Mup-ps3"
"rna_counts","Mup-ps29"
"rna_counts","Mup-ps28"
"rna_counts","Mup-ps4"
"rna_counts","Mup-ps26"
"rna_counts","Mup-ps6"
"rna_counts","Mup-ps24"
"rna_counts","Mup-ps5"
"rna_counts","Mup-ps7"
"rna_counts","Mup-ps8"
"rna_counts","Mup-ps9"
"rna_counts","Mup-ps10"
"rna_counts","Mup-ps11"
"rna_counts","Mup-ps12"
"rna_counts","Mup-ps13"
"rna_counts","Mup-ps14"
"rna_counts","Mup-ps15"
"rna_counts","Mup-ps16"
"rna_counts","Slc31a2"
"rna_counts","Slc31a1"
"rna_counts","Prpf4"
"rna_counts","Bspry"
"rna_counts","4933430I17Rik"
"rna_counts","Rgs3"
"rna_counts","Zfp618"
"rna_counts","Col27a1"
"rna_counts","Mir455"
"rna_counts","Orm1"
"rna_counts","Orm3"
"rna_counts","Orm2"
"rna_counts","Aknaos"
"rna_counts","Atp6v1g1"
"rna_counts","Tmem268"
"rna_counts","8030451A03Rik"
"rna_counts","Pappa"
"rna_counts","Trim32"
"rna_counts","Tlr4"
"rna_counts","C630043F03Rik"
"rna_counts","Frmd3"
"rna_counts","Kdm4c"
"rna_counts","B230208B08Rik"
"rna_counts","Tyrp1"
"rna_counts","Lurap1l"
"rna_counts","n-R5s187"
"rna_counts","n-R5s188"
"rna_counts","Snapc3"
"rna_counts","Ccdc171"
"rna_counts","Cbx3-ps3"
"rna_counts","Cntln"
"rna_counts","Sh3gl2"
"rna_counts","Adamtsl1"
"rna_counts","Saxo1os"
"rna_counts","Rraga"
"rna_counts","Dennd4c"
"rna_counts","Acer2"
"rna_counts","Focad"
"rna_counts","Mir491"
"rna_counts","Ifnz"
"rna_counts","Ifna7"
"rna_counts","Ifna11"
"rna_counts","Ifna6"
"rna_counts","Ifna5"
"rna_counts","Ifna4"
"rna_counts","Ifna1"
"rna_counts","Wincr1"
"rna_counts","Mtap"
"rna_counts","Tgif2-ps1"
"rna_counts","Dmrta1"
"rna_counts","Zfp352"
"rna_counts","Ift74"
"rna_counts","Mir872"
"rna_counts","Tek"
"rna_counts","Junos"
"rna_counts","n-R5s189"
"rna_counts","Fggy"
"rna_counts","Hook1"
"rna_counts","Nfia"
"rna_counts","0610025J13Rik"
"rna_counts","Patj"
"rna_counts","L1td1"
"rna_counts","Kank4os"
"rna_counts","Usp1"
"rna_counts","Angptl3"
"rna_counts","Atg4c"
"rna_counts","Foxd3"
"rna_counts","Alg6"
"rna_counts","Efcab7"
"rna_counts","Pgm1"
"rna_counts","Ror1"
"rna_counts","Ube2u"
"rna_counts","Cachd1"
"rna_counts","Raver2"
"rna_counts","0610043K17Rik"
"rna_counts","Ak4"
"rna_counts","Dnajc6"
"rna_counts","Leprot"
"rna_counts","Lepr"
"rna_counts","Pde4b"
"rna_counts","Sgip1"
"rna_counts","Tctex1d1"
"rna_counts","Mier1"
"rna_counts","4930456L15Rik"
"rna_counts","Oma1"
"rna_counts","Dab1"
"rna_counts","C8b"
"rna_counts","Fyb2"
"rna_counts","Plpp3"
"rna_counts","Usp24"
"rna_counts","Dhcr24"
"rna_counts","Ttc22"
"rna_counts","Pars2"
"rna_counts","Fam151a"
"rna_counts","Ssbp3"
"rna_counts","Cyb5rl"
"rna_counts","Cdcp2"
"rna_counts","Tmem59"
"rna_counts","Ldlrad1"
"rna_counts","Hspb11"
"rna_counts","Yipf1"
"rna_counts","Ndc1"
"rna_counts","Glis1"
"rna_counts","1700047F07Rik"
"rna_counts","4933424M12Rik"
"rna_counts","Lrp8"
"rna_counts","Magoh"
"rna_counts","Czib"
"rna_counts","4930407G08Rik"
"rna_counts","Slc1a7"
"rna_counts","Mir6397"
"rna_counts","Echdc2"
"rna_counts","Coa7"
"rna_counts","Tut4"
"rna_counts","Orc1"
"rna_counts","Cc2d1b"
"rna_counts","3110021N24Rik"
"rna_counts","Txndc12"
"rna_counts","Kti12"
"rna_counts","Rab3b"
"rna_counts","Nrd1"
"rna_counts","Mir761"
"rna_counts","Calr4"
"rna_counts","Eps15"
"rna_counts","Ttc39a"
"rna_counts","Faf1"
"rna_counts","Dmrta2"
"rna_counts","Agbl4"
"rna_counts","Bend5"
"rna_counts","Spata6"
"rna_counts","Skint8"
"rna_counts","Skint7"
"rna_counts","Skint1"
"rna_counts","Skint4"
"rna_counts","Skint3"
"rna_counts","Skint2"
"rna_counts","AL627257.1"
"rna_counts","Skint11"
"rna_counts","Trabd2b"
"rna_counts","Foxd2os"
"rna_counts","Stil"
"rna_counts","Tal1"
"rna_counts","Pdzk1ip1"
"rna_counts","Cyp4x1os"
"rna_counts","Cyp4a29-ps1"
"rna_counts","AL645473.1"
"rna_counts","Cyp4a29"
"rna_counts","Cyp4a12a"
"rna_counts","Cyp4a30-ps"
"rna_counts","Cyp4a12b"
"rna_counts","Cyp4a30b"
"rna_counts","Cyp4a10"
"rna_counts","Cyp4a31"
"rna_counts","Cyp4a32"
"rna_counts","Efcab14"
"rna_counts","Atpaf1"
"rna_counts","Mob3c"
"rna_counts","Mknk1"
"rna_counts","Kncn"
"rna_counts","6430628N08Rik"
"rna_counts","Lrrc41"
"rna_counts","Pomgnt1"
"rna_counts","1700042G07Rik"
"rna_counts","Pik3r3"
"rna_counts","Ipp"
"rna_counts","Gpbp1l1"
"rna_counts","Ccdc17"
"rna_counts","Prdx1"
"rna_counts","Ccdc163"
"rna_counts","Tesk2"
"rna_counts","Mutyh"
"rna_counts","Zswim5"
"rna_counts","Hectd3"
"rna_counts","Eif2b3"
"rna_counts","Ptch2"
"rna_counts","Tctex1d4"
"rna_counts","Best4-ps"
"rna_counts","Tmem53"
"rna_counts","Eri3"
"rna_counts","Slc6a9"
"rna_counts","9530034E10Rik"
"rna_counts","Hyi"
"rna_counts","Med8"
"rna_counts","Elovl1"
"rna_counts","2610528J11Rik"
"rna_counts","Ebna1bp2"
"rna_counts","Olfr62"
"rna_counts","Olfr1341"
"rna_counts","Olfr1340"
"rna_counts","Olfr1339"
"rna_counts","Olfr1332-ps1"
"rna_counts","Olfr1331"
"rna_counts","Olfr1330"
"rna_counts","Lao1"
"rna_counts","Slc2a1"
"rna_counts","Mir1957a"
"rna_counts","Svbp"
"rna_counts","P3h1"
"rna_counts","Cldn19"
"rna_counts","Zmynd12"
"rna_counts","Rnu6-ps2"
"rna_counts","Foxj3"
"rna_counts","Guca2a"
"rna_counts","Hivep3"
"rna_counts","AL607142.1"
"rna_counts","Edn2"
"rna_counts","Foxo6os"
"rna_counts","Scmh1"
"rna_counts","Slfnl1"
"rna_counts","Cited4"
"rna_counts","Mir30f"
"rna_counts","Rims3"
"rna_counts","Col9a2"
"rna_counts","9530002B09Rik"
"rna_counts","Ppt1"
"rna_counts","4933421A08Rik"
"rna_counts","Mycl"
"rna_counts","Trit1"
"rna_counts","Bmp8b"
"rna_counts","Oxct2b"
"rna_counts","Hpcal4"
"rna_counts","Nt5c1a"
"rna_counts","Heyl"
"rna_counts","Pabpc4"
"rna_counts","Mir6398"
"rna_counts","Rhbdl2"
"rna_counts","4933427I04Rik"
"rna_counts","Mycbp"
"rna_counts","Rragc"
"rna_counts","4933407E24Rik"
"rna_counts","Pou3f1"
"rna_counts","Fhl3"
"rna_counts","Sf3a3"
"rna_counts","Mir697"
"rna_counts","Inpp5b"
"rna_counts","Mir698"
"rna_counts","Mtf1"
"rna_counts","n-R5s192"
"rna_counts","Yrdc"
"rna_counts","Epha10"
"rna_counts","9930104L06Rik"
"rna_counts","Rspo1"
"rna_counts","Gnl2"
"rna_counts","Snip1"
"rna_counts","Meaf6"
"rna_counts","1700041M05Rik"
"rna_counts","Grik3"
"rna_counts","Ftl2-ps"
"rna_counts","Mir692-2"
"rna_counts","Csf3r"
"rna_counts","Mrps15"
"rna_counts","Oscp1"
"rna_counts","Lsm10"
"rna_counts","Stk40"
"rna_counts","Eva1b"
"rna_counts","Trappc3"
"rna_counts","Col8a2"
"rna_counts","Clspn"
"rna_counts","Mir7119"
"rna_counts","5730409E04Rik"
"rna_counts","Psmb2"
"rna_counts","AU040320"
"rna_counts","Sfpq"
"rna_counts","Zmym6"
"rna_counts","Tmem35b"
"rna_counts","Dlgap3"
"rna_counts","Smim12"
"rna_counts","A630031M04Rik"
"rna_counts","Csmd2"
"rna_counts","Hmgb4os"
"rna_counts","Phc2"
"rna_counts","A3galt2"
"rna_counts","Trim62"
"rna_counts","Ak2"
"rna_counts","Rnf19b"
"rna_counts","Tmem54"
"rna_counts","Fndc5"
"rna_counts","Yars"
"rna_counts","Sync"
"rna_counts","Zbtb8os"
"rna_counts","Bsdc1"
"rna_counts","Fam229a"
"rna_counts","Marcksl1"
"rna_counts","Tmem234"
"rna_counts","Ptp4a2"
"rna_counts","E330017L17Rik"
"rna_counts","Spocd1"
"rna_counts","1700003M07Rik"
"rna_counts","Adgrb2"
"rna_counts","Col16a1"
"rna_counts","Pef1"
"rna_counts","Fabp3"
"rna_counts","Snrnp40"
"rna_counts","Pum1"
"rna_counts","Snord85"
"rna_counts","Sdc3"
"rna_counts","Laptm5"
"rna_counts","Matn1"
"rna_counts","Mecr"
"rna_counts","Srsf4"
"rna_counts","A930004J17Rik"
"rna_counts","Tmem200b"
"rna_counts","Taf12"
"rna_counts","Snhg12"
"rna_counts","Snora16a"
"rna_counts","Snora44"
"rna_counts","Snora61"
"rna_counts","Snord99"
"rna_counts","Dnajc8"
"rna_counts","Ptafr"
"rna_counts","Eya3"
"rna_counts","Rpa2"
"rna_counts","Fgr"
"rna_counts","Ahdc1"
"rna_counts","Wasf2"
"rna_counts","Mir7017"
"rna_counts","Cd164l2"
"rna_counts","Map3k6"
"rna_counts","Slc9a1"
"rna_counts","Mir5122"
"rna_counts","Tent5b"
"rna_counts","Kdf1"
"rna_counts","Nr0b2"
"rna_counts","Gpatch3"
"rna_counts","Gpn2"
"rna_counts","Zfp683"
"rna_counts","Crybg2"
"rna_counts","Ubxn11"
"rna_counts","E130218I03Rik"
"rna_counts","Trim63"
"rna_counts","Slc30a2"
"rna_counts","Pafah2"
"rna_counts","Stmn1"
"rna_counts","Paqr7"
"rna_counts","Aunip"
"rna_counts","Rhd"
"rna_counts","Rsrp1"
"rna_counts","Syf2"
"rna_counts","Runx3"
"rna_counts","Stpg1"
"rna_counts","1700029M20Rik"
"rna_counts","Ifnlr1"
"rna_counts","Il22ra1"
"rna_counts","Myom3"
"rna_counts","Srsf10"
"rna_counts","Cnr2"
"rna_counts","Fuca1"
"rna_counts","Hmgcl"
"rna_counts","Gale"
"rna_counts","Id3"
"rna_counts","E2f2"
"rna_counts","Asap3"
"rna_counts","Tcea3"
"rna_counts","Zfp46"
"rna_counts","Hnrnpr"
"rna_counts","Htr1d"
"rna_counts","6030445D17Rik"
"rna_counts","Luzp1"
"rna_counts","Tex46"
"rna_counts","Lactbl1"
"rna_counts","Wnt4"
"rna_counts","1700013G24Rik"
"rna_counts","Hspg2"
"rna_counts","Mir7018"
"rna_counts","Usp48"
"rna_counts","Rap1gap"
"rna_counts","Ece1"
"rna_counts","Eif4g3"
"rna_counts","Mir6399"
"rna_counts","2310026L22Rik"
"rna_counts","Hp1bp3"
"rna_counts","Sh2d5"
"rna_counts","Kif17"
"rna_counts","Ddost"
"rna_counts","AB041806"
"rna_counts","Mul1"
"rna_counts","Camk2n1"
"rna_counts","Pla2g2c"
"rna_counts","Pla2g2d"
"rna_counts","Pla2g2a"
"rna_counts","Pla2g2e"
"rna_counts","Rnf186"
"rna_counts","Tmco4"
"rna_counts","Hspe1-ps4"
"rna_counts","Capzb"
"rna_counts","Akr7a5"
"rna_counts","Emc1"
"rna_counts","Ubr4"
"rna_counts","Iffo2"
"rna_counts","Aldh4a1"
"rna_counts","Mir7020"
"rna_counts","Tas1r2"
"rna_counts","Rcc2"
"rna_counts","4930515B02Rik"
"rna_counts","Padi2"
"rna_counts","Sdhb"
"rna_counts","Atp13a2"
"rna_counts","Mfap2"
"rna_counts","Spata21"
"rna_counts","4921514A10Rik"
"rna_counts","Fbxo42"
"rna_counts","Cplane2"
"rna_counts","Arhgef19"
"rna_counts","Epha2"
"rna_counts","Fam131c"
"rna_counts","Hspb7"
"rna_counts","Zbtb17"
"rna_counts","B330016D10Rik"
"rna_counts","AI507597"
"rna_counts","Agmat"
"rna_counts","Casp9"
"rna_counts","Ctrcos"
"rna_counts","Fhad1os2"
"rna_counts","Fhad1os1"
"rna_counts","4930455G09Rik"
"rna_counts","Tmem51os1"
"rna_counts","Lrrc38"
"rna_counts","Anp32b-ps1"
"rna_counts","Pramel1"
"rna_counts","Pramef8"
"rna_counts","BC080695"
"rna_counts","Pramel4"
"rna_counts","Oog2"
"rna_counts","Pramef12os"
"rna_counts","AL607073.1"
"rna_counts","Aadacl4fm1"
"rna_counts","Aadacl4"
"rna_counts","Prdx2-ps2"
"rna_counts","Dhrs3"
"rna_counts","Platr16"
"rna_counts","Smarca5-ps"
"rna_counts","Zfp990"
"rna_counts","Zfp980"
"rna_counts","Vmn2r-ps15"
"rna_counts","Znf41-ps"
"rna_counts","Zfp986"
"rna_counts","Zfp987"
"rna_counts","Zfp600"
"rna_counts","Vmn2r-ps17"
"rna_counts","Zfp992"
"rna_counts","Zfp981"
"rna_counts","Vmn2r-ps16"
"rna_counts","Zfp993"
"rna_counts","Zfp989"
"rna_counts","Rex2"
"rna_counts","Vmn2r-ps18"
"rna_counts","Zfp991"
"rna_counts","Zfp988"
"rna_counts","Zfp978"
"rna_counts","Vmn2r-ps19"
"rna_counts","Zfp982"
"rna_counts","Vmn2r-ps20"
"rna_counts","Zfp985"
"rna_counts","Fv1"
"rna_counts","2510039O18Rik"
"rna_counts","Nppb"
"rna_counts","Nppa"
"rna_counts","Mthfr"
"rna_counts","Mad2l2"
"rna_counts","Fbxo2"
"rna_counts","Mtor"
"rna_counts","Exosc10"
"rna_counts","Srm"
"rna_counts","Masp2"
"rna_counts","Casz1"
"rna_counts","Dffa"
"rna_counts","Ube4bos3"
"rna_counts","Ube4bos2"
"rna_counts","Ube4bos1"
"rna_counts","Trmt112-ps2"
"rna_counts","Tmem274"
"rna_counts","Lzic"
"rna_counts","Ctnnbip1"
"rna_counts","Mir5616"
"rna_counts","Clstn1"
"rna_counts","n-R5s193"
"rna_counts","Mir34a"
"rna_counts","Gpr157"
"rna_counts","AL606971.1"
"rna_counts","Slc2a5"
"rna_counts","Slc2a7"
"rna_counts","Eno1"
"rna_counts","Rere"
"rna_counts","Errfi1"
"rna_counts","Tnfrsf9"
"rna_counts","Uts2"
"rna_counts","4930589P08Rik"
"rna_counts","Dnajc11"
"rna_counts","Klhl21"
"rna_counts","Nol9"
"rna_counts","Plekhg5"
"rna_counts","Tnfrsf25"
"rna_counts","Hes2"
"rna_counts","Acot7"
"rna_counts","Gpr153"
"rna_counts","Icmt"
"rna_counts","Chd5"
"rna_counts","Nphp4"
"rna_counts","A430005L14Rik"
"rna_counts","Cep104"
"rna_counts","Lrrc47"
"rna_counts","Trp73os"
"rna_counts","Wrap73"
"rna_counts","Megf6"
"rna_counts","B230104I21Rik"
"rna_counts","Prdm16os"
"rna_counts","Ttc34"
"rna_counts","Mmel1"
"rna_counts","Hes5"
"rna_counts","Pank4"
"rna_counts","Pex10"
"rna_counts","Morn1"
"rna_counts","Faap20"
"rna_counts","Cfap74"
"rna_counts","Tmem52"
"rna_counts","Gnb1"
"rna_counts","Nadk"
"rna_counts","Slc35e2"
"rna_counts","Cdk11b"
"rna_counts","Fndc10"
"rna_counts","Ssu72"
"rna_counts","Tmem240"
"rna_counts","Atad3aos"
"rna_counts","Ankrd65"
"rna_counts","Mrpl20"
"rna_counts","Ccnl2"
"rna_counts","Aurkaip1"
"rna_counts","Mxra8"
"rna_counts","Dvl1"
"rna_counts","Ints11"
"rna_counts","Acap3"
"rna_counts","Ube2j2"
"rna_counts","C1qtnf12"
"rna_counts","Sdf4"
"rna_counts","Tnfrsf4"
"rna_counts","Tnfrsf18"
"rna_counts","9430015G10Rik"
"rna_counts","Rnf223"
"rna_counts","AW011738"
"rna_counts","Perm1"
"rna_counts","Noc2l"
"rna_counts","Vmn2r-ps159"
"rna_counts","Vmn2r125"
"rna_counts","Vmn1r-ps2"
"rna_counts","Vmn1r-ps3"
"rna_counts","Vmn1r3"
"rna_counts","Tmem68"
"rna_counts","9430025C20Rik"
"rna_counts","Mos"
"rna_counts","Plag1"
"rna_counts","Sdr16c5"
"rna_counts","Sdr16c6"
"rna_counts","Penk"
"rna_counts","Impad1"
"rna_counts","Cyp7a1"
"rna_counts","4930430E12Rik"
"rna_counts","Nsmaf"
"rna_counts","Tox"
"rna_counts","Car8"
"rna_counts","Asph"
"rna_counts","4930448K20Rik"
"rna_counts","1700123O12Rik"
"rna_counts","Mir3471-1"
"rna_counts","Plekhf2"
"rna_counts","Ndufaf6"
"rna_counts","Ints8"
"rna_counts","Dpy19l4"
"rna_counts","Esrp1"
"rna_counts","Pdp1"
"rna_counts","Tmem67"
"rna_counts","Fam92a"
"rna_counts","1700120G11Rik"
"rna_counts","Slc26a7"
"rna_counts","Lrrc69"
"rna_counts","Otud6b"
"rna_counts","Necab1"
"rna_counts","Decr1"
"rna_counts","Mir6400"
"rna_counts","Osgin2"
"rna_counts","Ripk2"
"rna_counts","Cnbd1"
"rna_counts","Cpne3"
"rna_counts","Wwp1"
"rna_counts","Atp6v0d2"
"rna_counts","4930480G23Rik"
"rna_counts","Nkain3"
"rna_counts","Prdm13"
"rna_counts","Tstd3"
"rna_counts","Pou3f2"
"rna_counts","1700025O08Rik"
"rna_counts","Klhl32"
"rna_counts","C230012O17Rik"
"rna_counts","Fhl5"
"rna_counts","Ufl1"
"rna_counts","Fut9"
"rna_counts","Manea"
"rna_counts","Bhmt-ps1"
"rna_counts","Gng2-ps1"
"rna_counts","4930548K13Rik"
"rna_counts","Tpm3-rs2"
"rna_counts","Bach2os"
"rna_counts","Gja10"
"rna_counts","Ankrd6"
"rna_counts","4933421O10Rik"
"rna_counts","Pm20d2"
"rna_counts","Pnrc1"
"rna_counts","Spaca1"
"rna_counts","Orc3"
"rna_counts","Slc35a1"
"rna_counts","Cfap206"
"rna_counts","Smim8"
"rna_counts","Zfp292"
"rna_counts","Platr9"
"rna_counts","Mob3b"
"rna_counts","C9orf72"
"rna_counts","Lingo2"
"rna_counts","Mir876"
"rna_counts","Mir873a"
"rna_counts","Taf9-ps"
"rna_counts","Ddx58"
"rna_counts","Topors"
"rna_counts","Ndufb6"
"rna_counts","4933428C19Rik"
"rna_counts","Aptx"
"rna_counts","Smu1"
"rna_counts","Psenen-ps"
"rna_counts","B4galt1"
"rna_counts","Mir5123"
"rna_counts","Bag1"
"rna_counts","Aqp7"
"rna_counts","Aqp3"
"rna_counts","Nol6"
"rna_counts","Ubap2"
"rna_counts","Dcaf12"
"rna_counts","Kif24"
"rna_counts","Myorg"
"rna_counts","1110017D15Rik"
"rna_counts","Fam219a"
"rna_counts","Enho"
"rna_counts","Cntfr"
"rna_counts","Rpp25l"
"rna_counts","Dctn3"
"rna_counts","Arid3c"
"rna_counts","Sigmar1"
"rna_counts","Ccl27a"
"rna_counts","CT868690.1"
"rna_counts","Fam205a2"
"rna_counts","Il11ra2"
"rna_counts","Ccl19"
"rna_counts","Ccl21a"
"rna_counts","Fam205a1"
"rna_counts","Fam205c"
"rna_counts","Vcp"
"rna_counts","Fancg"
"rna_counts","Pigo"
"rna_counts","Stoml2"
"rna_counts","Fam214b"
"rna_counts","Fam166b"
"rna_counts","Cd72"
"rna_counts","Sit1"
"rna_counts","Rmrp"
"rna_counts","Arhgef39"
"rna_counts","Tpm2"
"rna_counts","Tln1"
"rna_counts","Gba2"
"rna_counts","Msmp"
"rna_counts","Spag8"
"rna_counts","Hint2"
"rna_counts","Fam221b"
"rna_counts","Olfr70"
"rna_counts","Olfr71"
"rna_counts","Olfr269-ps1"
"rna_counts","Olfr159"
"rna_counts","Olfr29-ps1"
"rna_counts","Olfr156"
"rna_counts","Olfr157"
"rna_counts","Gne"
"rna_counts","Rnf38"
"rna_counts","Mir5106"
"rna_counts","Pax5"
"rna_counts","Mir5120"
"rna_counts","Zbtb5"
"rna_counts","Fbxo10"
"rna_counts","Tomm5"
"rna_counts","Frmpd1os"
"rna_counts","Exosc3"
"rna_counts","Slc25a51"
"rna_counts","Shb"
"rna_counts","Igfbpl1"
"rna_counts","Tstd2"
"rna_counts","Xpa"
"rna_counts","Trmo"
"rna_counts","Hemgn"
"rna_counts","Trim14"
"rna_counts","Coro2a"
"rna_counts","Tbc1d2"
"rna_counts","Gabbr2"
"rna_counts","Anks6"
"rna_counts","Alg2"
"rna_counts","Erp44"
"rna_counts","Mir1958"
"rna_counts","Tex10"
"rna_counts","Acnat2"
"rna_counts","Acnat1"
"rna_counts","Baat"
"rna_counts","Mrpl50"
"rna_counts","Aldob"
"rna_counts","Tmem246"
"rna_counts","Grin3a"
"rna_counts","Ppp3r2"
"rna_counts","Amd-ps4"
"rna_counts","C630028M04Rik"
"rna_counts","Smc2os"
"rna_counts","Tmc4-ps"
"rna_counts","Vma21-ps"
"rna_counts","Olfr274-ps1"
"rna_counts","Olfr273"
"rna_counts","Olfr272"
"rna_counts","Olfr271-ps1"
"rna_counts","Abca1"
"rna_counts","4930412L05Rik"
"rna_counts","AI427809"
"rna_counts","1700060J05Rik"
"rna_counts","Klf4"
"rna_counts","2310081O03Rik"
"rna_counts","Actl7b"
"rna_counts","Elp1"
"rna_counts","Ctnnal1"
"rna_counts","Tmem245"
"rna_counts","Mir32"
"rna_counts","Frrs1l"
"rna_counts","Epb41l4b"
"rna_counts","Ptpn3"
"rna_counts","1700042G15Rik"
"rna_counts","D630039A03Rik"
"rna_counts","Txn1"
"rna_counts","Txndc8"
"rna_counts","Svep1"
"rna_counts","Lpar1"
"rna_counts","Mir3095"
"rna_counts","Olfr267"
"rna_counts","Ecpas"
"rna_counts","Ptgr1"
"rna_counts","Shoc1"
"rna_counts","Susd1"
"rna_counts","Ptbp3"
"rna_counts","Inip"
"rna_counts","Slc46a2"
"rna_counts","Mup4"
"rna_counts","Mup7"
"rna_counts","Mup2"
"rna_counts","Mup8"
"rna_counts","Mup9"
"rna_counts","Mup1"
"rna_counts","Mup10"
"rna_counts","Mup11"
"rna_counts","Mup12"
"rna_counts","Mup22"
"rna_counts","Mup13"
"rna_counts","Mup14"
"rna_counts","Mup15"
"rna_counts","Mup16"
"rna_counts","Mup17"
"rna_counts","Mup18"
"rna_counts","Mup19"
"rna_counts","Mup5"
"rna_counts","Mup-ps23"
"rna_counts","Mup-ps17"
"rna_counts","Mup-ps18"
"rna_counts","Mup-ps19"
"rna_counts","Mup-ps20"
"rna_counts","Mup-ps21"
"rna_counts","Mup20"
"rna_counts","Mup3"
"rna_counts","Mup21"
"rna_counts","Zfp37"
"rna_counts","Fkbp15"
"rna_counts","Cdc26"
"rna_counts","Rnf183"
"rna_counts","Wdr31"
"rna_counts","Hdhd3"
"rna_counts","Alad"
"rna_counts","Pole3"
"rna_counts","Ambp"
"rna_counts","Kif12"
"rna_counts","Akna"
"rna_counts","Whrn"
"rna_counts","Tex48"
"rna_counts","Tnfsf15"
"rna_counts","Tnfsf8"
"rna_counts","Tnc"
"rna_counts","Astn2"
"rna_counts","Hmgb1-rs18"
"rna_counts","Tcp1-ps1"
"rna_counts","Brinp1"
"rna_counts","Cdk5rap2"
"rna_counts","Ywhaq-ps3"
"rna_counts","Megf9"
"rna_counts","Tle1"
"rna_counts","Aldoart1"
"rna_counts","Rasef"
"rna_counts","2310002L09Rik"
"rna_counts","A230083N12Rik"
"rna_counts","Dmac1"
"rna_counts","Ptprd"
"rna_counts","Mpdz"
"rna_counts","Nfib"
"rna_counts","Zdhhc21"
"rna_counts","Cer1"
"rna_counts","Frem1"
"rna_counts","Ttc39b"
"rna_counts","Psip1"
"rna_counts","6030471H07Rik"
"rna_counts","Bnc2"
"rna_counts","Saxo1"
"rna_counts","Haus6"
"rna_counts","Scarna8"
"rna_counts","Plin2"
"rna_counts","Slc24a2"
"rna_counts","Mllt3"
"rna_counts","Hacd4"
"rna_counts","Ifnb1"
"rna_counts","Ifna15"
"rna_counts","Ifna14"
"rna_counts","Ifna-ps1"
"rna_counts","Ifna9"
"rna_counts","Mrpl48-ps"
"rna_counts","Ifna12"
"rna_counts","C87499"
"rna_counts","Ifna13"
"rna_counts","Ifna16"
"rna_counts","Ifna2"
"rna_counts","Ifnab"
"rna_counts","Klhl9"
"rna_counts","4930553M12Rik"
"rna_counts","Ifne"
"rna_counts","Mir31"
"rna_counts","Cdkn2a"
"rna_counts","Cdkn2b"
"rna_counts","Elavl2"
"rna_counts","Mir6402"
"rna_counts","4930577H14Rik"
"rna_counts","Izumo3"
"rna_counts","Tusc1"
"rna_counts","Caap1"
"rna_counts","Plaa"
"rna_counts","Lrrc19"
"rna_counts","Eqtn"
"rna_counts","Mysm1"
"rna_counts","Jun"
"rna_counts","4930551L18Rik"
"rna_counts","9530080O11Rik"
"rna_counts","Cyp2j13"
"rna_counts","AL772212.1"
"rna_counts","Hspe1-ps6"
"rna_counts","Cyp2j12"
"rna_counts","Cyp2j7-ps3"
"rna_counts","Cyp2j7-ps2"
"rna_counts","Cyp2j7-ps1"
"rna_counts","Cyp2j7"
"rna_counts","Cyp2j15-ps"
"rna_counts","Cyp2j11"
"rna_counts","Cyp2j14-ps"
"rna_counts","Cyp2j8"
"rna_counts","Cyp2j6"
"rna_counts","Cyp2j9"
"rna_counts","Cyp2j5"
"rna_counts","E130114P18Rik"
"rna_counts","Tm2d1"
"rna_counts","Kank4"
"rna_counts","I0C0044D17Rik"
"rna_counts","Dock7"
"rna_counts","Itgb3bp"
"rna_counts","Ube2uos"
"rna_counts","Ccdc50-ps"
"rna_counts","Jak1"
"rna_counts","E130102H24Rik"
"rna_counts","Mir101a"
"rna_counts","B020004J07Rik"
"rna_counts","C130073F10Rik"
"rna_counts","BB031773"
"rna_counts","Insl5"
"rna_counts","Wdr78"
"rna_counts","Slc35d1"
"rna_counts","4921539E11Rik"
"rna_counts","C8a"
"rna_counts","Prkaa2"
"rna_counts","Hspd1-ps4"
"rna_counts","Pcsk9"
"rna_counts","Bsnd"
"rna_counts","AL954352.1"
"rna_counts","Tmem61"
"rna_counts","2700068H02Rik"
"rna_counts","Lexm"
"rna_counts","Ttc4"
"rna_counts","Mroh7"
"rna_counts","Acot11"
"rna_counts","Mrpl37"
"rna_counts","Tceanc2"
"rna_counts","Lrrc42"
"rna_counts","Dio1"
"rna_counts","Dmrtb1"
"rna_counts","Lrp8os3"
"rna_counts","Lrp8os2"
"rna_counts","Lrp8os1"
"rna_counts","Cpt2"
"rna_counts","Podn"
"rna_counts","Scp2"
"rna_counts","Zyg11a"
"rna_counts","Zyg11b"
"rna_counts","Shisal2a"
"rna_counts","Gpx7"
"rna_counts","Prpf38a"
"rna_counts","Zfyve9"
"rna_counts","Btf3l4"
"rna_counts","8030443G20Rik"
"rna_counts","Osbpl9"
"rna_counts","Ttc39aos1"
"rna_counts","Rnf11"
"rna_counts","4930522H14Rik"
"rna_counts","9630013D21Rik"
"rna_counts","Cdkn2c"
"rna_counts","Dmrta2os"
"rna_counts","Elavl4"
"rna_counts","n-R5s191"
"rna_counts","Slc5a9"
"rna_counts","Skint9"
"rna_counts","Skint10"
"rna_counts","Skint6"
"rna_counts","Skint5"
"rna_counts","9130410C08Rik"
"rna_counts","Foxd2"
"rna_counts","Foxe3"
"rna_counts","Cmpk1"
"rna_counts","Cyp4x1"
"rna_counts","Cyp4a28-ps"
"rna_counts","Cyp4a14"
"rna_counts","Cyp4b1-ps1"
"rna_counts","Cyp4b1-ps2"
"rna_counts","Cyp4b1"
"rna_counts","Tex38"
"rna_counts","Dmbx1"
"rna_counts","Faah"
"rna_counts","Nsun4"
"rna_counts","Uqcrh"
"rna_counts","Rad54l"
"rna_counts","Lurap1"
"rna_counts","Tspan1"
"rna_counts","Llph-ps1"
"rna_counts","Mast2"
"rna_counts","Tmem69"
"rna_counts","C530005A16Rik"
"rna_counts","Nasp"
"rna_counts","Akr1a1"
"rna_counts","Mmachc"
"rna_counts","Toe1"
"rna_counts","Hpdl"
"rna_counts","Urod"
"rna_counts","1700021J08Rik"
"rna_counts","Btbd19"
"rna_counts","Plk3"
"rna_counts","Snord38a"
"rna_counts","Snord55"
"rna_counts","Kif2c"
"rna_counts","1700012C08Rik"
"rna_counts","Armh1"
"rna_counts","Rnf220"
"rna_counts","Dmap1"
"rna_counts","Klf17"
"rna_counts","Ccdc24"
"rna_counts","B4galt2"
"rna_counts","Atp6v0b"
"rna_counts","Dph2"
"rna_counts","Ipo13"
"rna_counts","Artn"
"rna_counts","St3gal3"
"rna_counts","Kdm4a"
"rna_counts","Ptprf"
"rna_counts","Mir7226"
"rna_counts","Szt2"
"rna_counts","Cdc20"
"rna_counts","Mpl"
"rna_counts","Tie1"
"rna_counts","Tmem125"
"rna_counts","Cfap57"
"rna_counts","Olfr1343-ps1"
"rna_counts","Olfr1342"
"rna_counts","Olfr1338"
"rna_counts","Olfr1337"
"rna_counts","Olfr1335"
"rna_counts","Olfr1333"
"rna_counts","Olfr1329"
"rna_counts","Olfr1328"
"rna_counts","Zfp691"
"rna_counts","Ermap"
"rna_counts","AU022252"
"rna_counts","Tmem269"
"rna_counts","Ybx1"
"rna_counts","Ppih"
"rna_counts","Ccdc30"
"rna_counts","Ldha-ps2"
"rna_counts","Ppcs"
"rna_counts","Rimkla"
"rna_counts","Frg2f1"
"rna_counts","Guca2b"
"rna_counts","Foxo6"
"rna_counts","Ctps"
"rna_counts","Kcnq4"
"rna_counts","Nfyc"
"rna_counts","Mir30c-1"
"rna_counts","Mir30e"
"rna_counts","Exo5"
"rna_counts","Zfp69"
"rna_counts","Smap2"
"rna_counts","Mir7015"
"rna_counts","Zmpste24"
"rna_counts","Tmco2"
"rna_counts","Rlf"
"rna_counts","Cap1"
"rna_counts","Mfsd2a"
"rna_counts","Ppie"
"rna_counts","Bmp8a"
"rna_counts","Oxct2a"
"rna_counts","Macf1"
"rna_counts","Ndufs5"
"rna_counts","Akirin1"
"rna_counts","1700121C08Rik"
"rna_counts","D130007C19Rik"
"rna_counts","1700021L23Rik"
"rna_counts","4933435F18Rik"
"rna_counts","1700057H15Rik"
"rna_counts","Utp11"
"rna_counts","1110065P20Rik"
"rna_counts","Maneal"
"rna_counts","1700125G02Rik"
"rna_counts","Cdca8"
"rna_counts","Dnali1"
"rna_counts","Zc3h12a"
"rna_counts","2610028E06Rik"
"rna_counts","Sh3d21"
"rna_counts","Thrap3"
"rna_counts","Map7d1"
"rna_counts","Adprhl2"
"rna_counts","Tekt2"
"rna_counts","Ago3"
"rna_counts","Ago1"
"rna_counts","Ago4"
"rna_counts","Tfap2e"
"rna_counts","Ncdn"
"rna_counts","Zmym4"
"rna_counts","Zmym1"
"rna_counts","Gja4"
"rna_counts","Gjb3"
"rna_counts","Gjb4"
"rna_counts","Gjb5"
"rna_counts","1700112K13Rik"
"rna_counts","CK137956"
"rna_counts","Csmd2os"
"rna_counts","Hmgb4"
"rna_counts","Zscan20"
"rna_counts","Tlr12"
"rna_counts","Zfp362"
"rna_counts","Azin2"
"rna_counts","1700086P04Rik"
"rna_counts","Hpca"
"rna_counts","S100pbp"
"rna_counts","C77080"
"rna_counts","Rbbp4"
"rna_counts","Zbtb8a"
"rna_counts","Zbtb8b"
"rna_counts","Tssk3"
"rna_counts","Hdac1"
"rna_counts","Lck"
"rna_counts","Mir8119"
"rna_counts","Fam167b"
"rna_counts","Eif3i"
"rna_counts","Dcdc2b"
"rna_counts","Iqcc"
"rna_counts","Ccdc28b"
"rna_counts","Txlna"
"rna_counts","Kpna6"
"rna_counts","Tmem39b"
"rna_counts","Mir7016"
"rna_counts","Khdrbs1"
"rna_counts","Hcrtr1"
"rna_counts","Tinagl1"
"rna_counts","Ldc1"
"rna_counts","Serinc2"
"rna_counts","Zcchc17"
"rna_counts","Nkain1"
"rna_counts","A930031H19Rik"
"rna_counts","Ptpru"
"rna_counts","Epb41"
"rna_counts","Oprd1"
"rna_counts","Ythdf2"
"rna_counts","Rnu11"
"rna_counts","Rab42"
"rna_counts","Trnau1ap"
"rna_counts","Rcc1"
"rna_counts","Snhg3"
"rna_counts","Snora73b"
"rna_counts","Snora73a"
"rna_counts","Phactr4"
"rna_counts","Med18"
"rna_counts","Sesn2"
"rna_counts","Atpif1"
"rna_counts","Xkr8"
"rna_counts","Smpdl3b"
"rna_counts","Themis2"
"rna_counts","Ppp1r8"
"rna_counts","Stx12"
"rna_counts","Fam76a"
"rna_counts","Gpr3"
"rna_counts","Sytl1"
"rna_counts","Tmem222"
"rna_counts","Wdtc1"
"rna_counts","Trnp1"
"rna_counts","Nudc"
"rna_counts","Sfn"
"rna_counts","Zdhhc18"
"rna_counts","Pigv"
"rna_counts","Arid1a"
"rna_counts","Mir7227"
"rna_counts","Hmgn2"
"rna_counts","Dhdds"
"rna_counts","Lin28a"
"rna_counts","Cd52"
"rna_counts","Sh3bgrl3"
"rna_counts","Cep85"
"rna_counts","Zpld2"
"rna_counts","Catsper4"
"rna_counts","Cnksr1"
"rna_counts","Zfp593"
"rna_counts","Grrp1"
"rna_counts","Pdik1l"
"rna_counts","Extl1"
"rna_counts","1700021N21Rik"
"rna_counts","Mtfr1l"
"rna_counts","Selenon"
"rna_counts","Man1c1"
"rna_counts","Mir6403"
"rna_counts","Ldlrap1"
"rna_counts","Maco1"
"rna_counts","Tmem50a"
"rna_counts","Clic4"
"rna_counts","Srrm1"
"rna_counts","Ncmap"
"rna_counts","Rcan3"
"rna_counts","Mir700"
"rna_counts","Nipal3"
"rna_counts","Grhl3"
"rna_counts","Pnrc2"
"rna_counts","Lypla2"
"rna_counts","Pithd1"
"rna_counts","Eloa"
"rna_counts","Kdm1a"
"rna_counts","Ephb2"
"rna_counts","C1qb"
"rna_counts","C1qc"
"rna_counts","C1qa"
"rna_counts","Epha8"
"rna_counts","Zbtb40"
"rna_counts","1700037C06Rik"
"rna_counts","Cdc42"
"rna_counts","2810405F17Rik"
"rna_counts","Cela3a"
"rna_counts","Cela3b"
"rna_counts","Ldlrad2"
"rna_counts","Rap1gapos"
"rna_counts","Alpl"
"rna_counts","1700095J12Rik"
"rna_counts","Pink1"
"rna_counts","Mir7019"
"rna_counts","Cda"
"rna_counts","Fam43b"
"rna_counts","Vwa5b1"
"rna_counts","Ubxn10"
"rna_counts","Pla2g2f"
"rna_counts","Pla2g5"
"rna_counts","Otud3"
"rna_counts","Htr6"
"rna_counts","Nbl1"
"rna_counts","Micos10"
"rna_counts","Pqlc2"
"rna_counts","AL807811.1"
"rna_counts","Ccnd3-ps"
"rna_counts","Mrto4"
"rna_counts","Pax7"
"rna_counts","4933427I22Rik"
"rna_counts","Klhdc7a"
"rna_counts","Mir2139"
"rna_counts","Igsf21"
"rna_counts","Arhgef10l"
"rna_counts","Padi6"
"rna_counts","Padi4"
"rna_counts","Padi3"
"rna_counts","Padi1"
"rna_counts","Crocc"
"rna_counts","Necap2"
"rna_counts","Szrd1"
"rna_counts","C630004L07Rik"
"rna_counts","Clcnka"
"rna_counts","Clcnkb"
"rna_counts","Srarp"
"rna_counts","Spen"
"rna_counts","Fblim1"
"rna_counts","Tmem82"
"rna_counts","Slc25a34"
"rna_counts","Plekhm2"
"rna_counts","Ddi2"
"rna_counts","Rsc1a1"
"rna_counts","Dnajc16"
"rna_counts","Cela2a"
"rna_counts","Ctrc"
"rna_counts","Efhd2"
"rna_counts","Fhad1"
"rna_counts","Tmem51"
"rna_counts","Kazn"
"rna_counts","6330411D24Rik"
"rna_counts","Prdm2"
"rna_counts","Mir7021"
"rna_counts","Eef2-ps2"
"rna_counts","Pdpn"
"rna_counts","Oog4"
"rna_counts","Pramef6"
"rna_counts","Pramef25"
"rna_counts","Pramef17"
"rna_counts","Oog3"
"rna_counts","C87977"
"rna_counts","Pramel5"
"rna_counts","Pramef20"
"rna_counts","Pramef12"
"rna_counts","1700012P22Rik"
"rna_counts","Aadacl3"
"rna_counts","Aadacl4fm2"
"rna_counts","Aadacl4fm4"
"rna_counts","AAdacl4fm3"
"rna_counts","Aadacl4fm5"
"rna_counts","Vps13d"
"rna_counts","Tnfrsf1b"
"rna_counts","Tnfrsf8"
"rna_counts","1700095A21Rik"
"rna_counts","4933438K21Rik"
"rna_counts","Zfp979"
"rna_counts","Zfp534"
"rna_counts","Zfp984"
"rna_counts","Zfp933"
"rna_counts","Miip"
"rna_counts","Mfn2"
"rna_counts","Plod1"
"rna_counts","Clcn6"
"rna_counts","Chchd2-ps"
"rna_counts","Agtrap"
"rna_counts","Draxin"
"rna_counts","Fbxo6"
"rna_counts","Mir7022"
"rna_counts","Fbxo44"
"rna_counts","Disp3"
"rna_counts","Ubiad1"
"rna_counts","Angptl7"
"rna_counts","Tardbp"
"rna_counts","Pex14"
"rna_counts","Cort"
"rna_counts","Cenps"
"rna_counts","Pgd"
"rna_counts","Kif1b"
"rna_counts","Ube4b"
"rna_counts","Rbp7"
"rna_counts","Nmnat1"
"rna_counts","Pik3cd"
"rna_counts","Mir7023"
"rna_counts","Tmem201"
"rna_counts","Slc25a33"
"rna_counts","Spsb1"
"rna_counts","H6pd"
"rna_counts","Car6"
"rna_counts","Slc45a1"
"rna_counts","1700045H11Rik"
"rna_counts","Park7"
"rna_counts","Camta1"
"rna_counts","Per3"
"rna_counts","Vamp3"
"rna_counts","Thap3"
"rna_counts","Phf13"
"rna_counts","Zbtb48"
"rna_counts","Tas1r1"
"rna_counts","Espn"
"rna_counts","Hes3"
"rna_counts","Rnf207"
"rna_counts","Kcnab2"
"rna_counts","Ajap1"
"rna_counts","BC039966"
"rna_counts","Dffb"
"rna_counts","Smim1"
"rna_counts","Ccdc27"
"rna_counts","Trp73"
"rna_counts","Tprgl"
"rna_counts","Arhgef16"
"rna_counts","Prdm16"
"rna_counts","Actrt2"
"rna_counts","Prxl2b"
"rna_counts","Tnfrsf14"
"rna_counts","Plch2"
"rna_counts","Rer1"
"rna_counts","Ski"
"rna_counts","Prkcz"
"rna_counts","Gabrd"
"rna_counts","5830444B04Rik"
"rna_counts","Mmp23"
"rna_counts","Mib2"
"rna_counts","1500002C15Rik"
"rna_counts","Atad3a"
"rna_counts","Vwa1"
"rna_counts","Tmem88b"
"rna_counts","Mxra8os"
"rna_counts","Tas1r3"
"rna_counts","Cptp"
"rna_counts","Pusl1"
"rna_counts","B3galt6"
"rna_counts","Ttll10"
"rna_counts","Mir429"
"rna_counts","Mir200a"
"rna_counts","Mir200b"
"rna_counts","Agrn"
"rna_counts","Isg15"
"rna_counts","Plekhn1"
"rna_counts","Mir7658"
"rna_counts","Samd11"
"rna_counts","Cdk6"
"rna_counts","Fam133b"
"rna_counts","n-R5s169"
"rna_counts","1700109H08Rik"
"rna_counts","2510017J16Rik"
"rna_counts","Pex1"
"rna_counts","Tmbim7"
"rna_counts","Krit1"
"rna_counts","Lrrd1"
"rna_counts","Akap9"
"rna_counts","Wdr46-ps"
"rna_counts","Mterf1b"
"rna_counts","Tubb4b-ps1"
"rna_counts","Tex47"
"rna_counts","Steap4"
"rna_counts","Sri"
"rna_counts","Slc25a40"
"rna_counts","Abcb1a"
"rna_counts","Abcb1b"
"rna_counts","7330423F06Rik"
"rna_counts","Abcb4"
"rna_counts","Tmem243"
"rna_counts","9330182L06Rik"
"rna_counts","Mir879"
"rna_counts","AC174780.1"
"rna_counts","Speer1"
"rna_counts","4933402N22Rik"
"rna_counts","Sema3d"
"rna_counts","Sema3a"
"rna_counts","Speer3"
"rna_counts","Dnd1-ps"
"rna_counts","Sema3e"
"rna_counts","Pclo"
"rna_counts","Speer4d"
"rna_counts","Speer4cos"
"rna_counts","Cacna2d1"
"rna_counts","Hgf"
"rna_counts","Speer4f2"
"rna_counts","Speer4f1"
"rna_counts","Sema3c"
"rna_counts","Gnat3"
"rna_counts","Magi2"
"rna_counts","1110060G06Rik"
"rna_counts","Tmem60"
"rna_counts","A630072M18Rik"
"rna_counts","Gsap"
"rna_counts","Fgl2"
"rna_counts","Fam185a"
"rna_counts","Lrrc17"
"rna_counts","Armc10"
"rna_counts","Pmpcb"
"rna_counts","Psmc2"
"rna_counts","6030443J06Rik"
"rna_counts","Lhfpl3"
"rna_counts","4930580E04Rik"
"rna_counts","Kmt2e"
"rna_counts","Rint1"
"rna_counts","2700038G22Rik"
"rna_counts","Snord93"
"rna_counts","Klhl7"
"rna_counts","Nupl2"
"rna_counts","Nos3"
"rna_counts","Abcb8"
"rna_counts","Asic3"
"rna_counts","Slc4a2"
"rna_counts","2310074N15Rik"
"rna_counts","Agap3"
"rna_counts","Chpf2"
"rna_counts","Mir671"
"rna_counts","1700022A21Rik"
"rna_counts","Nub1"
"rna_counts","Prkag2os2"
"rna_counts","Prkag2os1"
"rna_counts","1500035N22Rik"
"rna_counts","2900005J15Rik"
"rna_counts","Galntl5"
"rna_counts","Galnt11"
"rna_counts","Hspe1-ps3"
"rna_counts","Cct8l1"
"rna_counts","1700096K18Rik"
"rna_counts","Actr3b"
"rna_counts","Dpp6"
"rna_counts","Htr5a"
"rna_counts","AC156021.1"
"rna_counts","Insig1"
"rna_counts","En2"
"rna_counts","Rbm33"
"rna_counts","9530036O11Rik"
"rna_counts","Rnf32"
"rna_counts","4632411P08Rik"
"rna_counts","Nom1"
"rna_counts","Ube3c"
"rna_counts","Dnajb6"
"rna_counts","Il6"
"rna_counts","Garem2"
"rna_counts","Hadhb"
"rna_counts","Mir1960"
"rna_counts","Selenoi"
"rna_counts","Drc1"
"rna_counts","1700001C02Rik"
"rna_counts","Kcnk3"
"rna_counts","Slc35f6"
"rna_counts","Mir5625"
"rna_counts","Cenpa"
"rna_counts","Dpysl5"
"rna_counts","Mapre3"
"rna_counts","Tmem214"
"rna_counts","Agbl5"
"rna_counts","5930420M18Rik"
"rna_counts","Emilin1"
"rna_counts","Khk"
"rna_counts","Abhd1"
"rna_counts","Tcf23"
"rna_counts","Atraid"
"rna_counts","Cad"
"rna_counts","Dnajc5g"
"rna_counts","Trim54"
"rna_counts","Snx17"
"rna_counts","Nrbp1"
"rna_counts","Krtcap3"
"rna_counts","Gckr"
"rna_counts","Zfp512"
"rna_counts","4930548H24Rik"
"rna_counts","Gpn1"
"rna_counts","Slc4a1ap"
"rna_counts","2900076G11Rik"
"rna_counts","Mrpl33"
"rna_counts","Babam2"
"rna_counts","Fosl2"
"rna_counts","Plb1"
"rna_counts","Ppp1cb"
"rna_counts","Yes1"
"rna_counts","Depdc5"
"rna_counts","Ywhah"
"rna_counts","Slc5a1"
"rna_counts","Maea"
"rna_counts","Uvssa"
"rna_counts","Tacc3"
"rna_counts","Fgfr3"
"rna_counts","Nsd2"
"rna_counts","Nat8l"
"rna_counts","4930557J02Rik"
"rna_counts","Cfap99"
"rna_counts","Rnf4"
"rna_counts","Fam193a"
"rna_counts","Sh3bp2"
"rna_counts","Add1"
"rna_counts","Mir7036b"
"rna_counts","Grk4"
"rna_counts","Htt"
"rna_counts","Msantd1"
"rna_counts","Rgs12"
"rna_counts","Mir3097"
"rna_counts","Hgfac"
"rna_counts","Dok7"
"rna_counts","Adra2c"
"rna_counts","4930478P22Rik"
"rna_counts","Hmx1"
"rna_counts","Plk-ps1"
"rna_counts","Acox3"
"rna_counts","Ablim2"
"rna_counts","Afap1"
"rna_counts","H2af-ps"
"rna_counts","Psapl1"
"rna_counts","Mir7689"
"rna_counts","Grpel1"
"rna_counts","Ccdc96"
"rna_counts","Ppp2r2c"
"rna_counts","Jakmip1"
"rna_counts","Crmp1"
"rna_counts","Evc2"
"rna_counts","Cytl1"
"rna_counts","Stx18"
"rna_counts","Lyar"
"rna_counts","Tmem128"
"rna_counts","Otop1"
"rna_counts","Drd5"
"rna_counts","4930487D11Rik"
"rna_counts","4930421P07Rik"
"rna_counts","Clnkos"
"rna_counts","4930519E07Rik"
"rna_counts","Mir6414"
"rna_counts","Cpeb2"
"rna_counts","6030400A10Rik"
"rna_counts","C1qtnf7"
"rna_counts","Cc2d2a"
"rna_counts","Bst1"
"rna_counts","Cd38"
"rna_counts","4930431F12Rik"
"rna_counts","Clrn2"
"rna_counts","Lap3"
"rna_counts","Med28"
"rna_counts","9630001P10Rik"
"rna_counts","Ncapg"
"rna_counts","4930449I04Rik"
"rna_counts","Slit2"
"rna_counts","Mir218-1"
"rna_counts","5730480H06Rik"
"rna_counts","4930448I18Rik"
"rna_counts","Mir8117"
"rna_counts","9230114K14Rik"
"rna_counts","Sod3"
"rna_counts","Pi4k2b"
"rna_counts","Zcchc4"
"rna_counts","Anapc4"
"rna_counts","Slc34a2"
"rna_counts","n-R5s171"
"rna_counts","Smim20"
"rna_counts","Rbpj"
"rna_counts","Tbc1d19"
"rna_counts","Stim2"
"rna_counts","Pcdh7"
"rna_counts","1700029E06Rik"
"rna_counts","Cbfa2t2-ps1"
"rna_counts","G6pd2"
"rna_counts","Dthd1"
"rna_counts","Nwd2"
"rna_counts","0610040J01Rik"
"rna_counts","5830416I19Rik"
"rna_counts","Pgm2"
"rna_counts","Tbc1d1"
"rna_counts","4930526M16Rik"
"rna_counts","C030018K13Rik"
"rna_counts","Klf3"
"rna_counts","C230096K16Rik"
"rna_counts","Fam114a1"
"rna_counts","Mir574"
"rna_counts","Klhl5"
"rna_counts","Wdr19"
"rna_counts","Klb"
"rna_counts","Lias"
"rna_counts","1110003F10Rik"
"rna_counts","4930589O11Rik"
"rna_counts","Ube2k"
"rna_counts","N4bp2"
"rna_counts","Rhoh"
"rna_counts","Chrna9"
"rna_counts","4930480C01Rik"
"rna_counts","Nsun7"
"rna_counts","Uchl1"
"rna_counts","Limch1"
"rna_counts","Tmem33"
"rna_counts","Slc30a9"
"rna_counts","C330024D21Rik"
"rna_counts","Shisa3"
"rna_counts","Grxcr1"
"rna_counts","Guf1"
"rna_counts","Gabrb1"
"rna_counts","Atp10d"
"rna_counts","4933408A14Rik"
"rna_counts","Nipal1"
"rna_counts","Slain2"
"rna_counts","Slc10a4"
"rna_counts","1700071G01Rik"
"rna_counts","Ociad1"
"rna_counts","Cwh43"
"rna_counts","Dcun1d4"
"rna_counts","Spata18"
"rna_counts","1700019F05Rik"
"rna_counts","C78283"
"rna_counts","Usp46os1"
"rna_counts","Usp46os2"
"rna_counts","Dancr"
"rna_counts","Snora26"
"rna_counts","Rasl11b"
"rna_counts","Fip1l1"
"rna_counts","Gsx2"
"rna_counts","Pdgfra"
"rna_counts","Mir7025"
"rna_counts","Kit"
"rna_counts","Srd5a3"
"rna_counts","Tmem165"
"rna_counts","Apc-ps1"
"rna_counts","4930432L08Rik"
"rna_counts","Exoc1"
"rna_counts","Cep135"
"rna_counts","C530008M17Rik"
"rna_counts","2310040G07Rik"
"rna_counts","Paics"
"rna_counts","Srp72"
"rna_counts","Arl9"
"rna_counts","Thegl"
"rna_counts","Hopxos"
"rna_counts","Rest"
"rna_counts","Mir5098"
"rna_counts","Polr2b"
"rna_counts","1700017L05Rik"
"rna_counts","Mthfr-ps1"
"rna_counts","Adgrl3"
"rna_counts","2900064F13Rik"
"rna_counts","Hmgn2-ps1"
"rna_counts","Stap1"
"rna_counts","Ythdc1"
"rna_counts","AC160532.1"
"rna_counts","Ugt2b35"
"rna_counts","Csn1s1"
"rna_counts","Csn1s2a"
"rna_counts","Csn1s2b"
"rna_counts","Prr27"
"rna_counts","Odam"
"rna_counts","BC037156"
"rna_counts","Csn3"
"rna_counts","BC051076"
"rna_counts","2310003L06Rik"
"rna_counts","Cabs1"
"rna_counts","Smr3a"
"rna_counts","Smr2"
"rna_counts","Prol1"
"rna_counts","Amtn"
"rna_counts","Ambn"
"rna_counts","Enam"
"rna_counts","Utp3"
"rna_counts","Rufy3"
"rna_counts","Mob1b"
"rna_counts","Dck"
"rna_counts","Slc4a4"
"rna_counts","Npffr2"
"rna_counts","Eif5al3-ps"
"rna_counts","Alb"
"rna_counts","Afp"
"rna_counts","Afm"
"rna_counts","Albfm1"
"rna_counts","Cxcl5"
"rna_counts","Ppbp"
"rna_counts","Pf4"
"rna_counts","Cxcl3"
"rna_counts","Cxcl15"
"rna_counts","Cxcl1"
"rna_counts","Cxcl2"
"rna_counts","Mthfd2l"
"rna_counts","Epgn"
"rna_counts","Ereg"
"rna_counts","Areg"
"rna_counts","Parm1"
"rna_counts","Thap6"
"rna_counts","Odaph"
"rna_counts","Uso1"
"rna_counts","Art3"
"rna_counts","Mir6415"
"rna_counts","Fam47e"
"rna_counts","Stbd1"
"rna_counts","Shroom3"
"rna_counts","Sept11"
"rna_counts","2010109A12Rik"
"rna_counts","Ccng2"
"rna_counts","AA792892"
"rna_counts","D5Ertd577e"
"rna_counts","E330014E10Rik"
"rna_counts","Cxcl13"
"rna_counts","Mrpl1"
"rna_counts","Fras1"
"rna_counts","Anxa3"
"rna_counts","1700016F12Rik"
"rna_counts","Bmp2k"
"rna_counts","4930467D21Rik"
"rna_counts","Prdm8"
"rna_counts","Fgf5"
"rna_counts","Cfap299"
"rna_counts","E030032P16Rik"
"rna_counts","Bmp3"
"rna_counts","4930405H06Rik"
"rna_counts","4930522N08Rik"
"rna_counts","Vamp9"
"rna_counts","Enoph1"
"rna_counts","Tmem150cos"
"rna_counts","2310034O05Rik"
"rna_counts","Cops4"
"rna_counts","Mrps18c"
"rna_counts","Gpat3"
"rna_counts","Cycs-ps2"
"rna_counts","9430085M18Rik"
"rna_counts","Cds1"
"rna_counts","Arhgap24"
"rna_counts","1700021F02Rik"
"rna_counts","Ptpn13"
"rna_counts","Aff1"
"rna_counts","Nudt9"
"rna_counts","Mir5619"
"rna_counts","Dspp"
"rna_counts","Dmp1"
"rna_counts","Ibsp"
"rna_counts","Mepe"
"rna_counts","Spp1"
"rna_counts","Pkd2"
"rna_counts","Thoc2l"
"rna_counts","AC123687.1"
"rna_counts","Lrrc8b"
"rna_counts","Lrrc8c"
"rna_counts","C230066G23Rik"
"rna_counts","Lrrc8d"
"rna_counts","Zfp326"
"rna_counts","4930458A03Rik"
"rna_counts","Olfr719-ps"
"rna_counts","Cdc7"
"rna_counts","Brdt"
"rna_counts","n-R5s173"
"rna_counts","Ephx4"
"rna_counts","Lpcat2b"
"rna_counts","Btbd8"
"rna_counts","1700028K03Rik"
"rna_counts","Rpap2"
"rna_counts","5830411K02Rik"
"rna_counts","A430072P03Rik"
"rna_counts","Ube2d2b"
"rna_counts","Snord21"
"rna_counts","Mtf2"
"rna_counts","Ccdc18"
"rna_counts","Dr1"
"rna_counts","Pigg"
"rna_counts","9330198I05Rik"
"rna_counts","Pde6b"
"rna_counts","AC158912.1"
"rna_counts","Pcgf3"
"rna_counts","Tmem175"
"rna_counts","Idua"
"rna_counts","Fgfrl1"
"rna_counts","1700047L14Rik"
"rna_counts","Vmn2r16"
"rna_counts","Vmn2r17"
"rna_counts","Zfp932"
"rna_counts","Plcxd1"
"rna_counts","Zfp605"
"rna_counts","Chfr"
"rna_counts","Golga3"
"rna_counts","Ankle2"
"rna_counts","Pole"
"rna_counts","Lrcol1"
"rna_counts","A630023P12Rik"
"rna_counts","Galnt9"
"rna_counts","Ddx51"
"rna_counts","Chek2"
"rna_counts","Ttc28"
"rna_counts","Mir701"
"rna_counts","Pitpnb"
"rna_counts","Mn1"
"rna_counts","C130026L21Rik"
"rna_counts","1700016B01Rik"
"rna_counts","1700028D13Rik"
"rna_counts","Crybb1"
"rna_counts","Tpst2"
"rna_counts","Tfip11"
"rna_counts","Hps4"
"rna_counts","4933415J04Rik"
"rna_counts","1700095B10Rik"
"rna_counts","4930557B06Rik"
"rna_counts","Tmem211"
"rna_counts","Aym1"
"rna_counts","Wscd2"
"rna_counts","Ficd"
"rna_counts","Iscu"
"rna_counts","Dao"
"rna_counts","Usp30"
"rna_counts","Ung"
"rna_counts","Acacb"
"rna_counts","Myo1h"
"rna_counts","Ube3b"
"rna_counts","Mir7027"
"rna_counts","Mvk"
"rna_counts","Fam222a"
"rna_counts","Tchp"
"rna_counts","Mir7028"
"rna_counts","Ankrd13a"
"rna_counts","Mir6240"
"rna_counts","4930519G04Rik"
"rna_counts","Oasl2"
"rna_counts","Oasl1"
"rna_counts","2210016L21Rik"
"rna_counts","Hnf1aos1"
"rna_counts","Hnf1aos2"
"rna_counts","1810017P11Rik"
"rna_counts","Sppl3"
"rna_counts","C730045M19Rik"
"rna_counts","Pop5"
"rna_counts","Coq5"
"rna_counts","Srsf9"
"rna_counts","Triap1"
"rna_counts","Msi1"
"rna_counts","Pla2g1b"
"rna_counts","Pxn"
"rna_counts","Gcn1"
"rna_counts","Mir7029"
"rna_counts","Rab35"
"rna_counts","Mir7030"
"rna_counts","Cit"
"rna_counts","C330018A13Rik"
"rna_counts","B230112J18Rik"
"rna_counts","Srrm4os"
"rna_counts","4930569F06Rik"
"rna_counts","9530046B11Rik"
"rna_counts","Taok3"
"rna_counts","n-R5s174"
"rna_counts","Vsig10"
"rna_counts","Wsb2"
"rna_counts","Ksr2"
"rna_counts","Nos1"
"rna_counts","Fbxo21"
"rna_counts","Tesc"
"rna_counts","Hrk"
"rna_counts","2410131K14Rik"
"rna_counts","Med13l"
"rna_counts","4930413E15Rik"
"rna_counts","1700081H04Rik"
"rna_counts","n-R5s175"
"rna_counts","Tbx3"
"rna_counts","Tbx5"
"rna_counts","n-R5s176"
"rna_counts","Rbm19"
"rna_counts","Lhx5"
"rna_counts","Sds"
"rna_counts","Slc8b1"
"rna_counts","Iqcd"
"rna_counts","Ddx54"
"rna_counts","Rasal1"
"rna_counts","Oas1b"
"rna_counts","Oas1f"
"rna_counts","Oas1h"
"rna_counts","Oas1d"
"rna_counts","Hectd4"
"rna_counts","Naa25"
"rna_counts","Tmem116"
"rna_counts","4930477O15Rik"
"rna_counts","Brap"
"rna_counts","Atxn2"
"rna_counts","1700008B11Rik"
"rna_counts","Pheta1"
"rna_counts","Myl2"
"rna_counts","Ppp1cc"
"rna_counts","Hvcn1"
"rna_counts","Pptc7"
"rna_counts","Vps29"
"rna_counts","Gpn3"
"rna_counts","Arpc3"
"rna_counts","Anapc7"
"rna_counts","P2rx7"
"rna_counts","Mir8115"
"rna_counts","P2rx4"
"rna_counts","Rnf34"
"rna_counts","A930024E05Rik"
"rna_counts","Orai1"
"rna_counts","Tmem120b"
"rna_counts","4932422M17Rik"
"rna_counts","Setd1b"
"rna_counts","Psmd9"
"rna_counts","Wdr66"
"rna_counts","Bcl7a"
"rna_counts","5830487J09Rik"
"rna_counts","Mlxip"
"rna_counts","Lrrc43"
"rna_counts","B3gnt4"
"rna_counts","Kntc1"
"rna_counts","Denr"
"rna_counts","Ccdc62"
"rna_counts","Hip1r"
"rna_counts","Mir7032"
"rna_counts","Ogfod2"
"rna_counts","Arl6ip4"
"rna_counts","Pitpnm2os2"
"rna_counts","Pitpnm2os1"
"rna_counts","2810006K23Rik"
"rna_counts","Kmt5a"
"rna_counts","Snrnp35"
"rna_counts","Tmed2"
"rna_counts","Ddx55"
"rna_counts","Gtf2h3"
"rna_counts","Tctn2"
"rna_counts","Atp6v0a2"
"rna_counts","Dnah10"
"rna_counts","Zfp664"
"rna_counts","Rflna"
"rna_counts","Bri3bp"
"rna_counts","Aacs"
"rna_counts","Tmem132b"
"rna_counts","1700048F04Rik"
"rna_counts","1700081B01Rik"
"rna_counts","4933438B17Rik"
"rna_counts","4930572K03Rik"
"rna_counts","Tmem132c"
"rna_counts","9430087B13Rik"
"rna_counts","Glt1d1"
"rna_counts","Fzd10"
"rna_counts","Piwil1"
"rna_counts","Ran"
"rna_counts","Adgrd1"
"rna_counts","Sfswap"
"rna_counts","Mmp17"
"rna_counts","Mrps17"
"rna_counts","Nipsnap2"
"rna_counts","Cct6a"
"rna_counts","Snora15"
"rna_counts","Sumf2"
"rna_counts","Zbed5"
"rna_counts","Nupr1l"
"rna_counts","Vkorc1l1"
"rna_counts","Crcp"
"rna_counts","Tpst1"
"rna_counts","2210412B16Rik"
"rna_counts","Kctd7"
"rna_counts","Rabgef1"
"rna_counts","Tmem248"
"rna_counts","Tyw1"
"rna_counts","Caln1"
"rna_counts","2810432F15Rik"
"rna_counts","4930563F08Rik"
"rna_counts","Castor2"
"rna_counts","B230377A18Rik"
"rna_counts","Gtf2ird2"
"rna_counts","Mir3965"
"rna_counts","n-R5s178"
"rna_counts","Mir7228"
"rna_counts","Rfc2"
"rna_counts","4933439J24Rik"
"rna_counts","Mettl27"
"rna_counts","Cldn3"
"rna_counts","Abhd11"
"rna_counts","Stx1a"
"rna_counts","Dnajc30"
"rna_counts","Mlxipl"
"rna_counts","Tbl2"
"rna_counts","Bcl7b"
"rna_counts","Baz1b"
"rna_counts","9430007M09Rik"
"rna_counts","Trim50"
"rna_counts","Nsun5"
"rna_counts","Rhbdd2"
"rna_counts","Por"
"rna_counts","Mdh2"
"rna_counts","Srrm3"
"rna_counts","Hspb1"
"rna_counts","Zp3"
"rna_counts","Dtx2"
"rna_counts","Upk3b"
"rna_counts","Upk3bl"
"rna_counts","Rasa4"
"rna_counts","Mir7035"
"rna_counts","Polr2j"
"rna_counts","Alkbh4"
"rna_counts","Myl10"
"rna_counts","Ift22"
"rna_counts","4933404O12Rik"
"rna_counts","Fis1"
"rna_counts","Cldn15"
"rna_counts","Plod3"
"rna_counts","Mir702"
"rna_counts","Vgf"
"rna_counts","Ache"
"rna_counts","Mir8116"
"rna_counts","Ufsp1"
"rna_counts","Ephb4"
"rna_counts","9130604C24Rik"
"rna_counts","Gigyf1"
"rna_counts","Actl6b"
"rna_counts","Tfr2"
"rna_counts","Lrch4"
"rna_counts","Sap25"
"rna_counts","Tsc22d4"
"rna_counts","Ppp1r35"
"rna_counts","Zcwpw1"
"rna_counts","Azgp1"
"rna_counts","Smok3a"
"rna_counts","Smok3b"
"rna_counts","Smok3c"
"rna_counts","Zkscan1"
"rna_counts","Zscan21"
"rna_counts","Cops6"
"rna_counts","Ap4m1"
"rna_counts","Cnpy4"
"rna_counts","Mblac1"
"rna_counts","Nxpe5"
"rna_counts","Lamtor4"
"rna_counts","6330418K02Rik"
"rna_counts","Stag3"
"rna_counts","Pvrig"
"rna_counts","Pvrig-ps"
"rna_counts","Zfp157"
"rna_counts","Vmn2r-ps24"
"rna_counts","A430033K04Rik"
"rna_counts","Fam20c"
"rna_counts","6330403L08Rik"
"rna_counts","Dnaaf5"
"rna_counts","Sun1"
"rna_counts","Get4"
"rna_counts","Cyp2w1"
"rna_counts","Gpr146"
"rna_counts","C130050O18Rik"
"rna_counts","Gper1"
"rna_counts","4930500L23Rik"
"rna_counts","Uncx"
"rna_counts","Mafk"
"rna_counts","Elfn1"
"rna_counts","Nudt1"
"rna_counts","Eif3b"
"rna_counts","Mir7038"
"rna_counts","Chst12"
"rna_counts","Lfng"
"rna_counts","Brat1"
"rna_counts","Amz1"
"rna_counts","Sdk1"
"rna_counts","Foxk1"
"rna_counts","Ap5z1"
"rna_counts","Wipi2"
"rna_counts","Slc29a4"
"rna_counts","Fscn1"
"rna_counts","Spdye4b"
"rna_counts","4930448H16Rik"
"rna_counts","Zfp12"
"rna_counts","BC030343"
"rna_counts","0610040B10Rik"
"rna_counts","Grid2ip"
"rna_counts","Kdelr2"
"rna_counts","Daglb"
"rna_counts","Fam220a"
"rna_counts","Cyth3"
"rna_counts","D130017N08Rik"
"rna_counts","Eif2ak1"
"rna_counts","Pms2"
"rna_counts","Rsph10b"
"rna_counts","Lmtk2"
"rna_counts","Bhlha15"
"rna_counts","Bri3"
"rna_counts","Dmrt1i"
"rna_counts","Nptx2"
"rna_counts","Trrap"
"rna_counts","1700018F24Rik"
"rna_counts","Arpc1a"
"rna_counts","Arpc1b"
"rna_counts","Bud31"
"rna_counts","Cpsf4"
"rna_counts","Zkscan5"
"rna_counts","Zfp655"
"rna_counts","Zscan25"
"rna_counts","Cyp3a57"
"rna_counts","Cyp3a59"
"rna_counts","Cdk8"
"rna_counts","Wasf3"
"rna_counts","4930449I24Rik"
"rna_counts","4930573C15Rik"
"rna_counts","1700041I07Rik"
"rna_counts","Rasl11a"
"rna_counts","Gtf3a"
"rna_counts","Polr1d"
"rna_counts","Gsx1"
"rna_counts","Pdx1"
"rna_counts","D5Ertd605e"
"rna_counts","Pan3"
"rna_counts","Pomp"
"rna_counts","Mtus2"
"rna_counts","2210417A02Rik"
"rna_counts","4930505K14Rik"
"rna_counts","8430423G03Rik"
"rna_counts","Uspl1"
"rna_counts","2310047D07Rik"
"rna_counts","Alox5ap"
"rna_counts","BC028471"
"rna_counts","Medag"
"rna_counts","Tex26"
"rna_counts","4933425D22Rik"
"rna_counts","Wdr95"
"rna_counts","B3glct"
"rna_counts","4930500F04Rik"
"rna_counts","Rxfp2"
"rna_counts","Fry"
"rna_counts","Brca2"
"rna_counts","Pds5b"
"rna_counts","Kl"
"rna_counts","5430435K18Rik"
"rna_counts","1700028E10Rik"
"rna_counts","AC120011.1"
"rna_counts","V1rg10"
"rna_counts","Rbm48"
"rna_counts","4833413G10Rik"
"rna_counts","Gatad1"
"rna_counts","Ankib1"
"rna_counts","Mterf1a"
"rna_counts","Cyp51"
"rna_counts","Fzd1"
"rna_counts","Cdk14"
"rna_counts","1700015F17Rik"
"rna_counts","Cldn12"
"rna_counts","Gtpbp10"
"rna_counts","Cfap69"
"rna_counts","Steap2"
"rna_counts","Steap1"
"rna_counts","Zfp804b"
"rna_counts","Adam22"
"rna_counts","Dbf4"
"rna_counts","Rundc3b"
"rna_counts","Crot"
"rna_counts","Dmtf1"
"rna_counts","Grm3"
"rna_counts","4930558F17Rik"
"rna_counts","1700108N06Rik"
"rna_counts","4930437M23Rik"
"rna_counts","1700003C15Rik"
"rna_counts","4930568A13Rik"
"rna_counts","Speer4e"
"rna_counts","4930572O03Rik"
"rna_counts","Speer4c"
"rna_counts","4930519H02Rik"
"rna_counts","Cd36"
"rna_counts","Gnai1"
"rna_counts","4921504A21Rik"
"rna_counts","Phtf2"
"rna_counts","Rsbn1l"
"rna_counts","Ptpn12"
"rna_counts","Ccdc146"
"rna_counts","Fbxl13"
"rna_counts","Napepld"
"rna_counts","Dnajc2"
"rna_counts","Slc26a5"
"rna_counts","Reln"
"rna_counts","Dnaja1-ps"
"rna_counts","n-R5s170"
"rna_counts","Orc5"
"rna_counts","A930003O13Rik"
"rna_counts","5031425E22Rik"
"rna_counts","Srpk2"
"rna_counts","AI506816"
"rna_counts","Pus7"
"rna_counts","4933427G23Rik"
"rna_counts","AC117663.3"
"rna_counts","AC117663.2"
"rna_counts","Tomm7"
"rna_counts","AC117663.1"
"rna_counts","Fam126a"
"rna_counts","Kcnh2"
"rna_counts","Atg9b"
"rna_counts","Cdk5"
"rna_counts","Fastk"
"rna_counts","Tmub1"
"rna_counts","Gbx1"
"rna_counts","Asb10"
"rna_counts","Iqca1l"
"rna_counts","Abcf2"
"rna_counts","Smarcd3"
"rna_counts","Wdr86"
"rna_counts","Crygn"
"rna_counts","Rheb"
"rna_counts","Prkag2"
"rna_counts","E130116L18Rik"
"rna_counts","Kmt2c"
"rna_counts","Xrcc2"
"rna_counts","Speer4a"
"rna_counts","5031410I06Rik"
"rna_counts","4930584F24Rik"
"rna_counts","Speer4b"
"rna_counts","Paxip1"
"rna_counts","Cnpy1"
"rna_counts","Shh"
"rna_counts","Lmbr1"
"rna_counts","C79130"
"rna_counts","Mnx1"
"rna_counts","A230098N10Rik"
"rna_counts","Tyms"
"rna_counts","3110082J24Rik"
"rna_counts","Hadha"
"rna_counts","Adgrf3"
"rna_counts","Otof"
"rna_counts","Cib4"
"rna_counts","Ost4"
"rna_counts","Cgref1"
"rna_counts","Preb"
"rna_counts","Slc5a6"
"rna_counts","Slc30a3"
"rna_counts","Ucn"
"rna_counts","Mpv17"
"rna_counts","Gtf3c2"
"rna_counts","Eif2b4"
"rna_counts","Zfp513"
"rna_counts","Ppm1g"
"rna_counts","Ift172"
"rna_counts","Fndc4"
"rna_counts","4930478M09Rik"
"rna_counts","4930566F21Rik"
"rna_counts","Supt7l"
"rna_counts","AI839979"
"rna_counts","Rbks"
"rna_counts","Mir3473e"
"rna_counts","Pisd"
"rna_counts","Prr14l"
"rna_counts","5033423K11Rik"
"rna_counts","Spon2"
"rna_counts","Ctbp1"
"rna_counts","Nkx1-1"
"rna_counts","Fam53a"
"rna_counts","Slbp"
"rna_counts","Tmem129"
"rna_counts","G630022F23Rik"
"rna_counts","Letm1"
"rna_counts","Nelfa"
"rna_counts","Mir7024"
"rna_counts","Poln"
"rna_counts","Haus3"
"rna_counts","Mxd4"
"rna_counts","Zfyve28"
"rna_counts","Tnip2"
"rna_counts","Mfsd10"
"rna_counts","Nop14"
"rna_counts","Mir467g"
"rna_counts","Lrpap1"
"rna_counts","E130018O15Rik"
"rna_counts","4930442P19Rik"
"rna_counts","Cpz"
"rna_counts","Trmt44"
"rna_counts","4931431C16Rik"
"rna_counts","Htra3"
"rna_counts","Sh3tc1"
"rna_counts","Sorcs2"
"rna_counts","2210406O10Rik"
"rna_counts","Tada2b"
"rna_counts","Tbc1d14"
"rna_counts","D5Ertd579e"
"rna_counts","Bloc1s4"
"rna_counts","Mrfap1"
"rna_counts","Man2b2"
"rna_counts","Ppp2r2cos"
"rna_counts","Wfs1"
"rna_counts","Evc"
"rna_counts","Stk32b"
"rna_counts","Msx1"
"rna_counts","Nsg1"
"rna_counts","Zbtb49"
"rna_counts","Slc2a9"
"rna_counts","Wdr1"
"rna_counts","Zfp518b"
"rna_counts","Clnk"
"rna_counts","4930421C12Rik"
"rna_counts","4930513D17Rik"
"rna_counts","Hs3st1"
"rna_counts","Rab28"
"rna_counts","Nkx3-2"
"rna_counts","Bod1l"
"rna_counts","Fbxl5"
"rna_counts","Fgfbp1"
"rna_counts","Prom1"
"rna_counts","Tapt1"
"rna_counts","E430021H15Rik"
"rna_counts","Ldb2"
"rna_counts","8030487O14Rik"
"rna_counts","E030026E10Rik"
"rna_counts","D5Ertd615e"
"rna_counts","Qdpr"
"rna_counts","Fam184b"
"rna_counts","1600023N17Rik"
"rna_counts","Lcorl"
"rna_counts","4930405L22Rik"
"rna_counts","4930518C09Rik"
"rna_counts","Kcnip4"
"rna_counts","C030015E24Rik"
"rna_counts","2900064K03Rik"
"rna_counts","Adgra3"
"rna_counts","Ppargc1a"
"rna_counts","Mir6417"
"rna_counts","Dhx15"
"rna_counts","C130083M11Rik"
"rna_counts","Ccdc149"
"rna_counts","Lgi2"
"rna_counts","8030423F21Rik"
"rna_counts","Sepsecs"
"rna_counts","5033403H07Rik"
"rna_counts","Sel1l3"
"rna_counts","n-R5s172"
"rna_counts","Cckar"
"rna_counts","4932441J04Rik"
"rna_counts","4930459L07Rik"
"rna_counts","4933402J10Rik"
"rna_counts","1700014F14Rik"
"rna_counts","Arap2"
"rna_counts","Rell1"
"rna_counts","1700027F09Rik"
"rna_counts","AC161757.1"
"rna_counts","Tlr1"
"rna_counts","Tlr6"
"rna_counts","Tmem156"
"rna_counts","Rfc1"
"rna_counts","Ugdh"
"rna_counts","Smim14"
"rna_counts","Pds5a"
"rna_counts","C030017G13Rik"
"rna_counts","N4bp2os"
"rna_counts","9130230L23Rik"
"rna_counts","Rbm47"
"rna_counts","1700126H18Rik"
"rna_counts","Apbb2"
"rna_counts","C530043K16Rik"
"rna_counts","Uchl1os"
"rna_counts","Phox2b"
"rna_counts","Bend4"
"rna_counts","1700025A08Rik"
"rna_counts","Atp8a1"
"rna_counts","D630030B08Rik"
"rna_counts","4930425K10Rik"
"rna_counts","Kctd8"
"rna_counts","D130004A15Rik"
"rna_counts","Yipf7"
"rna_counts","3110031N09Rik"
"rna_counts","Gnpda2"
"rna_counts","Gabrg1"
"rna_counts","Gabra2"
"rna_counts","Cox7b2"
"rna_counts","Gabra4"
"rna_counts","Commd8"
"rna_counts","Corin"
"rna_counts","AU023070"
"rna_counts","Nfxl1"
"rna_counts","Zar1"
"rna_counts","Slc10a4l"
"rna_counts","Cnga1"
"rna_counts","Txk"
"rna_counts","Tec"
"rna_counts","Fryl"
"rna_counts","1700025M24Rik"
"rna_counts","Ociad2"
"rna_counts","Lrrc66"
"rna_counts","Sgcb"
"rna_counts","Usp46"
"rna_counts","A330058E17Rik"
"rna_counts","Scfd2"
"rna_counts","6720475M21Rik"
"rna_counts","Lnx1"
"rna_counts","Chic2"
"rna_counts","Olfr1401-ps1"
"rna_counts","Kdr"
"rna_counts","Clock"
"rna_counts","Ube2n-ps1"
"rna_counts","Pdcl2"
"rna_counts","Nmu"
"rna_counts","A730089K16Rik"
"rna_counts","Aasdh"
"rna_counts","Ppat"
"rna_counts","1700112J05Rik"
"rna_counts","Hopx"
"rna_counts","Chaer1"
"rna_counts","Spink2"
"rna_counts","Noa1"
"rna_counts","Igfbp7"
"rna_counts","Pea15b"
"rna_counts","1700008H02Rik"
"rna_counts","1700031L13Rik"
"rna_counts","Mir1187"
"rna_counts","Tecrl"
"rna_counts","Epha5"
"rna_counts","Cenpc1"
"rna_counts","Uba6"
"rna_counts","Gnrhr"
"rna_counts","Tmprss11c"
"rna_counts","Tmprss11d"
"rna_counts","Tmprss11a"
"rna_counts","Tmprss11g"
"rna_counts","Tmprss11f"
"rna_counts","Tmprss11b"
"rna_counts","Tmprss11e"
"rna_counts","Ugt2b34"
"rna_counts","Ugt2b1"
"rna_counts","Ugt2b36"
"rna_counts","Ugt2b5"
"rna_counts","Ugt2b37"
"rna_counts","Ugt2a3"
"rna_counts","Ugt2b38"
"rna_counts","Ugt2a2"
"rna_counts","Ugt2a1"
"rna_counts","Sult1b1"
"rna_counts","Sult1d1"
"rna_counts","Sult1e1"
"rna_counts","Mir3969"
"rna_counts","Csn2"
"rna_counts","1700066N21Rik"
"rna_counts","Jchain"
"rna_counts","Grsf1"
"rna_counts","Mkrn1-ps1"
"rna_counts","Gc"
"rna_counts","Adamts3"
"rna_counts","Cox18"
"rna_counts","Ankrd17"
"rna_counts","Rassf6"
"rna_counts","Btc"
"rna_counts","Trmt112-ps1"
"rna_counts","1700063O14Rik"
"rna_counts","Rchy1"
"rna_counts","Cdkl2"
"rna_counts","G3bp2"
"rna_counts","U90926"
"rna_counts","Ppef2"
"rna_counts","Naaa"
"rna_counts","Sdad1"
"rna_counts","Cxcl9"
"rna_counts","Cxcl10"
"rna_counts","Cxcl11"
"rna_counts","Nup54"
"rna_counts","Scarb2"
"rna_counts","Ccdc158"
"rna_counts","Mir1961"
"rna_counts","Sowahb"
"rna_counts","Ccni"
"rna_counts","Kat2b-ps"
"rna_counts","C87414"
"rna_counts","BC061212"
"rna_counts","A430089I19Rik"
"rna_counts","BC080696"
"rna_counts","Cnot6l"
"rna_counts","Paqr3"
"rna_counts","Naa11"
"rna_counts","Gk2"
"rna_counts","Antxr2"
"rna_counts","C430019N01Rik"
"rna_counts","A730035I17Rik"
"rna_counts","Mir703"
"rna_counts","1700010H22Rik"
"rna_counts","Prkg2"
"rna_counts","Rasgef1b"
"rna_counts","Hnrnpd"
"rna_counts","Hnrnpdl"
"rna_counts","Tmem150c"
"rna_counts","Sec31a"
"rna_counts","5430416N02Rik"
"rna_counts","Lin54"
"rna_counts","Plac8"
"rna_counts","Coq2"
"rna_counts","Hpse"
"rna_counts","Helq"
"rna_counts","Abraxas1"
"rna_counts","4930458D05Rik"
"rna_counts","Nkx6-1"
"rna_counts","Wdfy3"
"rna_counts","1700013M08Rik"
"rna_counts","Mapk10"
"rna_counts","4930429D17Rik"
"rna_counts","5430427N15Rik"
"rna_counts","Slc10a6"
"rna_counts","1700016H13Rik"
"rna_counts","Klhl8"
"rna_counts","Hsd17b13"
"rna_counts","Hsd17b11"
"rna_counts","Sparcl1"
"rna_counts","Zfp951"
"rna_counts","Abcg3"
"rna_counts","Gbp8"
"rna_counts","Gbp9"
"rna_counts","Gbp4"
"rna_counts","Gbp10"
"rna_counts","Gbp6"
"rna_counts","Gbp11"
"rna_counts","Lrrc8dos"
"rna_counts","4930432H08Rik"
"rna_counts","Barhl2"
"rna_counts","Zfp644"
"rna_counts","Hfm1"
"rna_counts","Tgfbr3"
"rna_counts","Glmn"
"rna_counts","A930041C12Rik"
"rna_counts","4930428O21Rik"
"rna_counts","Gfi1"
"rna_counts","Evi5"
"rna_counts","Dipk1a"
"rna_counts","Tmed5"
"rna_counts","Atp5k"
"rna_counts","Mfsd7a"
"rna_counts","Cplx1"
"rna_counts","Gak"
"rna_counts","Dgkq"
"rna_counts","Slc26a1"
"rna_counts","Rnf212"
"rna_counts","Tmed11"
"rna_counts","Vmn2r8"
"rna_counts","Vmn2r9"
"rna_counts","Vmn2r-ps21"
"rna_counts","Vmn2r10"
"rna_counts","Vmn2r11"
"rna_counts","Vmn2r12"
"rna_counts","Vmn2r13"
"rna_counts","Vmn2r14"
"rna_counts","Vmn2r15"
"rna_counts","Crlf2"
"rna_counts","Vmn2r-ps23"
"rna_counts","5430403G16Rik"
"rna_counts","4930522L14Rik"
"rna_counts","A430073D23Rik"
"rna_counts","1010001B22Rik"
"rna_counts","Gtpbp6"
"rna_counts","Pgam5"
"rna_counts","Pxmp2"
"rna_counts","P2rx2"
"rna_counts","Fbrsl1"
"rna_counts","Noc4l"
"rna_counts","Ep400"
"rna_counts","Mir7026"
"rna_counts","Pus1"
"rna_counts","Ulk1"
"rna_counts","Hscb"
"rna_counts","E130006D01Rik"
"rna_counts","Miat"
"rna_counts","Cryba4"
"rna_counts","Srrd"
"rna_counts","Asphd2"
"rna_counts","Sez6l"
"rna_counts","1700034G24Rik"
"rna_counts","Myo18b"
"rna_counts","Grk3"
"rna_counts","Crybb2"
"rna_counts","Crybb3"
"rna_counts","2900026A02Rik"
"rna_counts","F830115B05Rik"
"rna_counts","Sgsm1"
"rna_counts","4930405N21Rik"
"rna_counts","Mir7229"
"rna_counts","Mir7230"
"rna_counts","Cmklr1"
"rna_counts","1700069L16Rik"
"rna_counts","Sart3"
"rna_counts","Tmem119"
"rna_counts","Selplg"
"rna_counts","Coro1c"
"rna_counts","Ssh1"
"rna_counts","Svop"
"rna_counts","Alkbh2"
"rna_counts","Foxn4"
"rna_counts","Kctd10"
"rna_counts","Mmab"
"rna_counts","Trpv4"
"rna_counts","Gltp"
"rna_counts","Git2"
"rna_counts","4930515G01Rik"
"rna_counts","1500011B03Rik"
"rna_counts","Ywhaq-ps2"
"rna_counts","Hnf1a"
"rna_counts","Acads"
"rna_counts","Unc119b"
"rna_counts","Mlec"
"rna_counts","Cabp1"
"rna_counts","Rnf10"
"rna_counts","Dynll1"
"rna_counts","Gatc"
"rna_counts","Cox6a1"
"rna_counts","4930401G09Rik"
"rna_counts","A930005G22Rik"
"rna_counts","4930430O22Rik"
"rna_counts","Sirt4"
"rna_counts","1110006O24Rik"
"rna_counts","Bicdl1"
"rna_counts","Prkab1"
"rna_counts","Tmem233"
"rna_counts","Ccdc60"
"rna_counts","4933424N20Rik"
"rna_counts","4930562A09Rik"
"rna_counts","Hspb8"
"rna_counts","Srrm4"
"rna_counts","4933430H06Rik"
"rna_counts","Gstm2-ps1"
"rna_counts","Suds3"
"rna_counts","Pebp1"
"rna_counts","BC051077"
"rna_counts","Rfc5"
"rna_counts","Fbxw8"
"rna_counts","Rnft2"
"rna_counts","Tbx3os1"
"rna_counts","Tbx3os2"
"rna_counts","1700021F13Rik"
"rna_counts","Sdsl"
"rna_counts","Plbd2"
"rna_counts","Tpcn1"
"rna_counts","2510016D11Rik"
"rna_counts","Rita1"
"rna_counts","Cfap73"
"rna_counts","Dtx1"
"rna_counts","Oas2"
"rna_counts","Oas3"
"rna_counts","Oas1e"
"rna_counts","Oas1c"
"rna_counts","Oas1g"
"rna_counts","Oas1a"
"rna_counts","AC015535.1"
"rna_counts","Rph3a"
"rna_counts","Ptpn11"
"rna_counts","Trafd1"
"rna_counts","Erp29"
"rna_counts","Adam1b"
"rna_counts","Adam1a"
"rna_counts","Mapkapk5"
"rna_counts","Aldh2"
"rna_counts","Acad12"
"rna_counts","Acad10"
"rna_counts","Sh2b3"
"rna_counts","Mir7031"
"rna_counts","4933437G19Rik"
"rna_counts","Cux2"
"rna_counts","Ccdc63"
"rna_counts","Tctn1"
"rna_counts","Rad9b"
"rna_counts","Fam216a"
"rna_counts","Atp2a2"
"rna_counts","Ift81"
"rna_counts","Camkk2"
"rna_counts","Anapc5"
"rna_counts","Kdm2b"
"rna_counts","Morn3"
"rna_counts","Rhof"
"rna_counts","AI480526"
"rna_counts","Hpd"
"rna_counts","Il31"
"rna_counts","Diablo"
"rna_counts","Mir7647"
"rna_counts","Vps33a"
"rna_counts","Clip1"
"rna_counts","Zcchc8"
"rna_counts","Rsrc2"
"rna_counts","Hcar2"
"rna_counts","Hcar1"
"rna_counts","Vps37b"
"rna_counts","Abcb9"
"rna_counts","Pitpnm2"
"rna_counts","Mphosph9"
"rna_counts","Cdk2ap1"
"rna_counts","Sbno1"
"rna_counts","Rilpl2"
"rna_counts","Rilpl1"
"rna_counts","Eif2b1"
"rna_counts","4930404A12Rik"
"rna_counts","Ccdc92"
"rna_counts","Ncor2"
"rna_counts","Scarb1"
"rna_counts","Ubc"
"rna_counts","Dhx37"
"rna_counts","Tmem132cos"
"rna_counts","Slc15a4"
"rna_counts","Tmem132d"
"rna_counts","4930573I07Rik"
"rna_counts","Fzd10os"
"rna_counts","4930553I04Rik"
"rna_counts","Rimbp2"
"rna_counts","Stx2"
"rna_counts","Zfp11"
"rna_counts","Sept14"
"rna_counts","Psph"
"rna_counts","Phkg1"
"rna_counts","Chchd2"
"rna_counts","Gusb"
"rna_counts","Asl"
"rna_counts","Sbds"
"rna_counts","A330070K13Rik"
"rna_counts","Galnt17"
"rna_counts","Auts2"
"rna_counts","C230071H17Rik"
"rna_counts","2610011E03Rik"
"rna_counts","1700030N18Rik"
"rna_counts","Rcc1l"
"rna_counts","Ncf1"
"rna_counts","Gtf2i"
"rna_counts","Gtf2ird1"
"rna_counts","Clip2"
"rna_counts","2700029L08Rik"
"rna_counts","Syna"
"rna_counts","Lat2"
"rna_counts","Eif4h"
"rna_counts","Limk1"
"rna_counts","Eln"
"rna_counts","Tmem270"
"rna_counts","Cldn13"
"rna_counts","9030607J07Rik"
"rna_counts","Cldn4"
"rna_counts","Wbscr25"
"rna_counts","Abhd11os"
"rna_counts","Bud23"
"rna_counts","Vps37d"
"rna_counts","Fzd9"
"rna_counts","Fkbp6"
"rna_counts","Pom121"
"rna_counts","Mir7033"
"rna_counts","Hip1"
"rna_counts","Ccl26"
"rna_counts","Ccl24"
"rna_counts","Tmem120a"
"rna_counts","Mir7034"
"rna_counts","Styxl1"
"rna_counts","Srrm3os"
"rna_counts","Ywhag"
"rna_counts","Ssc4d"
"rna_counts","Lrwd1"
"rna_counts","Orai2"
"rna_counts","Prkrip1"
"rna_counts","Sh2b2"
"rna_counts","Cux1"
"rna_counts","A430110C17Rik"
"rna_counts","Mir721"
"rna_counts","Col26a1"
"rna_counts","Znhit1"
"rna_counts","Ap1s1"
"rna_counts","Serpine1"
"rna_counts","Trim56"
"rna_counts","Muc3"
"rna_counts","CAAA01077340.1"
"rna_counts","Muc3a"
"rna_counts","Srrt"
"rna_counts","Mir7036"
"rna_counts","Trip6"
"rna_counts","Slc12a9"
"rna_counts","Zan"
"rna_counts","Epo"
"rna_counts","Pop7"
"rna_counts","Gnb2"
"rna_counts","Mir6418"
"rna_counts","Mospd3"
"rna_counts","Pcolce"
"rna_counts","Fbxo24"
"rna_counts","Irs3"
"rna_counts","Agfg2"
"rna_counts","Nyap1"
"rna_counts","Mepce"
"rna_counts","Pilra"
"rna_counts","Pilrb1"
"rna_counts","Pilrb2"
"rna_counts","Cyp3a13"
"rna_counts","Gjc3"
"rna_counts","Zfp113"
"rna_counts","Mcm7"
"rna_counts","Mir25"
"rna_counts","Mir93"
"rna_counts","Mir106b"
"rna_counts","Taf6"
"rna_counts","Map11"
"rna_counts","Gal3st4"
"rna_counts","Gpc2"
"rna_counts","Got2-ps1"
"rna_counts","Cyp3a61-ps1"
"rna_counts","1700123K08Rik"
"rna_counts","Zfp68"
"rna_counts","Pdgfa"
"rna_counts","Prkar1b"
"rna_counts","4930520M14Rik"
"rna_counts","Adap1"
"rna_counts","Cox19"
"rna_counts","3110082I17Rik"
"rna_counts","Mir339"
"rna_counts","Zfand2a"
"rna_counts","Micall2"
"rna_counts","Ints1"
"rna_counts","Mir7037"
"rna_counts","Tmem184a"
"rna_counts","Psmg3"
"rna_counts","Mad1l1"
"rna_counts","Mrm2"
"rna_counts","Snx8"
"rna_counts","Grifin"
"rna_counts","Ttyh3"
"rna_counts","Iqce"
"rna_counts","Gna12"
"rna_counts","Card11"
"rna_counts","Radil"
"rna_counts","Papolb"
"rna_counts","Mmd2"
"rna_counts","Tnrc18"
"rna_counts","Fbxl18"
"rna_counts","D430018E03Rik"
"rna_counts","Actb"
"rna_counts","Rnf216"
"rna_counts","Olfr718-ps1"
"rna_counts","Rbakdn"
"rna_counts","Rbak"
"rna_counts","Spdye4a"
"rna_counts","Zfp316"
"rna_counts","Zfp853"
"rna_counts","E130309D02Rik"
"rna_counts","Zdhhc4"
"rna_counts","9530056K15Rik"
"rna_counts","Rac1"
"rna_counts","Usp42"
"rna_counts","Ankrd61"
"rna_counts","Aimp2"
"rna_counts","Ccz1"
"rna_counts","Ocm"
"rna_counts","Tecpr1"
"rna_counts","2900089D17Rik"
"rna_counts","Baiap2l1"
"rna_counts","Tmem130"
"rna_counts","Smurf1"
"rna_counts","Mir7039"
"rna_counts","Kpna7"
"rna_counts","Pdap1"
"rna_counts","Ptcd1"
"rna_counts","Atp5j2"
"rna_counts","Zkscan14"
"rna_counts","Cyp3a16"
"rna_counts","Cyp3a41b"
"rna_counts","Selenok-ps7"
"rna_counts","Cyp3a63-ps"
"rna_counts","Cyp3a41a"
"rna_counts","Cyp3a44"
"rna_counts","Cyp3a11"
"rna_counts","Cyp3a25"
"rna_counts","1700001J03Rik"
"rna_counts","B230303O12Rik"
"rna_counts","Rnf6"
"rna_counts","Gpr12"
"rna_counts","Usp12"
"rna_counts","Mtif3"
"rna_counts","Lnx2"
"rna_counts","Plut"
"rna_counts","Mir7k"
"rna_counts","Cdx2"
"rna_counts","Urad"
"rna_counts","Flt3"
"rna_counts","Flt1"
"rna_counts","Slc46a3"
"rna_counts","Slc7a1"
"rna_counts","Ubl3"
"rna_counts","1700013A02Rik"
"rna_counts","n-R5s179"
"rna_counts","Katnal1"
"rna_counts","1810059H22Rik"
"rna_counts","5930430L01Rik"
"rna_counts","Hmgb1"
"rna_counts","Mm2pr"
"rna_counts","n-R5s180"
"rna_counts","Hsph1"
"rna_counts","AC154885.1"
"rna_counts","Zar1l"
"rna_counts","N4bp2l1"
"rna_counts","N4bp2l2"
"rna_counts","Stard13"
"rna_counts","D730045B01Rik"
"rna_counts","Vmn2r-ps25"
"rna_counts","Vmn2r-ps26"
"rna_counts","Vmn2r18"
"rna_counts","Rfc3"
"rna_counts","Vps50"
"rna_counts","Gngt1"
"rna_counts","Gng11"
"rna_counts","Col1a2"
"rna_counts","Casd1"
"rna_counts","Peg10"
"rna_counts","Ppp1r9a"
"rna_counts","Asb4"
"rna_counts","Dync1i1"
"rna_counts","Dlx6"
"rna_counts","Sdhaf3"
"rna_counts","Tac1"
"rna_counts","1700012J15Rik"
"rna_counts","C1galt1"
"rna_counts","Mios"
"rna_counts","Umad1"
"rna_counts","Glcci1"
"rna_counts","Nxph1"
"rna_counts","Phf14"
"rna_counts","n-R5s160"
"rna_counts","Tmem106b"
"rna_counts","AC121573.1"
"rna_counts","1700016P04Rik"
"rna_counts","1110019D14Rik"
"rna_counts","Foxp2"
"rna_counts","Mdfic"
"rna_counts","Tes"
"rna_counts","D830026I12Rik"
"rna_counts","Cav2"
"rna_counts","Cav1"
"rna_counts","Met"
"rna_counts","Capza2"
"rna_counts","St7"
"rna_counts","Cftr"
"rna_counts","Lsm8"
"rna_counts","Ankrd7"
"rna_counts","Mir6370"
"rna_counts","Kcnd2"
"rna_counts","5330437M03Rik"
"rna_counts","Ing3"
"rna_counts","Cped1"
"rna_counts","Wnt16"
"rna_counts","Ptprz1"
"rna_counts","C130093G08Rik"
"rna_counts","Asb15"
"rna_counts","Lmod2"
"rna_counts","Hyal6"
"rna_counts","Hyal4"
"rna_counts","Spam1"
"rna_counts","Hyal5"
"rna_counts","6530409C15Rik"
"rna_counts","Arf5"
"rna_counts","Fscn3"
"rna_counts","Snd1"
"rna_counts","Mir129-1"
"rna_counts","Lep"
"rna_counts","Hilpda"
"rna_counts","Fam71f2"
"rna_counts","Fam71f1"
"rna_counts","Calu"
"rna_counts","Ccdc136"
"rna_counts","Flnc"
"rna_counts","Atp6v1f"
"rna_counts","Atp6v1fnb"
"rna_counts","Irf5"
"rna_counts","Tspan33"
"rna_counts","Smo"
"rna_counts","Ahcyl2"
"rna_counts","Strip2"
"rna_counts","Smkr-ps"
"rna_counts","Nrf1"
"rna_counts","Rncr4"
"rna_counts","1700095J07Rik"
"rna_counts","n-R5s161"
"rna_counts","Klhdc10"
"rna_counts","1700012C14Rik"
"rna_counts","Ssmem1"
"rna_counts","Cpa2"
"rna_counts","Cpa4"
"rna_counts","Cpa5"
"rna_counts","Cpa1"
"rna_counts","Mest"
"rna_counts","Mir335"
"rna_counts","4930412F09Rik"
"rna_counts","2210408F21Rik"
"rna_counts","Mkln1"
"rna_counts","1700012A03Rik"
"rna_counts","Plxna4os3"
"rna_counts","Plxna4os2"
"rna_counts","Plxna4os1"
"rna_counts","Exoc4"
"rna_counts","Lrguk"
"rna_counts","Akr1b8"
"rna_counts","Akr1b10"
"rna_counts","Akr1b7"
"rna_counts","Bpgm"
"rna_counts","Cald1"
"rna_counts","Agbl3"
"rna_counts","Tmem140"
"rna_counts","Stra8"
"rna_counts","Nup205"
"rna_counts","1810058I24Rik"
"rna_counts","1700065J11Rik"
"rna_counts","Chrm2"
"rna_counts","Mir490"
"rna_counts","1700111E14Rik"
"rna_counts","Akr1d1"
"rna_counts","Atp6v0c-ps2"
"rna_counts","Trim24"
"rna_counts","Tmem213"
"rna_counts","Ttc26"
"rna_counts","Ubn2"
"rna_counts","Mir7670"
"rna_counts","Fmc1"
"rna_counts","Luc7l2"
"rna_counts","Clec2l"
"rna_counts","Tbxas1"
"rna_counts","4930599N23Rik"
"rna_counts","Rab19"
"rna_counts","8030453O22Rik"
"rna_counts","Adck2"
"rna_counts","Ndufb2"
"rna_counts","Tmem178b"
"rna_counts","Agk"
"rna_counts","Wee2"
"rna_counts","Ssbp1"
"rna_counts","Tas2r137"
"rna_counts","Tas2r108"
"rna_counts","Olfr460"
"rna_counts","Mgam"
"rna_counts","Mgam2-ps"
"rna_counts","Trbv1"
"rna_counts","1810009J06Rik"
"rna_counts","Trbv2"
"rna_counts","Trbv3"
"rna_counts","5830405F06Rik"
"rna_counts","Trbv4"
"rna_counts","Trbv5"
"rna_counts","Trbv6"
"rna_counts","Trbv7"
"rna_counts","Trbv8"
"rna_counts","Trbv9"
"rna_counts","Trbv10"
"rna_counts","Trbv11"
"rna_counts","Trbv12-1"
"rna_counts","Trbv13-1"
"rna_counts","Trbv12-2"
"rna_counts","Trbv13-2"
"rna_counts","Trbv12-3"
"rna_counts","Trbv13-3"
"rna_counts","Trbv14"
"rna_counts","Trbv15"
"rna_counts","Trbv16"
"rna_counts","Trbv17"
"rna_counts","Trbv18"
"rna_counts","Trbv19"
"rna_counts","Trbv20"
"rna_counts","Trbv21"
"rna_counts","Trbv22"
"rna_counts","Trbv23"
"rna_counts","Trbv24"
"rna_counts","Trbv25"
"rna_counts","Trbv26"
"rna_counts","Trbv27"
"rna_counts","Trbv28"
"rna_counts","Trbv29"
"rna_counts","Trbv30"
"rna_counts","Try4"
"rna_counts","Try10"
"rna_counts","Prss1"
"rna_counts","Prss2"
"rna_counts","Trbd1"
"rna_counts","Trbj1-1"
"rna_counts","Trbj1-2"
"rna_counts","Trbj1-3"
"rna_counts","Trbj1-4"
"rna_counts","Trbj1-5"
"rna_counts","Trbj1-6"
"rna_counts","Trbj1-7"
"rna_counts","Trbc1"
"rna_counts","Trbd2"
"rna_counts","Trbj2-1"
"rna_counts","Trbj2-2"
"rna_counts","Trbj2-3"
"rna_counts","Trbj2-4"
"rna_counts","Trbj2-5"
"rna_counts","Trbj2-6"
"rna_counts","Trbj2-7"
"rna_counts","Trbc2"
"rna_counts","Ephb6"
"rna_counts","Llcfc1"
"rna_counts","Pip"
"rna_counts","Sval2"
"rna_counts","Sval1"
"rna_counts","Sval3"
"rna_counts","Sva"
"rna_counts","Tas2r139"
"rna_counts","Tas2r144"
"rna_counts","Gstk1"
"rna_counts","Tmem139"
"rna_counts","Casp2"
"rna_counts","Clcn1"
"rna_counts","Zyx"
"rna_counts","2010310C07Rik"
"rna_counts","Tas2r143"
"rna_counts","Tas2r135"
"rna_counts","Tas2r126"
"rna_counts","Olfr454-ps1"
"rna_counts","Olfr453"
"rna_counts","Olfr38"
"rna_counts","Olfr452"
"rna_counts","Olfr451-ps1"
"rna_counts","Olfr450"
"rna_counts","Olfr449"
"rna_counts","Olfr448"
"rna_counts","Olfr447"
"rna_counts","Olfr446"
"rna_counts","Olrf445-ps1"
"rna_counts","Olfr444"
"rna_counts","Olfr443-ps1"
"rna_counts","Olfr442-ps1"
"rna_counts","Olfr441"
"rna_counts","Olfr440-ps1"
"rna_counts","Olfr439-ps1"
"rna_counts","Olfr237"
"rna_counts","Olfr437"
"rna_counts","Olfr13"
"rna_counts","Olfr436-ps1"
"rna_counts","Olfr435"
"rna_counts","Olfr434"
"rna_counts","Olfr47"
"rna_counts","Arhgef5"
"rna_counts","9430018G01Rik"
"rna_counts","Cntnap2"
"rna_counts","B230112I24Rik"
"rna_counts","6330419E04Rik"
"rna_counts","Cul1"
"rna_counts","Rny3"
"rna_counts","Zfp398"
"rna_counts","Zfp282"
"rna_counts","Zfp212"
"rna_counts","Zfp783"
"rna_counts","Zfp956"
"rna_counts","Krba1"
"rna_counts","Sspo"
"rna_counts","Zfp862-ps"
"rna_counts","Atp6v0e2"
"rna_counts","Lrrc61"
"rna_counts","AC154013.1"
"rna_counts","Repin1"
"rna_counts","Zfp775"
"rna_counts","AI854703"
"rna_counts","Gimap8"
"rna_counts","Gimap9"
"rna_counts","Gimap4"
"rna_counts","Gimap7"
"rna_counts","Gimap1"
"rna_counts","Gimap5"
"rna_counts","4833403J16Rik"
"rna_counts","Tmem176a"
"rna_counts","Aoc1"
"rna_counts","Doxl1"
"rna_counts","Doxl2"
"rna_counts","Svs1"
"rna_counts","Gpnmb"
"rna_counts","Malsu1"
"rna_counts","Ccdc126"
"rna_counts","Fam221a"
"rna_counts","Stk31"
"rna_counts","Npy"
"rna_counts","Mpp6"
"rna_counts","5430402O13Rik"
"rna_counts","Mir6371"
"rna_counts","C530044C16Rik"
"rna_counts","Nfe2l3"
"rna_counts","Cbx3"
"rna_counts","Snx10"
"rna_counts","Halr1"
"rna_counts","Hotairm1"
"rna_counts","Hoxaas2"
"rna_counts","Hoxaas3"
"rna_counts","5730596B20Rik"
"rna_counts","Hoxa11os"
"rna_counts","Hottip"
"rna_counts","Evx1"
"rna_counts","1700094M24Rik"
"rna_counts","Tax1bp1"
"rna_counts","Creb5"
"rna_counts","4921529L05Rik"
"rna_counts","Chn2"
"rna_counts","Prr15"
"rna_counts","Wipf3"
"rna_counts","Plekha8"
"rna_counts","Mturn"
"rna_counts","Znrf2"
"rna_counts","Gars"
"rna_counts","Mindy4"
"rna_counts","Aqp1"
"rna_counts","Ghrhr"
"rna_counts","6430584L05Rik"
"rna_counts","Adcyap1r1"
"rna_counts","Itprid1"
"rna_counts","Ppp1r17"
"rna_counts","Avl9"
"rna_counts","Fkbp9"
"rna_counts","Vmn1r4"
"rna_counts","Vmn1r5"
"rna_counts","Vmn1r6"
"rna_counts","Vmn1r8"
"rna_counts","Vmn1r9"
"rna_counts","Vmn1r10"
"rna_counts","Vmn1r11"
"rna_counts","Vmn1r12"
"rna_counts","Vmn1r-ps8"
"rna_counts","Vmn1r13"
"rna_counts","Vmn1r14"
"rna_counts","Vmn1r15"
"rna_counts","Vmn1r-ps9"
"rna_counts","Vmn1r-ps10"
"rna_counts","Vmn1r19"
"rna_counts","Vmn1r20"
"rna_counts","4930533I22Rik"
"rna_counts","Herc6"
"rna_counts","Lancl2"
"rna_counts","Vmn1r-ps18"
"rna_counts","Vmn1r28"
"rna_counts","Vmn1r29"
"rna_counts","Abcg2"
"rna_counts","Herc3"
"rna_counts","BB365896"
"rna_counts","Tigd2"
"rna_counts","n-R5s162"
"rna_counts","Mmrn1"
"rna_counts","Ccser1"
"rna_counts","Nasp-ps1"
"rna_counts","Grid2"
"rna_counts","Atoh1"
"rna_counts","Smarcad1"
"rna_counts","Qrfprl"
"rna_counts","Tnip3"
"rna_counts","Ndnf"
"rna_counts","Prdm5"
"rna_counts","4930544G11Rik"
"rna_counts","Mad2l1"
"rna_counts","Vmn1r37"
"rna_counts","Gng12"
"rna_counts","E230016M11Rik"
"rna_counts","A430010J10Rik"
"rna_counts","Serbp1"
"rna_counts","Igkv2-137"
"rna_counts","Igkv1-136"
"rna_counts","Igkv1-135"
"rna_counts","Igkv1-133"
"rna_counts","Igkv1-132"
"rna_counts","Igkv14-130"
"rna_counts","Igkv9-129"
"rna_counts","Igkv9-128"
"rna_counts","Igkv17-127"
"rna_counts","Igkv14-126-1"
"rna_counts","Igkv14-126"
"rna_counts","Igkv11-125"
"rna_counts","Igkv1-122"
"rna_counts","Igkv17-121"
"rna_counts","Igkv9-120"
"rna_counts","Igkv9-119"
"rna_counts","Igkv14-118-2"
"rna_counts","Igkv14-118-1"
"rna_counts","Igkv11-118"
"rna_counts","Igkv1-117"
"rna_counts","Igkv2-116"
"rna_counts","Igkv1-115"
"rna_counts","Igkv11-114"
"rna_counts","Igkv2-113"
"rna_counts","Igkv2-112"
"rna_counts","Igkv14-111"
"rna_counts","Igkv1-110"
"rna_counts","Igkv2-109"
"rna_counts","Igkv1-108"
"rna_counts","Igkv2-107"
"rna_counts","Igkv11-106"
"rna_counts","Igkv2-105"
"rna_counts","Igkv16-104"
"rna_counts","Igkv15-103"
"rna_counts","Igkv20-101-2"
"rna_counts","Igkv15-101-1"
"rna_counts","Igkv14-100"
"rna_counts","Igkv1-99"
"rna_counts","Igkv12-98"
"rna_counts","Igkv15-97"
"rna_counts","Igkv2-95-1"
"rna_counts","Igkv10-95"
"rna_counts","Igkv13-87"
"rna_counts","Igkv13-84"
"rna_counts","Igkv13-82"
"rna_counts","Igkv13-80-1"
"rna_counts","Igkv13-78-1"
"rna_counts","Igkv13-76"
"rna_counts","Igkv13-74-1"
"rna_counts","Igkv13-73-1"
"rna_counts","Igkv13-71-1"
"rna_counts","Igkv13-64"
"rna_counts","Igkv13-62-1"
"rna_counts","Igkv13-61-1"
"rna_counts","Rn7s6"
"rna_counts","Igkv13-57-2"
"rna_counts","Igkv13-57-1"
"rna_counts","Igkv13-56-1"
"rna_counts","Igkv13-55-1"
"rna_counts","Igkv13-54-1"
"rna_counts","Igkv8-26"
"rna_counts","Igkv6-25"
"rna_counts","Amd-ps5"
"rna_counts","Igkv8-18"
"rna_counts","Igkv6-17"
"rna_counts","Igkv3-12"
"rna_counts","Igkv3-11"
"rna_counts","Igkv3-10"
"rna_counts","Igkv3-9"
"rna_counts","Igkv3-8"
"rna_counts","Igkv3-7"
"rna_counts","Igkv3-6"
"rna_counts","Igkv3-5"
"rna_counts","Igkv3-4"
"rna_counts","Igkv3-3"
"rna_counts","Igkv3-2"
"rna_counts","Igkv3-1"
"rna_counts","Igkj1"
"rna_counts","Igkj2"
"rna_counts","Igkj3"
"rna_counts","Igkj4"
"rna_counts","Igkj5"
"rna_counts","Igkc"
"rna_counts","Eif2ak3"
"rna_counts","Foxi3"
"rna_counts","Fabp1"
"rna_counts","Mir8112"
"rna_counts","Krcc1"
"rna_counts","Cd8b1"
"rna_counts","Cd8a"
"rna_counts","Rnf103"
"rna_counts","Chmp3"
"rna_counts","Reep1"
"rna_counts","Immt"
"rna_counts","Polr1a"
"rna_counts","St3gal5"
"rna_counts","Sftpb"
"rna_counts","0610030E20Rik"
"rna_counts","Tmem150a"
"rna_counts","Ggcx"
"rna_counts","Particl"
"rna_counts","Capg"
"rna_counts","Retsat"
"rna_counts","Suclg1"
"rna_counts","Lrrtm1"
"rna_counts","Reg3b"
"rna_counts","Reg3a"
"rna_counts","Reg2"
"rna_counts","Reg1"
"rna_counts","Lrrtm4"
"rna_counts","Gcfc2"
"rna_counts","Eva1a"
"rna_counts","Tacr1"
"rna_counts","M1ap"
"rna_counts","Loxl3"
"rna_counts","Mir7040"
"rna_counts","Aup1"
"rna_counts","Dqx1"
"rna_counts","Pcgf1"
"rna_counts","Lbx2"
"rna_counts","Ccdc142"
"rna_counts","Mrpl53"
"rna_counts","Mogs"
"rna_counts","Rtkn"
"rna_counts","1700003E16Rik"
"rna_counts","Dctn1"
"rna_counts","Slc4a5"
"rna_counts","Mob1a"
"rna_counts","Bola3"
"rna_counts","B230319C09Rik"
"rna_counts","Vax2"
"rna_counts","Atp6v1b1"
"rna_counts","Ankrd53"
"rna_counts","Nagk"
"rna_counts","Zfp638"
"rna_counts","Dysf"
"rna_counts","4930504D19Rik"
"rna_counts","Npm3-ps1"
"rna_counts","Spr-ps1"
"rna_counts","Emx1"
"rna_counts","Noto"
"rna_counts","Smyd5"
"rna_counts","Cct7"
"rna_counts","Alms1"
"rna_counts","Alms1-ps1"
"rna_counts","Alms1-ps2"
"rna_counts","Ptges3-ps"
"rna_counts","Tprkb"
"rna_counts","4930553P18Rik"
"rna_counts","Figla"
"rna_counts","Add2"
"rna_counts","Tgfa"
"rna_counts","Fam136a"
"rna_counts","Snrpg"
"rna_counts","Tia1"
"rna_counts","C87436"
"rna_counts","1600020E01Rik"
"rna_counts","Asprv1"
"rna_counts","Aak1"
"rna_counts","Nfu1"
"rna_counts","Gfpt1"
"rna_counts","D6Ertd527e"
"rna_counts","n-R5s164"
"rna_counts","Gkn2"
"rna_counts","Bmp10"
"rna_counts","E230015B07Rik"
"rna_counts","Efcc1"
"rna_counts","Gp9"
"rna_counts","Copg1"
"rna_counts","Hmces"
"rna_counts","Rpn1"
"rna_counts","Gata2"
"rna_counts","Dnajb8"
"rna_counts","Ruvbl1"
"rna_counts","Mgll"
"rna_counts","Tpra1"
"rna_counts","4933427D06Rik"
"rna_counts","Txnrd3"
"rna_counts","Vmn1r40"
"rna_counts","Vmn1r41"
"rna_counts","Vmn1r-ps26"
"rna_counts","Vmn1r44"
"rna_counts","Vmn1r-ps28"
"rna_counts","Vmn1r46"
"rna_counts","Vmn1r-ps29"
"rna_counts","Vmn1r47"
"rna_counts","Vmn1r50"
"rna_counts","Vmn1r51"
"rna_counts","Vmn1r-ps32"
"rna_counts","Vmn1r52"
"rna_counts","V1ra8"
"rna_counts","Vmn1r-ps34"
"rna_counts","Vmn1r54"
"rna_counts","BC048671"
"rna_counts","Uroc1"
"rna_counts","Zxdc"
"rna_counts","C030015A19Rik"
"rna_counts","Klf15"
"rna_counts","Aldh1l1"
"rna_counts","Slc41a3"
"rna_counts","Ppp1r2-ps2"
"rna_counts","Hdac11"
"rna_counts","Fbln2"
"rna_counts","1810044D09Rik"
"rna_counts","Tmem43"
"rna_counts","Lsm3"
"rna_counts","Slc6a6"
"rna_counts","Ccdc174"
"rna_counts","4930590J08Rik"
"rna_counts","Fgd5"
"rna_counts","Nr2c2"
"rna_counts","A730049H05Rik"
"rna_counts","9530026P05Rik"
"rna_counts","Slc25a26"
"rna_counts","4930511E03Rik"
"rna_counts","Kbtbd8"
"rna_counts","Tafa1"
"rna_counts","Arl6ip5"
"rna_counts","Mitf"
"rna_counts","Gpr27"
"rna_counts","1700049E22Rik"
"rna_counts","Gxylt2"
"rna_counts","Ppp4r2"
"rna_counts","4930587E11Rik"
"rna_counts","Mir6373"
"rna_counts","Chl1"
"rna_counts","Cntn6"
"rna_counts","Cntn4"
"rna_counts","Trnt1"
"rna_counts","Lrrn1"
"rna_counts","4933431M02Rik"
"rna_counts","Setmar"
"rna_counts","Itpr1"
"rna_counts","Mir7661"
"rna_counts","Bhlhe40"
"rna_counts","Arl8b"
"rna_counts","Edem1"
"rna_counts","Grm7"
"rna_counts","1700054K19Rik"
"rna_counts","Lmcd1"
"rna_counts","Cav3"
"rna_counts","Thumpd3"
"rna_counts","Setd5"
"rna_counts","Mtmr14"
"rna_counts","Cpne9"
"rna_counts","Brpf1"
"rna_counts","Ogg1"
"rna_counts","Arpc4"
"rna_counts","Ttll3"
"rna_counts","Jagn1"
"rna_counts","Il17re"
"rna_counts","Il17rc"
"rna_counts","Creld1"
"rna_counts","Fancd2"
"rna_counts","Brk1"
"rna_counts","Vhl"
"rna_counts","Irak2"
"rna_counts","Tatdn2"
"rna_counts","Mir7042"
"rna_counts","Slc6a11"
"rna_counts","Slc6a1"
"rna_counts","Hrh1"
"rna_counts","Atg7"
"rna_counts","AC122843.1"
"rna_counts","Syn2"
"rna_counts","Pparg"
"rna_counts","Tsen2"
"rna_counts","Mkrn2"
"rna_counts","D830050J10Rik"
"rna_counts","Cand2"
"rna_counts","Mir7660"
"rna_counts","Ift122"
"rna_counts","Rho"
"rna_counts","H1f8"
"rna_counts","Washc2"
"rna_counts","Zfand4"
"rna_counts","March8"
"rna_counts","Olfr211"
"rna_counts","Olfr212"
"rna_counts","Olfr213"
"rna_counts","Eif4a3l2"
"rna_counts","Olfr214"
"rna_counts","Depp1"
"rna_counts","D030044L04Rik"
"rna_counts","Cxcl12"
"rna_counts","6820426E19Rik"
"rna_counts","Gemin6-ps"
"rna_counts","Zfp637"
"rna_counts","Zfp239"
"rna_counts","Hnrnpf"
"rna_counts","Rasgef1a"
"rna_counts","Mir7044"
"rna_counts","AC140192.1"
"rna_counts","Dcp1b"
"rna_counts","Cacna2d4"
"rna_counts","Fbxl14"
"rna_counts","Rad52"
"rna_counts","Ninj2"
"rna_counts","Kdm5a"
"rna_counts","Il17ra"
"rna_counts","1700072O05Rik"
"rna_counts","Cecr2"
"rna_counts","Slc25a18"
"rna_counts","Bcl2l13"
"rna_counts","Minpp1-ps"
"rna_counts","Pex26"
"rna_counts","Tuba8"
"rna_counts","Usp18"
"rna_counts","Slc6a13"
"rna_counts","Slc6a12"
"rna_counts","A2m"
"rna_counts","Mug1"
"rna_counts","Mug4-ps"
"rna_counts","Mug2"
"rna_counts","Mug-ps1"
"rna_counts","M6pr"
"rna_counts","1700063H04Rik"
"rna_counts","Mfap5"
"rna_counts","Aicda"
"rna_counts","Dppa3"
"rna_counts","Nanog"
"rna_counts","Foxj2"
"rna_counts","Mir7231"
"rna_counts","Necap1"
"rna_counts","Clec4a1"
"rna_counts","Clec4a3"
"rna_counts","Clec4a4"
"rna_counts","Clec4b1"
"rna_counts","Clec4a2"
"rna_counts","Clec4b2"
"rna_counts","Clec4n"
"rna_counts","Clec4d"
"rna_counts","Vmn2r19"
"rna_counts","Vmn2r-ps31"
"rna_counts","Vmn2r-ps32"
"rna_counts","Vmn2r23"
"rna_counts","Vmn2r24"
"rna_counts","Vmn2r26"
"rna_counts","Cd163"
"rna_counts","C1rl"
"rna_counts","C1ra"
"rna_counts","C1rb"
"rna_counts","Lpcat3"
"rna_counts","Phb2"
"rna_counts","Spsb2"
"rna_counts","Cdca3"
"rna_counts","A230083G16Rik"
"rna_counts","Mlf2"
"rna_counts","Pianp"
"rna_counts","Zfp384"
"rna_counts","Ing4"
"rna_counts","Acrbp"
"rna_counts","Lpar5"
"rna_counts","2010008C14Rik"
"rna_counts","Chd4"
"rna_counts","Mir7045"
"rna_counts","Nop2"
"rna_counts","Iffo1"
"rna_counts","Mrpl51"
"rna_counts","Mir3098"
"rna_counts","Vamp1"
"rna_counts","4930417O13Rik"
"rna_counts","Scnn1a"
"rna_counts","Tnfrsf1a"
"rna_counts","Vwf"
"rna_counts","Ano2"
"rna_counts","1700018A23Rik"
"rna_counts","Akap3"
"rna_counts","D6Wsu163e"
"rna_counts","Fgf6"
"rna_counts","Fgf23"
"rna_counts","Platr31"
"rna_counts","9330179D12Rik"
"rna_counts","Parp11"
"rna_counts","Cracr2a"
"rna_counts","Tspan11"
"rna_counts","Foxm1"
"rna_counts","Tex52"
"rna_counts","Nrip2"
"rna_counts","Clec2h"
"rna_counts","Clec2i"
"rna_counts","Clec2g"
"rna_counts","BC064078"
"rna_counts","Clec2f"
"rna_counts","Klrb1f"
"rna_counts","Klrb1-ps1"
"rna_counts","Clec2d"
"rna_counts","Clec12a"
"rna_counts","Clec1b"
"rna_counts","Clec9a"
"rna_counts","Tmem52b"
"rna_counts","Gabarapl1"
"rna_counts","Klre1"
"rna_counts","Klrd1"
"rna_counts","Mir680-1"
"rna_counts","5430401F13Rik"
"rna_counts","n-R5s166"
"rna_counts","Prh1"
"rna_counts","n-R5s167"
"rna_counts","Prp2"
"rna_counts","Tas2r120"
"rna_counts","Tas2r124"
"rna_counts","Tas2r102"
"rna_counts","Tas2r145-ps3"
"rna_counts","Tas2r117"
"rna_counts","Tas2r111-ps2"
"rna_counts","Tas2r123"
"rna_counts","Tas2r116"
"rna_counts","Tas2r110"
"rna_counts","Tas2r113"
"rna_counts","Tas2r142-ps5"
"rna_counts","Tas2r125"
"rna_counts","Tas2r146-ps1"
"rna_counts","Tas2r129"
"rna_counts","Smim10l1"
"rna_counts","5530400C23Rik"
"rna_counts","Etv6"
"rna_counts","Bcl2l14"
"rna_counts","Borcs5"
"rna_counts","Crebl2"
"rna_counts","2810454H06Rik"
"rna_counts","Cdkn1b"
"rna_counts","Lockd"
"rna_counts","Apold1"
"rna_counts","Ddx47"
"rna_counts","Gprc5a"
"rna_counts","Fam234b"
"rna_counts","Emp1"
"rna_counts","4930425L21Rik"
"rna_counts","Eif4a3l1"
"rna_counts","Atf7ip"
"rna_counts","H2aj"
"rna_counts","BC049715"
"rna_counts","Pde6h"
"rna_counts","Ptpro"
"rna_counts","Strap"
"rna_counts","Dera"
"rna_counts","Mgst1"
"rna_counts","A830011K09Rik"
"rna_counts","B230110G15Rik"
"rna_counts","Pik3c2g"
"rna_counts","Capza3"
"rna_counts","1700102F20Rik"
"rna_counts","n-R5s168"
"rna_counts","Plekha5"
"rna_counts","Aebp2"
"rna_counts","Pde3a"
"rna_counts","Slco1c1"
"rna_counts","Slco1b2"
"rna_counts","AC134836.1"
"rna_counts","Iapp"
"rna_counts","Pyroxd1"
"rna_counts","Golt1b"
"rna_counts","Spx"
"rna_counts","5330439B14Rik"
"rna_counts","Cmas"
"rna_counts","A930014E10Rik"
"rna_counts","4930434O05Rik"
"rna_counts","Etnk1"
"rna_counts","D6Ertd474e"
"rna_counts","Sox5os1"
"rna_counts","Sox5os2"
"rna_counts","Sox5os3"
"rna_counts","Sox5os4"
"rna_counts","Sox5os5"
"rna_counts","Lrmp"
"rna_counts","Etfrf1"
"rna_counts","2010013B24Rik"
"rna_counts","1700073E17Rik"
"rna_counts","Tuba3b"
"rna_counts","Rassf8"
"rna_counts","Sspn"
"rna_counts","Fgfr1op2"
"rna_counts","Med21"
"rna_counts","4930479D17Rik"
"rna_counts","Stk38l"
"rna_counts","Arntl2"
"rna_counts","Smco2"
"rna_counts","Ppfibp1"
"rna_counts","Rep15"
"rna_counts","Mrps35"
"rna_counts","Klhl42"
"rna_counts","E330012B07Rik"
"rna_counts","Ccdc91"
"rna_counts","1700049E15Rik"
"rna_counts","Far2"
"rna_counts","4732416N19Rik"
"rna_counts","2610017A05Rik"
"rna_counts","3010003L21Rik"
"rna_counts","Etfbkmt"
"rna_counts","Resf1"
"rna_counts","Bicd1"
"rna_counts","Vmn1r-ps5"
"rna_counts","Vmn1r-ps6"
"rna_counts","Vmn1r-ps7"
"rna_counts","Samd9l"
"rna_counts","Hepacam2"
"rna_counts","Calcr"
"rna_counts","Mir653"
"rna_counts","Mir489"
"rna_counts","Tfpi2"
"rna_counts","4930528H21Rik"
"rna_counts","Bet1"
"rna_counts","Sgce"
"rna_counts","Pon1"
"rna_counts","Pon3"
"rna_counts","Pon2"
"rna_counts","Pdk4"
"rna_counts","1700019G24Rik"
"rna_counts","Slc25a13"
"rna_counts","Sem1"
"rna_counts","Dlx6os1"
"rna_counts","Dlx6os2"
"rna_counts","Dlx5"
"rna_counts","Asns"
"rna_counts","Col28a1"
"rna_counts","Rpa3"
"rna_counts","A430035B10Rik"
"rna_counts","Ica1"
"rna_counts","AA545190"
"rna_counts","Ndufa4"
"rna_counts","Thsd7a"
"rna_counts","Vwde"
"rna_counts","Tmem168"
"rna_counts","Bmt2"
"rna_counts","Gpr85"
"rna_counts","2610001J05Rik"
"rna_counts","Ppp1r3a"
"rna_counts","Tfec"
"rna_counts","Wnt2"
"rna_counts","Asz1"
"rna_counts","Cttnbp2"
"rna_counts","4930524B17Rik"
"rna_counts","Eif3s6-ps4"
"rna_counts","Tspan12"
"rna_counts","Fam3c"
"rna_counts","Aass"
"rna_counts","Fezf1"
"rna_counts","Cadps2"
"rna_counts","Rnf133"
"rna_counts","Rnf148"
"rna_counts","Tas2r118"
"rna_counts","Slc13a1"
"rna_counts","Iqub"
"rna_counts","Ndufa5"
"rna_counts","Wasl"
"rna_counts","Tmem229a"
"rna_counts","Gpr37"
"rna_counts","Pot1a"
"rna_counts","Grm8"
"rna_counts","Mir592"
"rna_counts","Zfp800"
"rna_counts","Gcc1"
"rna_counts","Pax4"
"rna_counts","Lrrc4"
"rna_counts","Rbm28"
"rna_counts","Prrt4"
"rna_counts","Impdh1"
"rna_counts","Opn1sw"
"rna_counts","Kcp"
"rna_counts","Tnpo3"
"rna_counts","4930528J11Rik"
"rna_counts","Mir182"
"rna_counts","Mir96"
"rna_counts","Mir183"
"rna_counts","Ube2h"
"rna_counts","Zc3hc1"
"rna_counts","Tmem209"
"rna_counts","Cep41"
"rna_counts","Copg2"
"rna_counts","Tsga13"
"rna_counts","Klf14"
"rna_counts","Mir29a"
"rna_counts","Mir29b-1"
"rna_counts","Lncpint"
"rna_counts","5330406M23Rik"
"rna_counts","Mkln1os"
"rna_counts","Podxl"
"rna_counts","Plxna4"
"rna_counts","BC049739"
"rna_counts","Chchd3"
"rna_counts","Slc35b4"
"rna_counts","Akr1b3"
"rna_counts","Npn2"
"rna_counts","Cyren"
"rna_counts","Wdr91"
"rna_counts","Slc23a4"
"rna_counts","Cnot4"
"rna_counts","Slc13a4"
"rna_counts","Fam180a"
"rna_counts","Mtpn"
"rna_counts","9330158H04Rik"
"rna_counts","Ptn"
"rna_counts","Dgki"
"rna_counts","Creb3l2"
"rna_counts","Ybx1-ps2"
"rna_counts","Svopl"
"rna_counts","Atp6v0a4"
"rna_counts","D630045J12Rik"
"rna_counts","Zc3hav1l"
"rna_counts","Zc3hav1"
"rna_counts","Klrg2"
"rna_counts","Hipk2"
"rna_counts","1700025N23Rik"
"rna_counts","Parp12"
"rna_counts","Kdm7a"
"rna_counts","Slc37a3"
"rna_counts","Mkrn1"
"rna_counts","Dennd2a"
"rna_counts","Braf"
"rna_counts","Fth-ps2"
"rna_counts","Mrps33"
"rna_counts","E330009J07Rik"
"rna_counts","Prss37"
"rna_counts","Olfr461"
"rna_counts","Clec5a"
"rna_counts","Tas2r138"
"rna_counts","Moxd2"
"rna_counts","Prss58"
"rna_counts","1700074P13Rik"
"rna_counts","2210010C04Rik"
"rna_counts","Try5"
"rna_counts","Prss3"
"rna_counts","Trbv31"
"rna_counts","Trpv6"
"rna_counts","Trpv5"
"rna_counts","Kel"
"rna_counts","Olfr459"
"rna_counts","Fam131b"
"rna_counts","Epha1"
"rna_counts","Olfr458"
"rna_counts","Olfr457"
"rna_counts","Olfr456"
"rna_counts","Olfr455"
"rna_counts","Tcaf3"
"rna_counts","Tcaf2"
"rna_counts","Tcaf1"
"rna_counts","Nobox"
"rna_counts","Tpk1"
"rna_counts","Rbpj-ps3"
"rna_counts","A930035D04Rik"
"rna_counts","Ezh2"
"rna_counts","Rny1"
"rna_counts","Pdia4"
"rna_counts","Mir704"
"rna_counts","Zfp786"
"rna_counts","Zfp777"
"rna_counts","Zfp746"
"rna_counts","Zfp467"
"rna_counts","1700026J14Rik"
"rna_counts","Rarres2"
"rna_counts","Gimap6"
"rna_counts","Gimap1os"
"rna_counts","Gimap3"
"rna_counts","Tmem176b"
"rna_counts","4930563H07Rik"
"rna_counts","Igf2bp3"
"rna_counts","Tra2a"
"rna_counts","Gsdme"
"rna_counts","Osbpl3"
"rna_counts","Cycs"
"rna_counts","4921507P07Rik"
"rna_counts","Npvf"
"rna_counts","G930045G22Rik"
"rna_counts","Mir148a"
"rna_counts","0610033M10Rik"
"rna_counts","Hnrnpa2b1"
"rna_counts","Skap2"
"rna_counts","Hoxa1"
"rna_counts","Hoxa2"
"rna_counts","Hoxa3"
"rna_counts","Hoxa4"
"rna_counts","Hoxa5"
"rna_counts","Hoxa6"
"rna_counts","Hoxa7"
"rna_counts","Hoxa9"
"rna_counts","Mir196b"
"rna_counts","Hoxa10"
"rna_counts","Hoxa11"
"rna_counts","9530018H14Rik"
"rna_counts","Hoxa13"
"rna_counts","Evx1os"
"rna_counts","Hibadh"
"rna_counts","Jazf1"
"rna_counts","Tril"
"rna_counts","Cpvl"
"rna_counts","9530036M11Rik"
"rna_counts","9130019P16Rik"
"rna_counts","Scrn1"
"rna_counts","Fkbp14"
"rna_counts","Nod1"
"rna_counts","Ggct"
"rna_counts","Crhr2"
"rna_counts","Inmt"
"rna_counts","Neurod6"
"rna_counts","Pde1c"
"rna_counts","Lsm5"
"rna_counts","Kbtbd2"
"rna_counts","Nt5c3"
"rna_counts","Vmn1r7"
"rna_counts","Vmn1r16"
"rna_counts","Vmn1r17"
"rna_counts","Vmn1r18"
"rna_counts","Vmn1r-ps11"
"rna_counts","Ppm1k"
"rna_counts","Pyurf"
"rna_counts","Vopp1"
"rna_counts","Vmn1r21"
"rna_counts","Vmn1r-ps12"
"rna_counts","Vmn1r22"
"rna_counts","Vmn1r23"
"rna_counts","Vmn1r24"
"rna_counts","Vmn1r25"
"rna_counts","Vmn1r-ps13"
"rna_counts","Vmn1r26"
"rna_counts","Vmn1r-ps14"
"rna_counts","Vmn1r-ps15"
"rna_counts","Vmn1r-ps16"
"rna_counts","Vmn1r-ps17"
"rna_counts","Vmn1r27"
"rna_counts","Vmn1r-ps19"
"rna_counts","Vmn1r-ps20"
"rna_counts","Vmn1r30"
"rna_counts","Vmn1r-ps21"
"rna_counts","Vmn1r31"
"rna_counts","Vmn1r-ps22"
"rna_counts","Vmn1r-ps23"
"rna_counts","Nap1l5"
"rna_counts","Fam13a"
"rna_counts","Gprin3"
"rna_counts","A530053G22Rik"
"rna_counts","Snca"
"rna_counts","Mageb16-ps2"
"rna_counts","A730020E08Rik"
"rna_counts","9330118I20Rik"
"rna_counts","Hpgds"
"rna_counts","2610300M13Rik"
"rna_counts","Vmn1r32"
"rna_counts","Vmn1r33"
"rna_counts","Vmn1r34"
"rna_counts","Vmn1r35"
"rna_counts","Vmn1r36"
"rna_counts","Vmn1r-ps24"
"rna_counts","Vmn1r38"
"rna_counts","Vmn1r39"
"rna_counts","4930597O21Rik"
"rna_counts","Gadd45a"
"rna_counts","Il12rb2"
"rna_counts","Il23r"
"rna_counts","Tacstd2"
"rna_counts","4930515G16Rik"
"rna_counts","Igkv14-134-1"
"rna_counts","Igkv17-134"
"rna_counts","Igkv1-131"
"rna_counts","Igkv9-124"
"rna_counts","Igkv9-123"
"rna_counts","Igkv15-102"
"rna_counts","Igkv15-101"
"rna_counts","Igkv10-96"
"rna_counts","Igkv2-95-2"
"rna_counts","Igkv10-94"
"rna_counts","Igkv2-93-1"
"rna_counts","Igkv19-93"
"rna_counts","Igkv4-92"
"rna_counts","Igkv4-91"
"rna_counts","Igkv4-90"
"rna_counts","Igkv12-89"
"rna_counts","Igkv1-88"
"rna_counts","Igkv4-86"
"rna_counts","Igkv13-85"
"rna_counts","Igkv4-83"
"rna_counts","Igkv4-81"
"rna_counts","Igkv4-80"
"rna_counts","Igkv4-79"
"rna_counts","Igkv4-78"
"rna_counts","Igkv4-77"
"rna_counts","Igkv4-75"
"rna_counts","Igkv4-74"
"rna_counts","Igkv4-73"
"rna_counts","Igkv4-72"
"rna_counts","Igkv4-71"
"rna_counts","Igkv4-70"
"rna_counts","Igkv4-69"
"rna_counts","Igkv4-68"
"rna_counts","Igkv12-67"
"rna_counts","Rprl1"
"rna_counts","Igkv12-66"
"rna_counts","Igkv4-65"
"rna_counts","Igkv4-63"
"rna_counts","Igkv4-62"
"rna_counts","Igkv4-61"
"rna_counts","Igkv4-59"
"rna_counts","Igkv4-60"
"rna_counts","Igkv4-58"
"rna_counts","Igkv4-57-1"
"rna_counts","Igkv4-57"
"rna_counts","Igkv4-56"
"rna_counts","Igkv4-55"
"rna_counts","Igkv4-54"
"rna_counts","Igkv4-53"
"rna_counts","Igkv4-51"
"rna_counts","Igkv4-50"
"rna_counts","Igkv12-49"
"rna_counts","Igkv5-48"
"rna_counts","Igkv12-47"
"rna_counts","Igkv12-46"
"rna_counts","Igkv5-45"
"rna_counts","Igkv12-44"
"rna_counts","Igkv5-43"
"rna_counts","Igkv12-42"
"rna_counts","Igkv12-41"
"rna_counts","Igkv5-40-1"
"rna_counts","Igkv12-40"
"rna_counts","Igkv5-39"
"rna_counts","Igkv12-38"
"rna_counts","Igkv5-37"
"rna_counts","Igkv18-36"
"rna_counts","Igkv1-35"
"rna_counts","Igkv8-34"
"rna_counts","Igkv7-33"
"rna_counts","Igkv6-32"
"rna_counts","Igkv8-31"
"rna_counts","Igkv8-30"
"rna_counts","Igkv6-29"
"rna_counts","Igkv8-28"
"rna_counts","Igkv8-27"
"rna_counts","Igkv8-24"
"rna_counts","Igkv6-23"
"rna_counts","Igkv8-22"
"rna_counts","Igkv8-21"
"rna_counts","Igkv6-20"
"rna_counts","Igkv8-19"
"rna_counts","Igkv8-16"
"rna_counts","Igkv6-15"
"rna_counts","Igkv6-14"
"rna_counts","Igkv6-13"
"rna_counts","Igkv3-12-1"
"rna_counts","Rpia"
"rna_counts","Tex37"
"rna_counts","Thnsl2"
"rna_counts","Smyd1"
"rna_counts","Rmnd5a"
"rna_counts","1700040L08Rik"
"rna_counts","Kdm3a"
"rna_counts","Mrpl35"
"rna_counts","Ptcd3"
"rna_counts","9130221F21Rik"
"rna_counts","4933431G14Rik"
"rna_counts","Atoh8"
"rna_counts","Usp39"
"rna_counts","Rnf181"
"rna_counts","Vamp5"
"rna_counts","Vamp8"
"rna_counts","Mat2a"
"rna_counts","Sh2d6"
"rna_counts","Elmod3"
"rna_counts","Tgoln1"
"rna_counts","Tcf7l1"
"rna_counts","Kcmf1"
"rna_counts","D530018E20Rik"
"rna_counts","Tmsb10"
"rna_counts","Dnah6"
"rna_counts","Olfr210-ps1"
"rna_counts","1700065L07Rik"
"rna_counts","4931417E11Rik"
"rna_counts","4933439N06Rik"
"rna_counts","Ctnna2"
"rna_counts","6330415B21Rik"
"rna_counts","Reg3d"
"rna_counts","Reg3g"
"rna_counts","1700097M23Rik"
"rna_counts","Mir7232"
"rna_counts","Mir468"
"rna_counts","1700009C05Rik"
"rna_counts","Mrpl19"
"rna_counts","Pole4"
"rna_counts","Hk2"
"rna_counts","2310069B03Rik"
"rna_counts","Sema4f"
"rna_counts","Dok1"
"rna_counts","Htra2"
"rna_counts","Tlx2"
"rna_counts","Mir3470a"
"rna_counts","Ccdc142os"
"rna_counts","Wbp1"
"rna_counts","Ino80b"
"rna_counts","Wdr54"
"rna_counts","Mthfd2"
"rna_counts","Tet3"
"rna_counts","Mir6374"
"rna_counts","5430434F05Rik"
"rna_counts","Dguok"
"rna_counts","Actg2"
"rna_counts","Stambp"
"rna_counts","Clec4f"
"rna_counts","Cd207"
"rna_counts","Vax2os"
"rna_counts","1700124L16Rik"
"rna_counts","Tex261"
"rna_counts","Paip2b"
"rna_counts","Cyp26b1"
"rna_counts","Exoc6b"
"rna_counts","Spr"
"rna_counts","Sfxn5"
"rna_counts","Rab11fip5"
"rna_counts","Mir705"
"rna_counts","Pradc1"
"rna_counts","Fbxo41"
"rna_counts","Egr4"
"rna_counts","Nat8f7"
"rna_counts","Nat8f3"
"rna_counts","Mir6375"
"rna_counts","Nat8f6"
"rna_counts","Nat8f5"
"rna_counts","Nat8"
"rna_counts","Nat8f2"
"rna_counts","Nat8f4"
"rna_counts","Nat8f1"
"rna_counts","Nat8b-ps"
"rna_counts","Dusp11"
"rna_counts","Pcyox1"
"rna_counts","A430078I02Rik"
"rna_counts","2310040G24Rik"
"rna_counts","Pcbp1"
"rna_counts","Mxd1"
"rna_counts","Snrnp27"
"rna_counts","Anxa4"
"rna_counts","2610306M01Rik"
"rna_counts","Antxr1"
"rna_counts","9530013L04Rik"
"rna_counts","Gkn1"
"rna_counts","Gkn3"
"rna_counts","Arhgap25"
"rna_counts","Prokr1"
"rna_counts","Aplf"
"rna_counts","1810020O05Rik"
"rna_counts","Rab43"
"rna_counts","9930120I10Rik"
"rna_counts","Isy1"
"rna_counts","B130021K23Rik"
"rna_counts","Cnbp"
"rna_counts","H1f10"
"rna_counts","4933412L11Rik"
"rna_counts","Rab7"
"rna_counts","Mir6376"
"rna_counts","1700031F10Rik"
"rna_counts","Eefsec"
"rna_counts","Sec61a1"
"rna_counts","Kbtbd12"
"rna_counts","Abtb1"
"rna_counts","Podxl2"
"rna_counts","Mcm2"
"rna_counts","4930512J16Rik"
"rna_counts","Plxna1"
"rna_counts","Chchd6"
"rna_counts","Vmn1r-ps25"
"rna_counts","Vmn1r-ps27"
"rna_counts","Vmn1r42"
"rna_counts","Vmn1r43"
"rna_counts","Vmn1r45"
"rna_counts","Vmn1r48"
"rna_counts","Vmn1r-ps31"
"rna_counts","Vmn1r49"
"rna_counts","Vmn1r53"
"rna_counts","Chst13"
"rna_counts","Cfap100"
"rna_counts","Iqsec1"
"rna_counts","Nup210"
"rna_counts","4930402H05Rik"
"rna_counts","Wnt7a"
"rna_counts","4930471M09Rik"
"rna_counts","Chchd4"
"rna_counts","Xpc"
"rna_counts","4930517G19Rik"
"rna_counts","Grip2"
"rna_counts","4930466I24Rik"
"rna_counts","Mrps25"
"rna_counts","Rbsn"
"rna_counts","Trh"
"rna_counts","Prickle2"
"rna_counts","Adamts9"
"rna_counts","Magi1"
"rna_counts","Lrig1"
"rna_counts","Mir7041"
"rna_counts","Kbtbd8os"
"rna_counts","AY512915"
"rna_counts","Suclg2"
"rna_counts","1700123L14Rik"
"rna_counts","Tafa4"
"rna_counts","Eogt"
"rna_counts","Tmf1"
"rna_counts","Uba3"
"rna_counts","Lmod3"
"rna_counts","Frmd4b"
"rna_counts","4930595L18Rik"
"rna_counts","Foxp1"
"rna_counts","Eif4e3"
"rna_counts","Prok2"
"rna_counts","Tpt1-ps3"
"rna_counts","2010109P13Rik"
"rna_counts","Rybp"
"rna_counts","Shq1"
"rna_counts","4930595O18Rik"
"rna_counts","Pdzrn3"
"rna_counts","9530086O07Rik"
"rna_counts","Cntn3"
"rna_counts","Il5ra"
"rna_counts","Crbn"
"rna_counts","Sumf1"
"rna_counts","0610040F04Rik"
"rna_counts","n-R5s165"
"rna_counts","5031434C07Rik"
"rna_counts","Ssu2"
"rna_counts","Oxtr"
"rna_counts","Rad18"
"rna_counts","Srgap3"
"rna_counts","Gt(ROSA)26Sor"
"rna_counts","Lhfpl4"
"rna_counts","Camk1"
"rna_counts","Tada3"
"rna_counts","Rpusd3"
"rna_counts","Cidec"
"rna_counts","Prrt3"
"rna_counts","Emc3"
"rna_counts","Fancd2os"
"rna_counts","1700015O11Rik"
"rna_counts","Ghrl"
"rna_counts","Sec13"
"rna_counts","Atp2b2"
"rna_counts","Vgll4"
"rna_counts","Tamm41"
"rna_counts","Timp4"
"rna_counts","Mkrn2os"
"rna_counts","Raf1"
"rna_counts","Tmem40"
"rna_counts","Snora7a"
"rna_counts","Efcab12"
"rna_counts","Mbd4"
"rna_counts","Plxnd1"
"rna_counts","Tmcc1"
"rna_counts","9530062K07Rik"
"rna_counts","Alox5"
"rna_counts","Olfr215"
"rna_counts","Zfp422"
"rna_counts","Rassf4"
"rna_counts","Mir7043"
"rna_counts","Tmem72"
"rna_counts","1700030F04Rik"
"rna_counts","4933440N22Rik"
"rna_counts","Fxyd4"
"rna_counts","Csgalnact2"
"rna_counts","Ret"
"rna_counts","1700069P05Rik"
"rna_counts","Bms1"
"rna_counts","Zfp248"
"rna_counts","Zfp9"
"rna_counts","Ankrd26"
"rna_counts","Cacna1c"
"rna_counts","Lrtm2"
"rna_counts","Adipor2"
"rna_counts","Wnt5b"
"rna_counts","Erc1"
"rna_counts","4930540M05Rik"
"rna_counts","Wnk1"
"rna_counts","Mir706"
"rna_counts","B4galnt3"
"rna_counts","Ccdc77"
"rna_counts","Tmem121b"
"rna_counts","Hdhd5"
"rna_counts","Atp6v1e1"
"rna_counts","Bid"
"rna_counts","Mical3"
"rna_counts","Iqsec3"
"rna_counts","Klrg1"
"rna_counts","Phc1"
"rna_counts","Rimklb"
"rna_counts","Apobec1"
"rna_counts","Gdf3"
"rna_counts","Slc2a3"
"rna_counts","C3ar1"
"rna_counts","Clec4e"
"rna_counts","Vmn2r20"
"rna_counts","Vmn2r21"
"rna_counts","Vmn2r22"
"rna_counts","Vmn2r25"
"rna_counts","A330044P14Rik"
"rna_counts","Vmn2r-ps33"
"rna_counts","Vmn2r-ps34"
"rna_counts","Vmn2r27"
"rna_counts","1700013D24Rik"
"rna_counts","1700027F06Rik"
"rna_counts","Pex5"
"rna_counts","Clstn3"
"rna_counts","C1s1"
"rna_counts","C1s2"
"rna_counts","Emg1"
"rna_counts","Mir141"
"rna_counts","Mir200c"
"rna_counts","Ptpn6"
"rna_counts","Grcc10"
"rna_counts","Rnu7"
"rna_counts","Atn1"
"rna_counts","Eno2"
"rna_counts","Lrrc23"
"rna_counts","Tpi1"
"rna_counts","Usp5"
"rna_counts","Gnb3"
"rna_counts","P3h3"
"rna_counts","Gpr162"
"rna_counts","Cd4"
"rna_counts","Lag3"
"rna_counts","Ptms"
"rna_counts","Cops7a"
"rna_counts","4930557K07Rik"
"rna_counts","Gapdh"
"rna_counts","Ncapd2"
"rna_counts","Scarna10"
"rna_counts","Tapbpl"
"rna_counts","Cd27"
"rna_counts","Mir8113"
"rna_counts","Tuba3a"
"rna_counts","Ltbr"
"rna_counts","Plekhg6"
"rna_counts","Cd9"
"rna_counts","Ntf3"
"rna_counts","Kcna5"
"rna_counts","Kcna1"
"rna_counts","Kcna6"
"rna_counts","Ndufa9"
"rna_counts","Dyrk4"
"rna_counts","Rad51ap1"
"rna_counts","Tigar"
"rna_counts","Ccnd2"
"rna_counts","Tpi-rs11"
"rna_counts","Prmt8"
"rna_counts","4921513H07Rik"
"rna_counts","Mir7233"
"rna_counts","Tspan9"
"rna_counts","9330102E08Rik"
"rna_counts","Tead4"
"rna_counts","Tulp3"
"rna_counts","Rhno1"
"rna_counts","Itfg2"
"rna_counts","Fkbp4"
"rna_counts","Stambp-ps1"
"rna_counts","Pzp"
"rna_counts","A2ml1"
"rna_counts","Klrb1a"
"rna_counts","Clec2j"
"rna_counts","Klrb1"
"rna_counts","Klrb1c"
"rna_counts","Klrb1b"
"rna_counts","BC035044"
"rna_counts","Mir7649"
"rna_counts","Clec2e"
"rna_counts","2310001H17Rik"
"rna_counts","Cd69"
"rna_counts","Clec2m"
"rna_counts","Clec12b"
"rna_counts","Clec1a"
"rna_counts","Clec7a"
"rna_counts","Olr1"
"rna_counts","1700101I11Rik"
"rna_counts","Klrk1"
"rna_counts","Klrc3"
"rna_counts","Klrc2"
"rna_counts","Klrc1"
"rna_counts","Klri1"
"rna_counts","Klri2"
"rna_counts","Klrh1"
"rna_counts","Klra17"
"rna_counts","Klra5"
"rna_counts","Klra6"
"rna_counts","Klra4"
"rna_counts","Klra11-ps"
"rna_counts","Klra8"
"rna_counts","Klra14-ps"
"rna_counts","Klra9"
"rna_counts","Klra7"
"rna_counts","Klra10"
"rna_counts","Klra13-ps"
"rna_counts","Klra3"
"rna_counts","Klra1"
"rna_counts","Klra2"
"rna_counts","Magohb"
"rna_counts","Styk1"
"rna_counts","Ybx3"
"rna_counts","Hmgb1l"
"rna_counts","Tas2r130"
"rna_counts","Tas2r107"
"rna_counts","Tas2r106"
"rna_counts","Tas2r104"
"rna_counts","Tas2r105"
"rna_counts","Tas2r114"
"rna_counts","Prb3-ps"
"rna_counts","Prb1"
"rna_counts","Prpmp5"
"rna_counts","A630073D07Rik"
"rna_counts","Tas2r121"
"rna_counts","Tas2r122"
"rna_counts","Tas2r115"
"rna_counts","Tas2r136"
"rna_counts","Tas2r131"
"rna_counts","Tas2r109"
"rna_counts","Tas2r103"
"rna_counts","Tas2r140"
"rna_counts","Tas2r141-ps4"
"rna_counts","Kap"
"rna_counts","1700051K13Rik"
"rna_counts","4933406J09Rik"
"rna_counts","Lrp6"
"rna_counts","Mansc1"
"rna_counts","Dusp16"
"rna_counts","Gpr19"
"rna_counts","Gprc5d"
"rna_counts","Hebp1"
"rna_counts","Gsg1"
"rna_counts","Pbp2"
"rna_counts","Dynlt1-ps1"
"rna_counts","Grin2b"
"rna_counts","E330021D16Rik"
"rna_counts","Plbd1"
"rna_counts","Gucy2c"
"rna_counts","H4f16"
"rna_counts","Wbp11"
"rna_counts","Smco3"
"rna_counts","Art4"
"rna_counts","Mgp"
"rna_counts","Erp27"
"rna_counts","Arhgdib"
"rna_counts","Rerg"
"rna_counts","4930480K02Rik"
"rna_counts","Eps8"
"rna_counts","Slc15a5"
"rna_counts","Lmo3"
"rna_counts","Igbp1b"
"rna_counts","4922502N22Rik"
"rna_counts","Rergl"
"rna_counts","4930404I20Rik"
"rna_counts","4930443G03Rik"
"rna_counts","Plcz1"
"rna_counts","Slco1a4"
"rna_counts","Slco1a1"
"rna_counts","Slco1a6"
"rna_counts","Slco1a5"
"rna_counts","Recql"
"rna_counts","Gys2"
"rna_counts","Ldhb"
"rna_counts","Kcnj8"
"rna_counts","Abcc9"
"rna_counts","Sult6b2"
"rna_counts","St8sia1"
"rna_counts","C2cd5"
"rna_counts","1700126G02Rik"
"rna_counts","4930579D09Rik"
"rna_counts","1700060C16Rik"
"rna_counts","Sox5"
"rna_counts","Sox5it"
"rna_counts","Bcat1"
"rna_counts","Casc1"
"rna_counts","Kras"
"rna_counts","Lmntd1"
"rna_counts","Bhlhe41"
"rna_counts","Sspnos"
"rna_counts","Itpr2"
"rna_counts","Ints13"
"rna_counts","Tm7sf3"
"rna_counts","4930447C11Rik"
"rna_counts","1700034J05Rik"
"rna_counts","Mansc4"
"rna_counts","Pthlh"
"rna_counts","4933406L23Rik"
"rna_counts","Far2os2"
"rna_counts","Far2os1"
"rna_counts","Ergic2"
"rna_counts","Tmtc1"
"rna_counts","4930528G23Rik"
"rna_counts","Ipo8"
"rna_counts","Caprin2"
"rna_counts","Sinhcaf"
"rna_counts","Dennd5b"
"rna_counts","Amn1"
"rna_counts","1700003I16Rik"
"rna_counts","Speer9-ps1"
"rna_counts","Mir290a"
"rna_counts","Mir291a"
"rna_counts","Mir292"
"rna_counts","Mir291b"
"rna_counts","Mir293"
"rna_counts","Mir294"
"rna_counts","Mir295"
"rna_counts","Myadm"
"rna_counts","Prkcg"
"rna_counts","Cacng7"
"rna_counts","Cacng8"
"rna_counts","Cacng6"
"rna_counts","Ndufa3"
"rna_counts","Prpf31"
"rna_counts","Cnot3"
"rna_counts","Mir3572"
"rna_counts","Tsen34"
"rna_counts","1700095K22Rik"
"rna_counts","Ttyh1"
"rna_counts","Leng8"
"rna_counts","Lilra5"
"rna_counts","Ncr1"
"rna_counts","Atp6v0c-ps1"
"rna_counts","Eps8l1"
"rna_counts","Brsk1"
"rna_counts","Kmt5c"
"rna_counts","Tmem190"
"rna_counts","Isoc2a"
"rna_counts","Zfp628"
"rna_counts","Nat14"
"rna_counts","Ssc5d"
"rna_counts","Zfp524"
"rna_counts","Zfp865"
"rna_counts","Ccdc106"
"rna_counts","4632433K11Rik"
"rna_counts","Zfp580"
"rna_counts","U2af2"
"rna_counts","Epn1"
"rna_counts","Vmn1r57"
"rna_counts","Vmn1r62"
"rna_counts","4933402C05Rik"
"rna_counts","Nlrp4c"
"rna_counts","4933431C10Rik"
"rna_counts","Zfp444"
"rna_counts","Galp"
"rna_counts","Zscan5b"
"rna_counts","Epp13"
"rna_counts","Zfp667"
"rna_counts","Zfp78"
"rna_counts","Zfp28"
"rna_counts","Smim17"
"rna_counts","Olfr1344"
"rna_counts","Olfr1345-ps1"
"rna_counts","Olfr1336"
"rna_counts","Olfr1346"
"rna_counts","n-R5s150"
"rna_counts","Olfr1350"
"rna_counts","Usp29"
"rna_counts","Mir3099"
"rna_counts","Zfp264"
"rna_counts","Aurkc"
"rna_counts","AC152418.1"
"rna_counts","Zfp418"
"rna_counts","Mir5620"
"rna_counts","Vmn1r-ps48"
"rna_counts","Vmn1r67"
"rna_counts","Vmn1r70"
"rna_counts","Vmn1r-ps51"
"rna_counts","Nlrp4b"
"rna_counts","Zscan4c"
"rna_counts","Zscan4f"
"rna_counts","Zscan4-ps2"
"rna_counts","Zscan4-ps3"
"rna_counts","Vmn1r73"
"rna_counts","Vmn1r74"
"rna_counts","Vmn1r-ps55"
"rna_counts","Vmn1r75"
"rna_counts","Tpt1-ps4"
"rna_counts","Vmn1r-ps59"
"rna_counts","Vmn1r-ps60"
"rna_counts","Vmn1r77"
"rna_counts","Vmn1r-ps61"
"rna_counts","Vmn1r-ps62"
"rna_counts","Vmn1r-ps63"
"rna_counts","Vmn1r78"
"rna_counts","Vmn1r79"
"rna_counts","Vmn1r80"
"rna_counts","Vmn1r-ps64"
"rna_counts","Vmn1r-ps65"
"rna_counts","Vmn1r82"
"rna_counts","Vmn2r-ps53"
"rna_counts","Zfp606"
"rna_counts","2900092C05Rik"
"rna_counts","1700047O18Rik"
"rna_counts","Zfp110"
"rna_counts","Zfp128"
"rna_counts","Zscan22"
"rna_counts","Rnf225"
"rna_counts","Zfp324"
"rna_counts","Zfp446"
"rna_counts","Trim28"
"rna_counts","Vmn1r88"
"rna_counts","Vmn1r89"
"rna_counts","Vmn1r-ps69"
"rna_counts","Lig1"
"rna_counts","Pla2g4c"
"rna_counts","Pla2g4c-ps"
"rna_counts","Cabp5"
"rna_counts","Bsph1"
"rna_counts","Bsph2-ps"
"rna_counts","Sult2a5"
"rna_counts","Zbed4-ps1"
"rna_counts","Kat6b-ps1"
"rna_counts","Sult2a2"
"rna_counts","Zbed4-ps2"
"rna_counts","Sult2a-ps2"
"rna_counts","Tmem167-ps2"
"rna_counts","Tmem167-ps3"
"rna_counts","Phf20-ps"
"rna_counts","Obox4-ps3"
"rna_counts","Zfp-ps"
"rna_counts","Ranbp2-ps1"
"rna_counts","Obox3-ps7"
"rna_counts","Obox7"
"rna_counts","Obox4-ps36"
"rna_counts","Obox4-ps37"
"rna_counts","Obox4-ps38"
"rna_counts","Obox4-ps39"
"rna_counts","Obox4-ps6"
"rna_counts","Obox4-ps8"
"rna_counts","Obox4-ps9"
"rna_counts","Obox4-ps11"
"rna_counts","Obox4-ps12"
"rna_counts","Obox4-ps13"
"rna_counts","Obox4-ps14"
"rna_counts","Obox4-ps15"
"rna_counts","Obox4-ps16"
"rna_counts","Obox4-ps17"
"rna_counts","Obox4-ps18"
"rna_counts","Obox4-ps19"
"rna_counts","Obox4-ps22"
"rna_counts","Obox4-ps23"
"rna_counts","Obox4-ps26"
"rna_counts","Obox2"
"rna_counts","Obox1"
"rna_counts","Obox4-ps27"
"rna_counts","Obox4-ps28"
"rna_counts","Obox4-ps29"
"rna_counts","Obox4-ps30"
"rna_counts","Obox4-ps31"
"rna_counts","Obox4-ps33"
"rna_counts","Obox4-ps34"
"rna_counts","Obox5"
"rna_counts","Crxos"
"rna_counts","Ass-ps1"
"rna_counts","Zfp541"
"rna_counts","Napa"
"rna_counts","Kptn"
"rna_counts","Slc8a2"
"rna_counts","Meis3"
"rna_counts","Bbc3"
"rna_counts","Zc3h4"
"rna_counts","Tmem160"
"rna_counts","n-R5s151"
"rna_counts","Ceacam9"
"rna_counts","Ap2s1"
"rna_counts","Slc1a5"
"rna_counts","Strn4"
"rna_counts","Prkd2"
"rna_counts","Dact3"
"rna_counts","Gng8"
"rna_counts","Ptgir"
"rna_counts","Pnmal2"
"rna_counts","Pnmal1"
"rna_counts","Ccdc8"
"rna_counts","4833404L02Rik"
"rna_counts","Psg16"
"rna_counts","Ceacam3"
"rna_counts","Psg29"
"rna_counts","Psg-ps1"
"rna_counts","Ceacam5"
"rna_counts","Ceacam14"
"rna_counts","Ceacam11"
"rna_counts","Ceacam13"
"rna_counts","Ceacam12"
"rna_counts","Igfl3"
"rna_counts","Mill1"
"rna_counts","Psg22"
"rna_counts","Sycp1-ps1"
"rna_counts","Mill2"
"rna_counts","Pglyrp1"
"rna_counts","Nova2"
"rna_counts","Nanos2"
"rna_counts","Mypop"
"rna_counts","Irf2bp1"
"rna_counts","Sympk"
"rna_counts","Rsph6a"
"rna_counts","Dmwd"
"rna_counts","Dmpk"
"rna_counts","Mir3100"
"rna_counts","Six5"
"rna_counts","Fbxo46"
"rna_counts","Snrpd2"
"rna_counts","Eml2"
"rna_counts","Mir330"
"rna_counts","Gpr4"
"rna_counts","Opa3"
"rna_counts","1700058P15Rik"
"rna_counts","Rtn2"
"rna_counts","Ercc1"
"rna_counts","Ppp1r13l"
"rna_counts","Ercc2"
"rna_counts","Mir343"
"rna_counts","Ckm"
"rna_counts","Exoc3l2"
"rna_counts","Trappc6a"
"rna_counts","Nkpd1"
"rna_counts","Zfp296"
"rna_counts","Ceacam20"
"rna_counts","Nlrp9b"
"rna_counts","Vmn1r91"
"rna_counts","Vmn1r95"
"rna_counts","Vmn1r100"
"rna_counts","Vmn1r104"
"rna_counts","Vmn1r107"
"rna_counts","Vmn1r112"
"rna_counts","Vmn1r113"
"rna_counts","Vmn1r116"
"rna_counts","Vmn1r-ps74"
"rna_counts","Vmn1r123"
"rna_counts","Vmn1r125"
"rna_counts","Vmn1r128"
"rna_counts","Vmn1r130"
"rna_counts","Vmn1r132"
"rna_counts","Vmn1r135"
"rna_counts","Vmn1r139"
"rna_counts","Vmn1r143"
"rna_counts","Vmn1r152"
"rna_counts","Vmn1r157"
"rna_counts","Vmn1r160"
"rna_counts","Nlrp4e"
"rna_counts","Krt8-ps"
"rna_counts","Nlrp5"
"rna_counts","Vmn1r168"
"rna_counts","Vmn1r169"
"rna_counts","Vmn1r170"
"rna_counts","Vmn1r171"
"rna_counts","Vmn1r172"
"rna_counts","Vmn1r173"
"rna_counts","Vmn1r174"
"rna_counts","Vmn1r-ps85"
"rna_counts","Vmn1r178"
"rna_counts","Vmn1r179"
"rna_counts","Vmn1r180"
"rna_counts","Vmn1r181"
"rna_counts","V1rd19"
"rna_counts","Vmn1r183"
"rna_counts","Ptma-ps1"
"rna_counts","Zfp180"
"rna_counts","Zfp112"
"rna_counts","Zfp235"
"rna_counts","Zfp114"
"rna_counts","Zfp108"
"rna_counts","Zfp93"
"rna_counts","Lypd5"
"rna_counts","Kcnn4"
"rna_counts","Smg9"
"rna_counts","Plaur"
"rna_counts","Cadm4"
"rna_counts","Zfp428"
"rna_counts","Irgq"
"rna_counts","Xrcc1"
"rna_counts","Ethe1"
"rna_counts","Phldb3"
"rna_counts","Lypd3"
"rna_counts","2200007N16Rik"
"rna_counts","Lypd10"
"rna_counts","Ceacam10"
"rna_counts","Dmrtc2"
"rna_counts","Cd79a"
"rna_counts","Arhgef1"
"rna_counts","Zfp574"
"rna_counts","D930028M14Rik"
"rna_counts","4933430L12Rik"
"rna_counts","Zfp526"
"rna_counts","9130221H12Rik"
"rna_counts","Cic"
"rna_counts","Prr19"
"rna_counts","Tmem145"
"rna_counts","Megf8"
"rna_counts","4732471J01Rik"
"rna_counts","Dmac2"
"rna_counts","B3gnt8"
"rna_counts","Exosc5"
"rna_counts","B9d2"
"rna_counts","Tgfb1"
"rna_counts","Cyp2b10"
"rna_counts","BC026762"
"rna_counts","Cyp2b13"
"rna_counts","Rnf170-ps"
"rna_counts","Cyp2b9"
"rna_counts","Vmn1r-ps86"
"rna_counts","Vmn1r184"
"rna_counts","Cyp2a4"
"rna_counts","Nlrp4a"
"rna_counts","Nlrp9a"
"rna_counts","Cyp2b19"
"rna_counts","Cyp2g1"
"rna_counts","Cyp2a5"
"rna_counts","Cyp2a21-ps"
"rna_counts","Cyp2a12"
"rna_counts","Cyp2f2"
"rna_counts","Cyp2t4"
"rna_counts","BC024978"
"rna_counts","Mir1191"
"rna_counts","Coq8b"
"rna_counts","Numbl"
"rna_counts","Blvrb"
"rna_counts","Sertad3"
"rna_counts","Sertad1"
"rna_counts","Prx"
"rna_counts","Hipk4"
"rna_counts","2310022A10Rik"
"rna_counts","Akt2"
"rna_counts","AC074312.1"
"rna_counts","Ttc9b"
"rna_counts","Zfp607b"
"rna_counts","Zfp60"
"rna_counts","Zfp626"
"rna_counts","Zfp59"
"rna_counts","Zfp607a"
"rna_counts","Fcgbp"
"rna_counts","9530053A07Rik"
"rna_counts","Fbl"
"rna_counts","Dyrk1b"
"rna_counts","Eid2"
"rna_counts","Eid2b"
"rna_counts","AF357399"
"rna_counts","Paf1"
"rna_counts","Lrfn1"
"rna_counts","1700028B04Rik"
"rna_counts","AC136456.1"
"rna_counts","Ifnl3"
"rna_counts","Sycn"
"rna_counts","Fbxo27"
"rna_counts","Fbxo17"
"rna_counts","Sars2"
"rna_counts","Ccer2"
"rna_counts","Sirt2"
"rna_counts","Rinl"
"rna_counts","Hnrnpl"
"rna_counts","Ech1"
"rna_counts","Lgals4"
"rna_counts","Lgals7"
"rna_counts","Capn12"
"rna_counts","Map4k1"
"rna_counts","Rasgrp4"
"rna_counts","1110035H17Rik"
"rna_counts","Ggn"
"rna_counts","Yif1b"
"rna_counts","Ppp1r14a"
"rna_counts","Dpf1"
"rna_counts","4932431P20Rik"
"rna_counts","4930432E11Rik"
"rna_counts","Zfp84"
"rna_counts","Mir1964"
"rna_counts","Zfp30"
"rna_counts","Zfp790"
"rna_counts","Zfp420"
"rna_counts","Mir7668"
"rna_counts","Zfp383"
"rna_counts","C230062I16Rik"
"rna_counts","Zfp568"
"rna_counts","Zfp260"
"rna_counts","Zfp382"
"rna_counts","Cox7a1"
"rna_counts","Polr2i"
"rna_counts","Thap8"
"rna_counts","Clip3"
"rna_counts","Alkbh6"
"rna_counts","Syne4"
"rna_counts","E130208F15Rik"
"rna_counts","Tyrobp"
"rna_counts","Nfkbid"
"rna_counts","Nphs1"
"rna_counts","Prodh2"
"rna_counts","Arhgap33os"
"rna_counts","1700019A23Rik"
"rna_counts","Hspb6"
"rna_counts","U2af1l4"
"rna_counts","Igflr1"
"rna_counts","Mir3569"
"rna_counts","2200002J24Rik"
"rna_counts","Atp4a"
"rna_counts","Tmem147os"
"rna_counts","Sbsn"
"rna_counts","Dmkn"
"rna_counts","Krtdap"
"rna_counts","D7Ertd128e"
"rna_counts","Fam187b"
"rna_counts","Lgi4"
"rna_counts","G630030J09Rik"
"rna_counts","Scgb2b1"
"rna_counts","Scgb2b2"
"rna_counts","Scgb1b3"
"rna_counts","Scgb1b4-ps"
"rna_counts","Scgb1b28-ps"
"rna_counts","Scgb1b5-ps"
"rna_counts","Scgb1b6-ps"
"rna_counts","Scgb1b7"
"rna_counts","Scgb1b8-ps"
"rna_counts","Scgb1b9-ps"
"rna_counts","Scgb1b10"
"rna_counts","Scgb1b11"
"rna_counts","Scgb1b12"
"rna_counts","Scgb1b29"
"rna_counts","Scgb1b13-ps"
"rna_counts","Scgb1b14-ps"
"rna_counts","Scgb1b15"
"rna_counts","Scgb1b18"
"rna_counts","Scgb1b19"
"rna_counts","Scgb1b20"
"rna_counts","Scgb1b21"
"rna_counts","Scgb1b22-ps"
"rna_counts","Scgb1b23-ps"
"rna_counts","Scgb1b24"
"rna_counts","Scgb1b25-ps"
"rna_counts","Scgb1b26-ps"
"rna_counts","Scgb1b27"
"rna_counts","Scgb1b30"
"rna_counts","2310043P16Rik"
"rna_counts","Pepd"
"rna_counts","Cebpa"
"rna_counts","Slc7a10"
"rna_counts","Rhpn2"
"rna_counts","Cep89"
"rna_counts","Slc7a9"
"rna_counts","B230322F03Rik"
"rna_counts","Ankrd27"
"rna_counts","E130304I02Rik"
"rna_counts","Tshz3"
"rna_counts","E230020A03Rik"
"rna_counts","4930505M18Rik"
"rna_counts","1600014C10Rik"
"rna_counts","1700010N08Rik"
"rna_counts","Zfp939"
"rna_counts","Zfp619"
"rna_counts","4933404I11Rik"
"rna_counts","4933402C06Rik"
"rna_counts","Vstm2b"
"rna_counts","4930433I11Rik"
"rna_counts","2610021A01Rik"
"rna_counts","Zfp788"
"rna_counts","Vmn2r-ps54"
"rna_counts","Vmn2r-ps55"
"rna_counts","Hmgb1-ps7"
"rna_counts","Vmn2r60"
"rna_counts","Vmn2r61"
"rna_counts","Vmn2r-ps58"
"rna_counts","Vmn2r-ps59"
"rna_counts","Vmn2r126"
"rna_counts","Zfp936"
"rna_counts","EU599041"
"rna_counts","Siglecf"
"rna_counts","Siglecg"
"rna_counts","Lim2"
"rna_counts","AC149091.1"
"rna_counts","Nkg7"
"rna_counts","Cldnd2"
"rna_counts","Etfb"
"rna_counts","Etfbl"
"rna_counts","Mir7051"
"rna_counts","Vsig10l"
"rna_counts","Zfp658"
"rna_counts","Zfp719"
"rna_counts","Zfp819"
"rna_counts","Ceacam18"
"rna_counts","Ctu1"
"rna_counts","Klk14"
"rna_counts","Klk13"
"rna_counts","Klk12"
"rna_counts","Klk11"
"rna_counts","Klk10"
"rna_counts","Klk9"
"rna_counts","Klk8"
"rna_counts","Klk7"
"rna_counts","Klk6"
"rna_counts","Klk5"
"rna_counts","Klk4"
"rna_counts","Klk2-ps"
"rna_counts","Klk15"
"rna_counts","Klk1b7-ps"
"rna_counts","Klk1b8"
"rna_counts","Klk1b2-ps"
"rna_counts","Klk1b1"
"rna_counts","Klk1b9"
"rna_counts","Klk1b10-ps"
"rna_counts","Klk1b11"
"rna_counts","Klk1b12-ps"
"rna_counts","Klk1b26"
"rna_counts","Klk1b18-ps"
"rna_counts","Klk1b28-ps"
"rna_counts","Klk1b19-ps"
"rna_counts","Klk1b27"
"rna_counts","Klk1b14-ps"
"rna_counts","Klk1b15-ps"
"rna_counts","Klk1b21"
"rna_counts","Klk1b22"
"rna_counts","Klk1b23-ps"
"rna_counts","Klk1b16"
"rna_counts","Klk1b24"
"rna_counts","Klk1b3"
"rna_counts","Klk1b4"
"rna_counts","Klk1b5"
"rna_counts","Klk1"
"rna_counts","2410002F23Rik"
"rna_counts","Snord88c"
"rna_counts","Snord88a"
"rna_counts","Shank1"
"rna_counts","Syt3"
"rna_counts","Lrrc4b"
"rna_counts","Aspdh"
"rna_counts","Josd2"
"rna_counts","Mir7052"
"rna_counts","5430431A17Rik"
"rna_counts","Fam71e1"
"rna_counts","Napsa"
"rna_counts","Kcnc3"
"rna_counts","2310016G11Rik"
"rna_counts","Izumo2"
"rna_counts","Vrk3"
"rna_counts","Nup62"
"rna_counts","Il4i1"
"rna_counts","Akt1s1"
"rna_counts","Mir707"
"rna_counts","Pnkp"
"rna_counts","Fuz"
"rna_counts","Tsks"
"rna_counts","6530437J22Rik"
"rna_counts","Irf3"
"rna_counts","Rras"
"rna_counts","Nosip"
"rna_counts","Mir150"
"rna_counts","Pih1d1"
"rna_counts","Slc17a7"
"rna_counts","Mir7055"
"rna_counts","Pth2"
"rna_counts","Tead2"
"rna_counts","Slc6a16"
"rna_counts","Slc6a21"
"rna_counts","Hrc"
"rna_counts","Mtag2"
"rna_counts","Kcna7"
"rna_counts","Ntf5"
"rna_counts","AC151602.1"
"rna_counts","Lhb"
"rna_counts","Gys1"
"rna_counts","Tulp2"
"rna_counts","Plekha4"
"rna_counts","Hsd17b14"
"rna_counts","Bcat2"
"rna_counts","Fut1"
"rna_counts","Izumo1"
"rna_counts","Rasip1"
"rna_counts","Mamstr"
"rna_counts","Ntn5"
"rna_counts","Car11"
"rna_counts","Dbp"
"rna_counts","Fam83e"
"rna_counts","Lmtk3"
"rna_counts","Kdelr1"
"rna_counts","Tmem143"
"rna_counts","Ccdc114"
"rna_counts","Nomo1"
"rna_counts","Otog"
"rna_counts","Myod1"
"rna_counts","Kcnc1"
"rna_counts","Saa2"
"rna_counts","Gtf2h1"
"rna_counts","Ldha"
"rna_counts","Ldhc"
"rna_counts","Tmem86a"
"rna_counts","Mrgprc7-ps"
"rna_counts","Mrgprb12-ps"
"rna_counts","Mrgprb13"
"rna_counts","Mrgprb8"
"rna_counts","Mrgprb9-ps"
"rna_counts","Zdhhc13"
"rna_counts","Nav2"
"rna_counts","Htatip2"
"rna_counts","Prmt3"
"rna_counts","Slc6a5"
"rna_counts","Nell1"
"rna_counts","4933405O20Rik"
"rna_counts","Ano5"
"rna_counts","Slc17a6"
"rna_counts","Gas2"
"rna_counts","Luzp2"
"rna_counts","4833421K07Rik"
"rna_counts","Siglech"
"rna_counts","Tubgcp5"
"rna_counts","Cyfip1"
"rna_counts","A230056P14Rik"
"rna_counts","Herc2"
"rna_counts","Oca2"
"rna_counts","Gabrb3"
"rna_counts","Mir6389"
"rna_counts","Atp10a"
"rna_counts","Ube3a"
"rna_counts","Ndn"
"rna_counts","Magel2"
"rna_counts","Atp5l-ps1"
"rna_counts","Otud7a"
"rna_counts","E030018B13Rik"
"rna_counts","Trpm1"
"rna_counts","Mir211"
"rna_counts","Mtmr10"
"rna_counts","Mcee"
"rna_counts","Apba2"
"rna_counts","BC046251"
"rna_counts","Tarsl2"
"rna_counts","Tm2d3"
"rna_counts","1810008I18Rik"
"rna_counts","Pcsk6"
"rna_counts","Snrpa1"
"rna_counts","Selenos"
"rna_counts","Chsy1"
"rna_counts","Lins1"
"rna_counts","Cers3"
"rna_counts","Adamts17"
"rna_counts","Lysmd4"
"rna_counts","Ttc23"
"rna_counts","Igf1r"
"rna_counts","Fam169b"
"rna_counts","4933436H12Rik"
"rna_counts","4930402F11Rik"
"rna_counts","4933423L19Rik"
"rna_counts","B130024G19Rik"
"rna_counts","6030442E23Rik"
"rna_counts","4930441H08Rik"
"rna_counts","1700011C11Rik"
"rna_counts","Kansl2-ps"
"rna_counts","4933435G04Rik"
"rna_counts","4930429H19Rik"
"rna_counts","Rgma"
"rna_counts","Fam174b"
"rna_counts","Mir7234"
"rna_counts","4930533N22Rik"
"rna_counts","1500012K07Rik"
"rna_counts","Akap13"
"rna_counts","Klhl25"
"rna_counts","Agbl1"
"rna_counts","2310001K20Rik"
"rna_counts","4921513I08Rik"
"rna_counts","Mrps11"
"rna_counts","5330411O13Rik"
"rna_counts","1700011D18Rik"
"rna_counts","Mir7-2"
"rna_counts","Aen"
"rna_counts","Isg20"
"rna_counts","Acan"
"rna_counts","Abhd2"
"rna_counts","Fanci"
"rna_counts","Mir9-3hg"
"rna_counts","Mir9-3"
"rna_counts","A330074H02Rik"
"rna_counts","2900037B21Rik"
"rna_counts","Ticrr"
"rna_counts","9330171B17Rik"
"rna_counts","Wdr93"
"rna_counts","Mesp2"
"rna_counts","5430400D12Rik"
"rna_counts","Zfp710"
"rna_counts","Sema4b"
"rna_counts","Gdpgp1"
"rna_counts","Ttll13"
"rna_counts","Ngrn"
"rna_counts","Vps33b"
"rna_counts","Prc1"
"rna_counts","Hddc3"
"rna_counts","Ndufab1-ps"
"rna_counts","Zscan2"
"rna_counts","Zfp592"
"rna_counts","Alpk3"
"rna_counts","Platr32"
"rna_counts","Slc28a1"
"rna_counts","Pde8a"
"rna_counts","Cpeb1os1"
"rna_counts","2900076A07Rik"
"rna_counts","Mir1839"
"rna_counts","Whamm"
"rna_counts","Ramac"
"rna_counts","Tm6sf1"
"rna_counts","4833418N17Rik"
"rna_counts","Sh3gl3"
"rna_counts","Adamtsl3"
"rna_counts","Efl1"
"rna_counts","1700010L04Rik"
"rna_counts","Mex3b"
"rna_counts","A530021J07Rik"
"rna_counts","Tmc3"
"rna_counts","Stard5"
"rna_counts","2310044K18Rik"
"rna_counts","Mesd"
"rna_counts","2610206C17Rik"
"rna_counts","Olfr291"
"rna_counts","Olfr290"
"rna_counts","Vmn2r-ps64"
"rna_counts","Vmn2r-ps66"
"rna_counts","Vmn2r-ps68"
"rna_counts","Vmn2r-ps69"
"rna_counts","Vmn2r71"
"rna_counts","Vmn2r-ps73"
"rna_counts","Vmn2r-ps75"
"rna_counts","Vmn2r-ps77"
"rna_counts","Vmn2r-ps78"
"rna_counts","Vmn2r-ps79"
"rna_counts","Vmn2r-ps81"
"rna_counts","Vmn2r-ps84"
"rna_counts","Vmn2r-ps85"
"rna_counts","Olfr301"
"rna_counts","Olfr300-ps1"
"rna_counts","Olfr299"
"rna_counts","Olfr297"
"rna_counts","Olfr296-ps1"
"rna_counts","Olfr295"
"rna_counts","Olfr293"
"rna_counts","Olfr292"
"rna_counts","Vmn2r77"
"rna_counts","Vmn2r-ps87"
"rna_counts","Vmn2r78"
"rna_counts","Vmn2r79"
"rna_counts","Nox4"
"rna_counts","Grm5"
"rna_counts","Ctsc"
"rna_counts","Rab38"
"rna_counts","Fzd4"
"rna_counts","AI314278"
"rna_counts","Prss23os"
"rna_counts","Me3"
"rna_counts","E230029C05Rik"
"rna_counts","Picalm"
"rna_counts","n-R5s155"
"rna_counts","Sytl2"
"rna_counts","Ccdc89"
"rna_counts","Crebzf"
"rna_counts","Dlg2"
"rna_counts","A930002H02Rik"
"rna_counts","C030038I04Rik"
"rna_counts","B230206I08Rik"
"rna_counts","Ccdc90b"
"rna_counts","6430511E19Rik"
"rna_counts","Rab30"
"rna_counts","Prcp"
"rna_counts","9530078K11Rik"
"rna_counts","Fam181b"
"rna_counts","Tenm4"
"rna_counts","Mir708"
"rna_counts","Mir6394"
"rna_counts","Nars2"
"rna_counts","Gab2"
"rna_counts","Kctd21"
"rna_counts","Alg8"
"rna_counts","Ndufc2"
"rna_counts","Kctd14"
"rna_counts","Ints4"
"rna_counts","Rsf1"
"rna_counts","Clns1a"
"rna_counts","Pak1"
"rna_counts","Gdpd4"
"rna_counts","Gucy2d"
"rna_counts","Lrrc32"
"rna_counts","Thap12"
"rna_counts","Wnt11"
"rna_counts","Map6"
"rna_counts","Gdpd5"
"rna_counts","Klhl35"
"rna_counts","n-R5s156"
"rna_counts","Arrb1"
"rna_counts","Mir326"
"rna_counts","Olfr520"
"rna_counts","Olfr521"
"rna_counts","Xrra1"
"rna_counts","Chrdl2"
"rna_counts","Lipt2"
"rna_counts","Kcne3"
"rna_counts","Pgm2l1"
"rna_counts","Gpx2-ps1"
"rna_counts","P4ha3"
"rna_counts","C2cd3"
"rna_counts","Ucp3"
"rna_counts","Ucp2"
"rna_counts","Coa4"
"rna_counts","Cox20b"
"rna_counts","Rab6a"
"rna_counts","Fam168a"
"rna_counts","Fchsd2"
"rna_counts","Stard10"
"rna_counts","Arap1"
"rna_counts","Pde2a"
"rna_counts","Mir139"
"rna_counts","Clpb"
"rna_counts","Phox2a"
"rna_counts","Anapc15"
"rna_counts","Lamtor1"
"rna_counts","Numa1"
"rna_counts","Xndc1"
"rna_counts","Xntrpc"
"rna_counts","Trpc2"
"rna_counts","Art1"
"rna_counts","Pgap2"
"rna_counts","AC139579.1"
"rna_counts","Stim1"
"rna_counts","Rrm1"
"rna_counts","Olfr546-ps1"
"rna_counts","Olfr547"
"rna_counts","Olfr548-ps1"
"rna_counts","Olfr549"
"rna_counts","Olfr550"
"rna_counts","Olfr552"
"rna_counts","Olfr554"
"rna_counts","Olfr555"
"rna_counts","Olfr556"
"rna_counts","Olfr557"
"rna_counts","Olfr558"
"rna_counts","Olfr561"
"rna_counts","Olfr562-ps1"
"rna_counts","Olfr563-ps1"
"rna_counts","Olfr564"
"rna_counts","Olfr568"
"rna_counts","Olfr570"
"rna_counts","Olfr572"
"rna_counts","Olfr574"
"rna_counts","Olfr576"
"rna_counts","Olfr581-ps1"
"rna_counts","Olfr582"
"rna_counts","Olfr583"
"rna_counts","Olfr584"
"rna_counts","Olfr585"
"rna_counts","Olfr587-ps1"
"rna_counts","Olfr588-ps1"
"rna_counts","Olfr590-ps1"
"rna_counts","Olfr592"
"rna_counts","Olfr593"
"rna_counts","Olfr594"
"rna_counts","Olfr595-ps1"
"rna_counts","Olfr596"
"rna_counts","Olfr597"
"rna_counts","Olfr598"
"rna_counts","Olfr599"
"rna_counts","Usp17lc"
"rna_counts","Olfr606"
"rna_counts","Olfr608"
"rna_counts","Olfr613"
"rna_counts","Olfr615"
"rna_counts","Olfr617"
"rna_counts","Olfr618"
"rna_counts","Olfr619"
"rna_counts","Olfr625-ps1"
"rna_counts","Olfr243"
"rna_counts","Olfr628"
"rna_counts","Olfr65"
"rna_counts","Olfr631"
"rna_counts","Olfr632"
"rna_counts","Olfr633"
"rna_counts","Olfr634-ps1"
"rna_counts","Olfr635"
"rna_counts","Olfr637-ps1"
"rna_counts","Olfr638"
"rna_counts","Olfr641"
"rna_counts","Olfr646"
"rna_counts","Olfr650-ps1"
"rna_counts","Trim6"
"rna_counts","Trim34a"
"rna_counts","Trim34b"
"rna_counts","Olfr651"
"rna_counts","Olfr652"
"rna_counts","Olfr653"
"rna_counts","Olfr654"
"rna_counts","Olfr656"
"rna_counts","Olfr657"
"rna_counts","Usp17le-ps"
"rna_counts","Olfr659"
"rna_counts","Olfr660-ps1"
"rna_counts","Olfr661"
"rna_counts","Olfr662-ps1"
"rna_counts","Olfr663"
"rna_counts","Usp17la"
"rna_counts","Olfr665"
"rna_counts","Olfr669"
"rna_counts","Olfr676"
"rna_counts","Olfr677"
"rna_counts","Olfr678"
"rna_counts","Olfr679"
"rna_counts","Olfr681"
"rna_counts","Olfr687"
"rna_counts","Olfr688"
"rna_counts","Olfr689"
"rna_counts","Olfr692"
"rna_counts","Cnga4"
"rna_counts","Cckbr"
"rna_counts","Smpd1"
"rna_counts","Timm10b"
"rna_counts","Dnhd1"
"rna_counts","Ilk"
"rna_counts","Olfr701"
"rna_counts","Olfr703"
"rna_counts","Olfr704"
"rna_counts","Olfr1532-ps1"
"rna_counts","Olfr713"
"rna_counts","Olfr714"
"rna_counts","Olfr17"
"rna_counts","Olfr716"
"rna_counts","Nlrp14"
"rna_counts","Rbmxl2"
"rna_counts","Platr28"
"rna_counts","Syt9"
"rna_counts","Olfml1"
"rna_counts","Ppfibp2"
"rna_counts","Olfr467"
"rna_counts","Olfr468-ps1"
"rna_counts","Olfr472"
"rna_counts","Olfr473"
"rna_counts","Olfr474"
"rna_counts","Olfr476"
"rna_counts","Olfr477"
"rna_counts","Olfr479"
"rna_counts","Olfr481"
"rna_counts","Olfr483"
"rna_counts","Olfr489-ps1"
"rna_counts","Olfr491"
"rna_counts","Olfr494"
"rna_counts","Olfr495"
"rna_counts","Olfr496-ps1"
"rna_counts","Olfr497"
"rna_counts","Olfr498"
"rna_counts","Olfr500-ps1"
"rna_counts","Olfr501-ps1"
"rna_counts","Olfr503"
"rna_counts","Olfr505-ps1"
"rna_counts","Olfr506"
"rna_counts","Olfr507"
"rna_counts","Olfr508"
"rna_counts","Olfr510"
"rna_counts","Olfr511-ps1"
"rna_counts","Olfr512"
"rna_counts","Olfr513"
"rna_counts","Eif3f"
"rna_counts","Tub"
"rna_counts","1700095J03Rik"
"rna_counts","Snora3"
"rna_counts","Akip1"
"rna_counts","4930431P19Rik"
"rna_counts","Ipo7"
"rna_counts","Snora23"
"rna_counts","Zfp143"
"rna_counts","Wee1"
"rna_counts","Swap70"
"rna_counts","Adm"
"rna_counts","Ampd3"
"rna_counts","Ctr9"
"rna_counts","5430402P08Rik"
"rna_counts","Usp47"
"rna_counts","Mical2"
"rna_counts","Parva"
"rna_counts","Tead1"
"rna_counts","Rassf10"
"rna_counts","Arntl"
"rna_counts","Far1"
"rna_counts","Spon1"
"rna_counts","Pde3b"
"rna_counts","Calcb"
"rna_counts","Insc"
"rna_counts","A730082K24Rik"
"rna_counts","Sox6os"
"rna_counts","1110004F10Rik"
"rna_counts","AV356131"
"rna_counts","Nucb2"
"rna_counts","4732496C06Rik"
"rna_counts","Xylt1"
"rna_counts","4930583K01Rik"
"rna_counts","B230311B06Rik"
"rna_counts","Tmc5"
"rna_counts","Ccp110"
"rna_counts","Vps35l"
"rna_counts","Iqck"
"rna_counts","Acsm5"
"rna_counts","Acsm2"
"rna_counts","Acsm1"
"rna_counts","Acsm4"
"rna_counts","Ppp1ccb"
"rna_counts","Acsm3"
"rna_counts","Rexo5"
"rna_counts","Lyrm1"
"rna_counts","Tmem159"
"rna_counts","4930505K13Rik"
"rna_counts","Anks4b"
"rna_counts","Abca14"
"rna_counts","Abca15"
"rna_counts","Abca16"
"rna_counts","E130201H02Rik"
"rna_counts","Uqcrc2"
"rna_counts","4930588G17Rik"
"rna_counts","Mosmo"
"rna_counts","Vwa3a"
"rna_counts","Eef2k"
"rna_counts","Polr3e"
"rna_counts","Mfsd13b"
"rna_counts","Mettl9"
"rna_counts","Otoa"
"rna_counts","Hs3st2"
"rna_counts","1700025J12Rik"
"rna_counts","1700069B07Rik"
"rna_counts","Scnn1g"
"rna_counts","Scnn1b"
"rna_counts","Ubfd1"
"rna_counts","Dctn5"
"rna_counts","Plk1"
"rna_counts","Chp2"
"rna_counts","Prkcb"
"rna_counts","Cacng3"
"rna_counts","Rbbp6"
"rna_counts","Tnrc6a"
"rna_counts","Slc5a11"
"rna_counts","Lcmt1"
"rna_counts","Aqp8"
"rna_counts","Hs3st4"
"rna_counts","Glud-ps"
"rna_counts","4930533L02Rik"
"rna_counts","4930571K23Rik"
"rna_counts","Kdm8"
"rna_counts","Il4ra"
"rna_counts","Il21r"
"rna_counts","D430042O09Rik"
"rna_counts","Sbk1"
"rna_counts","Rabep2"
"rna_counts","Tufm"
"rna_counts","Apobr"
"rna_counts","Sgf29"
"rna_counts","Bola2"
"rna_counts","Snrp1c-ps1"
"rna_counts","4930448A20Rik"
"rna_counts","Mapk3"
"rna_counts","Gdpd3"
"rna_counts","Ypel3"
"rna_counts","Tbx6"
"rna_counts","Fam57b"
"rna_counts","Doc2a"
"rna_counts","Hirip3"
"rna_counts","Kctd13"
"rna_counts","Sez6l2"
"rna_counts","Cdipt"
"rna_counts","AI467606"
"rna_counts","Mylpf"
"rna_counts","Zfp553"
"rna_counts","Zfp771"
"rna_counts","Itgal"
"rna_counts","Smt3h2-ps2"
"rna_counts","B130055M24Rik"
"rna_counts","Prr14"
"rna_counts","Fbrs"
"rna_counts","Mir7060"
"rna_counts","Srcap"
"rna_counts","Snora30"
"rna_counts","Tmem265"
"rna_counts","Phkg2"
"rna_counts","Rnf40"
"rna_counts","Mir762"
"rna_counts","Ctf1"
"rna_counts","Fbxl19"
"rna_counts","Orai3"
"rna_counts","Setd1a"
"rna_counts","Hsd3b7"
"rna_counts","Stx4a"
"rna_counts","Zfp646"
"rna_counts","2200002A13Rik"
"rna_counts","Bckdk"
"rna_counts","Kat8"
"rna_counts","Fus"
"rna_counts","Trim72"
"rna_counts","Itgam"
"rna_counts","Itgax"
"rna_counts","Itgad"
"rna_counts","Armc5"
"rna_counts","Tgfb1i1"
"rna_counts","Slc5a2"
"rna_counts","Bag3"
"rna_counts","2610306O10Rik"
"rna_counts","Inpp5f"
"rna_counts","Sec23ip"
"rna_counts","Plpp4"
"rna_counts","Wdr11"
"rna_counts","Tacc2"
"rna_counts","Btbd16"
"rna_counts","Plekha1"
"rna_counts","Mir7061"
"rna_counts","Htra1"
"rna_counts","Dmbt1"
"rna_counts","1700029B22Rik"
"rna_counts","Cdcp3"
"rna_counts","AC110885.1"
"rna_counts","Fam24a"
"rna_counts","Pstk"
"rna_counts","Acadsb"
"rna_counts","Hmx3"
"rna_counts","Hmx2"
"rna_counts","Bub3"
"rna_counts","Gpr26"
"rna_counts","n-R5s159"
"rna_counts","Lhpp"
"rna_counts","Abraxas2"
"rna_counts","Zranb1"
"rna_counts","4930483O08Rik"
"rna_counts","Edrf1"
"rna_counts","Bccip"
"rna_counts","Fank1"
"rna_counts","Dock1"
"rna_counts","Nps"
"rna_counts","4930544L04Rik"
"rna_counts","Foxi2"
"rna_counts","Ptpre"
"rna_counts","Mir1962"
"rna_counts","6330420H09Rik"
"rna_counts","C030029H02Rik"
"rna_counts","Mgmt"
"rna_counts","Glrx3"
"rna_counts","4930543N07Rik"
"rna_counts","Ppp2r2d"
"rna_counts","Jakmip3"
"rna_counts","Dpysl4"
"rna_counts","Lrrc27"
"rna_counts","Pwwp2b"
"rna_counts","Inpp5a"
"rna_counts","Mir6401"
"rna_counts","Adgra1"
"rna_counts","Kndc1"
"rna_counts","Utf1"
"rna_counts","Zfp511"
"rna_counts","Prap1"
"rna_counts","Paox"
"rna_counts","Mtg1"
"rna_counts","Olfr523"
"rna_counts","Cd163l1"
"rna_counts","5830411N06Rik"
"rna_counts","Olfr525"
"rna_counts","Olfr527"
"rna_counts","Olfr528-ps1"
"rna_counts","Olfr529-ps1"
"rna_counts","Olfr533"
"rna_counts","Olfr535"
"rna_counts","Olfr537-ps1"
"rna_counts","Olfr538"
"rna_counts","Olfr46"
"rna_counts","Olfr61"
"rna_counts","Olfr53"
"rna_counts","Olfr539"
"rna_counts","Olfr45"
"rna_counts","Olfr541"
"rna_counts","Olfr542-ps1"
"rna_counts","Cyp2e1"
"rna_counts","Urah"
"rna_counts","Scgb1c1"
"rna_counts","Odf3"
"rna_counts","Ric8a"
"rna_counts","Psmd13"
"rna_counts","BC024386"
"rna_counts","Nlrp6"
"rna_counts","Pgghg"
"rna_counts","Ifitm1"
"rna_counts","B4galnt4"
"rna_counts","Pkp3"
"rna_counts","Ptdss2"
"rna_counts","Lrrc56"
"rna_counts","Rassf7"
"rna_counts","Phrf1"
"rna_counts","Drd4"
"rna_counts","Tmem80"
"rna_counts","Eps8l2"
"rna_counts","Taldo1"
"rna_counts","Snora52"
"rna_counts","Pnpla2"
"rna_counts","Cracr2b"
"rna_counts","Cd151"
"rna_counts","Tspan4"
"rna_counts","Ap2a2"
"rna_counts","Mir7063"
"rna_counts","Muc2"
"rna_counts","Muc5ac"
"rna_counts","Muc5b"
"rna_counts","Brsk2"
"rna_counts","Mir3104"
"rna_counts","Krtap5-3"
"rna_counts","Krtap5-4"
"rna_counts","Syt8"
"rna_counts","Tnni2"
"rna_counts","Lsp1"
"rna_counts","Tnnt3"
"rna_counts","Mrpl23"
"rna_counts","Igf2os"
"rna_counts","Tspan32"
"rna_counts","Cd81"
"rna_counts","Tssc4"
"rna_counts","Kcnq1"
"rna_counts","Slc22a18"
"rna_counts","E230032D23Rik"
"rna_counts","Dhcr7"
"rna_counts","Acte1"
"rna_counts","Mir6404"
"rna_counts","Shank2"
"rna_counts","Mir3105"
"rna_counts","Faddos"
"rna_counts","Fgf3"
"rna_counts","Fgf4"
"rna_counts","Fgf15"
"rna_counts","Bc1"
"rna_counts","LTO1"
"rna_counts","Mrgprf"
"rna_counts","Mrgprd"
"rna_counts","AU018091"
"rna_counts","Mir290b"
"rna_counts","Nlrp12"
"rna_counts","Mir292b"
"rna_counts","3300002P13Rik"
"rna_counts","Tarm1"
"rna_counts","AC240460.1"
"rna_counts","Oscar"
"rna_counts","Tfpt"
"rna_counts","Leng1"
"rna_counts","Tmc4"
"rna_counts","Mboat7"
"rna_counts","Pirb"
"rna_counts","Pira2"
"rna_counts","Lilra6"
"rna_counts","Lair1"
"rna_counts","9430041J12Rik"
"rna_counts","D030047H15Rik"
"rna_counts","Leng9"
"rna_counts","Cdc42ep5"
"rna_counts","Gp6"
"rna_counts","Rdh13"
"rna_counts","Ppp1r12c"
"rna_counts","Tnnt1"
"rna_counts","Tnni3"
"rna_counts","Dnaaf3"
"rna_counts","Syt5"
"rna_counts","Ptprh"
"rna_counts","Tmem86b"
"rna_counts","Ppp6r1"
"rna_counts","Hspbp1"
"rna_counts","Tmem150b"
"rna_counts","Cox6b2"
"rna_counts","Fam71e2"
"rna_counts","Il11"
"rna_counts","Tmem238"
"rna_counts","Ube2s"
"rna_counts","Shisa7"
"rna_counts","Isoc2b"
"rna_counts","Sbk2"
"rna_counts","Sbk3"
"rna_counts","Zfp579"
"rna_counts","Fiz1"
"rna_counts","Zfp784"
"rna_counts","Rfpl4"
"rna_counts","Rasl2-9"
"rna_counts","Vmn1r55"
"rna_counts","Vmn1r56"
"rna_counts","Nlrp2"
"rna_counts","Vmn1r58"
"rna_counts","Vmn1r59"
"rna_counts","Vmn2r28"
"rna_counts","Vmn1r60"
"rna_counts","Vmn1r-ps40"
"rna_counts","Vmn1r61"
"rna_counts","Vmn1r63"
"rna_counts","Vmn1r64"
"rna_counts","Vmn1r-ps45"
"rna_counts","Vmn1r-ps46"
"rna_counts","Vmn1r65"
"rna_counts","Zfp787"
"rna_counts","Zfp583"
"rna_counts","Olfr5"
"rna_counts","Olfr1347"
"rna_counts","Olfr1348"
"rna_counts","Olfr1349"
"rna_counts","Zim2"
"rna_counts","Zim1"
"rna_counts","Peg3"
"rna_counts","Zim3"
"rna_counts","Pafah1b1-ps2"
"rna_counts","Zfp954"
"rna_counts","Zfp773"
"rna_counts","Vmn2r-ps35"
"rna_counts","Zfp772"
"rna_counts","Vmn2r29"
"rna_counts","Clcn4"
"rna_counts","Vmn2r30"
"rna_counts","Vmn2r31"
"rna_counts","Vmn2r-ps36"
"rna_counts","Vmn2r32"
"rna_counts","Vmn2r33"
"rna_counts","Vmn2r-ps37"
"rna_counts","Vmn2r34"
"rna_counts","Vmn2r-ps38"
"rna_counts","Vmn2r35"
"rna_counts","Vmn2r-ps40"
"rna_counts","Vmn2r36"
"rna_counts","2810047C21Rik1"
"rna_counts","Vmn2r41"
"rna_counts","Vmn2r42"
"rna_counts","Vmn2r43"
"rna_counts","Vmn2r-ps45"
"rna_counts","Vmn2r44"
"rna_counts","Vmn2r-ps46"
"rna_counts","Vmn2r45"
"rna_counts","Vmn2r-ps47"
"rna_counts","Vmn2r-ps49"
"rna_counts","Vmn2r-ps44"
"rna_counts","Vmn2r-ps43"
"rna_counts","Vmn2r40"
"rna_counts","Vmn2r-ps42"
"rna_counts","Vmn2r39"
"rna_counts","Zfp419"
"rna_counts","Vmn2r38"
"rna_counts","Vmn2r-ps41"
"rna_counts","Vmn2r37"
"rna_counts","Vmn2r46"
"rna_counts","Vmn2r47"
"rna_counts","Vmn2r-ps51"
"rna_counts","Vmn2r-ps52"
"rna_counts","Vmn2r48"
"rna_counts","Vmn2r49"
"rna_counts","Vmn2r50"
"rna_counts","Vmn2r51"
"rna_counts","Vmn2r52"
"rna_counts","Vmn1r66"
"rna_counts","Vmn1r-ps47"
"rna_counts","Nlrp4d"
"rna_counts","Zik1"
"rna_counts","Vmn1r68"
"rna_counts","Vmn1r-ps49"
"rna_counts","Vmn1r69"
"rna_counts","Vmn1r-ps50"
"rna_counts","Vmn1r-ps52"
"rna_counts","Vmn1r71"
"rna_counts","Zscan4a"
"rna_counts","Zscan4b"
"rna_counts","Mir297-1"
"rna_counts","Zscan4-ps1"
"rna_counts","Zscan4d"
"rna_counts","Zscan4e"
"rna_counts","Vmn1r-ps53"
"rna_counts","Vmn1r72"
"rna_counts","Vmn1r-ps56"
"rna_counts","Vmn1r76"
"rna_counts","Vmn1r-ps57"
"rna_counts","Vmn1r-ps58"
"rna_counts","Vmn1r81"
"rna_counts","Vmn1r83"
"rna_counts","Vmn1r84"
"rna_counts","Vmn1r-ps66"
"rna_counts","Vmn1r-ps67"
"rna_counts","Vmn1r-ps68"
"rna_counts","Zfp551"
"rna_counts","Vmn2r53"
"rna_counts","Vmn2r54"
"rna_counts","AC139131.1"
"rna_counts","Vmn2r55"
"rna_counts","Vmn2r56"
"rna_counts","Zscan18"
"rna_counts","Zfp329"
"rna_counts","1810019N24Rik"
"rna_counts","Slc27a5"
"rna_counts","Zbtb45"
"rna_counts","Chmp2a"
"rna_counts","Ube2m"
"rna_counts","Mzf1"
"rna_counts","Vmn1r85"
"rna_counts","Vmn1r86"
"rna_counts","Vmn1r87"
"rna_counts","Zswim9"
"rna_counts","Bsph2"
"rna_counts","Tmem167-ps1"
"rna_counts","Sult2a-ps1"
"rna_counts","Sult2a1"
"rna_counts","Kat6b-ps2"
"rna_counts","Sult2a4"
"rna_counts","Zbed4-ps3"
"rna_counts","Sult2a3"
"rna_counts","Sult2a-ps3"
"rna_counts","Sult2a-ps4"
"rna_counts","Rpap3-ps1"
"rna_counts","Sult2a6"
"rna_counts","Rpap3-ps2"
"rna_counts","Obox8"
"rna_counts","Mrps36-ps3"
"rna_counts","Crs-ps"
"rna_counts","Sult2a8"
"rna_counts","Sult2a7"
"rna_counts","Obox4-ps1"
"rna_counts","Obox4-ps2"
"rna_counts","Nlrp5-ps"
"rna_counts","Vmn1r90"
"rna_counts","Obox3-ps1"
"rna_counts","Obox4-ps4"
"rna_counts","Gtpbp4-ps1"
"rna_counts","Ranbp2-ps2"
"rna_counts","Obox3-ps2"
"rna_counts","Obox4-ps5"
"rna_counts","Gtpbp4-ps2"
"rna_counts","Ranbp2-ps3"
"rna_counts","Ranbp2-ps4"
"rna_counts","Obox3-ps3"
"rna_counts","Obox4-ps7"
"rna_counts","Gtpbp4-ps3"
"rna_counts","Ranbp2-ps5"
"rna_counts","Obox3-ps4"
"rna_counts","Obox4-ps10"
"rna_counts","Gtpbp4-ps4"
"rna_counts","Ranbp2-ps6"
"rna_counts","Mrip-ps"
"rna_counts","Obox3-ps5"
"rna_counts","Obox4-ps24"
"rna_counts","Gtpbp4-ps5"
"rna_counts","Obox4-ps25"
"rna_counts","Ranbp2-ps7"
"rna_counts","Ranbp2-ps8"
"rna_counts","Obox3"
"rna_counts","Obox3-ps6"
"rna_counts","Ranbp2-ps9"
"rna_counts","Ranbp2-ps10"
"rna_counts","Obox4-ps32"
"rna_counts","Gtpbp4-ps6"
"rna_counts","Ranbp2-ps11"
"rna_counts","Ranbp2-ps12"
"rna_counts","Gtpbp4-ps7"
"rna_counts","Obox4-ps35"
"rna_counts","Obox6"
"rna_counts","Crx"
"rna_counts","Selenow"
"rna_counts","Nop53"
"rna_counts","Snord23"
"rna_counts","Ehd2"
"rna_counts","Bicra"
"rna_counts","Dhx34"
"rna_counts","C5ar2"
"rna_counts","C5ar1"
"rna_counts","Inafm1"
"rna_counts","Ccdc9"
"rna_counts","Sae1"
"rna_counts","Npas1"
"rna_counts","Arhgap35"
"rna_counts","Ceacam-ps1"
"rna_counts","Ceacam15"
"rna_counts","Fkrp"
"rna_counts","9330104G04Rik"
"rna_counts","2700080J24Rik"
"rna_counts","Calm3"
"rna_counts","Ppp5c"
"rna_counts","Hif3a"
"rna_counts","Psg18"
"rna_counts","Psg28"
"rna_counts","Psg26"
"rna_counts","Psg25"
"rna_counts","Psg27"
"rna_counts","Psg23"
"rna_counts","Psg21"
"rna_counts","Psg20"
"rna_counts","Psg19"
"rna_counts","Psg17"
"rna_counts","Ccdc61"
"rna_counts","Mypopos"
"rna_counts","Foxa3"
"rna_counts","Qpctl"
"rna_counts","Gipr"
"rna_counts","Vasp"
"rna_counts","Ppm1n"
"rna_counts","Fosb"
"rna_counts","D830036C21Rik"
"rna_counts","Cd3eap"
"rna_counts","Klc3"
"rna_counts","A930016O22Rik"
"rna_counts","Mark4"
"rna_counts","Bloc1s3"
"rna_counts","Ppp1r37"
"rna_counts","Gemin7"
"rna_counts","Clasrp"
"rna_counts","Relb"
"rna_counts","Clptm1"
"rna_counts","Apoc2"
"rna_counts","Apoc4"
"rna_counts","Apoc1"
"rna_counts","Apoe"
"rna_counts","Tomm40"
"rna_counts","Nectin2"
"rna_counts","Bcam"
"rna_counts","Cblc"
"rna_counts","Bcl3"
"rna_counts","Ceacam16"
"rna_counts","Ceacam19"
"rna_counts","Pvr"
"rna_counts","Igsf23"
"rna_counts","n-R5s152"
"rna_counts","Vmn1r240"
"rna_counts","Vmn1r93"
"rna_counts","Vmn1r94"
"rna_counts","Vmn1r241"
"rna_counts","Vmn1r242"
"rna_counts","Vmn1r243"
"rna_counts","Vmn1r-ps79"
"rna_counts","Vmn1r244"
"rna_counts","Vmn1r101"
"rna_counts","Vmn1r103"
"rna_counts","Vmn1r245"
"rna_counts","Vmn1r246"
"rna_counts","Vmn1r-ps71"
"rna_counts","Vmn1r111"
"rna_counts","Vmn1r114"
"rna_counts","Vmn1r115"
"rna_counts","Vmn1r117"
"rna_counts","Vmn1r118"
"rna_counts","Vmn1r119"
"rna_counts","Vmn1r-ps73"
"rna_counts","Vmn1r120"
"rna_counts","Vmn1r121"
"rna_counts","Vmn1r122"
"rna_counts","Vmn1r124"
"rna_counts","Vmn1r126"
"rna_counts","Vmn1r127"
"rna_counts","Vmn1r129"
"rna_counts","Vmn1r-ps75"
"rna_counts","Vmn1r-ps76"
"rna_counts","Vmn1r131"
"rna_counts","Vmn1r247"
"rna_counts","Vmn1r248"
"rna_counts","Vmn1r249"
"rna_counts","Vmn1r-ps77"
"rna_counts","Vmn1r142"
"rna_counts","Vmn1r149"
"rna_counts","Vmn1r151"
"rna_counts","Vmn1r-ps80"
"rna_counts","Vmn1r257"
"rna_counts","Vmn1r158"
"rna_counts","Vmn1r159"
"rna_counts","Vmn1r258"
"rna_counts","Vmn1r-ps83"
"rna_counts","Vmn1r-ps84"
"rna_counts","Vmn1r167"
"rna_counts","Vmn1r175"
"rna_counts","Vmn1r176"
"rna_counts","Vmn1r177"
"rna_counts","Zfp111"
"rna_counts","Zfp109"
"rna_counts","Zfp61"
"rna_counts","Zfp94"
"rna_counts","AC159140.1"
"rna_counts","Tescl"
"rna_counts","Irgc1"
"rna_counts","AC161166.1"
"rna_counts","Pinlyp"
"rna_counts","Zfp575"
"rna_counts","Tex101"
"rna_counts","Lypd11"
"rna_counts","Cd177"
"rna_counts","Lypd4"
"rna_counts","Rabac1"
"rna_counts","Mir7046"
"rna_counts","Atp1a3"
"rna_counts","Mir7047"
"rna_counts","Grik5"
"rna_counts","Pou2f2"
"rna_counts","Mir6537"
"rna_counts","Dedd2"
"rna_counts","Mir7048"
"rna_counts","Gsk3a"
"rna_counts","Erf"
"rna_counts","Pafah1b3"
"rna_counts","Cnfn"
"rna_counts","Lipe"
"rna_counts","Cxcl17"
"rna_counts","Ceacam1"
"rna_counts","Ceacam2"
"rna_counts","Erich4"
"rna_counts","Bckdha"
"rna_counts","Tmem91"
"rna_counts","Ccdc97"
"rna_counts","Hnrnpul1"
"rna_counts","Axl"
"rna_counts","Cyp2s1"
"rna_counts","Cyp2b27-ps"
"rna_counts","Cyp2b26-ps"
"rna_counts","Nlrp9c"
"rna_counts","Vmn1r185"
"rna_counts","Cyp2b23"
"rna_counts","Api5-ps"
"rna_counts","Cyp2a22"
"rna_counts","Egln2"
"rna_counts","Rab4b"
"rna_counts","Mir3101"
"rna_counts","Mia"
"rna_counts","Snrpa"
"rna_counts","Itpkc"
"rna_counts","Ltbp4"
"rna_counts","Shkbp1"
"rna_counts","Sptbn4"
"rna_counts","Pgam1-ps2"
"rna_counts","Pld3"
"rna_counts","Map3k10"
"rna_counts","Prkcz2"
"rna_counts","Zfp974"
"rna_counts","Zfp780b"
"rna_counts","Zfp850"
"rna_counts","Psmc4"
"rna_counts","Selenov"
"rna_counts","Dll3"
"rna_counts","Timm50"
"rna_counts","Supt5"
"rna_counts","Plekhg2"
"rna_counts","Zfp36"
"rna_counts","Med29"
"rna_counts","Samd4b"
"rna_counts","Ifnl2"
"rna_counts","Nccrp1"
"rna_counts","Pak4"
"rna_counts","Mir7049"
"rna_counts","Acp7"
"rna_counts","Mrps12"
"rna_counts","Nfkbib"
"rna_counts","Actn4"
"rna_counts","Eif3k"
"rna_counts","Ryr1"
"rna_counts","Mir1963"
"rna_counts","Fam98c"
"rna_counts","Spred3"
"rna_counts","Psmd8"
"rna_counts","Catsperg1"
"rna_counts","Kcnk6"
"rna_counts","2200002D01Rik"
"rna_counts","Spint2"
"rna_counts","Sipa1l3"
"rna_counts","A330087D11Rik"
"rna_counts","n-R5s153"
"rna_counts","Catsperg2"
"rna_counts","Zfp940"
"rna_counts","Zfp27"
"rna_counts","Zfp74"
"rna_counts","Mif-ps"
"rna_counts","Zfp14"
"rna_counts","Zfp82"
"rna_counts","Zfp566"
"rna_counts","Zfp146"
"rna_counts","Capns1"
"rna_counts","Tbcb"
"rna_counts","Ovol3"
"rna_counts","Wdr62"
"rna_counts","Sdhaf1"
"rna_counts","4930479H17Rik"
"rna_counts","Lrfn3"
"rna_counts","Hcst"
"rna_counts","Aplp1"
"rna_counts","Kirrel2"
"rna_counts","Nphs1os"
"rna_counts","Arhgap33"
"rna_counts","Proser3"
"rna_counts","Lin37"
"rna_counts","Psenen"
"rna_counts","Kmt2b"
"rna_counts","Zbtb32"
"rna_counts","Upk1a"
"rna_counts","Cox6b1"
"rna_counts","Etv2"
"rna_counts","Rbm42"
"rna_counts","Haus5"
"rna_counts","Pmis2"
"rna_counts","Tmem147"
"rna_counts","Gapdhs"
"rna_counts","Ffar2"
"rna_counts","Ffar3"
"rna_counts","Ffar1"
"rna_counts","Cd22"
"rna_counts","Mag"
"rna_counts","Hamp2"
"rna_counts","Usf2-ps1"
"rna_counts","Hamp"
"rna_counts","Usf2"
"rna_counts","Lsr"
"rna_counts","Fxyd5"
"rna_counts","Mir7050"
"rna_counts","Fxyd7"
"rna_counts","Fxyd1"
"rna_counts","Fxyd3"
"rna_counts","Hpn"
"rna_counts","Scn1b"
"rna_counts","Gramd1a"
"rna_counts","Scgb1b1-ps"
"rna_counts","Scgb1b2"
"rna_counts","Scgb2b3"
"rna_counts","Scgb2b4-ps"
"rna_counts","Scgb2b5-ps"
"rna_counts","Scgb2b28-ps"
"rna_counts","Scgb2b6"
"rna_counts","Scgb2b7"
"rna_counts","Scgb2b8-ps"
"rna_counts","Scgb2b9-ps"
"rna_counts","Scgb2b29-ps"
"rna_counts","Scgb2b10"
"rna_counts","Scgb2b30"
"rna_counts","Scgb2b11"
"rna_counts","Scgb2b12"
"rna_counts","Scgb2b13-ps"
"rna_counts","Scgb2b14-ps"
"rna_counts","Scgb2b31-ps"
"rna_counts","Scgb2b15"
"rna_counts","Scgb2b16-ps"
"rna_counts","Scgb2b32-ps"
"rna_counts","Scgb2b17"
"rna_counts","Scgb2b33"
"rna_counts","Scgb2b18"
"rna_counts","Scgb2b19"
"rna_counts","Scgb2b20"
"rna_counts","Scgb1b34-ps"
"rna_counts","Scgb2b21"
"rna_counts","Scgb2b22-ps"
"rna_counts","Scgb2b23-ps"
"rna_counts","Scgb2b24"
"rna_counts","Scgb2b25-ps"
"rna_counts","Scgb2b26"
"rna_counts","Scgb2b27"
"rna_counts","Wtip"
"rna_counts","Uba2"
"rna_counts","Pdcd2l"
"rna_counts","Gpi1"
"rna_counts","4931406P16Rik"
"rna_counts","BC060293"
"rna_counts","Lsm14a"
"rna_counts","Kctd15"
"rna_counts","Chst8"
"rna_counts","Cebpg"
"rna_counts","Lrp3"
"rna_counts","Wdr88"
"rna_counts","Gpatch1"
"rna_counts","Faap24"
"rna_counts","Tdrd12"
"rna_counts","Nudt19"
"rna_counts","Rgs9bp"
"rna_counts","Pdcd5"
"rna_counts","Dpy19l3"
"rna_counts","Zfp507"
"rna_counts","Zfp536"
"rna_counts","6720469O03Rik"
"rna_counts","Uri1"
"rna_counts","Ccne1"
"rna_counts","D530033B14Rik"
"rna_counts","Plekhf1"
"rna_counts","Pop4"
"rna_counts","4930435C17Rik"
"rna_counts","4930558N11Rik"
"rna_counts","A230077H06Rik"
"rna_counts","Topbp1-ps2"
"rna_counts","1700110I07Rik"
"rna_counts","Topbp1-ps1"
"rna_counts","AI987944"
"rna_counts","Vmn2r57"
"rna_counts","AW146154"
"rna_counts","Cd9-ps"
"rna_counts","Vmn2r-ps56"
"rna_counts","Vmn2r58"
"rna_counts","Vmn2r-ps57"
"rna_counts","Vmn2r59"
"rna_counts","Ccnb1-ps"
"rna_counts","Vmn2r-ps60"
"rna_counts","4933421I07Rik"
"rna_counts","Zfp141"
"rna_counts","Zfp977"
"rna_counts","Zfp976"
"rna_counts","Zfp975"
"rna_counts","Vmn2r62"
"rna_counts","Vmn2r63"
"rna_counts","Zfp715"
"rna_counts","Iglon5"
"rna_counts","4931406B18Rik"
"rna_counts","Cd33"
"rna_counts","Siglece"
"rna_counts","2310002F09Rik"
"rna_counts","1700028J19Rik"
"rna_counts","Acp4"
"rna_counts","Clec11a"
"rna_counts","1700008O03Rik"
"rna_counts","Emc10"
"rna_counts","Mybpc2"
"rna_counts","Spib"
"rna_counts","Pold1"
"rna_counts","Mir7053"
"rna_counts","Nr1h2"
"rna_counts","Myh14"
"rna_counts","Zfp473"
"rna_counts","Atf5"
"rna_counts","Tbc1d17"
"rna_counts","Ptov1"
"rna_counts","Med25"
"rna_counts","D7Bwg0826e"
"rna_counts","Ap2a1"
"rna_counts","Cpt1c"
"rna_counts","Prmt1"
"rna_counts","Bcl2l12"
"rna_counts","Scaf1"
"rna_counts","Mir7054"
"rna_counts","Prr12"
"rna_counts","Prrg2"
"rna_counts","Rcn3"
"rna_counts","Fcgrt"
"rna_counts","Snord35b"
"rna_counts","Snord35a"
"rna_counts","Snord34"
"rna_counts","Snord33"
"rna_counts","Mir5121"
"rna_counts","Snord32a"
"rna_counts","Flt3l"
"rna_counts","Aldh16a1"
"rna_counts","Gfy"
"rna_counts","Ccdc155"
"rna_counts","Dkkl1"
"rna_counts","Cd37"
"rna_counts","Trpm4"
"rna_counts","Ppfia3"
"rna_counts","Lin7b"
"rna_counts","Snrnp70"
"rna_counts","Ruvbl2"
"rna_counts","Ftl1"
"rna_counts","Bax"
"rna_counts","Dhdh"
"rna_counts","Nucb1"
"rna_counts","Ppp1r15a"
"rna_counts","0610005C13Rik"
"rna_counts","Fgf21"
"rna_counts","A030001D20Rik"
"rna_counts","Fut2"
"rna_counts","Sec1"
"rna_counts","Sphk2"
"rna_counts","Spaca4"
"rna_counts","Sult2b1"
"rna_counts","Cyth2"
"rna_counts","Kcnj14"
"rna_counts","Grwd1"
"rna_counts","Grin2d"
"rna_counts","Syngr4"
"rna_counts","Emp3"
"rna_counts","Abcc6"
"rna_counts","Kcnj11"
"rna_counts","Abcc8"
"rna_counts","Ush1c"
"rna_counts","1700025L06Rik"
"rna_counts","Sergef"
"rna_counts","Tph1"
"rna_counts","Saal1"
"rna_counts","Saa3"
"rna_counts","Saa4"
"rna_counts","Saa-ps"
"rna_counts","Saa1"
"rna_counts","Hps5"
"rna_counts","Tsg101"
"rna_counts","Uevld"
"rna_counts","C86187"
"rna_counts","Spty2d1"
"rna_counts","LOC102637012"
"rna_counts","Ptpn5"
"rna_counts","Mir7056"
"rna_counts","Mrgpra6"
"rna_counts","Mrgpra9"
"rna_counts","Mrgprx3-ps"
"rna_counts","Mrgpra1"
"rna_counts","Mrgpra2a"
"rna_counts","Mrgpra2b"
"rna_counts","Mrgprc4-ps"
"rna_counts","Mrgpra14"
"rna_counts","Mrgpra3"
"rna_counts","Mrgprc1-ps"
"rna_counts","Mrgprc3-ps"
"rna_counts","Mrgpra18-ps"
"rna_counts","Mrgprc2-ps"
"rna_counts","Mrgpra4"
"rna_counts","Mrgprx1"
"rna_counts","Mrgprb7-ps"
"rna_counts","Mrgprb5"
"rna_counts","Mrgprb4"
"rna_counts","Mrgprb1"
"rna_counts","Mrgprx2"
"rna_counts","Mrgprb2"
"rna_counts","Mrgprb3"
"rna_counts","Mrgprb11-ps"
"rna_counts","Csrp3"
"rna_counts","E2f8"
"rna_counts","9130015G15Rik"
"rna_counts","Dbx1"
"rna_counts","Nell1os"
"rna_counts","Fancf"
"rna_counts","Svip"
"rna_counts","1700015G11Rik"
"rna_counts","Mir6238"
"rna_counts","Nipa2"
"rna_counts","Nipa1"
"rna_counts","Gabrg3"
"rna_counts","Gabra5"
"rna_counts","9330162G02Rik"
"rna_counts","Snhg14"
"rna_counts","A230103L15Rik"
"rna_counts","Snord116l14"
"rna_counts","Snord116l9"
"rna_counts","Snord116l12"
"rna_counts","Snord64"
"rna_counts","Snord107"
"rna_counts","Snrpn"
"rna_counts","Snurf"
"rna_counts","A230006K03Rik"
"rna_counts","B230209E15Rik"
"rna_counts","Ube2nl"
"rna_counts","Mir344d-1"
"rna_counts","Mir344d-2"
"rna_counts","A230057D06Rik"
"rna_counts","Mir344d-3"
"rna_counts","Mir344e"
"rna_counts","Mir344h-1"
"rna_counts","Mir344b"
"rna_counts","Mir344c"
"rna_counts","Mir344"
"rna_counts","A330076H08Rik"
"rna_counts","Mir344-2"
"rna_counts","Mir344g"
"rna_counts","Mir344f"
"rna_counts","Mir344i"
"rna_counts","Mkrn3"
"rna_counts","Peg12"
"rna_counts","Vmn2r-ps61"
"rna_counts","A26c2"
"rna_counts","Chrna7"
"rna_counts","4930554H23Rik"
"rna_counts","Klf13"
"rna_counts","Mir6416"
"rna_counts","Fan1"
"rna_counts","Mphosph10"
"rna_counts","Fam189a1"
"rna_counts","Nsmce3"
"rna_counts","1810049I09Rik"
"rna_counts","Tjp1"
"rna_counts","Lrrk1"
"rna_counts","Mir7057"
"rna_counts","Aldh1a3"
"rna_counts","Asb7"
"rna_counts","1700112J16Rik"
"rna_counts","Mef2a"
"rna_counts","Lrrc28"
"rna_counts","Synm"
"rna_counts","4833412C05Rik"
"rna_counts","Pgpep1l"
"rna_counts","4930405G09Rik"
"rna_counts","Arrdc4"
"rna_counts","Nr2f2"
"rna_counts","Mctp2"
"rna_counts","A730056A06Rik"
"rna_counts","Chd2"
"rna_counts","C130083A15Rik"
"rna_counts","1810026B05Rik"
"rna_counts","A830073O21Rik"
"rna_counts","St8sia2"
"rna_counts","Slco3a1"
"rna_counts","0610006L08Rik"
"rna_counts","Sv2b"
"rna_counts","AU020206"
"rna_counts","Ntrk3"
"rna_counts","Mrpl46"
"rna_counts","Det1"
"rna_counts","Hapln3"
"rna_counts","Mfge8"
"rna_counts","Rlbp1"
"rna_counts","Polg"
"rna_counts","Rhcg"
"rna_counts","Kif7"
"rna_counts","Plin1"
"rna_counts","Pex11a"
"rna_counts","Mesp1"
"rna_counts","Anpep"
"rna_counts","Ap3s2"
"rna_counts","Arpin"
"rna_counts","Idh2"
"rna_counts","Cib1"
"rna_counts","Rccd1"
"rna_counts","Unc45a"
"rna_counts","Man2a2"
"rna_counts","Fes"
"rna_counts","Furin"
"rna_counts","Blm"
"rna_counts","Crtc3"
"rna_counts","Iqgap1"
"rna_counts","Wdr73"
"rna_counts","Nmb"
"rna_counts","Sec11a"
"rna_counts","Ndufs6b"
"rna_counts","Cpeb1"
"rna_counts","Ap3b2"
"rna_counts","BC048679"
"rna_counts","Fsd2"
"rna_counts","Homer2"
"rna_counts","3110040N11Rik"
"rna_counts","Btbd1"
"rna_counts","Hdgfl3"
"rna_counts","Bnc1"
"rna_counts","Saxo2"
"rna_counts","4933406J10Rik"
"rna_counts","n-R5s154"
"rna_counts","4933430H16Rik"
"rna_counts","5930435M05Rik"
"rna_counts","Il16"
"rna_counts","Phgdh-ps1"
"rna_counts","Cfap161"
"rna_counts","3110009M11Rik"
"rna_counts","Tlnrd1"
"rna_counts","Cemip"
"rna_counts","Abhd17c"
"rna_counts","Arnt2"
"rna_counts","Fah"
"rna_counts","Zfand6"
"rna_counts","Vmn2r-ps62"
"rna_counts","Vmn2r65"
"rna_counts","Vmn2r66"
"rna_counts","Vmn2r-ps65"
"rna_counts","Vmn2r-ps67"
"rna_counts","Vmn2r67"
"rna_counts","Vmn2r68"
"rna_counts","Vmn2r69"
"rna_counts","Vmn2r-ps70"
"rna_counts","Vmn2r70"
"rna_counts","Vmn2r-ps72"
"rna_counts","Vmn2r72"
"rna_counts","Vmn2r-ps76"
"rna_counts","Vmn2r73"
"rna_counts","Vmn2r74"
"rna_counts","Vmn2r-ps80"
"rna_counts","Vmn2r-ps82"
"rna_counts","Vmn2r-ps83"
"rna_counts","Vmn2r75"
"rna_counts","Vmn2r-ps86"
"rna_counts","Vmn2r76"
"rna_counts","Olfr310"
"rna_counts","Olfr309"
"rna_counts","Olfr308"
"rna_counts","Olfr307"
"rna_counts","Olfr306-ps1"
"rna_counts","Olfr305"
"rna_counts","Olfr304"
"rna_counts","Olfr303"
"rna_counts","Olfr298"
"rna_counts","Olfr294"
"rna_counts","Folh1"
"rna_counts","Tyr"
"rna_counts","Tmem135"
"rna_counts","Prss23"
"rna_counts","A230065N10Rik"
"rna_counts","Ccdc81"
"rna_counts","Hikeshi"
"rna_counts","Eed"
"rna_counts","2310010J17Rik"
"rna_counts","Ccdc83"
"rna_counts","Tmem126a"
"rna_counts","Tmem126b"
"rna_counts","4931412I15Rik"
"rna_counts","4930567K12Rik"
"rna_counts","Ankrd42"
"rna_counts","Pcf11"
"rna_counts","4632427E13Rik"
"rna_counts","Ddias"
"rna_counts","Bc1-ps1"
"rna_counts","AC107736.1"
"rna_counts","C230038L03Rik"
"rna_counts","Usp35"
"rna_counts","Thrsp"
"rna_counts","Aamdc"
"rna_counts","Ywhaq-ps1"
"rna_counts","Rsf1os1"
"rna_counts","Rsf1os2"
"rna_counts","Aqp11"
"rna_counts","Myo7a"
"rna_counts","Capn5"
"rna_counts","Omp"
"rna_counts","B3gnt6"
"rna_counts","Acer3"
"rna_counts","Tsku"
"rna_counts","A630091E08Rik"
"rna_counts","Emsy"
"rna_counts","Uvrag"
"rna_counts","Dgat2"
"rna_counts","Mogat2"
"rna_counts","Serpinh1"
"rna_counts","Snord15b"
"rna_counts","Snord15a"
"rna_counts","Tpbgl"
"rna_counts","Slco2b1"
"rna_counts","F730035P03Rik"
"rna_counts","Neu3"
"rna_counts","Spcs2"
"rna_counts","A930030B08Rik"
"rna_counts","Rnf169"
"rna_counts","Pold3"
"rna_counts","Ppme1"
"rna_counts","Dnajb13"
"rna_counts","Mrpl48"
"rna_counts","Plekhb1"
"rna_counts","Relt"
"rna_counts","Arhgef17"
"rna_counts","Mir3102"
"rna_counts","P2ry6"
"rna_counts","P2ry2"
"rna_counts","Atg16l2"
"rna_counts","Art2a"
"rna_counts","Art2b"
"rna_counts","Inppl1"
"rna_counts","Folr2"
"rna_counts","Folr1"
"rna_counts","Tomt"
"rna_counts","Lrrc51"
"rna_counts","Il18bp"
"rna_counts","Rnf121"
"rna_counts","Art5"
"rna_counts","Chrna10"
"rna_counts","Nup98"
"rna_counts","Rhog"
"rna_counts","Olfr543"
"rna_counts","Olfr544"
"rna_counts","Olfr545"
"rna_counts","Trim21"
"rna_counts","Olfr551"
"rna_counts","Olfr553"
"rna_counts","Trim68"
"rna_counts","Olfr33"
"rna_counts","Olfr559"
"rna_counts","Olfr78"
"rna_counts","Olfr560"
"rna_counts","Olfr565-ps1"
"rna_counts","Olfr566"
"rna_counts","Olfr567-ps1"
"rna_counts","Olfr569"
"rna_counts","Olfr571"
"rna_counts","Olfr573-ps1"
"rna_counts","Olfr575"
"rna_counts","Olfr577"
"rna_counts","Olfr578"
"rna_counts","AC161520.1"
"rna_counts","Olfr580-ps1"
"rna_counts","Olfr586"
"rna_counts","Olfr589"
"rna_counts","Olfr591"
"rna_counts","Usp17ld"
"rna_counts","Olfr600"
"rna_counts","Olfr601"
"rna_counts","Olfr602-ps1"
"rna_counts","Olfr603"
"rna_counts","Olfr605"
"rna_counts","Olfr607"
"rna_counts","Olfr609"
"rna_counts","Olfr610"
"rna_counts","Olfr611"
"rna_counts","Olfr612"
"rna_counts","Olfr616"
"rna_counts","Olfr620"
"rna_counts","Olfr621-ps1"
"rna_counts","Olfr622"
"rna_counts","Olfr623"
"rna_counts","Olfr624"
"rna_counts","Olfr626-ps1"
"rna_counts","Olfr260-ps1"
"rna_counts","Olfr629"
"rna_counts","Olfr630"
"rna_counts","Olfr69"
"rna_counts","Olfr68"
"rna_counts","Olfr67"
"rna_counts","Hbb-bt"
"rna_counts","Hbb-bs"
"rna_counts","Hbb-bh3"
"rna_counts","Hbb-bh2"
"rna_counts","Hbb-bh1"
"rna_counts","Hbb-bh0"
"rna_counts","Hbb-y"
"rna_counts","Olfr66"
"rna_counts","Dnajc19-ps"
"rna_counts","Olfr64"
"rna_counts","Olfr636-ps1"
"rna_counts","Olfr643"
"rna_counts","Olfr639"
"rna_counts","Olfr640"
"rna_counts","Olfr642"
"rna_counts","4930516K23Rik"
"rna_counts","Olfr644"
"rna_counts","Olfr645"
"rna_counts","Ubqln5"
"rna_counts","Ubqln3"
"rna_counts","Ubqlnl"
"rna_counts","Olfm5"
"rna_counts","Olfr647-ps1"
"rna_counts","Olfr648"
"rna_counts","Olfr649"
"rna_counts","Trim5"
"rna_counts","Trim12a"
"rna_counts","Trim12c"
"rna_counts","Trim30b"
"rna_counts","Trim30c"
"rna_counts","Trim30a"
"rna_counts","Trim30d"
"rna_counts","Trim30e-ps1"
"rna_counts","Olfr655"
"rna_counts","Olfr658"
"rna_counts","Olfr664"
"rna_counts","Usp17le"
"rna_counts","Usp17lb"
"rna_counts","Olfr666"
"rna_counts","Olfr667"
"rna_counts","Olfr668"
"rna_counts","Olfr670"
"rna_counts","Olfr671"
"rna_counts","Olfr672"
"rna_counts","Olfr673-ps1"
"rna_counts","Olfr674-ps1"
"rna_counts","Olfr675"
"rna_counts","Olfr680-ps1"
"rna_counts","Olfr682-ps1"
"rna_counts","Olfr683"
"rna_counts","Olfr684"
"rna_counts","Olfr685"
"rna_counts","Olfr686"
"rna_counts","Olfr690"
"rna_counts","Olfr691"
"rna_counts","Fam160a2"
"rna_counts","Cavin3"
"rna_counts","Apbb1"
"rna_counts","Hpx"
"rna_counts","Trim3"
"rna_counts","Arfip2"
"rna_counts","Mrps36-ps2"
"rna_counts","Rrp8"
"rna_counts","Taf10"
"rna_counts","Tpp1"
"rna_counts","Dchs1"
"rna_counts","Mrpl17"
"rna_counts","9130208D14Rik"
"rna_counts","Gvin1"
"rna_counts","Olfr693"
"rna_counts","Olfr694"
"rna_counts","Olfr695"
"rna_counts","Olfr696-ps1"
"rna_counts","Olfr697"
"rna_counts","Olfr698"
"rna_counts","Olfr699"
"rna_counts","Olfr700"
"rna_counts","4930458B22Rik"
"rna_counts","Olfr702"
"rna_counts","Olfr705"
"rna_counts","Olfr706"
"rna_counts","Olfr707"
"rna_counts","Olfr709-ps1"
"rna_counts","Olfr710"
"rna_counts","Olfr6"
"rna_counts","Olfr711"
"rna_counts","Olfr712-ps1"
"rna_counts","Olfr2"
"rna_counts","Olfr715b"
"rna_counts","Olfr715"
"rna_counts","5330417H12Rik"
"rna_counts","Cyb5r2"
"rna_counts","Ovch2"
"rna_counts","Olfr469"
"rna_counts","Olfr470"
"rna_counts","Olfr471"
"rna_counts","Olfr478"
"rna_counts","Olfr480"
"rna_counts","Olfr482"
"rna_counts","Olfr484"
"rna_counts","Olfr485"
"rna_counts","Olfr486"
"rna_counts","Olfr487"
"rna_counts","Olfr488"
"rna_counts","Olfr490"
"rna_counts","Olfr492"
"rna_counts","Olfr493"
"rna_counts","Olfr499-ps1"
"rna_counts","Olfr502"
"rna_counts","Olfr504"
"rna_counts","Olfr509"
"rna_counts","Olfr514"
"rna_counts","Olfr515-ps1"
"rna_counts","Olfr516"
"rna_counts","Olfr517"
"rna_counts","Olfr518"
"rna_counts","Olfr519"
"rna_counts","Nlrp10"
"rna_counts","Ric3"
"rna_counts","Lmo1"
"rna_counts","Stk33"
"rna_counts","Trim66"
"rna_counts","St5"
"rna_counts","BC051019"
"rna_counts","Ascl3"
"rna_counts","Tmem9b"
"rna_counts","Nrip3"
"rna_counts","Scube2"
"rna_counts","Dennd5a"
"rna_counts","Tmem41b"
"rna_counts","1600010M07Rik"
"rna_counts","AA474408"
"rna_counts","Sbf2"
"rna_counts","B430319F04Rik"
"rna_counts","Rnf141"
"rna_counts","Lyve1"
"rna_counts","Mrvi1"
"rna_counts","Eif4g2"
"rna_counts","1700012D14Rik"
"rna_counts","AC150312.1"
"rna_counts","Galnt18"
"rna_counts","Dkk3"
"rna_counts","Parvaos"
"rna_counts","2310014F06Rik"
"rna_counts","4930543E12Rik"
"rna_counts","Btbd10"
"rna_counts","Pth"
"rna_counts","Far1os"
"rna_counts","Rras2"
"rna_counts","Copb1"
"rna_counts","Psma1"
"rna_counts","4933406I18Rik"
"rna_counts","Cyp2r1"
"rna_counts","Calca"
"rna_counts","Sox6"
"rna_counts","1700003G18Rik"
"rna_counts","Plekha7"
"rna_counts","Snord14a"
"rna_counts","Pik3c2a"
"rna_counts","C430039J01Rik"
"rna_counts","n-R5s157"
"rna_counts","Arl6ip1"
"rna_counts","Smg1"
"rna_counts","Syt17"
"rna_counts","Itpripl2"
"rna_counts","Coq7"
"rna_counts","Tmc7"
"rna_counts","Gde1"
"rna_counts","1700016B15Rik"
"rna_counts","Knop1"
"rna_counts","Gprc5b"
"rna_counts","Gpr139"
"rna_counts","Gp2"
"rna_counts","Umod"
"rna_counts","Pdilt"
"rna_counts","Thumpd1"
"rna_counts","Eri2"
"rna_counts","Dcun1d3"
"rna_counts","Dnah3"
"rna_counts","4930560O18Rik"
"rna_counts","Zp2"
"rna_counts","Crym"
"rna_counts","Pdzd9"
"rna_counts","9030407P20Rik"
"rna_counts","Cdr2"
"rna_counts","2210406H18Rik"
"rna_counts","Igsf6"
"rna_counts","4930486N12Rik"
"rna_counts","4933432K03Rik"
"rna_counts","Usp31"
"rna_counts","Cog7"
"rna_counts","Gga2"
"rna_counts","Ears2"
"rna_counts","Ndufab1"
"rna_counts","Palb2"
"rna_counts","Ern2"
"rna_counts","4930413G21Rik"
"rna_counts","Arhgap17"
"rna_counts","Zkscan2"
"rna_counts","3100003L05Rik"
"rna_counts","4933440M02Rik"
"rna_counts","Nsmce1"
"rna_counts","Gtf3c1"
"rna_counts","Gsg1l"
"rna_counts","Xpo6"
"rna_counts","1700123J17Rik"
"rna_counts","Lat"
"rna_counts","Mir7058"
"rna_counts","Spns1"
"rna_counts","Nfatc2ip"
"rna_counts","Cd19"
"rna_counts","Atp2a1"
"rna_counts","Sh2b1"
"rna_counts","Atxn2l"
"rna_counts","Eif3c"
"rna_counts","Cln3"
"rna_counts","Mir7059"
"rna_counts","Il27"
"rna_counts","Nupr1"
"rna_counts","2510046G10Rik"
"rna_counts","Sult1a1"
"rna_counts","Slx1b"
"rna_counts","Coro1a"
"rna_counts","Ppp4c"
"rna_counts","Aldoa"
"rna_counts","4930451I11Rik"
"rna_counts","Ino80e"
"rna_counts","Taok2"
"rna_counts","Tmem219"
"rna_counts","Asphd1"
"rna_counts","Cdiptos"
"rna_counts","Mvp"
"rna_counts","Pagr1b"
"rna_counts","Pagr1a"
"rna_counts","Prrt2"
"rna_counts","Maz"
"rna_counts","Kif22"
"rna_counts","Zg16"
"rna_counts","Qprt"
"rna_counts","Spn"
"rna_counts","Cd2bp2"
"rna_counts","Tbc1d10b"
"rna_counts","Sept1"
"rna_counts","Dctpp1"
"rna_counts","Sephs2"
"rna_counts","Zfp768"
"rna_counts","Zfp747"
"rna_counts","9130019O22Rik"
"rna_counts","E430018J23Rik"
"rna_counts","Zfp764"
"rna_counts","Zfp688"
"rna_counts","Zfp689"
"rna_counts","1700008J07Rik"
"rna_counts","Ccdc189"
"rna_counts","1700120K04Rik"
"rna_counts","Zfp629"
"rna_counts","Bcl7c"
"rna_counts","Ctf2"
"rna_counts","9430064I24Rik"
"rna_counts","Stx1b"
"rna_counts","Zfp668"
"rna_counts","Prss53"
"rna_counts","Vkorc1"
"rna_counts","Prss8"
"rna_counts","Prss36"
"rna_counts","Pycard"
"rna_counts","4931431B13Rik"
"rna_counts","Cox6a2"
"rna_counts","9130023H24Rik"
"rna_counts","BC017158"
"rna_counts","Mir3103"
"rna_counts","Rgs10"
"rna_counts","Tial1"
"rna_counts","Mcmbp"
"rna_counts","n-R5s158"
"rna_counts","Fgfr2"
"rna_counts","Ate1"
"rna_counts","Nsmce4a"
"rna_counts","4930513N20Rik"
"rna_counts","Etos1"
"rna_counts","4933402N03Rik"
"rna_counts","Cuzd1"
"rna_counts","Fam24b"
"rna_counts","2310057M21Rik"
"rna_counts","Ikzf5"
"rna_counts","Cpxm2"
"rna_counts","Chst15"
"rna_counts","Oat"
"rna_counts","Nkx1-2"
"rna_counts","Fam53b"
"rna_counts","Eef1akmt2"
"rna_counts","1500002F19Rik"
"rna_counts","Ctbp2"
"rna_counts","B930086L07Rik"
"rna_counts","Tex36"
"rna_counts","Mmp21"
"rna_counts","Uros"
"rna_counts","Dhx32"
"rna_counts","Adam12"
"rna_counts","A130023I24Rik"
"rna_counts","D7Ertd443e"
"rna_counts","Insyn2a"
"rna_counts","1700120G07Rik"
"rna_counts","Clrn3"
"rna_counts","5830432E09Rik"
"rna_counts","Mki67"
"rna_counts","C230079O03Rik"
"rna_counts","Ebf3"
"rna_counts","9430038I01Rik"
"rna_counts","Tcerg1l"
"rna_counts","Mapk1ip1"
"rna_counts","Bnip3"
"rna_counts","Stk32c"
"rna_counts","Nkx6-2"
"rna_counts","Cfap46"
"rna_counts","Mir7686"
"rna_counts","Mir202"
"rna_counts","Spef1l"
"rna_counts","Adam8"
"rna_counts","Mir7062"
"rna_counts","Tubgcp2"
"rna_counts","Msx3"
"rna_counts","Caly"
"rna_counts","Fuom"
"rna_counts","Echs1"
"rna_counts","Sprn"
"rna_counts","Olfr522"
"rna_counts","Olfr524"
"rna_counts","Olfr60"
"rna_counts","Olfr530"
"rna_counts","Olfr531"
"rna_counts","Olfr532"
"rna_counts","Olfr534-ps1"
"rna_counts","Olfr536"
"rna_counts","Olfr540-ps1"
"rna_counts","Syce1"
"rna_counts","Zfp941"
"rna_counts","C330022C24Rik"
"rna_counts","Bet1l"
"rna_counts","Sirt3"
"rna_counts","Cox8b"
"rna_counts","Ifitm5"
"rna_counts","Ifitm2"
"rna_counts","Ifitm3"
"rna_counts","Ifitm6"
"rna_counts","Sigirr"
"rna_counts","Ano9"
"rna_counts","Rnh1"
"rna_counts","Hras"
"rna_counts","Lmntd2"
"rna_counts","Mir210"
"rna_counts","Irf7"
"rna_counts","Cdhr5"
"rna_counts","Sct"
"rna_counts","Deaf1"
"rna_counts","B230206H07Rik"
"rna_counts","Gatd1"
"rna_counts","Cend1"
"rna_counts","Slc25a22"
"rna_counts","Pidd1"
"rna_counts","Polr2l"
"rna_counts","Chid1"
"rna_counts","Muc6"
"rna_counts","Tollip"
"rna_counts","Mob2"
"rna_counts","Dusp8"
"rna_counts","Krtap5-2"
"rna_counts","Krtap5-5"
"rna_counts","Krtap5-1"
"rna_counts","Ifitm10"
"rna_counts","Ctsd"
"rna_counts","Prr33"
"rna_counts","Nctc1"
"rna_counts","H19"
"rna_counts","Mir675"
"rna_counts","Igf2"
"rna_counts","Mir483"
"rna_counts","Ins2"
"rna_counts","Th"
"rna_counts","Ascl2"
"rna_counts","Tspan32os"
"rna_counts","R74862"
"rna_counts","Trpm5"
"rna_counts","Kcnq1ot1"
"rna_counts","4933417O13Rik"
"rna_counts","Cdkn1c"
"rna_counts","Phlda2"
"rna_counts","Nap1l4"
"rna_counts","Cars"
"rna_counts","Mir7064"
"rna_counts","Tnfrsf26"
"rna_counts","Tnfrsf22"
"rna_counts","Tnfrsf23"
"rna_counts","Osbpl5"
"rna_counts","Mrgprg"
"rna_counts","Mrgpre"
"rna_counts","Nadsyn1"
"rna_counts","Cttn"
"rna_counts","Ppfia1"
"rna_counts","Fadd"
"rna_counts","Ano1"
"rna_counts","Ccnd1"
"rna_counts","Tpcn2"
"rna_counts","Smim38"
"rna_counts","Vmn2r-ps88"
"rna_counts","Arhgef18"
"rna_counts","Tex45"
"rna_counts","Zfp358"
"rna_counts","Mcoln1"
"rna_counts","Pnpla6"
"rna_counts","C330021F23Rik"
"rna_counts","Camsap3"
"rna_counts","Pet100"
"rna_counts","Stxbp2"
"rna_counts","Retn"
"rna_counts","Mcemp1"
"rna_counts","Trappc5"
"rna_counts","Cd209g"
"rna_counts","Evi5l"
"rna_counts","Lrrc8e"
"rna_counts","Map2k7"
"rna_counts","Tgfbr3l"
"rna_counts","Snapc2"
"rna_counts","Ccl25"
"rna_counts","Cers4"
"rna_counts","Zfp958"
"rna_counts","A630009H07Rik"
"rna_counts","D530014G21Rik"
"rna_counts","4921522P10Rik"
"rna_counts","4930453L07Rik"
"rna_counts","4930435N07Rik"
"rna_counts","Abhd13"
"rna_counts","Tnfsf13b"
"rna_counts","Myo16"
"rna_counts","4833411C07Rik"
"rna_counts","9530052E02Rik"
"rna_counts","B830042I05Rik"
"rna_counts","Col4a2"
"rna_counts","E230013L22Rik"
"rna_counts","Naxd"
"rna_counts","Ing1"
"rna_counts","4930465I24Rik"
"rna_counts","1700128E19Rik"
"rna_counts","Arhgef7"
"rna_counts","Tex29"
"rna_counts","B020031H02Rik"
"rna_counts","A230072I06Rik"
"rna_counts","Sox1ot"
"rna_counts","Sox1"
"rna_counts","4933439N14Rik"
"rna_counts","Spaca7"
"rna_counts","4931415C17Rik"
"rna_counts","Atp11a"
"rna_counts","Mcf2l"
"rna_counts","F7"
"rna_counts","F10"
"rna_counts","Proz"
"rna_counts","Cul4a"
"rna_counts","Mir7065"
"rna_counts","Lamp1"
"rna_counts","2810030D12Rik"
"rna_counts","Tmco3"
"rna_counts","Tfdp1"
"rna_counts","Grk1"
"rna_counts","Tmem255b"
"rna_counts","Cfap97d2"
"rna_counts","Cdc16"
"rna_counts","Upf3a"
"rna_counts","Champ1"
"rna_counts","Fbxo25"
"rna_counts","Dlgap2"
"rna_counts","Cln8"
"rna_counts","Arhgef10"
"rna_counts","Kbtbd11"
"rna_counts","Myom2"
"rna_counts","Mcph1"
"rna_counts","Agpat5"
"rna_counts","Defb34"
"rna_counts","Spag11b"
"rna_counts","Spag11a"
"rna_counts","Defb14"
"rna_counts","Defb4"
"rna_counts","Defa-ps12"
"rna_counts","Defb6"
"rna_counts","Defb46"
"rna_counts","Defb5"
"rna_counts","Defb3"
"rna_counts","Defa-ps13"
"rna_counts","Defa-ps14"
"rna_counts","Defb7"
"rna_counts","Selenot-ps"
"rna_counts","4930467E23Rik"
"rna_counts","Defb33"
"rna_counts","Defa21"
"rna_counts","Defa23"
"rna_counts","Defa35"
"rna_counts","Defa-ps3"
"rna_counts","Defa25"
"rna_counts","Defa-ps4"
"rna_counts","Defa30"
"rna_counts","Defa22"
"rna_counts","Defa31"
"rna_counts","Defa41"
"rna_counts","Defa-ps5"
"rna_counts","Defa-ps6"
"rna_counts","Defa40"
"rna_counts","Defa-ps8"
"rna_counts","Defa3"
"rna_counts","Defa5"
"rna_counts","Defa27"
"rna_counts","Defa-ps16"
"rna_counts","Defa2"
"rna_counts","Defa33"
"rna_counts","Defa36"
"rna_counts","Defa-ps18"
"rna_counts","Defa-ps17"
"rna_counts","Defa20"
"rna_counts","Defa32"
"rna_counts","Defa37"
"rna_counts","Defa28"
"rna_counts","Defa26"
"rna_counts","Defa17"
"rna_counts","Defa34"
"rna_counts","Defa-ps9"
"rna_counts","Defa-ps1"
"rna_counts","Defa-ps10"
"rna_counts","Defa24"
"rna_counts","Defa-ps11"
"rna_counts","Defb1"
"rna_counts","Defb50"
"rna_counts","Defb2"
"rna_counts","Defb10"
"rna_counts","Defb35"
"rna_counts","Defb13"
"rna_counts","Fam90a1a"
"rna_counts","Ccdc70"
"rna_counts","Alg11"
"rna_counts","Vps36"
"rna_counts","Thsd1"
"rna_counts","Tpte"
"rna_counts","1810012K16Rik"
"rna_counts","Mrps31"
"rna_counts","Slc20a2"
"rna_counts","Dkk4"
"rna_counts","Plat"
"rna_counts","1700041G16Rik"
"rna_counts","Kat6a"
"rna_counts","Ank1"
"rna_counts","Mir486"
"rna_counts","Nkx6-3"
"rna_counts","B230112G18Rik"
"rna_counts","Sfrp1"
"rna_counts","Zmat4"
"rna_counts","A730045E13Rik"
"rna_counts","9130214F15Rik"
"rna_counts","Tm2d2"
"rna_counts","5830408C22Rik"
"rna_counts","Fgfr1"
"rna_counts","D830025C05Rik"
"rna_counts","Nsd3"
"rna_counts","Plpp5"
"rna_counts","Lsm1"
"rna_counts","Star"
"rna_counts","Kcnu1"
"rna_counts","1700047A11Rik"
"rna_counts","Rnf170"
"rna_counts","Thap1"
"rna_counts","Zfp703"
"rna_counts","Erlin2"
"rna_counts","Plpbp"
"rna_counts","Adgra2"
"rna_counts","4933416M07Rik"
"rna_counts","Eif4ebp1"
"rna_counts","5430430B14Rik"
"rna_counts","Tex24"
"rna_counts","Chrnb3"
"rna_counts","Poteg"
"rna_counts","1700008N11Rik"
"rna_counts","4933433F19Rik"
"rna_counts","Dusp26"
"rna_counts","Rnf122"
"rna_counts","Tti2"
"rna_counts","Fut10"
"rna_counts","7420700N18Rik"
"rna_counts","AC132410.1"
"rna_counts","Purg"
"rna_counts","Hmgb1-rs17"
"rna_counts","Tex15"
"rna_counts","Ppp2cb"
"rna_counts","Gsr"
"rna_counts","Gtf2e2"
"rna_counts","Mboat4"
"rna_counts","Saraf"
"rna_counts","Dusp4"
"rna_counts","Ppp1r3b"
"rna_counts","Mfhas1"
"rna_counts","Prag1"
"rna_counts","4933430A20Rik"
"rna_counts","Trmt9b"
"rna_counts","AI429214"
"rna_counts","Tusc3"
"rna_counts","Zfp148-ps1"
"rna_counts","Micu3"
"rna_counts","Zdhhc2"
"rna_counts","Vps37a"
"rna_counts","Adam24"
"rna_counts","Adam25"
"rna_counts","Adam20"
"rna_counts","Adam39"
"rna_counts","Slc7a2"
"rna_counts","Pdgfrl"
"rna_counts","B430010I23Rik"
"rna_counts","Pcm1"
"rna_counts","2810404M03Rik"
"rna_counts","Hspd1-ps1"
"rna_counts","Triml2"
"rna_counts","Fat1"
"rna_counts","Mtnr1a"
"rna_counts","Sorbs2"
"rna_counts","Pdlim3"
"rna_counts","Ccdc110"
"rna_counts","Ufsp2"
"rna_counts","Lrp2bp"
"rna_counts","Cfap97"
"rna_counts","Actg-ps1"
"rna_counts","Acsl1"
"rna_counts","Cenpu"
"rna_counts","Casp3"
"rna_counts","Irf2"
"rna_counts","Enpp6"
"rna_counts","E330018M18Rik"
"rna_counts","Rwdd4a"
"rna_counts","AA386476"
"rna_counts","E030037K01Rik"
"rna_counts","n-R5s96"
"rna_counts","Cldn24"
"rna_counts","Cldn22"
"rna_counts","n-R5s97"
"rna_counts","Dctd"
"rna_counts","4930555F03Rik"
"rna_counts","1190028D05Rik"
"rna_counts","Aga"
"rna_counts","Vegfc"
"rna_counts","Asb5"
"rna_counts","Spata4"
"rna_counts","n-R5s98"
"rna_counts","Gpm6a"
"rna_counts","A230085B16Rik"
"rna_counts","9330121K16Rik"
"rna_counts","Glra3"
"rna_counts","Hpgd"
"rna_counts","Fbxo8"
"rna_counts","Hand2"
"rna_counts","5033428I22Rik"
"rna_counts","Scrg1"
"rna_counts","2500002B13Rik"
"rna_counts","Hmgb2"
"rna_counts","AW046200"
"rna_counts","BC030500"
"rna_counts","4930470O06Rik"
"rna_counts","Aadat"
"rna_counts","Mfap3l"
"rna_counts","Stambp-ps2"
"rna_counts","Hpf1"
"rna_counts","B230317F23Rik"
"rna_counts","Nek1"
"rna_counts","Sh3rf1"
"rna_counts","Cbr4"
"rna_counts","4930512H18Rik"
"rna_counts","Ddx60"
"rna_counts","Spock3"
"rna_counts","Tmem192"
"rna_counts","March1"
"rna_counts","Tktl2"
"rna_counts","Npy1r"
"rna_counts","LOC665443"
"rna_counts","Naf1"
"rna_counts","Nat1"
"rna_counts","Nat2"
"rna_counts","Nat3"
"rna_counts","Sh2d4a"
"rna_counts","1700125H03Rik"
"rna_counts","Ints10"
"rna_counts","Lpl"
"rna_counts","Atp6v1b2"
"rna_counts","Zfp930"
"rna_counts","D130040H23Rik"
"rna_counts","Zfp964"
"rna_counts","Atp13a1"
"rna_counts","Lpar2"
"rna_counts","Pbx4"
"rna_counts","Tssk6"
"rna_counts","Sugp1"
"rna_counts","Tm6sf2"
"rna_counts","Hapln4"
"rna_counts","Nr2c2ap"
"rna_counts","Borcs8"
"rna_counts","Mef2b"
"rna_counts","Tmem161a"
"rna_counts","Sugp2"
"rna_counts","Homer3"
"rna_counts","Cope"
"rna_counts","Cers1"
"rna_counts","Gdf1"
"rna_counts","Comp"
"rna_counts","1700020G03Rik"
"rna_counts","Crlf1"
"rna_counts","Fkbp8"
"rna_counts","Ell"
"rna_counts","Isyna1"
"rna_counts","Lrrc25"
"rna_counts","Lsm4"
"rna_counts","Jund"
"rna_counts","Iqcn"
"rna_counts","Pde4c"
"rna_counts","Rab3a"
"rna_counts","6330537M06Rik"
"rna_counts","2010320M18Rik"
"rna_counts","Mir7240"
"rna_counts","Il12rb1"
"rna_counts","A230052G05Rik"
"rna_counts","Map1s"
"rna_counts","Mir1969"
"rna_counts","Aprt-ps"
"rna_counts","Myo9b"
"rna_counts","Use1"
"rna_counts","Ocel1"
"rna_counts","Babam1"
"rna_counts","Ankle1"
"rna_counts","Mrpl34"
"rna_counts","Dda1"
"rna_counts","Gtpbp3"
"rna_counts","Mvb12a"
"rna_counts","Slc27a1"
"rna_counts","Pgls"
"rna_counts","Fam129c"
"rna_counts","Colgalt1"
"rna_counts","Jak3"
"rna_counts","Insl3"
"rna_counts","Vmn2r-ps91"
"rna_counts","Zfp709"
"rna_counts","Zfp882"
"rna_counts","Zfp617"
"rna_counts","Zfp961"
"rna_counts","Olfr372"
"rna_counts","Olfr373"
"rna_counts","Olfr374"
"rna_counts","Tpm4"
"rna_counts","Rab8a"
"rna_counts","Hsh2d"
"rna_counts","Fam32a"
"rna_counts","Ap1m1"
"rna_counts","Klf2"
"rna_counts","1700030K09Rik"
"rna_counts","Tmem38a"
"rna_counts","Nwd1"
"rna_counts","Sin3b"
"rna_counts","F2rl3"
"rna_counts","Mir28b"
"rna_counts","Isx"
"rna_counts","Hmgxb4"
"rna_counts","Tom1"
"rna_counts","Hmox1"
"rna_counts","Mcm5"
"rna_counts","Rasd2"
"rna_counts","Umpk-ps"
"rna_counts","Iqcm"
"rna_counts","Nr3c2"
"rna_counts","4933421D24Rik"
"rna_counts","0610038B21Rik"
"rna_counts","Prmt9"
"rna_counts","4933431K23Rik"
"rna_counts","1700092C02Rik"
"rna_counts","Ttc29"
"rna_counts","Slc10a7"
"rna_counts","Zfp827"
"rna_counts","Otud4"
"rna_counts","Anapc10"
"rna_counts","Gypa"
"rna_counts","Frem3"
"rna_counts","Inpp4b"
"rna_counts","Rnf150"
"rna_counts","Tbc1d9"
"rna_counts","Ucp1"
"rna_counts","Mgat4d"
"rna_counts","Clgn"
"rna_counts","Olfr370"
"rna_counts","Ndufb7"
"rna_counts","D830024N08Rik"
"rna_counts","Dnajb1"
"rna_counts","Gipc1"
"rna_counts","Ptger1"
"rna_counts","Ddx39"
"rna_counts","Adgrl1"
"rna_counts","Asf1b"
"rna_counts","Prkaca"
"rna_counts","Samd1"
"rna_counts","1700067K01Rik"
"rna_counts","Mir8111"
"rna_counts","Palm3"
"rna_counts","Rfx1"
"rna_counts","Mir709"
"rna_counts","Podnl1"
"rna_counts","4930432K21Rik"
"rna_counts","Mir23a"
"rna_counts","Mir27a"
"rna_counts","Mir24-2"
"rna_counts","Cacna1a"
"rna_counts","Trmt1"
"rna_counts","Lyl1"
"rna_counts","G430095P16Rik"
"rna_counts","Gadd45gip1"
"rna_counts","1700122E12Rik"
"rna_counts","Farsa"
"rna_counts","Mir7069"
"rna_counts","Syce2"
"rna_counts","Klf1"
"rna_counts","Dnase2a"
"rna_counts","Rtbdn"
"rna_counts","Prdx2"
"rna_counts","Hook2"
"rna_counts","Trir"
"rna_counts","Tnpo2"
"rna_counts","Fbxw9"
"rna_counts","Mir7070"
"rna_counts","Dhps"
"rna_counts","Wdr83os"
"rna_counts","Man2b1"
"rna_counts","Cks1brt"
"rna_counts","Olfr371"
"rna_counts","Orc6"
"rna_counts","AA672651"
"rna_counts","1700051O22Rik"
"rna_counts","Gpt2"
"rna_counts","Mir8109"
"rna_counts","Phkb"
"rna_counts","Hm629797"
"rna_counts","Lonp2"
"rna_counts","2010110E17Rik"
"rna_counts","Fth-ps3"
"rna_counts","4930535O05Rik"
"rna_counts","4933402J07Rik"
"rna_counts","AC127285.1"
"rna_counts","Cnep1r1"
"rna_counts","Heatr3"
"rna_counts","Mir7071"
"rna_counts","9430002A10Rik"
"rna_counts","Tent4b"
"rna_counts","Adcy7"
"rna_counts","Nkd1"
"rna_counts","Nod2"
"rna_counts","Cyld"
"rna_counts","Mir8110"
"rna_counts","Chd9"
"rna_counts","Rbl2"
"rna_counts","Fto"
"rna_counts","Irx3os"
"rna_counts","Irx5"
"rna_counts","Irx6"
"rna_counts","Mmp2"
"rna_counts","Lpcat2"
"rna_counts","Capns2"
"rna_counts","Slc6a2"
"rna_counts","Gnao1"
"rna_counts","Ogfod1"
"rna_counts","Mt4"
"rna_counts","Mt3"
"rna_counts","Mt2"
"rna_counts","Mt1"
"rna_counts","Nup93"
"rna_counts","C78859"
"rna_counts","Mir138-2"
"rna_counts","Slc12a3"
"rna_counts","Herpud1"
"rna_counts","Ap3s1-ps2"
"rna_counts","Nlrc5"
"rna_counts","Mir7072"
"rna_counts","Cpne2"
"rna_counts","Rspry1"
"rna_counts","Arl2bp"
"rna_counts","Ccl22"
"rna_counts","Gnb1-ps3"
"rna_counts","Cx3cl1"
"rna_counts","Ccl17"
"rna_counts","Coq9"
"rna_counts","Polr2c"
"rna_counts","Adgrg5"
"rna_counts","Adgrg1"
"rna_counts","Adgrg3"
"rna_counts","Drc7"
"rna_counts","Katnb1"
"rna_counts","Tepp"
"rna_counts","Usb1"
"rna_counts","Mmp15"
"rna_counts","4933406B17Rik"
"rna_counts","Ccdc113"
"rna_counts","1700112L15Rik"
"rna_counts","Gins3"
"rna_counts","Ndrg4"
"rna_counts","Setd6"
"rna_counts","4930513N10Rik"
"rna_counts","Sap18b"
"rna_counts","1700047G07Rik"
"rna_counts","A330008L17Rik"
"rna_counts","Impdh2-ps"
"rna_counts","4933400L20Rik"
"rna_counts","Cdh5"
"rna_counts","Bean1"
"rna_counts","Cklf"
"rna_counts","Cmtm2b"
"rna_counts","Cmtm3"
"rna_counts","K230015D01Rik"
"rna_counts","Car7"
"rna_counts","Pdp2"
"rna_counts","1700082M22Rik"
"rna_counts","9230110F11Rik"
"rna_counts","Ces2a"
"rna_counts","4932416K20Rik"
"rna_counts","Ces2b"
"rna_counts","Ces2c"
"rna_counts","Ces2d-ps"
"rna_counts","Ces2e"
"rna_counts","AC166833.1"
"rna_counts","Ces2f"
"rna_counts","Ces2g"
"rna_counts","Ces2h"
"rna_counts","Ces3a"
"rna_counts","Ces3b"
"rna_counts","Ces4a"
"rna_counts","Cbfb"
"rna_counts","D230025D16Rik"
"rna_counts","Fbxl8"
"rna_counts","Hsf4"
"rna_counts","Nol3"
"rna_counts","E2f4"
"rna_counts","Elmo3"
"rna_counts","Tmem208"
"rna_counts","Slc9a5"
"rna_counts","Plekhg4"
"rna_counts","Lrrc36"
"rna_counts","Hsd11b2"
"rna_counts","Ripor1"
"rna_counts","Mir1966"
"rna_counts","Ctcf"
"rna_counts","Carmil2"
"rna_counts","Pard6a"
"rna_counts","4933405L10Rik"
"rna_counts","Tsnaxip1"
"rna_counts","Thap11"
"rna_counts","Nutf2"
"rna_counts","Edc4"
"rna_counts","Nrn1l"
"rna_counts","Pskh1"
"rna_counts","Dus2"
"rna_counts","Nfatc3"
"rna_counts","1810019D21Rik"
"rna_counts","Pla2g15"
"rna_counts","Slc7a6"
"rna_counts","Prmt7"
"rna_counts","Zfp90"
"rna_counts","6030452D12Rik"
"rna_counts","Cdh3"
"rna_counts","1110028F18Rik"
"rna_counts","Cdh1"
"rna_counts","Tango6"
"rna_counts","Has3"
"rna_counts","Utp4"
"rna_counts","Sntb2"
"rna_counts","Vps4a"
"rna_counts","Nip7"
"rna_counts","C630050I24Rik"
"rna_counts","Cyb5b"
"rna_counts","Nfat5"
"rna_counts","Wwp2"
"rna_counts","Mir140"
"rna_counts","5033426E14Rik"
"rna_counts","Zfhx3"
"rna_counts","Mir3108"
"rna_counts","D030068K23Rik"
"rna_counts","Pmfbp1"
"rna_counts","Txnl4b"
"rna_counts","Pkd1l3"
"rna_counts","Zfp821"
"rna_counts","Ap1g1"
"rna_counts","Snord71"
"rna_counts","Phlpp2"
"rna_counts","Tat"
"rna_counts","8030455M16Rik"
"rna_counts","Zfp612"
"rna_counts","Tle7"
"rna_counts","Cmtr2"
"rna_counts","Hydin"
"rna_counts","Vac14"
"rna_counts","Mtss2"
"rna_counts","Cog4"
"rna_counts","St3gal2"
"rna_counts","Aars"
"rna_counts","Exosc6"
"rna_counts","Pdpr"
"rna_counts","Mir1957b"
"rna_counts","Znrf1"
"rna_counts","Zfp1"
"rna_counts","Gabarapl2"
"rna_counts","Terf2ip"
"rna_counts","Cntnap4"
"rna_counts","Mon1b"
"rna_counts","Syce1l"
"rna_counts","Nudt7"
"rna_counts","Vat1l"
"rna_counts","Clec3a"
"rna_counts","Wwox"
"rna_counts","4930488N15Rik"
"rna_counts","1700018P08Rik"
"rna_counts","Dynlrb2"
"rna_counts","Cenpn"
"rna_counts","Atmin"
"rna_counts","Bco1"
"rna_counts","Gan"
"rna_counts","Cmip"
"rna_counts","Mir7077"
"rna_counts","Mir7078"
"rna_counts","Plcg2"
"rna_counts","Hsd17b2"
"rna_counts","Cdh13"
"rna_counts","Hsbp1"
"rna_counts","Mlycd"
"rna_counts","Osgin1"
"rna_counts","Necab2"
"rna_counts","Dnaaf1"
"rna_counts","Adad2"
"rna_counts","Wfdc1"
"rna_counts","Atp2c2"
"rna_counts","Klhl36"
"rna_counts","Usp10"
"rna_counts","Crispld2"
"rna_counts","A130014A01Rik"
"rna_counts","6430548M08Rik"
"rna_counts","Gse1"
"rna_counts","Mir7687"
"rna_counts","Cox4i1"
"rna_counts","Irf8"
"rna_counts","Foxf1"
"rna_counts","Foxc2"
"rna_counts","Foxl1"
"rna_counts","1700030M09Rik"
"rna_counts","Map1lc3b"
"rna_counts","Jph3"
"rna_counts","BC048644"
"rna_counts","Banp"
"rna_counts","Mir7237"
"rna_counts","Zfp469"
"rna_counts","Zfpm1"
"rna_counts","Zc3h18"
"rna_counts","Il17c"
"rna_counts","Ctu2"
"rna_counts","Cdt1"
"rna_counts","Trappc2l"
"rna_counts","Acsf3"
"rna_counts","Cdh15"
"rna_counts","2810013P06Rik"
"rna_counts","Spg7"
"rna_counts","Snord68"
"rna_counts","Mir7079"
"rna_counts","Cpne7"
"rna_counts","Mir7080"
"rna_counts","Dpep1"
"rna_counts","Spata33"
"rna_counts","Cdk10"
"rna_counts","4933417D19Rik"
"rna_counts","Zfp276"
"rna_counts","Spire2"
"rna_counts","Tcf25"
"rna_counts","Mc1r"
"rna_counts","Tubb3"
"rna_counts","Def8"
"rna_counts","Afg3l1"
"rna_counts","Gas8"
"rna_counts","Rhou"
"rna_counts","6030466F02Rik"
"rna_counts","Rab4a"
"rna_counts","Urb2"
"rna_counts","Mir1967"
"rna_counts","Galnt2"
"rna_counts","Cog2"
"rna_counts","Capn9"
"rna_counts","Arv1"
"rna_counts","Trim67"
"rna_counts","Gnpat"
"rna_counts","Sprtn"
"rna_counts","Tsnax"
"rna_counts","Disc1"
"rna_counts","4930567H12Rik"
"rna_counts","Map10"
"rna_counts","Ntpcr"
"rna_counts","A730098A19Rik"
"rna_counts","Map3k21"
"rna_counts","Kcnk1"
"rna_counts","Slc35f3"
"rna_counts","Coa6"
"rna_counts","A630001O12Rik"
"rna_counts","Pard3"
"rna_counts","Nrp1"
"rna_counts","Mir1903"
"rna_counts","Itgb1"
"rna_counts","Ccdc7b"
"rna_counts","Insr"
"rna_counts","Pex11g"
"rna_counts","Xab2"
"rna_counts","Pcp2"
"rna_counts","Fcor"
"rna_counts","Fcer2a"
"rna_counts","Clec4g"
"rna_counts","Cd209a"
"rna_counts","Rprl3"
"rna_counts","Cd209e"
"rna_counts","Cd209d"
"rna_counts","Cd209b"
"rna_counts","Cd209c"
"rna_counts","Cd209f"
"rna_counts","4932443L11Rik"
"rna_counts","Prr36"
"rna_counts","Ctxn1"
"rna_counts","Timm44"
"rna_counts","Elavl1"
"rna_counts","Vmn2r-ps89"
"rna_counts","Shcbp1"
"rna_counts","n-R5s93"
"rna_counts","Slc10a2"
"rna_counts","n-R5s94"
"rna_counts","Efnb2"
"rna_counts","E230020D15Rik"
"rna_counts","Arglu1"
"rna_counts","Mir7654"
"rna_counts","4933430N04Rik"
"rna_counts","Fam155a"
"rna_counts","n-R5s95"
"rna_counts","2900027M19Rik"
"rna_counts","Lig4"
"rna_counts","5330413D20Rik"
"rna_counts","B930025P03Rik"
"rna_counts","3930402G23Rik"
"rna_counts","Irs2"
"rna_counts","Col4a1"
"rna_counts","Rab20"
"rna_counts","Cars2"
"rna_counts","Ankrd10"
"rna_counts","Mir7238"
"rna_counts","1700016D06Rik"
"rna_counts","D630011A20Rik"
"rna_counts","Tubgcp3"
"rna_counts","Pcid2"
"rna_counts","Grtp1"
"rna_counts","Mir1968"
"rna_counts","Adprhl1"
"rna_counts","Dcun1d2"
"rna_counts","E330037G11Rik"
"rna_counts","9530085L11Rik"
"rna_counts","Atp4b"
"rna_counts","Gas6"
"rna_counts","1700029H14Rik"
"rna_counts","Rasa3"
"rna_counts","AF366264"
"rna_counts","Coprs"
"rna_counts","Tdrp"
"rna_counts","Erich1"
"rna_counts","C030037F17Rik"
"rna_counts","5830468F06Rik"
"rna_counts","BB014433"
"rna_counts","Csmd1"
"rna_counts","Mir3106"
"rna_counts","3110080E11Rik"
"rna_counts","1700014L14Rik"
"rna_counts","Angpt2"
"rna_counts","Xkr5"
"rna_counts","Defb40"
"rna_counts","Defb37"
"rna_counts","Defb38"
"rna_counts","Defb39"
"rna_counts","Defb12"
"rna_counts","Defb8"
"rna_counts","Defa-ps15"
"rna_counts","6820431F20Rik"
"rna_counts","2610005L07Rik"
"rna_counts","AY761185"
"rna_counts","Defa38"
"rna_counts","Defa-ps7"
"rna_counts","Defa29"
"rna_counts","Defa42"
"rna_counts","Defa43"
"rna_counts","Defa39"
"rna_counts","Defb9"
"rna_counts","Defb11"
"rna_counts","Defb15"
"rna_counts","Atp7b"
"rna_counts","Nek5"
"rna_counts","Nek3"
"rna_counts","Ckap2"
"rna_counts","Slc25a15"
"rna_counts","Smim19"
"rna_counts","Vdac3"
"rna_counts","Polb"
"rna_counts","Ikbkb"
"rna_counts","Ap3m2"
"rna_counts","Mir3107"
"rna_counts","Gpat4"
"rna_counts","Gins4"
"rna_counts","Golga7"
"rna_counts","Tcim"
"rna_counts","Ido2"
"rna_counts","Ido1"
"rna_counts","Adam18"
"rna_counts","Adam3"
"rna_counts","Adam5"
"rna_counts","Adam32"
"rna_counts","Adam9"
"rna_counts","Htra4"
"rna_counts","Plekha2"
"rna_counts","Tacc1"
"rna_counts","Mir8108"
"rna_counts","5430421F17Rik"
"rna_counts","Letm2"
"rna_counts","Ddhd2"
"rna_counts","6430710M23Rik"
"rna_counts","Bag4"
"rna_counts","Ash2l"
"rna_counts","Hgsnat"
"rna_counts","Pomk"
"rna_counts","Fnta"
"rna_counts","Hook3"
"rna_counts","2310008N11Rik"
"rna_counts","Proscos"
"rna_counts","Brf2"
"rna_counts","Rab11fip1"
"rna_counts","Got1l1"
"rna_counts","Adrb3"
"rna_counts","Chrna6"
"rna_counts","Unc5d"
"rna_counts","Svet1"
"rna_counts","Nudc-ps1"
"rna_counts","Snord13"
"rna_counts","Mak16"
"rna_counts","Nrg1"
"rna_counts","AC132407.1"
"rna_counts","Wrn"
"rna_counts","Ubxn8"
"rna_counts","1700104B16Rik"
"rna_counts","Smim18"
"rna_counts","Rbpms"
"rna_counts","Dctn6"
"rna_counts","Leprotl1"
"rna_counts","Mir6395"
"rna_counts","B930018H19Rik"
"rna_counts","Tnks"
"rna_counts","Eri1"
"rna_counts","1700015I17Rik"
"rna_counts","Cldn23"
"rna_counts","5430403N17Rik"
"rna_counts","Lonrf1"
"rna_counts","Dlc1"
"rna_counts","G630064G18Rik"
"rna_counts","Sgcz"
"rna_counts","Mir383"
"rna_counts","AC163680.1"
"rna_counts","Msr1"
"rna_counts","Fgf20"
"rna_counts","Mir7666"
"rna_counts","Cnot7"
"rna_counts","Mtmr7"
"rna_counts","Mtus1"
"rna_counts","Fgl1"
"rna_counts","Asah1"
"rna_counts","Frg1"
"rna_counts","Gapdh-ps14"
"rna_counts","Smarce1-ps1"
"rna_counts","Zfp353-ps"
"rna_counts","Triml1"
"rna_counts","Zfp42"
"rna_counts","Adam26b"
"rna_counts","Adam26a"
"rna_counts","Adam34l"
"rna_counts","Adam34"
"rna_counts","AY512931"
"rna_counts","F11"
"rna_counts","Klkb1"
"rna_counts","Cyp4v3"
"rna_counts","Fam149a"
"rna_counts","Tlr3"
"rna_counts","Sorbs2os"
"rna_counts","1700029J07Rik"
"rna_counts","Ankrd37"
"rna_counts","Snx25"
"rna_counts","Slc25a4"
"rna_counts","Helt"
"rna_counts","Primpol"
"rna_counts","1700011L03Rik"
"rna_counts","4930579M01Rik"
"rna_counts","Stox2"
"rna_counts","Trappc11"
"rna_counts","Ing2"
"rna_counts","Cdkn2aip"
"rna_counts","1700061N14Rik"
"rna_counts","Wwc2"
"rna_counts","Tenm3"
"rna_counts","C130073E24Rik"
"rna_counts","Neil3"
"rna_counts","Spcs3"
"rna_counts","5330439A09Rik"
"rna_counts","Wdr17"
"rna_counts","Adam29"
"rna_counts","4930518J21Rik"
"rna_counts","Cep44"
"rna_counts","Hand2os1"
"rna_counts","Sap30"
"rna_counts","Galnt7"
"rna_counts","4930412F12Rik"
"rna_counts","Galntl6"
"rna_counts","Clcn3"
"rna_counts","1700001D01Rik"
"rna_counts","Palld"
"rna_counts","Anxa10"
"rna_counts","Hspd1-ps2"
"rna_counts","Sgo2b"
"rna_counts","Tll1"
"rna_counts","Mir710"
"rna_counts","Cpe"
"rna_counts","Msmo1"
"rna_counts","Klhl2"
"rna_counts","Trim75"
"rna_counts","Trim60"
"rna_counts","Trim61"
"rna_counts","Apela"
"rna_counts","Smim31"
"rna_counts","Tma16"
"rna_counts","Npy5r"
"rna_counts","Psd3"
"rna_counts","Csgalnact1"
"rna_counts","Slc18a1"
"rna_counts","Lzts1"
"rna_counts","Zfp868"
"rna_counts","Zfp869"
"rna_counts","Zfp963"
"rna_counts","Zfp866"
"rna_counts","Cilp2"
"rna_counts","Yjefn3"
"rna_counts","Ndufa13"
"rna_counts","Gatad2a"
"rna_counts","Mau2"
"rna_counts","Ncan"
"rna_counts","Mir7066"
"rna_counts","Rfxank"
"rna_counts","Slc25a42"
"rna_counts","Armc6"
"rna_counts","Ddx49"
"rna_counts","Upf1"
"rna_counts","Crtc1"
"rna_counts","Klhl26"
"rna_counts","Tmem59l"
"rna_counts","Rex1bd"
"rna_counts","Uba52"
"rna_counts","Kxd1"
"rna_counts","Ssbp4"
"rna_counts","Gdf15"
"rna_counts","Pgpep1"
"rna_counts","Mpv17l2"
"rna_counts","Ifi30"
"rna_counts","Pik3r2"
"rna_counts","Mast3"
"rna_counts","Arrdc2"
"rna_counts","Kcnn1"
"rna_counts","Ccdc124"
"rna_counts","Slc5a5"
"rna_counts","Mir7067"
"rna_counts","Snora68"
"rna_counts","1700026F02Rik"
"rna_counts","Haus8"
"rna_counts","Nr2f6"
"rna_counts","Ushbp1"
"rna_counts","Abhd8"
"rna_counts","Ano8"
"rna_counts","Plvap"
"rna_counts","Ccdc194"
"rna_counts","Bst2"
"rna_counts","Tmem221"
"rna_counts","Nxnl1"
"rna_counts","Unc13a"
"rna_counts","Mir6769b"
"rna_counts","B3gnt3"
"rna_counts","Fcho1"
"rna_counts","Ccnb2-ps"
"rna_counts","Cyp4f18"
"rna_counts","Cib3"
"rna_counts","Eps15l1"
"rna_counts","Calr3"
"rna_counts","Cherp"
"rna_counts","Mir7068"
"rna_counts","Slc35e1"
"rna_counts","Med26"
"rna_counts","Smim7"
"rna_counts","Large1"
"rna_counts","Crry-ps"
"rna_counts","Arhgap10"
"rna_counts","Tmem184c"
"rna_counts","Ednra"
"rna_counts","Pou4f2"
"rna_counts","Rbmxl1"
"rna_counts","Lsm6"
"rna_counts","1700011L22Rik"
"rna_counts","Mmaa"
"rna_counts","Smad1"
"rna_counts","Tpd52-ps"
"rna_counts","Abce1"
"rna_counts","Hhip"
"rna_counts","4930505O20Rik"
"rna_counts","Smarca5"
"rna_counts","Gab1"
"rna_counts","Usp38"
"rna_counts","4930579O11Rik"
"rna_counts","Il15"
"rna_counts","Zfp330"
"rna_counts","Elmod2"
"rna_counts","Scoc"
"rna_counts","Tecr"
"rna_counts","Pkn1"
"rna_counts","Adgre5"
"rna_counts","Mir1668"
"rna_counts","Misp3"
"rna_counts","Mir1199"
"rna_counts","Il27ra"
"rna_counts","Rln3"
"rna_counts","C330011M18Rik"
"rna_counts","Dcaf15"
"rna_counts","Cc2d1a"
"rna_counts","Nanos3"
"rna_counts","Mir181d"
"rna_counts","Mir181c"
"rna_counts","Mir3074-2"
"rna_counts","Zswim4"
"rna_counts","D8Ertd738e"
"rna_counts","Mri1"
"rna_counts","Ccdc130"
"rna_counts","Ier2"
"rna_counts","Nacc1"
"rna_counts","Nfix"
"rna_counts","Dand5"
"rna_counts","Rad23a"
"rna_counts","Calr"
"rna_counts","Gcdh"
"rna_counts","Mast1"
"rna_counts","Rnaseh2a"
"rna_counts","Junb"
"rna_counts","Best2"
"rna_counts","Asna1"
"rna_counts","A230103J11Rik"
"rna_counts","Wdr83"
"rna_counts","Zfp791"
"rna_counts","Vps35"
"rna_counts","Mylk3"
"rna_counts","4921524J17Rik"
"rna_counts","Dnaja2"
"rna_counts","Neto2"
"rna_counts","Itfg1"
"rna_counts","Abcc12"
"rna_counts","Siah1a"
"rna_counts","N4bp1"
"rna_counts","Cbln1"
"rna_counts","1700120C18Rik"
"rna_counts","Zfp423"
"rna_counts","Brd7"
"rna_counts","Snx20"
"rna_counts","Sall1"
"rna_counts","Tox3"
"rna_counts","Aktip"
"rna_counts","Rpgrip1l"
"rna_counts","4831440D22Rik"
"rna_counts","Irx3"
"rna_counts","Crnde"
"rna_counts","Ces1a"
"rna_counts","Ces1b"
"rna_counts","Ces1c"
"rna_counts","Ces1d"
"rna_counts","Ces1e"
"rna_counts","Ces1f"
"rna_counts","Ces1g"
"rna_counts","Ces1h"
"rna_counts","AC162945.1"
"rna_counts","Ces5a"
"rna_counts","4930488L21Rik"
"rna_counts","Amfr"
"rna_counts","Nudt21"
"rna_counts","Bbs2"
"rna_counts","9330175E14Rik"
"rna_counts","Fam192a"
"rna_counts","Pllp"
"rna_counts","Ciapin1"
"rna_counts","Dok4"
"rna_counts","Ccdc102a"
"rna_counts","Kifc3"
"rna_counts","Cngb1"
"rna_counts","Zfp319"
"rna_counts","Cfap20"
"rna_counts","Csnk2a2"
"rna_counts","Prss54"
"rna_counts","Cnot1"
"rna_counts","Mir7073"
"rna_counts","Slc38a7"
"rna_counts","Got2"
"rna_counts","Cdh8"
"rna_counts","Cdh11"
"rna_counts","9430099M06Rik"
"rna_counts","1600027J07Rik"
"rna_counts","Tk2"
"rna_counts","Cmtm2a"
"rna_counts","Cmtm1"
"rna_counts","Cmtm4"
"rna_counts","Dync1li2"
"rna_counts","Terb1"
"rna_counts","Nae1"
"rna_counts","Cdh16"
"rna_counts","Rrad"
"rna_counts","Ciao2b"
"rna_counts","AC156564.1"
"rna_counts","Matr3-ps2"
"rna_counts","B3gnt9"
"rna_counts","Tradd"
"rna_counts","4931428F04Rik"
"rna_counts","Exoc3l"
"rna_counts","Mir328"
"rna_counts","Lrrc29"
"rna_counts","Fhod1"
"rna_counts","Kctd19"
"rna_counts","Tppp3"
"rna_counts","Zdhhc1"
"rna_counts","Atp6v0d1"
"rna_counts","Agrp"
"rna_counts","Acd"
"rna_counts","Enkd1"
"rna_counts","Gfod2"
"rna_counts","Ranbp10"
"rna_counts","Cenpt"
"rna_counts","4930578M07Rik"
"rna_counts","Ctrl"
"rna_counts","Psmb10"
"rna_counts","Lcat"
"rna_counts","Slc12a4"
"rna_counts","Mir7074"
"rna_counts","Dpep3"
"rna_counts","Dpep2"
"rna_counts","Dpep2nb"
"rna_counts","Ddx28"
"rna_counts","Esrp2"
"rna_counts","Slc7a6os"
"rna_counts","Smpd3"
"rna_counts","Chtf8"
"rna_counts","Pdf"
"rna_counts","Cog8"
"rna_counts","Tmed6"
"rna_counts","Terf2"
"rna_counts","Mir7075"
"rna_counts","Nqo1"
"rna_counts","Nob1"
"rna_counts","Psmd7"
"rna_counts","Lncbate1"
"rna_counts","Dhx38"
"rna_counts","Hp"
"rna_counts","Dhodh"
"rna_counts","Ist1"
"rna_counts","Atxn1l"
"rna_counts","Marveld3"
"rna_counts","Chst4"
"rna_counts","Calb2"
"rna_counts","Il34"
"rna_counts","Sf3b3"
"rna_counts","Snord111"
"rna_counts","Fcsk"
"rna_counts","AC132945.1"
"rna_counts","Ddx19a"
"rna_counts","Ddx19b"
"rna_counts","Mir3473d"
"rna_counts","Clec18a"
"rna_counts","AC093451.1"
"rna_counts","9430091E24Rik"
"rna_counts","Glg1"
"rna_counts","Rfwd3"
"rna_counts","Mlkl"
"rna_counts","Fa2h"
"rna_counts","Wdr59"
"rna_counts","Ldhd"
"rna_counts","Ctrb1"
"rna_counts","Mir7076"
"rna_counts","Bcar1"
"rna_counts","Cfdp1"
"rna_counts","Tmem170"
"rna_counts","Chst5"
"rna_counts","Tmem231"
"rna_counts","Adat1"
"rna_counts","Kars"
"rna_counts","Adamts18"
"rna_counts","4933408N05Rik"
"rna_counts","Maf"
"rna_counts","4930422C21Rik"
"rna_counts","Cdyl2"
"rna_counts","Cmc2"
"rna_counts","1700030J22Rik"
"rna_counts","Gcsh"
"rna_counts","Pkd1l2"
"rna_counts","Sdr42e1"
"rna_counts","Mphosph6"
"rna_counts","Slc38a8"
"rna_counts","Mbtps1"
"rna_counts","Hsdl1"
"rna_counts","Taf1c"
"rna_counts","Kcng4"
"rna_counts","Meak7"
"rna_counts","Cotl1"
"rna_counts","Zdhhc7"
"rna_counts","Fam92b"
"rna_counts","A330074K22Rik"
"rna_counts","1700016A09Rik"
"rna_counts","Gins2"
"rna_counts","1190005I06Rik"
"rna_counts","Emc8"
"rna_counts","Fendrr"
"rna_counts","Mthfsd"
"rna_counts","5033426O07Rik"
"rna_counts","1700018B08Rik"
"rna_counts","Fbxo31"
"rna_counts","Zcchc14"
"rna_counts","Klhdc4"
"rna_counts","9530085P06Rik"
"rna_counts","Slc7a5"
"rna_counts","Car5a"
"rna_counts","Trhr2"
"rna_counts","Cyba"
"rna_counts","Mvd"
"rna_counts","Snai3"
"rna_counts","Rnf166"
"rna_counts","Piezo1"
"rna_counts","Aprt"
"rna_counts","Galns"
"rna_counts","Pabpn1l"
"rna_counts","Mir6396"
"rna_counts","Cbfa2t3"
"rna_counts","C230057M02Rik"
"rna_counts","A530010L16Rik"
"rna_counts","Ankrd11"
"rna_counts","Sult5a1"
"rna_counts","Chmp1a"
"rna_counts","Spata2l"
"rna_counts","Vps9d1"
"rna_counts","Fanca"
"rna_counts","Dbndd1"
"rna_counts","n-R5s100"
"rna_counts","n-R5s101"
"rna_counts","n-R5s102"
"rna_counts","n-R5s106"
"rna_counts","n-R5s109"
"rna_counts","n-R5s112"
"rna_counts","n-R5s114"
"rna_counts","n-R5s115"
"rna_counts","n-R5s127"
"rna_counts","n-R5s136"
"rna_counts","4732419C18Rik"
"rna_counts","2810455O05Rik"
"rna_counts","Ccsap"
"rna_counts","Acta1"
"rna_counts","Nup133"
"rna_counts","Abcb10"
"rna_counts","Taf5l"
"rna_counts","1810008B01Rik"
"rna_counts","Pgbd5"
"rna_counts","Agt"
"rna_counts","2310022B05Rik"
"rna_counts","Ttc13"
"rna_counts","Fam89a"
"rna_counts","2810004N23Rik"
"rna_counts","Exoc8"
"rna_counts","Egln1"
"rna_counts","Sipa1l2"
"rna_counts","Pcnx2"
"rna_counts","Tarbp1"
"rna_counts","Irf2bp2"
"rna_counts","Tomm20"
"rna_counts","Rbm34"
"rna_counts","Mir21c"
"rna_counts","Ccdc7a"
"rna_counts","2610044O15Rik8"
"rna_counts","Olfr369-ps1"
"rna_counts","Alkbh8"
"rna_counts","Cwf19l2"
"rna_counts","Gucy1a2"
"rna_counts","Kbtbd3"
"rna_counts","Msantd4"
"rna_counts","Casp1"
"rna_counts","Casp4"
"rna_counts","Casp12"
"rna_counts","Pdgfd"
"rna_counts","Dcun1d5"
"rna_counts","Mmp13"
"rna_counts","Mmp12"
"rna_counts","Mmp3"
"rna_counts","Mmp1a"
"rna_counts","Mmp10"
"rna_counts","Mmp8"
"rna_counts","Mmp27"
"rna_counts","Mmp20"
"rna_counts","Mmp7"
"rna_counts","Cbx3-ps8"
"rna_counts","Tmem123"
"rna_counts","Mir5618"
"rna_counts","1700128F08Rik"
"rna_counts","Mir1899"
"rna_counts","Trpc6"
"rna_counts","Pgr"
"rna_counts","Mir6237"
"rna_counts","Ccdc82"
"rna_counts","Maml2"
"rna_counts","Phxr4"
"rna_counts","Mtmr2"
"rna_counts","Fam76b"
"rna_counts","1700019J19Rik"
"rna_counts","Sesn3"
"rna_counts","Cwc15"
"rna_counts","Mre11a"
"rna_counts","Gpr83"
"rna_counts","Vstm5"
"rna_counts","Taf1d"
"rna_counts","Mir7650"
"rna_counts","Smco4"
"rna_counts","4930540M03Rik"
"rna_counts","Slc36a4"
"rna_counts","Chordc1"
"rna_counts","Ubtfl1"
"rna_counts","Mbd3l2"
"rna_counts","Mbd3l1"
"rna_counts","Olfr829"
"rna_counts","Olfr830"
"rna_counts","Olfr832"
"rna_counts","Olfr834"
"rna_counts","Olfr835"
"rna_counts","Olfr836"
"rna_counts","Olfr837"
"rna_counts","Olfr844"
"rna_counts","Olfr845"
"rna_counts","Olfr849"
"rna_counts","Olfr851"
"rna_counts","Olfr855"
"rna_counts","Zfp317"
"rna_counts","Olfr857"
"rna_counts","Olfr858-ps1"
"rna_counts","Olfr58"
"rna_counts","Olfr859"
"rna_counts","Olfr861-ps1"
"rna_counts","Olfr77"
"rna_counts","Olfr864-ps1"
"rna_counts","Olfr868"
"rna_counts","Olfr869"
"rna_counts","Olfr871"
"rna_counts","Olfr872"
"rna_counts","Olfr39"
"rna_counts","Olfr873"
"rna_counts","4921534A09Rik"
"rna_counts","Zfp846"
"rna_counts","Fbxl12os"
"rna_counts","Ubl5"
"rna_counts","Pin1"
"rna_counts","Rdh8"
"rna_counts","AC170598.1"
"rna_counts","Shfl"
"rna_counts","Ppan"
"rna_counts","Mrpl4"
"rna_counts","Icam1"
"rna_counts","Icam4"
"rna_counts","Icam5"
"rna_counts","1700084C06Rik"
"rna_counts","Pde4a"
"rna_counts","Atg4d"
"rna_counts","Slc44a2"
"rna_counts","Ilf3"
"rna_counts","Qtrt1"
"rna_counts","Dnm2"
"rna_counts","AB124611"
"rna_counts","Carm1"
"rna_counts","Timm29"
"rna_counts","Smarca4"
"rna_counts","Ldlr"
"rna_counts","Angptl8"
"rna_counts","Ccdc159"
"rna_counts","Plppr2"
"rna_counts","Swsap1"
"rna_counts","Prkcsh"
"rna_counts","Cnn1"
"rna_counts","6530413G14Rik"
"rna_counts","Pigyl"
"rna_counts","Zfp872"
"rna_counts","Zfp809"
"rna_counts","9530077C05Rik"
"rna_counts","Bbs9"
"rna_counts","Bmper"
"rna_counts","Npsr1"
"rna_counts","Cypt4"
"rna_counts","E130101E03Rik"
"rna_counts","Sept7"
"rna_counts","Eepd1"
"rna_counts","B3gat1"
"rna_counts","Thyn1"
"rna_counts","Ncapd3"
"rna_counts","Igsf9b"
"rna_counts","Spata19"
"rna_counts","Opcml"
"rna_counts","Snx19"
"rna_counts","Adamts8"
"rna_counts","Zbtb44"
"rna_counts","Prdm10"
"rna_counts","Nfrkb"
"rna_counts","4930434F21Rik"
"rna_counts","Tpi-rs4"
"rna_counts","Arhgap32"
"rna_counts","Kcnj1"
"rna_counts","Ets1"
"rna_counts","7630403G23Rik"
"rna_counts","Kirrel3"
"rna_counts","4930581F22Rik"
"rna_counts","Srpr"
"rna_counts","Rpusd4"
"rna_counts","4933422A05Rik"
"rna_counts","Cdon"
"rna_counts","Pus3"
"rna_counts","Pate2"
"rna_counts","Pate10"
"rna_counts","Pate13"
"rna_counts","Pate12"
"rna_counts","Pate11"
"rna_counts","Acrv1"
"rna_counts","Fez1"
"rna_counts","n-R5s82"
"rna_counts","Tmem218"
"rna_counts","Hepacam"
"rna_counts","Robo4"
"rna_counts","Msantd2"
"rna_counts","Esam"
"rna_counts","Vsig2"
"rna_counts","Siae"
"rna_counts","Tpt1-ps5"
"rna_counts","Olfr874"
"rna_counts","Olfr875"
"rna_counts","Olfr876"
"rna_counts","Olfr877"
"rna_counts","Olfr145"
"rna_counts","Olfr878"
"rna_counts","Olfr879-ps1"
"rna_counts","Olfr880-ps1"
"rna_counts","Olfr881"
"rna_counts","Olfr882-ps1"
"rna_counts","Olfr883"
"rna_counts","Olfr884"
"rna_counts","Olfr885"
"rna_counts","Olfr886-ps1"
"rna_counts","Olfr887"
"rna_counts","Olfr888"
"rna_counts","Olfr889"
"rna_counts","Olfr890"
"rna_counts","Olfr892-ps1"
"rna_counts","Olfr893"
"rna_counts","Olfr894"
"rna_counts","Olfr143"
"rna_counts","Olfr895"
"rna_counts","Olfr896-ps1"
"rna_counts","Olfr897-ps1"
"rna_counts","Olfr25"
"rna_counts","Olfr898"
"rna_counts","Olfr250"
"rna_counts","Olfr251"
"rna_counts","Olfr147"
"rna_counts","Olfr901"
"rna_counts","Olfr902"
"rna_counts","Olfr1543-ps1"
"rna_counts","Olfr904"
"rna_counts","Olfr905"
"rna_counts","Olfr906"
"rna_counts","Olfr907"
"rna_counts","Olfr908"
"rna_counts","Olfr911-ps1"
"rna_counts","Olfr910"
"rna_counts","Olfr912"
"rna_counts","Olfr913"
"rna_counts","Olfr914"
"rna_counts","Vwa5a"
"rna_counts","Olfr920"
"rna_counts","Olfr921"
"rna_counts","Olfr922"
"rna_counts","Olfr923"
"rna_counts","Olfr924"
"rna_counts","Olfr26"
"rna_counts","Olfr925-ps1"
"rna_counts","Olfr926"
"rna_counts","Olfr928-ps1"
"rna_counts","Olfr930"
"rna_counts","CT025680.1"
"rna_counts","Olfr933"
"rna_counts","Olfr27"
"rna_counts","Olfr942-ps1"
"rna_counts","Olfr943"
"rna_counts","Olfr944"
"rna_counts","Olfr949-ps1"
"rna_counts","Olfr950-ps1"
"rna_counts","Olfr951"
"rna_counts","Olfr953-ps1"
"rna_counts","Olfr954"
"rna_counts","Olfr148"
"rna_counts","Olfr960"
"rna_counts","Olfr961"
"rna_counts","Olfr962-ps1"
"rna_counts","Olfr963"
"rna_counts","Olfr965"
"rna_counts","Olfr966-ps1"
"rna_counts","Olfr150"
"rna_counts","Olfr967"
"rna_counts","Olfr969"
"rna_counts","Olfr970"
"rna_counts","Olfr971"
"rna_counts","Olfr972"
"rna_counts","Olfr229"
"rna_counts","Olfr974"
"rna_counts","Olfr978"
"rna_counts","Olfr981"
"rna_counts","1700001J11Rik"
"rna_counts","Olfr982"
"rna_counts","Tmem225"
"rna_counts","Olfr986"
"rna_counts","Zfp202"
"rna_counts","Scn3b"
"rna_counts","1700110K17Rik"
"rna_counts","Clmp"
"rna_counts","Hspa8"
"rna_counts","Snord14c"
"rna_counts","Snord14d"
"rna_counts","Snord14e"
"rna_counts","Bsx"
"rna_counts","1700063D05Rik"
"rna_counts","Mir100hg"
"rna_counts","Mir100"
"rna_counts","Mirlet7a-2"
"rna_counts","Mir125b-1"
"rna_counts","D630033O11Rik"
"rna_counts","Trim29"
"rna_counts","Nectin1"
"rna_counts","E230034D01Rik"
"rna_counts","Thy1"
"rna_counts","Usp2"
"rna_counts","Mfrp"
"rna_counts","C1qtnf5"
"rna_counts","Mcam"
"rna_counts","Ccdc153"
"rna_counts","Dpagt1"
"rna_counts","H2ax"
"rna_counts","Hyou1"
"rna_counts","Slc37a4"
"rna_counts","Mir7085"
"rna_counts","C030014I23Rik"
"rna_counts","Bcl9l"
"rna_counts","Ddx6"
"rna_counts","E030022I16Rik"
"rna_counts","Treh"
"rna_counts","Ift46"
"rna_counts","Cd3d"
"rna_counts","Mpzl2"
"rna_counts","Mpzl3"
"rna_counts","Jaml"
"rna_counts","Scn2b"
"rna_counts","Scn4b"
"rna_counts","BC049352"
"rna_counts","Tmprss13"
"rna_counts","Fxyd6"
"rna_counts","Fxyd2"
"rna_counts","Dscaml1"
"rna_counts","Bace1"
"rna_counts","Pcsk7"
"rna_counts","A830035O19Rik"
"rna_counts","Sik3"
"rna_counts","Apoa1"
"rna_counts","Apoa4"
"rna_counts","Apoa5"
"rna_counts","Zpr1"
"rna_counts","Bud13"
"rna_counts","2900052N01Rik"
"rna_counts","Cadm1"
"rna_counts","A730065G17Rik"
"rna_counts","Nxpe4"
"rna_counts","Nxpe1-ps"
"rna_counts","Usp28"
"rna_counts","Zw10"
"rna_counts","Tmprss5"
"rna_counts","Drd2"
"rna_counts","Plet1"
"rna_counts","Il18"
"rna_counts","Timm8b"
"rna_counts","Pih1d2"
"rna_counts","Cryab"
"rna_counts","Fdxacb1"
"rna_counts","Alg9"
"rna_counts","Ppp2r1b"
"rna_counts","Btg4"
"rna_counts","Pou2af1"
"rna_counts","2010007H06Rik"
"rna_counts","Arhgap20"
"rna_counts","4933407I05Rik"
"rna_counts","Rdx"
"rna_counts","Mir6244"
"rna_counts","4930510E17Rik"
"rna_counts","Exph5"
"rna_counts","Poglut3"
"rna_counts","4930550C14Rik"
"rna_counts","Npat"
"rna_counts","Slc35f2"
"rna_counts","Sln"
"rna_counts","Gldn"
"rna_counts","Sh2d7"
"rna_counts","Idh3a"
"rna_counts","Dnaja4"
"rna_counts","Mir5710"
"rna_counts","Crabp1"
"rna_counts","Ireb2"
"rna_counts","Hykk"
"rna_counts","Psma4"
"rna_counts","Chrna5"
"rna_counts","Ube2q2"
"rna_counts","Fbxo22"
"rna_counts","Tmem266"
"rna_counts","Isl2"
"rna_counts","Rcn2"
"rna_counts","Pstpip1"
"rna_counts","Peak1os"
"rna_counts","Hmg20a"
"rna_counts","Cspg4"
"rna_counts","4930442G15Rik"
"rna_counts","Imp3"
"rna_counts","Snupn"
"rna_counts","Ptpn9"
"rna_counts","Sin3a"
"rna_counts","Man2c1"
"rna_counts","1700041C23Rik"
"rna_counts","Trcg1"
"rna_counts","D9Wsu149"
"rna_counts","Rpp25"
"rna_counts","Cox5a"
"rna_counts","Fam219b"
"rna_counts","Scamp2"
"rna_counts","Ulk3"
"rna_counts","Cyp1a1"
"rna_counts","Edc3"
"rna_counts","Ubl7"
"rna_counts","Sema7a"
"rna_counts","Cyp11a1"
"rna_counts","Stra6"
"rna_counts","1600029O15Rik"
"rna_counts","Mir6385"
"rna_counts","Stoml1"
"rna_counts","1700072B07Rik"
"rna_counts","4930461G14Rik"
"rna_counts","Insyn1"
"rna_counts","Nptn"
"rna_counts","Hcn4"
"rna_counts","Adpgk"
"rna_counts","Hexa"
"rna_counts","Celf6"
"rna_counts","Parp6"
"rna_counts","Pkm"
"rna_counts","Gramd2"
"rna_counts","Myo9a"
"rna_counts","2010001M07Rik"
"rna_counts","Larp6"
"rna_counts","1700036A12Rik"
"rna_counts","Uaca"
"rna_counts","I730028E13Rik"
"rna_counts","Tle3"
"rna_counts","Anp32a"
"rna_counts","n-R5s84"
"rna_counts","Itga11"
"rna_counts","Cln6"
"rna_counts","Calml4"
"rna_counts","Aagab"
"rna_counts","Scarletltr"
"rna_counts","Lctl"
"rna_counts","Snord16a"
"rna_counts","Snapc5"
"rna_counts","Uchl4"
"rna_counts","Tipin"
"rna_counts","Megf11"
"rna_counts","Dennd4a"
"rna_counts","Ints14"
"rna_counts","Dpp8"
"rna_counts","Igdcc4"
"rna_counts","Igdcc3"
"rna_counts","Parp16"
"rna_counts","Cilp"
"rna_counts","Clpx"
"rna_counts","Pdcd7"
"rna_counts","Ubap1l"
"rna_counts","Rasl12"
"rna_counts","Mtfmt"
"rna_counts","Spg21"
"rna_counts","Pif1"
"rna_counts","Rbpms2"
"rna_counts","Oaz2"
"rna_counts","n-R5s85"
"rna_counts","Pclaf"
"rna_counts","Csnk1g1"
"rna_counts","Ppib"
"rna_counts","Ciao2a"
"rna_counts","Dapk2"
"rna_counts","Herc1"
"rna_counts","Car12"
"rna_counts","C2cd4b"
"rna_counts","Vps13c"
"rna_counts","Rora"
"rna_counts","Ice2"
"rna_counts","Anxa2"
"rna_counts","Mir3109"
"rna_counts","B230323A14Rik"
"rna_counts","Bnip2"
"rna_counts","Gtf2a2"
"rna_counts","2210414F02Rik"
"rna_counts","Myo1e"
"rna_counts","Sltm"
"rna_counts","Adam10"
"rna_counts","Aldh1a2"
"rna_counts","Zfp280d"
"rna_counts","Mns1"
"rna_counts","Rfx7"
"rna_counts","Nedd4"
"rna_counts","A530064N14Rik"
"rna_counts","Prtg"
"rna_counts","A730062M13Rik"
"rna_counts","Pygo1"
"rna_counts","Dnaaf4"
"rna_counts","Ccpg1"
"rna_counts","2310009A05Rik"
"rna_counts","Rab27a"
"rna_counts","Khdc3"
"rna_counts","Rsl24d1"
"rna_counts","n-R5s86"
"rna_counts","Wdr72"
"rna_counts","Onecut1"
"rna_counts","Fam214a"
"rna_counts","Arpp19"
"rna_counts","Myo5a"
"rna_counts","Myo5c"
"rna_counts","Gnb5"
"rna_counts","Bcl2l10"
"rna_counts","4933433G15Rik"
"rna_counts","Leo1"
"rna_counts","Lysmd2"
"rna_counts","Bmp5"
"rna_counts","Hmgcll1"
"rna_counts","4930590H14Rik"
"rna_counts","Klhl31"
"rna_counts","Gclc"
"rna_counts","Elovl5"
"rna_counts","Gcm1"
"rna_counts","Ick"
"rna_counts","C920006O11Rik"
"rna_counts","Gsta4"
"rna_counts","Gsta1"
"rna_counts","Dppa5b"
"rna_counts","Omt2b"
"rna_counts","Ddx43"
"rna_counts","Mto1"
"rna_counts","Cd109"
"rna_counts","Aldoa-ps4"
"rna_counts","4930562D21Rik"
"rna_counts","4930429F24Rik"
"rna_counts","Senp6"
"rna_counts","Myo6"
"rna_counts","D430036J16Rik"
"rna_counts","Mei4"
"rna_counts","1700063H06Rik"
"rna_counts","Irak1bp1"
"rna_counts","Sh3bgrl2"
"rna_counts","Ttk"
"rna_counts","Bckdhb"
"rna_counts","4930554C24Rik"
"rna_counts","4933431K14Rik"
"rna_counts","Tpbg"
"rna_counts","Dop1a"
"rna_counts","Rwdd2a"
"rna_counts","A330041J22Rik"
"rna_counts","Prss35"
"rna_counts","Ripply2"
"rna_counts","Cyb5r4"
"rna_counts","Mrap2"
"rna_counts","D030062O11Rik"
"rna_counts","Nt5e"
"rna_counts","Zfp949"
"rna_counts","Trim43a"
"rna_counts","Trim43c"
"rna_counts","Bcl2a1a"
"rna_counts","Bcl2a1b"
"rna_counts","Mthfs"
"rna_counts","1700017I07Rik"
"rna_counts","4930524O08Rik"
"rna_counts","Rasgrf1"
"rna_counts","Ctsh"
"rna_counts","Adamts7"
"rna_counts","Zic4"
"rna_counts","Plscr5"
"rna_counts","Plscr1"
"rna_counts","Plscr2"
"rna_counts","1700057G04Rik"
"rna_counts","Plscr4"
"rna_counts","Plod2"
"rna_counts","4933400C23Rik"
"rna_counts","Slc9a9"
"rna_counts","Mir7656"
"rna_counts","Paqr9"
"rna_counts","Pcolce2"
"rna_counts","Atr"
"rna_counts","Xrn1"
"rna_counts","Gk5"
"rna_counts","Tfdp2"
"rna_counts","A930006L05Rik"
"rna_counts","C430002N11Rik"
"rna_counts","A030012G06Rik"
"rna_counts","4921534H16Rik"
"rna_counts","Nmnat3"
"rna_counts","Rbp1"
"rna_counts","Rbp2"
"rna_counts","Copb2"
"rna_counts","Prr23a1"
"rna_counts","Prr23a2"
"rna_counts","Prr23a3"
"rna_counts","7420426K07Rik"
"rna_counts","Foxl2"
"rna_counts","Faim"
"rna_counts","Cep70"
"rna_counts","1700008A23Rik"
"rna_counts","Nme9"
"rna_counts","Dbr1"
"rna_counts","A4gnt"
"rna_counts","Dzip1l"
"rna_counts","4930519F24Rik"
"rna_counts","Stag1"
"rna_counts","Msl2"
"rna_counts","9630041A04Rik"
"rna_counts","n-R5s88"
"rna_counts","Ky"
"rna_counts","Anapc13"
"rna_counts","4930533D04Rik"
"rna_counts","Amotl2"
"rna_counts","Ryk"
"rna_counts","Slco2a1"
"rna_counts","Rab6b"
"rna_counts","Topbp1"
"rna_counts","5830418P13Rik"
"rna_counts","4932413F04Rik"
"rna_counts","Nphp3"
"rna_counts","Acad11"
"rna_counts","Mir2136"
"rna_counts","Cpne4"
"rna_counts","Mrpl3"
"rna_counts","Aste1"
"rna_counts","Pik3r4"
"rna_counts","D030055H07Rik"
"rna_counts","Mir135a-1"
"rna_counts","Wdr82"
"rna_counts","Mirlet7g"
"rna_counts","Twf2"
"rna_counts","Tlr9"
"rna_counts","4930500F10Rik"
"rna_counts","Poc1a"
"rna_counts","Dusp7"
"rna_counts","Abhd14b"
"rna_counts","Pcbp4"
"rna_counts","Rrp9"
"rna_counts","Iqcf1"
"rna_counts","Iqcf5"
"rna_counts","Iqcf6"
"rna_counts","Dcaf1"
"rna_counts","4930524O07Rik"
"rna_counts","AA543401"
"rna_counts","1700039M15Rik"
"rna_counts","Cish"
"rna_counts","6430571L13Rik"
"rna_counts","Cacna2d2"
"rna_counts","Tmem115"
"rna_counts","Nprl2"
"rna_counts","Zmynd10"
"rna_counts","Rassf1"
"rna_counts","Tusc2"
"rna_counts","Hyal2"
"rna_counts","Hyal1"
"rna_counts","Naa80"
"rna_counts","Hyal3"
"rna_counts","Ifrd2"
"rna_counts","A930036K24Rik"
"rna_counts","Mon1a"
"rna_counts","Mst1r"
"rna_counts","Actl11"
"rna_counts","Camkv"
"rna_counts","Traip"
"rna_counts","Uba7"
"rna_counts","Cdhr4"
"rna_counts","Ip6k1"
"rna_counts","Amigo3"
"rna_counts","Mst1"
"rna_counts","Mir7088"
"rna_counts","4930447F24Rik"
"rna_counts","Nicn1"
"rna_counts","Amt"
"rna_counts","Rhoa"
"rna_counts","Gpx1"
"rna_counts","Usp4"
"rna_counts","1700102P08Rik"
"rna_counts","BC048562"
"rna_counts","Ccdc71"
"rna_counts","Lamb2"
"rna_counts","Usp19"
"rna_counts","Qars"
"rna_counts","Qrich1"
"rna_counts","Impdh2"
"rna_counts","4833445I07Rik"
"rna_counts","Mir191"
"rna_counts","Mir425"
"rna_counts","Dalrd3"
"rna_counts","Slc25a20"
"rna_counts","Prkar2a"
"rna_counts","Ip6k2"
"rna_counts","Nckipsd"
"rna_counts","Celsr3"
"rna_counts","Slc26a6"
"rna_counts","Tmem89"
"rna_counts","Uqcrc1"
"rna_counts","Col7a1"
"rna_counts","Mir711"
"rna_counts","Ucn2"
"rna_counts","Pfkfb4"
"rna_counts","Shisa5"
"rna_counts","Ccdc51"
"rna_counts","Plxnb1"
"rna_counts","Spink8"
"rna_counts","Nme6"
"rna_counts","Cdc25a"
"rna_counts","Mir7089"
"rna_counts","Map4"
"rna_counts","Smarcc1"
"rna_counts","Cspg5"
"rna_counts","Mir6236"
"rna_counts","Elp6"
"rna_counts","Scap"
"rna_counts","Ngp"
"rna_counts","Kif9"
"rna_counts","Setd2"
"rna_counts","Ccdc12"
"rna_counts","Myl3"
"rna_counts","Prss42"
"rna_counts","Prss44"
"rna_counts","Prss43"
"rna_counts","Prss45"
"rna_counts","Prss46"
"rna_counts","Prss50"
"rna_counts","Als2cl"
"rna_counts","Lrrc2"
"rna_counts","1700061E17Rik"
"rna_counts","Ltf"
"rna_counts","Lrrfip2"
"rna_counts","Epm2aip1"
"rna_counts","Trank1"
"rna_counts","Dclk3"
"rna_counts","2310075C17Rik"
"rna_counts","2900079G21Rik"
"rna_counts","Clasp2"
"rna_counts","Ubp1"
"rna_counts","Susd5"
"rna_counts","Bcl2a1c"
"rna_counts","4930520O04Rik"
"rna_counts","Glb1"
"rna_counts","Tmppe"
"rna_counts","C130032M10Rik"
"rna_counts","Dync1li1"
"rna_counts","Cmtm6"
"rna_counts","Osbpl10"
"rna_counts","Mir467h"
"rna_counts","D330037F02Rik"
"rna_counts","Gadl1"
"rna_counts","D730003K21Rik"
"rna_counts","Azi2"
"rna_counts","4933432G23Rik"
"rna_counts","Eomes"
"rna_counts","Golga4"
"rna_counts","Itga9"
"rna_counts","Ctdspl"
"rna_counts","Mir26a-1"
"rna_counts","Vill"
"rna_counts","Dlec1"
"rna_counts","Acaa1a"
"rna_counts","Xylb"
"rna_counts","Acvr2b"
"rna_counts","Exog"
"rna_counts","Wdr48"
"rna_counts","Ttc21a"
"rna_counts","1700019L13Rik"
"rna_counts","Ccr8"
"rna_counts","Slc25a38"
"rna_counts","Snora62"
"rna_counts","Mobp"
"rna_counts","Myrip"
"rna_counts","Eif1b"
"rna_counts","Entpd3"
"rna_counts","5830454E08Rik"
"rna_counts","Ctnnb1"
"rna_counts","Mir7090"
"rna_counts","Trak1"
"rna_counts","C230053D17Rik"
"rna_counts","Lyzl4os"
"rna_counts","Vipr1"
"rna_counts","Ss18l2"
"rna_counts","Nktr"
"rna_counts","Zfp651"
"rna_counts","Klhl40"
"rna_counts","Ackr2"
"rna_counts","1700048O20Rik"
"rna_counts","Gask1a"
"rna_counts","Snrk"
"rna_counts","4632418H02Rik"
"rna_counts","Abhd5"
"rna_counts","9530059O14Rik"
"rna_counts","Mir138-1"
"rna_counts","Topaz1"
"rna_counts","Tcaim"
"rna_counts","Zkscan7"
"rna_counts","Zfp105"
"rna_counts","Kif15"
"rna_counts","Tmem42"
"rna_counts","Tgm4"
"rna_counts","Exosc7"
"rna_counts","Clec3b"
"rna_counts","Lars2"
"rna_counts","Limd1"
"rna_counts","Sacm1l"
"rna_counts","Ccr9"
"rna_counts","Cxcr6"
"rna_counts","Ccr3"
"rna_counts","Ccr2"
"rna_counts","Ccr5"
"rna_counts","Nlrp4g"
"rna_counts","Mir101c"
"rna_counts","4930433N12Rik"
"rna_counts","Aasdhppt"
"rna_counts","Gria4"
"rna_counts","Ddi1"
"rna_counts","Dync2h1"
"rna_counts","Mmp1b"
"rna_counts","AV064505"
"rna_counts","Birc2"
"rna_counts","Birc3"
"rna_counts","Yap1"
"rna_counts","Cfap300"
"rna_counts","Cep126"
"rna_counts","Arhgap42"
"rna_counts","Cntn5"
"rna_counts","4930568E12Rik"
"rna_counts","Jrkl"
"rna_counts","Cep57"
"rna_counts","Endod1"
"rna_counts","Kdm4dl"
"rna_counts","Kdm4d"
"rna_counts","Amotl1"
"rna_counts","4930584E12Rik"
"rna_counts","Piwil4"
"rna_counts","Fut4"
"rna_counts","1700012B09Rik"
"rna_counts","Ankrd49"
"rna_counts","Izumo1r"
"rna_counts","Panx1"
"rna_counts","Hephl1"
"rna_counts","Med17"
"rna_counts","4931406C07Rik"
"rna_counts","Cep295"
"rna_counts","Scarna9"
"rna_counts","Deup1"
"rna_counts","Mtnr1b"
"rna_counts","Fat3"
"rna_counts","Naalad2"
"rna_counts","Zfp558"
"rna_counts","Muc16"
"rna_counts","Olfr24"
"rna_counts","Olfr828"
"rna_counts","Olfr831-ps1"
"rna_counts","Olfr833-ps1"
"rna_counts","Olfr838-ps1"
"rna_counts","Olfr839-ps1"
"rna_counts","Olfr840-ps1"
"rna_counts","AC119987.1"
"rna_counts","Olfr843"
"rna_counts","Olfr846"
"rna_counts","Olfr847"
"rna_counts","Olfr848-ps1"
"rna_counts","Olfr850"
"rna_counts","Olfr852-ps1"
"rna_counts","Olfr853"
"rna_counts","Olfr854"
"rna_counts","Olfr856-ps1"
"rna_counts","Olfr860"
"rna_counts","Olfr862"
"rna_counts","Olfr863-ps1"
"rna_counts","Olfr865-ps1"
"rna_counts","Olfr866"
"rna_counts","Olfr867"
"rna_counts","Olfr870"
"rna_counts","Olfr18"
"rna_counts","Zfp560"
"rna_counts","Zfp26"
"rna_counts","Zfp426"
"rna_counts","Zfp266"
"rna_counts","Fbxl12"
"rna_counts","Olfm2"
"rna_counts","Col5a3"
"rna_counts","Angptl6"
"rna_counts","Eif3g"
"rna_counts","Dnmt1"
"rna_counts","Mir7081"
"rna_counts","S1pr2"
"rna_counts","Mir1900"
"rna_counts","Zglp1"
"rna_counts","Fdx2"
"rna_counts","Raver1"
"rna_counts","Mir7082"
"rna_counts","Tyk2"
"rna_counts","Cdc37"
"rna_counts","Keap1"
"rna_counts","S1pr5"
"rna_counts","Kri1"
"rna_counts","Cdkn2d"
"rna_counts","Ap1m2"
"rna_counts","Mir199a-1"
"rna_counts","Tmed1"
"rna_counts","Yipf2"
"rna_counts","Mir1946b"
"rna_counts","Spc24"
"rna_counts","Kank2"
"rna_counts","Dock6"
"rna_counts","Mir7083"
"rna_counts","Rab3d"
"rna_counts","Tmem205"
"rna_counts","Epor"
"rna_counts","Rgl3"
"rna_counts","Ccdc151"
"rna_counts","Elavl3"
"rna_counts","Zfp653"
"rna_counts","Ecsit"
"rna_counts","Elof1"
"rna_counts","Mir7084"
"rna_counts","Acp5"
"rna_counts","1810064F22Rik"
"rna_counts","Zfp599"
"rna_counts","Zfp810"
"rna_counts","Anln"
"rna_counts","Rp9"
"rna_counts","Dpy19l1"
"rna_counts","Dpy19l2"
"rna_counts","Tbx20"
"rna_counts","Amd-ps6"
"rna_counts","Herpud2"
"rna_counts","Glb1l2"
"rna_counts","Glb1l3"
"rna_counts","Acad8"
"rna_counts","Vps26b"
"rna_counts","Jam3"
"rna_counts","Ntm"
"rna_counts","Adamts15"
"rna_counts","St14"
"rna_counts","Aplp2"
"rna_counts","4930517E14Rik"
"rna_counts","Tmem45b"
"rna_counts","5033425B01Rik"
"rna_counts","Barx2"
"rna_counts","Kcnj5"
"rna_counts","Fli1"
"rna_counts","Kirrel3os"
"rna_counts","St3gal4"
"rna_counts","Dcps"
"rna_counts","Tirap"
"rna_counts","Foxred1"
"rna_counts","Fam118b"
"rna_counts","2610105M22Rik"
"rna_counts","Ddx25"
"rna_counts","Hyls1"
"rna_counts","Pate4"
"rna_counts","Pate3"
"rna_counts","Pate1"
"rna_counts","Pate7"
"rna_counts","Pate6"
"rna_counts","Pate5"
"rna_counts","Pate9"
"rna_counts","Pate8"
"rna_counts","Pate14"
"rna_counts","1700027I24Rik"
"rna_counts","Chek1"
"rna_counts","Stt3a"
"rna_counts","Ei24"
"rna_counts","Pknox2"
"rna_counts","Slc37a2"
"rna_counts","Ccdc15"
"rna_counts","Robo3"
"rna_counts","Nrgn"
"rna_counts","Spa17"
"rna_counts","Tbrg1"
"rna_counts","Panx3"
"rna_counts","Olfr160"
"rna_counts","Olfr151"
"rna_counts","Olfr891"
"rna_counts","Olfr915"
"rna_counts","Olfr916"
"rna_counts","Olfr917"
"rna_counts","Olfr918"
"rna_counts","Olfr919"
"rna_counts","Olfr927-ps1"
"rna_counts","Olfr929-ps1"
"rna_counts","Olfr931-ps1"
"rna_counts","Olfr934"
"rna_counts","Olfr935"
"rna_counts","Olfr146"
"rna_counts","Olfr936"
"rna_counts","Olfr937"
"rna_counts","Olfr938"
"rna_counts","AC073947.1"
"rna_counts","Olfr941-ps1"
"rna_counts","Olfr1537"
"rna_counts","Olfr945"
"rna_counts","Olfr946-ps1"
"rna_counts","Olfr947-ps1"
"rna_counts","Olfr948"
"rna_counts","Olfr952"
"rna_counts","Olfr955"
"rna_counts","Olfr956-ps1"
"rna_counts","Olfr44"
"rna_counts","Olfr957"
"rna_counts","Olfr958"
"rna_counts","Olfr959"
"rna_counts","AW551984"
"rna_counts","Olfr964-ps1"
"rna_counts","Olfr149"
"rna_counts","Olfr968"
"rna_counts","Olfr975"
"rna_counts","Olfr976"
"rna_counts","Olfr977-ps1"
"rna_counts","Olfr979"
"rna_counts","Olfr980"
"rna_counts","Olfr983"
"rna_counts","Olfr984"
"rna_counts","Olfr985"
"rna_counts","Gramd1b"
"rna_counts","Jhy"
"rna_counts","Crtam"
"rna_counts","Ubash3b"
"rna_counts","AC160966.1"
"rna_counts","Sorl1"
"rna_counts","4930546K05Rik"
"rna_counts","Sc5d"
"rna_counts","Tecta"
"rna_counts","Tbcel"
"rna_counts","Grik4"
"rna_counts","Arhgef12"
"rna_counts","Tmem136"
"rna_counts","Pou2f3"
"rna_counts","Oaf"
"rna_counts","Rnf26"
"rna_counts","Cbl"
"rna_counts","5830462O15Rik"
"rna_counts","Pdzd3"
"rna_counts","Nlrx1"
"rna_counts","Abcg4"
"rna_counts","Hinfp"
"rna_counts","C2cd2l"
"rna_counts","Hmbs"
"rna_counts","Vps11"
"rna_counts","9430081H08Rik"
"rna_counts","Trappc4"
"rna_counts","Ccdc84"
"rna_counts","Foxr1"
"rna_counts","Upk2"
"rna_counts","Cxcr5"
"rna_counts","BC049987"
"rna_counts","Phldb1"
"rna_counts","Arcn1"
"rna_counts","Tmem25"
"rna_counts","Ttc36"
"rna_counts","Kmt2a"
"rna_counts","Atp5l"
"rna_counts","Ube4a"
"rna_counts","Cd3g"
"rna_counts","Cd3e"
"rna_counts","Tmprss4"
"rna_counts","Il10ra"
"rna_counts","Mir7086"
"rna_counts","Lncbate3"
"rna_counts","4833428L15Rik"
"rna_counts","Cep164"
"rna_counts","2610028D06Rik"
"rna_counts","Rnf214"
"rna_counts","Tagln"
"rna_counts","Sidt2"
"rna_counts","Mir7087"
"rna_counts","Pafah1b2"
"rna_counts","Apoc3"
"rna_counts","4931429L15Rik"
"rna_counts","4930448E22Rik"
"rna_counts","Nxpe2"
"rna_counts","Rexo2"
"rna_counts","Rbm7"
"rna_counts","Nnmt"
"rna_counts","Zbtb16"
"rna_counts","Htr3a"
"rna_counts","Htr3b"
"rna_counts","Cldn25-ps"
"rna_counts","1700042D02Rik"
"rna_counts","Ankk1"
"rna_counts","Ttc12"
"rna_counts","Ncam1"
"rna_counts","2310003N18Rik"
"rna_counts","Plet1os"
"rna_counts","Pts"
"rna_counts","Bco2"
"rna_counts","Tex12"
"rna_counts","Sdhd"
"rna_counts","Nkapd1"
"rna_counts","Dlat"
"rna_counts","Dixdc1"
"rna_counts","2310030G06Rik"
"rna_counts","Hspb2"
"rna_counts","1110032A03Rik"
"rna_counts","Sik2"
"rna_counts","Layn"
"rna_counts","4833427G06Rik"
"rna_counts","Mir34c"
"rna_counts","Mir34b"
"rna_counts","Colca2"
"rna_counts","1810046K07Rik"
"rna_counts","Arhgap20os"
"rna_counts","Fdx1"
"rna_counts","Zc3h12c"
"rna_counts","AI593442"
"rna_counts","Ddx10"
"rna_counts","Mir130c"
"rna_counts","Atm"
"rna_counts","Acat1"
"rna_counts","Cul5"
"rna_counts","Rab39"
"rna_counts","Elmod1"
"rna_counts","Tnfaip8l3"
"rna_counts","Cyp19a1"
"rna_counts","Gldnos"
"rna_counts","Dmxl2"
"rna_counts","Cib2"
"rna_counts","Acsbg1"
"rna_counts","Wdr61"
"rna_counts","Rab7-ps1"
"rna_counts","AY074887"
"rna_counts","Chrna3"
"rna_counts","Chrnb4"
"rna_counts","Nrg4"
"rna_counts","Etfa"
"rna_counts","Scaper"
"rna_counts","4930563M21Rik"
"rna_counts","Tspan3"
"rna_counts","Peak1"
"rna_counts","Lingo1"
"rna_counts","Odf3l1"
"rna_counts","Snx33"
"rna_counts","Man2c1os"
"rna_counts","Neil1"
"rna_counts","Commd4"
"rna_counts","1700017B05Rik"
"rna_counts","Ppcdc"
"rna_counts","Scamp5"
"rna_counts","Mpi"
"rna_counts","Cplx3"
"rna_counts","Lman1l"
"rna_counts","Csk"
"rna_counts","Cyp1a2"
"rna_counts","Clk3"
"rna_counts","Arid3b"
"rna_counts","Ccdc33"
"rna_counts","Islr"
"rna_counts","Islr2"
"rna_counts","Pml"
"rna_counts","Loxl1"
"rna_counts","Tbc1d21"
"rna_counts","Cd276"
"rna_counts","Rec114"
"rna_counts","Neo1"
"rna_counts","Bbs4"
"rna_counts","Arih1"
"rna_counts","Tmem202"
"rna_counts","Senp8"
"rna_counts","Nr2e3"
"rna_counts","Thsd4"
"rna_counts","9230112J17Rik"
"rna_counts","Lrrc49"
"rna_counts","4933433G08Rik"
"rna_counts","B930092H01Rik"
"rna_counts","Kif23"
"rna_counts","Paqr5"
"rna_counts","Glce"
"rna_counts","Mir5133"
"rna_counts","A730043L09Rik"
"rna_counts","Spesp1"
"rna_counts","Coro2b"
"rna_counts","Fem1b"
"rna_counts","Pias1"
"rna_counts","Skor1"
"rna_counts","Map2k5"
"rna_counts","2300009A05Rik"
"rna_counts","Iqch"
"rna_counts","Smad3"
"rna_counts","Smad6"
"rna_counts","1700055C04Rik"
"rna_counts","Zwilch"
"rna_counts","Map2k1"
"rna_counts","Dis3l"
"rna_counts","Rab11a"
"rna_counts","Slc24a1"
"rna_counts","Hacd3"
"rna_counts","Rnu5g"
"rna_counts","Kbtbd13"
"rna_counts","Slc51b"
"rna_counts","Ankdd1a"
"rna_counts","Plekho2"
"rna_counts","Zfp609"
"rna_counts","Trip4"
"rna_counts","Snx22"
"rna_counts","Snx1"
"rna_counts","Fbxl22"
"rna_counts","Usp3"
"rna_counts","Aph1b"
"rna_counts","BC050972"
"rna_counts","Ppp1r2-ps4"
"rna_counts","Aph1c"
"rna_counts","Rab8b"
"rna_counts","Lactb"
"rna_counts","Tpm1"
"rna_counts","Tln2"
"rna_counts","Mir190a"
"rna_counts","Mir7241"
"rna_counts","Mir7242"
"rna_counts","M5C1000I18Rik"
"rna_counts","C2cd4a"
"rna_counts","4930502A04Rik"
"rna_counts","Foxb1"
"rna_counts","Gcnt3"
"rna_counts","Fam81a"
"rna_counts","Mir5626"
"rna_counts","Ccnb2"
"rna_counts","Rnf111"
"rna_counts","Mindy2"
"rna_counts","Lipc"
"rna_counts","Aqp9"
"rna_counts","Polr2m"
"rna_counts","Myzap"
"rna_counts","Cgnl1"
"rna_counts","Tcf12"
"rna_counts","A430027C01Rik"
"rna_counts","Uba52-ps"
"rna_counts","BC065403"
"rna_counts","Tex9"
"rna_counts","4930509E16Rik"
"rna_counts","Ccpg1os"
"rna_counts","Pigb"
"rna_counts","Unc13c"
"rna_counts","Nr1h2-ps"
"rna_counts","Mapk6"
"rna_counts","Tmod3"
"rna_counts","Tmod2"
"rna_counts","Scg3"
"rna_counts","Gfral"
"rna_counts","Hcrtr2"
"rna_counts","Fam83b"
"rna_counts","Tinag"
"rna_counts","Mlip"
"rna_counts","5730403I07Rik"
"rna_counts","Lrrc1"
"rna_counts","Fbxo9"
"rna_counts","Rn7sk"
"rna_counts","Omt2a"
"rna_counts","Gsta2"
"rna_counts","Dppa5a"
"rna_counts","Ooep"
"rna_counts","4930542C12Rik"
"rna_counts","Cgas"
"rna_counts","Eef1a1"
"rna_counts","Slc17a5"
"rna_counts","4921509A06Rik"
"rna_counts","Aldoa-ps3"
"rna_counts","Col12a1"
"rna_counts","Cox7a2"
"rna_counts","Tmem30a"
"rna_counts","Filip1"
"rna_counts","Impg1"
"rna_counts","Htr1b"
"rna_counts","Phip"
"rna_counts","Hmgn3"
"rna_counts","Lca5"
"rna_counts","Elovl4"
"rna_counts","Tent5a"
"rna_counts","Ibtk"
"rna_counts","9330154J02Rik"
"rna_counts","Ube2cbp"
"rna_counts","Pgm3"
"rna_counts","Me1"
"rna_counts","Snap91"
"rna_counts","Cep162"
"rna_counts","Tbx18"
"rna_counts","Snx14"
"rna_counts","Syncrip"
"rna_counts","Snhg5"
"rna_counts","Snord50b"
"rna_counts","9430037G07Rik"
"rna_counts","Mthfsl"
"rna_counts","Bcl2a1d"
"rna_counts","9330159M07Rik"
"rna_counts","Trim43b"
"rna_counts","4930579C12Rik"
"rna_counts","Minar1"
"rna_counts","Tmed3"
"rna_counts","Ankrd34c"
"rna_counts","Mir184"
"rna_counts","Morf4l1"
"rna_counts","9430062P05Rik"
"rna_counts","Tbc1d2b"
"rna_counts","A730094K22Rik"
"rna_counts","Zic1"
"rna_counts","Mir6386"
"rna_counts","1700034K08Rik"
"rna_counts","Dipk2a"
"rna_counts","Chst2"
"rna_counts","U2surp"
"rna_counts","Itpa-ps2"
"rna_counts","Trpc1"
"rna_counts","Pls1"
"rna_counts","1700065D16Rik"
"rna_counts","C78334"
"rna_counts","Atp1b3"
"rna_counts","BC043934"
"rna_counts","Rnf7"
"rna_counts","Rasa2"
"rna_counts","n-R5s87"
"rna_counts","Zbtb38"
"rna_counts","Pxylp1"
"rna_counts","Spsb4"
"rna_counts","Slc25a36"
"rna_counts","Trim42"
"rna_counts","Clstn2"
"rna_counts","2610303G11Rik"
"rna_counts","4930579K19Rik"
"rna_counts","Mrps22"
"rna_counts","Pisrt1"
"rna_counts","E330023G01Rik"
"rna_counts","Foxl2os"
"rna_counts","Pik3cb"
"rna_counts","Faiml"
"rna_counts","4930422M22Rik"
"rna_counts","Esyt3"
"rna_counts","Mras"
"rna_counts","Armc8"
"rna_counts","Cldn18"
"rna_counts","Sox14"
"rna_counts","4930540E01Rik"
"rna_counts","Il20rb"
"rna_counts","Nck1"
"rna_counts","Slc35g2"
"rna_counts","Pccb"
"rna_counts","Ppp2r3a"
"rna_counts","Ephb1"
"rna_counts","Mir7243"
"rna_counts","Cep63"
"rna_counts","n-R5s89"
"rna_counts","Srprb"
"rna_counts","Trf"
"rna_counts","1300017J02Rik"
"rna_counts","Cdv3"
"rna_counts","Bfsp2"
"rna_counts","Tmem108"
"rna_counts","Uba5"
"rna_counts","Ackr4"
"rna_counts","Dnajc13"
"rna_counts","Hmgb1-rs16"
"rna_counts","Acpp"
"rna_counts","Nudt16"
"rna_counts","Nudt16l2"
"rna_counts","Nek11"
"rna_counts","Atp2c1"
"rna_counts","Col6a6"
"rna_counts","Col6a5"
"rna_counts","Col6a4"
"rna_counts","Glyctk"
"rna_counts","Ppm1m"
"rna_counts","Alas1"
"rna_counts","Acy1"
"rna_counts","Abhd14a"
"rna_counts","Gpr62"
"rna_counts","Parp3"
"rna_counts","Iqcf2"
"rna_counts","Iqcf4"
"rna_counts","Grm2"
"rna_counts","Tex264"
"rna_counts","Rad54l2"
"rna_counts","Manf"
"rna_counts","Rbm15b"
"rna_counts","Dock3"
"rna_counts","Mapkapk3"
"rna_counts","Hemk1"
"rna_counts","4930429P21Rik"
"rna_counts","Cyb561d2"
"rna_counts","Lsmem2"
"rna_counts","Sema3b"
"rna_counts","Gnai2"
"rna_counts","Slc38a3"
"rna_counts","Gnat1"
"rna_counts","Sema3f"
"rna_counts","Rbm5"
"rna_counts","Rbm6"
"rna_counts","Inka1"
"rna_counts","4921523L03Rik"
"rna_counts","4930535L15Rik"
"rna_counts","Rnf123"
"rna_counts","Apeh"
"rna_counts","Bsn"
"rna_counts","Dag1"
"rna_counts","Tcta"
"rna_counts","Ccdc36"
"rna_counts","Klhdc8b"
"rna_counts","Ndufaf3"
"rna_counts","Wdr6"
"rna_counts","P4htm"
"rna_counts","Arih2"
"rna_counts","Trex1"
"rna_counts","Atrip"
"rna_counts","Tma7"
"rna_counts","Fbxw21"
"rna_counts","Fbxw13"
"rna_counts","Fbxw20"
"rna_counts","Fbxw14"
"rna_counts","Fbxw28"
"rna_counts","Fbxw22"
"rna_counts","Fbxw16"
"rna_counts","Fbxw19"
"rna_counts","Fbxw23"
"rna_counts","Fbxw15"
"rna_counts","Fbxw24"
"rna_counts","Fbxw25"
"rna_counts","Fbxw18"
"rna_counts","Fbxw26"
"rna_counts","Fbxw27"
"rna_counts","3000002C10Rik"
"rna_counts","Camp"
"rna_counts","Dhx30"
"rna_counts","5830462I19Rik"
"rna_counts","Ptpn23"
"rna_counts","Klhl18"
"rna_counts","Nradd"
"rna_counts","Nbeal2"
"rna_counts","Mir8107"
"rna_counts","Pth1r"
"rna_counts","Tmie"
"rna_counts","Fam240a"
"rna_counts","Tdgf1"
"rna_counts","Rtp3"
"rna_counts","Ccrl2"
"rna_counts","Rp31-ps19"
"rna_counts","Mlh1"
"rna_counts","Stac"
"rna_counts","n-R5s90"
"rna_counts","4930545L08Rik"
"rna_counts","Arpp21"
"rna_counts","Mir128-2"
"rna_counts","4933411E02Rik"
"rna_counts","AU023762"
"rna_counts","Pdcd6ip"
"rna_counts","Fbxl2"
"rna_counts","AC157997.1"
"rna_counts","4921528I07Rik"
"rna_counts","Crtap"
"rna_counts","Ccr4"
"rna_counts","Trim71"
"rna_counts","Cnot10"
"rna_counts","Cmtm7"
"rna_counts","Cmtm8"
"rna_counts","Gpd1l"
"rna_counts","Stt3b"
"rna_counts","Stmn1-rs1"
"rna_counts","n-R5s92"
"rna_counts","Tgfbr2"
"rna_counts","Rbms3"
"rna_counts","Zcwpw2"
"rna_counts","Cmc1"
"rna_counts","2610509F24Rik"
"rna_counts","Platr11"
"rna_counts","Plcd1"
"rna_counts","Acaa1b"
"rna_counts","Slc22a14"
"rna_counts","Slc22a13"
"rna_counts","Slc22a13b"
"rna_counts","Oxsr1"
"rna_counts","Myd88"
"rna_counts","4930516B21Rik"
"rna_counts","Scn5a"
"rna_counts","Scn10a"
"rna_counts","Scn11a"
"rna_counts","Cx3cr1"
"rna_counts","Gorasp1"
"rna_counts","Csrnp1"
"rna_counts","Xirp1"
"rna_counts","D830035M03Rik"
"rna_counts","1700020M21Rik"
"rna_counts","4930593C16Rik"
"rna_counts","Ulk4"
"rna_counts","Cck"
"rna_counts","Lyzl4"
"rna_counts","Sec22c"
"rna_counts","E530011L22Rik"
"rna_counts","Hhatl"
"rna_counts","Ccdc13"
"rna_counts","Higd1a"
"rna_counts","Cyp8b1"
"rna_counts","Pomgnt2"
"rna_counts","Ano10"
"rna_counts","Mir8106"
"rna_counts","A730085K08Rik"
"rna_counts","Zfp445"
"rna_counts","A530083I20Rik"
"rna_counts","1110059G10Rik"
"rna_counts","Zdhhc3"
"rna_counts","Cdcp1"
"rna_counts","Tmem158"
"rna_counts","Scp2-ps2"
"rna_counts","Slc6a20b"
"rna_counts","Slc6a20a"
"rna_counts","Lztfl1"
"rna_counts","Fyco1"
"rna_counts","Xcr1"
"rna_counts","Ccr1"
"rna_counts","Ccr1l1"
"rna_counts","2010315B03Rik"
"rna_counts","Ppp2r3d"
"rna_counts","9230019H11Rik"
"rna_counts","Ppp1r14c"
"rna_counts","Iyd"
"rna_counts","Plekhg1"
"rna_counts","Mthfd1l"
"rna_counts","Akap12"
"rna_counts","Armt1"
"rna_counts","Ccdc170"
"rna_counts","Esr1"
"rna_counts","Myct1"
"rna_counts","Vip"
"rna_counts","Oprm1"
"rna_counts","Lrp11"
"rna_counts","Nup43"
"rna_counts","Lats1"
"rna_counts","Katna1"
"rna_counts","B430219N15Rik"
"rna_counts","Ppil4"
"rna_counts","Zc3h12d"
"rna_counts","Mir5104"
"rna_counts","4930598N05Rik"
"rna_counts","4930567K20Rik"
"rna_counts","Shprh"
"rna_counts","Fbxo30"
"rna_counts","Epm2a"
"rna_counts","Sf3b5"
"rna_counts","Plagl1"
"rna_counts","Fuca2"
"rna_counts","Adat2"
"rna_counts","Hivep2"
"rna_counts","Nmbr"
"rna_counts","C330004P14Rik"
"rna_counts","Cited2"
"rna_counts","Txlnb"
"rna_counts","Reps1"
"rna_counts","Nhsl1"
"rna_counts","Perp"
"rna_counts","Tpi-rs5"
"rna_counts","Olig3"
"rna_counts","Ifngr1"
"rna_counts","Il22ra2"
"rna_counts","9230106D20Rik"
"rna_counts","Il20ra"
"rna_counts","Map3k5"
"rna_counts","Map7"
"rna_counts","Bclaf1"
"rna_counts","Mtfr2"
"rna_counts","Ahi1"
"rna_counts","Hbs1l"
"rna_counts","Aldh8a1"
"rna_counts","1700021A07Rik"
"rna_counts","1700020N01Rik"
"rna_counts","Sgk1"
"rna_counts","Raet1e"
"rna_counts","H60b"
"rna_counts","C920009B18Rik"
"rna_counts","Raet1d"
"rna_counts","Slc2a12"
"rna_counts","Slc18b1"
"rna_counts","Vnn3"
"rna_counts","Vnn1"
"rna_counts","Taar1"
"rna_counts","Taar2"
"rna_counts","Taar3"
"rna_counts","Taar4"
"rna_counts","Taar5"
"rna_counts","Taar7b"
"rna_counts","Taar7c-ps"
"rna_counts","Taar7d"
"rna_counts","Taar7e"
"rna_counts","Taar7f"
"rna_counts","AC117671.1"
"rna_counts","Taar8a"
"rna_counts","Stx7"
"rna_counts","Moxd1"
"rna_counts","Ccn2"
"rna_counts","Med23"
"rna_counts","Mir6905"
"rna_counts","Epb41l2"
"rna_counts","Samd3"
"rna_counts","Arhgap18"
"rna_counts","4930579H20Rik"
"rna_counts","Ptprk"
"rna_counts","Themis"
"rna_counts","Soga3"
"rna_counts","9330159F19Rik"
"rna_counts","Echdc1"
"rna_counts","Hddc2"
"rna_counts","Trdn"
"rna_counts","Sult3a1"
"rna_counts","Rsph4a"
"rna_counts","Trappc3l"
"rna_counts","Tspyl1"
"rna_counts","Tspyl4"
"rna_counts","Col10a1"
"rna_counts","Frk"
"rna_counts","Hs3st5"
"rna_counts","Hdac2"
"rna_counts","5930403N24Rik"
"rna_counts","4930591E09Rik"
"rna_counts","Lama4"
"rna_counts","Tube1"
"rna_counts","Fyn"
"rna_counts","Traf3ip2"
"rna_counts","Rev3l"
"rna_counts","4930547M16Rik"
"rna_counts","Rnu3a"
"rna_counts","A930033M14Rik"
"rna_counts","Cdk19"
"rna_counts","Slc22a16"
"rna_counts","Ddo"
"rna_counts","Mettl24"
"rna_counts","Wasf1"
"rna_counts","Ak9"
"rna_counts","Zbtb24"
"rna_counts","Mical1"
"rna_counts","Ppil6"
"rna_counts","Cd164"
"rna_counts","5730435O14Rik"
"rna_counts","Mir3473b"
"rna_counts","BC048559"
"rna_counts","Sesn1"
"rna_counts","9930024M15Rik"
"rna_counts","1700016J18Rik"
"rna_counts","Snx3"
"rna_counts","Ostm1"
"rna_counts","Sec63"
"rna_counts","Scml4"
"rna_counts","9030612E09Rik"
"rna_counts","Pdss2"
"rna_counts","Bend3"
"rna_counts","Cd24a"
"rna_counts","F930017D23Rik"
"rna_counts","1700027J07Rik"
"rna_counts","4933404K13Rik"
"rna_counts","Rtn4ip1"
"rna_counts","Speer5-ps1"
"rna_counts","Atg5"
"rna_counts","Mir1929"
"rna_counts","Prep"
"rna_counts","Popdc3"
"rna_counts","Bves"
"rna_counts","Hace1"
"rna_counts","D030045P18Rik"
"rna_counts","Gpx4-ps2"
"rna_counts","Ascc3"
"rna_counts","Sim1"
"rna_counts","Lilr4b"
"rna_counts","Lilrb4a"
"rna_counts","1700042O05Rik"
"rna_counts","Rfx6"
"rna_counts","Vgll2"
"rna_counts","Dcbld1"
"rna_counts","Nepn"
"rna_counts","Nus1"
"rna_counts","Slc35f1"
"rna_counts","Pln"
"rna_counts","Tmem229b-ps"
"rna_counts","Asf1a"
"rna_counts","4930466K18Rik"
"rna_counts","Msl3l2"
"rna_counts","Gja1"
"rna_counts","Hsf2"
"rna_counts","Pkib"
"rna_counts","Fabp7"
"rna_counts","Smpdl3a"
"rna_counts","Gcc2"
"rna_counts","Lims1"
"rna_counts","Ranbp2"
"rna_counts","Ccdc138"
"rna_counts","BB019430"
"rna_counts","Sh3rf3"
"rna_counts","Sowahc"
"rna_counts","P4ha1"
"rna_counts","Pla2g12b"
"rna_counts","Micu1"
"rna_counts","Dnajb12"
"rna_counts","Ascc1"
"rna_counts","Spock2"
"rna_counts","Mir6906"
"rna_counts","Psap"
"rna_counts","Vsir"
"rna_counts","Mir6408"
"rna_counts","Mir466j"
"rna_counts","Pcbd1"
"rna_counts","Tbata"
"rna_counts","Prf1"
"rna_counts","Nodal"
"rna_counts","Lrrc20"
"rna_counts","Npffr1"
"rna_counts","Ppa1"
"rna_counts","Sar1a"
"rna_counts","Tysnd1"
"rna_counts","Aifm2"
"rna_counts","Mir5108"
"rna_counts","Neurog3"
"rna_counts","Tacr2"
"rna_counts","Hk1os"
"rna_counts","4930507D05Rik"
"rna_counts","4933428P19Rik"
"rna_counts","Mir7215"
"rna_counts","Slc25a16"
"rna_counts","Dna2"
"rna_counts","Rufy2"
"rna_counts","Pbld2"
"rna_counts","Pbld1"
"rna_counts","Atoh7"
"rna_counts","Herc4"
"rna_counts","Dnajc12"
"rna_counts","Ctnna3"
"rna_counts","4930407I19Rik"
"rna_counts","Jmjd1c"
"rna_counts","Egr2"
"rna_counts","4930543I11Rik"
"rna_counts","Rtkn2"
"rna_counts","Tmem26"
"rna_counts","Rhobtb1"
"rna_counts","Ank3"
"rna_counts","Ccdc6"
"rna_counts","Mrln"
"rna_counts","Slc16a9"
"rna_counts","Fam13c"
"rna_counts","4930533K18Rik"
"rna_counts","1700113B09Rik"
"rna_counts","Ipmk"
"rna_counts","Zwint"
"rna_counts","Pcdh15"
"rna_counts","Gnaz"
"rna_counts","Rab36"
"rna_counts","Bcr"
"rna_counts","Specc1l"
"rna_counts","Adora2a"
"rna_counts","Upb1"
"rna_counts","Snrpd3"
"rna_counts","Ggt1"
"rna_counts","Ggt5"
"rna_counts","Derl3"
"rna_counts","Chchd10"
"rna_counts","Vpreb3"
"rna_counts","Mir6409"
"rna_counts","Zfp280b"
"rna_counts","Slc5a4a"
"rna_counts","S100b"
"rna_counts","1700094J05Rik"
"rna_counts","2610028H24Rik"
"rna_counts","Mcm3ap"
"rna_counts","Lss"
"rna_counts","Spatc1l"
"rna_counts","Ftcd"
"rna_counts","Slc19a1"
"rna_counts","Pofut2"
"rna_counts","Itgb2"
"rna_counts","Pttg1ip"
"rna_counts","Sumo3"
"rna_counts","Ube2g2"
"rna_counts","Mir1930"
"rna_counts","Tspear"
"rna_counts","Krtap12-1"
"rna_counts","Krtap10-10"
"rna_counts","1700009J07Rik"
"rna_counts","Cfap410"
"rna_counts","Dnmt3l"
"rna_counts","Icosl"
"rna_counts","n-R5s77"
"rna_counts","Cstb"
"rna_counts","4921516A02Rik"
"rna_counts","Mir6410"
"rna_counts","Olfr1358"
"rna_counts","Vmn2r-ps92"
"rna_counts","Ilvbl"
"rna_counts","Slc1a6"
"rna_counts","Olfr1355"
"rna_counts","Olfr1354"
"rna_counts","Olfr8"
"rna_counts","Olfr1353"
"rna_counts","Olfr1352"
"rna_counts","Olfr1351"
"rna_counts","Olfr57"
"rna_counts","Vmn2r80"
"rna_counts","Vmn2r81"
"rna_counts","Vmn2r82"
"rna_counts","Vmn2r83"
"rna_counts","Madcam1"
"rna_counts","Tpgs1"
"rna_counts","Cdc34"
"rna_counts","Gzmm"
"rna_counts","Bsg"
"rna_counts","Hcn2"
"rna_counts","Fgf22"
"rna_counts","Fstl3"
"rna_counts","Palm"
"rna_counts","Misp"
"rna_counts","Ptbp1"
"rna_counts","Mir6910"
"rna_counts","Prtn3"
"rna_counts","Elane"
"rna_counts","Cfd"
"rna_counts","Kiss1r"
"rna_counts","Arid3a"
"rna_counts","Wdr18"
"rna_counts","Grin3b"
"rna_counts","Cnn2"
"rna_counts","Abca7"
"rna_counts","Arhgap45"
"rna_counts","Gpx4"
"rna_counts","Stk11"
"rna_counts","Atp5d"
"rna_counts","Midn"
"rna_counts","Cirbp"
"rna_counts","1600002K03Rik"
"rna_counts","Efna2"
"rna_counts","Pwwp3a"
"rna_counts","Ndufs7"
"rna_counts","Dazap1"
"rna_counts","Mir6911"
"rna_counts","Apc2"
"rna_counts","Reep6"
"rna_counts","Plk5"
"rna_counts","Onecut3"
"rna_counts","2610034O05Rik"
"rna_counts","Scamp4"
"rna_counts","Adat3"
"rna_counts","Mir6912"
"rna_counts","Csnk1g2"
"rna_counts","Izumo4"
"rna_counts","Dot1l"
"rna_counts","Sf3a2"
"rna_counts","Amh"
"rna_counts","Oaz1"
"rna_counts","Mir1982"
"rna_counts","Sppl2b"
"rna_counts","Tmprss9"
"rna_counts","Gadd45b"
"rna_counts","Thop1"
"rna_counts","Mir5615-2"
"rna_counts","Map2k2"
"rna_counts","Zbtb7a"
"rna_counts","Eef2"
"rna_counts","Snord37"
"rna_counts","Dapk3"
"rna_counts","Atcayos"
"rna_counts","Zfr2"
"rna_counts","Matk"
"rna_counts","Apba3"
"rna_counts","Mir3057"
"rna_counts","Pip5k1c"
"rna_counts","Cactin"
"rna_counts","Tbxa2r"
"rna_counts","Mfsd12"
"rna_counts","Dohh"
"rna_counts","Mir6913"
"rna_counts","Smim24"
"rna_counts","Tle5"
"rna_counts","Tle2"
"rna_counts","BC025920"
"rna_counts","Ankrd24"
"rna_counts","Zfp433"
"rna_counts","Zfp873"
"rna_counts","BC024063"
"rna_counts","AU041133"
"rna_counts","Ap3m1-ps"
"rna_counts","Tdg"
"rna_counts","Hcfc2"
"rna_counts","1700028I16Rik"
"rna_counts","Txnrd1"
"rna_counts","Eid3"
"rna_counts","Chst11"
"rna_counts","D10Wsu102e"
"rna_counts","Washc4"
"rna_counts","1500009L16Rik"
"rna_counts","4930463O16Rik"
"rna_counts","1700092E16Rik"
"rna_counts","E230014E18Rik"
"rna_counts","Tcp11l2"
"rna_counts","Polr3b"
"rna_counts","Rfx4"
"rna_counts","Ric8b"
"rna_counts","Tmem263"
"rna_counts","Btbd11"
"rna_counts","Pwp1"
"rna_counts","Ascl4"
"rna_counts","Fbxo7"
"rna_counts","4930486F22Rik"
"rna_counts","Timp3"
"rna_counts","1810014B01Rik"
"rna_counts","Ttc41"
"rna_counts","Nt5dc3"
"rna_counts","1700113H08Rik"
"rna_counts","4930555G07Rik"
"rna_counts","Pah"
"rna_counts","Igf1"
"rna_counts","Tyms-ps"
"rna_counts","Pmch"
"rna_counts","4921515L22Rik"
"rna_counts","Nup37"
"rna_counts","Washc3"
"rna_counts","Gnptab"
"rna_counts","Sycp3"
"rna_counts","Arl1"
"rna_counts","Slc5a8"
"rna_counts","1500026H17Rik"
"rna_counts","Uhrf1bp1l"
"rna_counts","Anks1b"
"rna_counts","Ikbip"
"rna_counts","4930401A07Rik"
"rna_counts","Cdk17"
"rna_counts","Mir1931"
"rna_counts","Mir7688"
"rna_counts","Lta4h"
"rna_counts","Hal"
"rna_counts","Ccdc38"
"rna_counts","4933408J17Rik"
"rna_counts","Ntn4"
"rna_counts","Usp44"
"rna_counts","4930471D02Rik"
"rna_counts","Fgd6"
"rna_counts","Nr2c1"
"rna_counts","Ndufa12"
"rna_counts","Tmcc3"
"rna_counts","Cep83"
"rna_counts","2310039L15Rik"
"rna_counts","5730420D15Rik"
"rna_counts","Ube2n"
"rna_counts","4732465J04Rik"
"rna_counts","Eea1"
"rna_counts","4930459C07Rik"
"rna_counts","Btg1"
"rna_counts","4930556N09Rik"
"rna_counts","Mir3966"
"rna_counts","Dcn"
"rna_counts","Lum"
"rna_counts","Kera"
"rna_counts","Epyc"
"rna_counts","Ccer1"
"rna_counts","4930525C09Rik"
"rna_counts","Atp2b1"
"rna_counts","Poc1b"
"rna_counts","Galnt4"
"rna_counts","Dusp6"
"rna_counts","B530045E10Rik"
"rna_counts","Gad1-ps"
"rna_counts","Kitl"
"rna_counts","Cep290"
"rna_counts","1700017N19Rik"
"rna_counts","Mgat4c"
"rna_counts","Mir3059"
"rna_counts","Rassf9"
"rna_counts","Slc6a15"
"rna_counts","Mir6411"
"rna_counts","Ccdc59"
"rna_counts","Ppfia2"
"rna_counts","Olfr1556-ps1"
"rna_counts","Lin7a"
"rna_counts","Ppp1r12a"
"rna_counts","Pawr"
"rna_counts","3110043J17Rik"
"rna_counts","9230102K24Rik"
"rna_counts","E2f7"
"rna_counts","Csrp2"
"rna_counts","Osbpl8"
"rna_counts","Bbs10"
"rna_counts","Nap1l1"
"rna_counts","Phlda1"
"rna_counts","Krr1"
"rna_counts","Glipr1l1"
"rna_counts","Glipr1l2"
"rna_counts","Caps2"
"rna_counts","Kcnc2"
"rna_counts","1700010J16Rik"
"rna_counts","4930473D10Rik"
"rna_counts","Zfc3h1"
"rna_counts","A130012E19Rik"
"rna_counts","A930009A15Rik"
"rna_counts","Tspan8"
"rna_counts","Ptprr"
"rna_counts","Ptprb"
"rna_counts","Kcnmb4os1"
"rna_counts","Kcnmb4os2"
"rna_counts","5330438D12Rik"
"rna_counts","4930579P08Rik"
"rna_counts","4933412E12Rik"
"rna_counts","D630029K05Rik"
"rna_counts","Best3"
"rna_counts","Lrrc10"
"rna_counts","4930423D24Rik"
"rna_counts","Kifc5c-ps"
"rna_counts","Cpm"
"rna_counts","4933411E08Rik"
"rna_counts","5330439M10Rik"
"rna_counts","Mdm1"
"rna_counts","Il22"
"rna_counts","Ifng"
"rna_counts","4932442E05Rik"
"rna_counts","1700064J06Rik"
"rna_counts","4930477N07Rik"
"rna_counts","1700025F24Rik"
"rna_counts","Grip1"
"rna_counts","Tmbim4"
"rna_counts","Llph"
"rna_counts","1700006J14Rik"
"rna_counts","9230105E05Rik"
"rna_counts","4921513I03Rik"
"rna_counts","Wif1"
"rna_counts","Gns"
"rna_counts","D930020B18Rik"
"rna_counts","BC048403"
"rna_counts","Avpr1a"
"rna_counts","Mir6412"
"rna_counts","Ppm1h"
"rna_counts","Mir8104"
"rna_counts","Tafa2"
"rna_counts","4930503E24Rik"
"rna_counts","Lrig3"
"rna_counts","1700021G15Rik"
"rna_counts","1700025K04Rik"
"rna_counts","Ctdsp2"
"rna_counts","Mir26a-2"
"rna_counts","Mir546"
"rna_counts","Avil"
"rna_counts","Mettl1"
"rna_counts","Cyp27b1"
"rna_counts","Cdk4"
"rna_counts","A730063M14Rik"
"rna_counts","Agap2"
"rna_counts","B4galnt1"
"rna_counts","F420014N23Rik"
"rna_counts","Dctn2"
"rna_counts","Ddit3"
"rna_counts","Arhgap9"
"rna_counts","R3hdm2"
"rna_counts","Stac3"
"rna_counts","Ndufa4l2"
"rna_counts","Stat6"
"rna_counts","Nemp1"
"rna_counts","Myo1a"
"rna_counts","Tac2"
"rna_counts","Zbtb39"
"rna_counts","Rdh1"
"rna_counts","Rdh16f1"
"rna_counts","Rdh9"
"rna_counts","Rdh16"
"rna_counts","Rdh18-ps"
"rna_counts","Rdh19"
"rna_counts","Rdh16f2"
"rna_counts","Sdr9c7"
"rna_counts","Prim1"
"rna_counts","Naca"
"rna_counts","Ptges3"
"rna_counts","Atp5b"
"rna_counts","Snord59a"
"rna_counts","Mir677"
"rna_counts","Baz2a"
"rna_counts","Gls2"
"rna_counts","AC135859.1"
"rna_counts","Mip"
"rna_counts","Timeless"
"rna_counts","Apon"
"rna_counts","Apof"
"rna_counts","Stat2"
"rna_counts","Pan2"
"rna_counts","Cnpy2"
"rna_counts","Cs"
"rna_counts","Ankrd52"
"rna_counts","Mir6914"
"rna_counts","Mir6915"
"rna_counts","Rnf41"
"rna_counts","Mir8105"
"rna_counts","Smarcc2"
"rna_counts","Pmel"
"rna_counts","Pym1"
"rna_counts","Mmp19"
"rna_counts","Dnajc14"
"rna_counts","Sarnp"
"rna_counts","Cd63"
"rna_counts","Itga7"
"rna_counts","9030616G12Rik"
"rna_counts","Olfr9"
"rna_counts","Olfr763"
"rna_counts","Olfr774"
"rna_counts","Olfr775"
"rna_counts","Olfr776"
"rna_counts","Olfr779"
"rna_counts","Olfr780"
"rna_counts","Olfr781"
"rna_counts","Olfr782"
"rna_counts","Olfr783-ps1"
"rna_counts","Olfr784"
"rna_counts","Olfr785"
"rna_counts","Olfr786"
"rna_counts","Olfr787"
"rna_counts","Olfr788"
"rna_counts","Olfr789"
"rna_counts","Olfr790"
"rna_counts","Olfr791"
"rna_counts","Olfr792"
"rna_counts","Olfr793-ps1"
"rna_counts","Olfr794"
"rna_counts","Olfr795-ps1"
"rna_counts","Olfr799"
"rna_counts","Olfr800"
"rna_counts","Olfr804"
"rna_counts","Olfr808"
"rna_counts","Olfr809"
"rna_counts","Olfr813"
"rna_counts","Olfr820"
"rna_counts","Olfr821"
"rna_counts","Olfr822"
"rna_counts","Tespa1"
"rna_counts","B020014A21Rik"
"rna_counts","H60c"
"rna_counts","Zbtb2"
"rna_counts","Rmnd1"
"rna_counts","Syne1"
"rna_counts","Fbxo5"
"rna_counts","Mtrf1l"
"rna_counts","Rgs17"
"rna_counts","Ipcef1"
"rna_counts","Cnksr3"
"rna_counts","Ulbp1"
"rna_counts","Pcmt1"
"rna_counts","Ginm1"
"rna_counts","Tab2"
"rna_counts","Ust"
"rna_counts","Sash1"
"rna_counts","4930553I21Rik"
"rna_counts","Samd5"
"rna_counts","Stxbp5"
"rna_counts","Adgb"
"rna_counts","Rab32"
"rna_counts","Grm1"
"rna_counts","4930432B10Rik"
"rna_counts","Utrn"
"rna_counts","B230208H11Rik"
"rna_counts","Stx11"
"rna_counts","Zc2hc1b"
"rna_counts","Ltv1"
"rna_counts","Phactr2"
"rna_counts","Pex3"
"rna_counts","Aig1"
"rna_counts","4930444K16Rik"
"rna_counts","Adgrg6"
"rna_counts","Vta1"
"rna_counts","Gje1"
"rna_counts","B230364G03Rik"
"rna_counts","Heca"
"rna_counts","Abracl"
"rna_counts","Ect2l"
"rna_counts","Ccdc28a"
"rna_counts","Hebp2"
"rna_counts","Arfgef3"
"rna_counts","4930444F02Rik"
"rna_counts","Tnfaip3"
"rna_counts","1700124M09Rik"
"rna_counts","Slc35d3"
"rna_counts","Pex7"
"rna_counts","4930405J17Rik"
"rna_counts","Mir6413"
"rna_counts","4933406P04Rik"
"rna_counts","Pde7b"
"rna_counts","Myb"
"rna_counts","4930455C13Rik"
"rna_counts","Fkbp1a-ps2"
"rna_counts","Platr6"
"rna_counts","4930444G20Rik"
"rna_counts","E030030I06Rik"
"rna_counts","Hmgb1-ps8"
"rna_counts","Tbpl1"
"rna_counts","AC166256.1"
"rna_counts","Mir7663"
"rna_counts","Tcf21"
"rna_counts","Eya4"
"rna_counts","4930520K02Rik"
"rna_counts","Snora33"
"rna_counts","Snord100"
"rna_counts","Taar6"
"rna_counts","Taar7a"
"rna_counts","Taar8b"
"rna_counts","Taar8c"
"rna_counts","Taar9"
"rna_counts","Enpp1"
"rna_counts","Enpp3"
"rna_counts","Arg1"
"rna_counts","Akap7"
"rna_counts","Smlr1"
"rna_counts","4930401C15Rik"
"rna_counts","Tmem200a"
"rna_counts","L3mbtl3"
"rna_counts","Lama2"
"rna_counts","4930519F09Rik"
"rna_counts","2310057J18Rik"
"rna_counts","Rnf146"
"rna_counts","Rspo3"
"rna_counts","Cenpw"
"rna_counts","Trmt11"
"rna_counts","Hint3"
"rna_counts","Ncoa7"
"rna_counts","Hey2"
"rna_counts","n-R5s76"
"rna_counts","Tpd52l1"
"rna_counts","Supt4b"
"rna_counts","Rnf217"
"rna_counts","Nkain2"
"rna_counts","A230081H15Rik"
"rna_counts","C030006N10Rik"
"rna_counts","D830005E20Rik"
"rna_counts","Clvs2"
"rna_counts","Sult3a2"
"rna_counts","Zup1"
"rna_counts","A830082N09Rik"
"rna_counts","Rwdd1"
"rna_counts","Calhm4"
"rna_counts","Calhm5"
"rna_counts","Calhm6"
"rna_counts","Dse"
"rna_counts","Nt5dc1"
"rna_counts","1700054O05Rik"
"rna_counts","Amd2"
"rna_counts","Marcks"
"rna_counts","4930543K20Rik"
"rna_counts","Rfpl4b"
"rna_counts","Fam229b"
"rna_counts","Ccn6"
"rna_counts","D030034A15Rik"
"rna_counts","E130307A14Rik"
"rna_counts","2900078I11Rik"
"rna_counts","Mfsd4b4"
"rna_counts","Mfsd4b2"
"rna_counts","Mfsd4b3-ps"
"rna_counts","Mfsd4b5"
"rna_counts","Mfsd4b1"
"rna_counts","Slc16a10"
"rna_counts","Rpf2"
"rna_counts","Gtf3c6"
"rna_counts","Amd1"
"rna_counts","Cdk19os"
"rna_counts","Cdc40"
"rna_counts","Gpr6"
"rna_counts","Fig4"
"rna_counts","Smpd2"
"rna_counts","Ccdc162"
"rna_counts","Cep57l1"
"rna_counts","Armc2"
"rna_counts","Foxo3"
"rna_counts","Afg1l"
"rna_counts","Nr2e1"
"rna_counts","Sobp"
"rna_counts","1700021F05Rik"
"rna_counts","Qrsl1"
"rna_counts","Crybg1"
"rna_counts","Prdm1"
"rna_counts","4930431F10Rik"
"rna_counts","Lin28b"
"rna_counts","Grik2"
"rna_counts","Fam162b"
"rna_counts","Gprc6a"
"rna_counts","4933411G06Rik"
"rna_counts","Ros1"
"rna_counts","Gopc"
"rna_counts","Zfa-ps"
"rna_counts","Cep85l"
"rna_counts","Mcm9"
"rna_counts","Fam184a"
"rna_counts","Man1a"
"rna_counts","Tbc1d32"
"rna_counts","4930452L12Rik"
"rna_counts","4930467K11Rik"
"rna_counts","Serinc1"
"rna_counts","AW822073"
"rna_counts","Duxf3"
"rna_counts","Edar"
"rna_counts","Sept10"
"rna_counts","AC153941.1"
"rna_counts","Oit3"
"rna_counts","Mcu"
"rna_counts","Ddit4"
"rna_counts","Anapc16"
"rna_counts","Chst3"
"rna_counts","Cdh23"
"rna_counts","Slc29a3"
"rna_counts","Unc5b"
"rna_counts","Pldi"
"rna_counts","Sgpl1"
"rna_counts","Adamts14"
"rna_counts","Pald1"
"rna_counts","Eif4ebp2"
"rna_counts","D830039M14Rik"
"rna_counts","1700022H01Rik"
"rna_counts","Macroh2a2"
"rna_counts","Col13a1"
"rna_counts","Fam241b"
"rna_counts","Tspan15"
"rna_counts","Mir7662"
"rna_counts","Hk1"
"rna_counts","Hkdc1"
"rna_counts","Supv3l1"
"rna_counts","Vps26a"
"rna_counts","Srgn"
"rna_counts","Kif1bp"
"rna_counts","Ddx21"
"rna_counts","Ddx50"
"rna_counts","Stox1"
"rna_counts","Ccar1"
"rna_counts","Snord98"
"rna_counts","Tet1"
"rna_counts","Hnrnph3"
"rna_counts","Mypn"
"rna_counts","1700120B22Rik"
"rna_counts","Sirt1"
"rna_counts","Lrrtm3"
"rna_counts","1700023F02Rik"
"rna_counts","1110002J07Rik"
"rna_counts","Reep3"
"rna_counts","Nrbf2"
"rna_counts","Ado"
"rna_counts","4930563J15Rik"
"rna_counts","1700030E10Rik"
"rna_counts","Zfp365"
"rna_counts","4930521O17Rik"
"rna_counts","Arid5b"
"rna_counts","4930545H06Rik"
"rna_counts","Cabcoco1"
"rna_counts","1700048P04Rik"
"rna_counts","A930033H14Rik"
"rna_counts","Cdk1"
"rna_counts","Phyhipl"
"rna_counts","Bicc1"
"rna_counts","C730027H18Rik"
"rna_counts","Tfam"
"rna_counts","Ube2d1"
"rna_counts","Cisd1"
"rna_counts","4930551I15Rik"
"rna_counts","1700049L16Rik"
"rna_counts","A330049N07Rik"
"rna_counts","Rsph14"
"rna_counts","Gucd1"
"rna_counts","Lrrc75b"
"rna_counts","Susd2"
"rna_counts","Cabin1"
"rna_counts","Ddt"
"rna_counts","Gstt3"
"rna_counts","Gstt1"
"rna_counts","Gstt4"
"rna_counts","Gstt2"
"rna_counts","Mif"
"rna_counts","Smarcb1"
"rna_counts","Mmp11"
"rna_counts","Slc5a4b"
"rna_counts","Prmt2"
"rna_counts","Mir678"
"rna_counts","Dip2a"
"rna_counts","Pcnt"
"rna_counts","AC141477.1"
"rna_counts","Ybey"
"rna_counts","4930483K19Rik"
"rna_counts","Col6a2"
"rna_counts","Col6a1"
"rna_counts","Pcbp3"
"rna_counts","Col18a1"
"rna_counts","Adarb1"
"rna_counts","Fam207a"
"rna_counts","Krtap10-4"
"rna_counts","Lrrc3"
"rna_counts","Trpm2"
"rna_counts","Pfkl"
"rna_counts","Aire"
"rna_counts","Gatd3a"
"rna_counts","Pwp2"
"rna_counts","Trappc10"
"rna_counts","Agpat3"
"rna_counts","Mir7659"
"rna_counts","Rrp1"
"rna_counts","Mir6907"
"rna_counts","Pdxk"
"rna_counts","Mir6908"
"rna_counts","4933436P19Rik"
"rna_counts","Syde1"
"rna_counts","Olfr1357"
"rna_counts","Casp14"
"rna_counts","Ccdc105"
"rna_counts","Olfr1356"
"rna_counts","2610008E11Rik"
"rna_counts","Plpp2"
"rna_counts","Mir6909"
"rna_counts","Mier2"
"rna_counts","Theg"
"rna_counts","C2cd4c"
"rna_counts","Shc2"
"rna_counts","Odf3l2"
"rna_counts","Polrmt"
"rna_counts","Rnf126"
"rna_counts","Prss57"
"rna_counts","E130317F20Rik"
"rna_counts","Plppr3"
"rna_counts","Med16"
"rna_counts","R3hdm4"
"rna_counts","Tmem259"
"rna_counts","Polr2e"
"rna_counts","Sbno2"
"rna_counts","Cbarp"
"rna_counts","Gamt"
"rna_counts","2310011J03Rik"
"rna_counts","Pcsk4"
"rna_counts","Adamtsl5"
"rna_counts","Mex3d"
"rna_counts","Mbd3"
"rna_counts","Uqcr11"
"rna_counts","Tcf3"
"rna_counts","Atp8b3"
"rna_counts","Rexo1"
"rna_counts","Klf16"
"rna_counts","Abhd17a"
"rna_counts","Btbd2"
"rna_counts","Mknk2"
"rna_counts","Mob3a"
"rna_counts","Ap3d1"
"rna_counts","Plekhj1"
"rna_counts","Jsrp1"
"rna_counts","Lingo3"
"rna_counts","Lsm7"
"rna_counts","Timm13"
"rna_counts","Lmnb2"
"rna_counts","Gng7"
"rna_counts","Diras1"
"rna_counts","Slc39a3"
"rna_counts","Sgta"
"rna_counts","Creb3l3"
"rna_counts","Mir5615-1"
"rna_counts","Pias4"
"rna_counts","4930442H23Rik"
"rna_counts","Nmrk2"
"rna_counts","Atcay"
"rna_counts","Mrpl54"
"rna_counts","Tjp3"
"rna_counts","Gipc3"
"rna_counts","Hmg20b"
"rna_counts","4930404N11Rik"
"rna_counts","Fzr1"
"rna_counts","Nfic"
"rna_counts","Mir1191b"
"rna_counts","Celf5"
"rna_counts","Ncln"
"rna_counts","S1pr4"
"rna_counts","Gna15"
"rna_counts","Gna11"
"rna_counts","Tle6"
"rna_counts","Sirt6"
"rna_counts","Zfp781"
"rna_counts","Zfp938"
"rna_counts","4932415D10Rik"
"rna_counts","1190007I07Rik"
"rna_counts","Glt8d2"
"rna_counts","Nfyb"
"rna_counts","1700025N21Rik"
"rna_counts","Slc41a2"
"rna_counts","Aldh1l2"
"rna_counts","Appl2"
"rna_counts","C230099D08Rik"
"rna_counts","Nuak1"
"rna_counts","Ckap4"
"rna_counts","Platr7"
"rna_counts","Fhl4"
"rna_counts","Mterf2"
"rna_counts","Cry1"
"rna_counts","Prdm4"
"rna_counts","Rtcb"
"rna_counts","Bpifc"
"rna_counts","A230060F14Rik"
"rna_counts","Syn3"
"rna_counts","Hsp90b1"
"rna_counts","Fabp3-ps1"
"rna_counts","Stab2"
"rna_counts","Ascl1"
"rna_counts","Igf1os"
"rna_counts","Parpbp"
"rna_counts","Dram1"
"rna_counts","Chpt1"
"rna_counts","Mybpc1"
"rna_counts","Spic"
"rna_counts","n-R5s79"
"rna_counts","Utp20"
"rna_counts","Ano4"
"rna_counts","Gas2l3"
"rna_counts","Nr1h4"
"rna_counts","Slc17a8"
"rna_counts","Scyl2"
"rna_counts","Actr6"
"rna_counts","Apaf1"
"rna_counts","Slc25a3"
"rna_counts","Tmpo"
"rna_counts","4930534H03Rik"
"rna_counts","Rmst"
"rna_counts","Mir135a-2"
"rna_counts","Mir1251"
"rna_counts","Nedd1"
"rna_counts","Cfap54"
"rna_counts","Elk3"
"rna_counts","Amdhd1"
"rna_counts","Snrpf"
"rna_counts","Metap2"
"rna_counts","Vezt"
"rna_counts","Mir331"
"rna_counts","Tmcc3os"
"rna_counts","Mir7211"
"rna_counts","Cep83os"
"rna_counts","Plxnc1"
"rna_counts","Cradd"
"rna_counts","Socs2"
"rna_counts","Mrpl42"
"rna_counts","Nudt4"
"rna_counts","Mir3058"
"rna_counts","Anapc15-ps"
"rna_counts","1110019B22Rik"
"rna_counts","4930473O22Rik"
"rna_counts","C030005K15Rik"
"rna_counts","Phxr2"
"rna_counts","Csl"
"rna_counts","Tmtc3"
"rna_counts","4930430F08Rik"
"rna_counts","Nts"
"rna_counts","Alx1"
"rna_counts","Lrriq1"
"rna_counts","Tmtc2"
"rna_counts","Mettl25"
"rna_counts","n-R5s80"
"rna_counts","4930532I03Rik"
"rna_counts","Acss3"
"rna_counts","Myf5"
"rna_counts","Myf6"
"rna_counts","Ptprq"
"rna_counts","Otogl"
"rna_counts","Syt1"
"rna_counts","Nav3"
"rna_counts","1700020G17Rik"
"rna_counts","Zdhhc17"
"rna_counts","4933440J02Rik"
"rna_counts","Glipr1"
"rna_counts","Glipr1l3"
"rna_counts","Atxn7l3b"
"rna_counts","Trhde"
"rna_counts","Tph2"
"rna_counts","Tbc1d15"
"rna_counts","Rab21"
"rna_counts","Tmem19"
"rna_counts","Thap2"
"rna_counts","Lgr5"
"rna_counts","4930422I22Rik"
"rna_counts","Taf7l2"
"rna_counts","Kcnmb4"
"rna_counts","Cnot2"
"rna_counts","1700030O20Rik"
"rna_counts","Myrfl"
"rna_counts","Rab3ip"
"rna_counts","Cct2"
"rna_counts","Frs2"
"rna_counts","Yeats4"
"rna_counts","9530003J23Rik"
"rna_counts","Lyz2"
"rna_counts","Lyz1"
"rna_counts","Cpsf6"
"rna_counts","Mdm2"
"rna_counts","Slc35e3"
"rna_counts","Nup107"
"rna_counts","Rap1b"
"rna_counts","Iltifb"
"rna_counts","Ifngas1"
"rna_counts","Dyrk2"
"rna_counts","Cand1"
"rna_counts","Grip1os3"
"rna_counts","Grip1os2"
"rna_counts","Grip1os1"
"rna_counts","Helb"
"rna_counts","Irak3"
"rna_counts","Hmga2"
"rna_counts","Mir763"
"rna_counts","4930471E19Rik"
"rna_counts","Msrb3"
"rna_counts","Lemd3"
"rna_counts","4930432O09Rik"
"rna_counts","Tbc1d30"
"rna_counts","Rassf3"
"rna_counts","Tbk1"
"rna_counts","Xpot"
"rna_counts","Srgap1"
"rna_counts","Rxylt1"
"rna_counts","A130077B15Rik"
"rna_counts","A430028G04Rik"
"rna_counts","D630033A02Rik"
"rna_counts","Mirlet7i"
"rna_counts","Mon2"
"rna_counts","Usp15"
"rna_counts","Slc16a7"
"rna_counts","Mir378d"
"rna_counts","4930484H19Rik"
"rna_counts","Atp23"
"rna_counts","Tsfm"
"rna_counts","Eef1akmt3"
"rna_counts","March9"
"rna_counts","Tspan31"
"rna_counts","Os9"
"rna_counts","Slc26a10"
"rna_counts","Arhgef25"
"rna_counts","Dtx3"
"rna_counts","Pip4k2c"
"rna_counts","Kif5a"
"rna_counts","Mbd6"
"rna_counts","Mars"
"rna_counts","Gli1"
"rna_counts","Inhbe"
"rna_counts","Inhbc"
"rna_counts","Shmt2"
"rna_counts","Nxph4"
"rna_counts","Lrp1"
"rna_counts","Nab2"
"rna_counts","Gpr182"
"rna_counts","Rdh7"
"rna_counts","Hsd17b6"
"rna_counts","Rbms2"
"rna_counts","Spryd4"
"rna_counts","Il23a"
"rna_counts","Coq10a"
"rna_counts","Slc39a5"
"rna_counts","Nabp2"
"rna_counts","Myl6"
"rna_counts","Myl6b"
"rna_counts","Esyt1"
"rna_counts","Mir6916"
"rna_counts","Zc3h10"
"rna_counts","Pa2g4"
"rna_counts","Erbb3"
"rna_counts","Mir6917"
"rna_counts","Ikzf4"
"rna_counts","Suox"
"rna_counts","Rab5b"
"rna_counts","Cdk2"
"rna_counts","Dgka"
"rna_counts","Tmem198b"
"rna_counts","Ormdl2"
"rna_counts","Gdf11"
"rna_counts","Rdh5"
"rna_counts","Bloc1s1"
"rna_counts","Mettl7b"
"rna_counts","Olfr764-ps1"
"rna_counts","Olfr765"
"rna_counts","Olfr766-ps1"
"rna_counts","Olfr767"
"rna_counts","Olfr768"
"rna_counts","Olfr769"
"rna_counts","Olfr770"
"rna_counts","Olfr771"
"rna_counts","Olfr772"
"rna_counts","Olfr773"
"rna_counts","Olfr777"
"rna_counts","Olfr778-ps1"
"rna_counts","Olfr796"
"rna_counts","Olfr797-ps1"
"rna_counts","Olfr798"
"rna_counts","Olfr801"
"rna_counts","Olfr802"
"rna_counts","Olfr803"
"rna_counts","Olfr805"
"rna_counts","Olfr806"
"rna_counts","Olfr807"
"rna_counts","Olfr810"
"rna_counts","Olfr811"
"rna_counts","Olfr812"
"rna_counts","Olfr814"
"rna_counts","Olfr815"
"rna_counts","Olfr816"
"rna_counts","AC134333.1"
"rna_counts","Olfr818"
"rna_counts","Olfr819"
"rna_counts","Olfr247"
"rna_counts","Olfr1542-ps1"
"rna_counts","Olfr823"
"rna_counts","Olfr824"
"rna_counts","Olfr825"
"rna_counts","Olfr826"
"rna_counts","Olfr827"
"rna_counts","Neurod4"
"rna_counts","Vmn2r84"
"rna_counts","Vmn2r85"
"rna_counts","Vmn2r86"
"rna_counts","Vmn2r87"
"rna_counts","Ftl1-ps2"
"rna_counts","Pisd-ps1"
"rna_counts","Eif4enif1"
"rna_counts","Patz1"
"rna_counts","Pik3ip1"
"rna_counts","8430429K09Rik"
"rna_counts","Pla2g3"
"rna_counts","Selenom"
"rna_counts","Morc2a"
"rna_counts","Dusp18"
"rna_counts","Pes1"
"rna_counts","Gal3st1"
"rna_counts","Sec14l4"
"rna_counts","Sec14l3"
"rna_counts","Rnf215"
"rna_counts","Mir3060"
"rna_counts","Sf3a1"
"rna_counts","Tbc1d10a"
"rna_counts","Castor1"
"rna_counts","Osm"
"rna_counts","Lif"
"rna_counts","Ascc2"
"rna_counts","Zmat5"
"rna_counts","Nipsnap1"
"rna_counts","Mir6918"
"rna_counts","Thoc5"
"rna_counts","AA413626"
"rna_counts","Ap1b1"
"rna_counts","Rasl10a"
"rna_counts","Rhbdd3"
"rna_counts","Xbp1"
"rna_counts","Ankrd36"
"rna_counts","Ube2d-ps"
"rna_counts","Dbnl"
"rna_counts","Aebp1"
"rna_counts","Ykt6"
"rna_counts","A730071L15Rik"
"rna_counts","n-R5s67"
"rna_counts","Ogdh"
"rna_counts","Zmiz2"
"rna_counts","Mir7651"
"rna_counts","Ppia"
"rna_counts","Ccm2"
"rna_counts","Ramp3"
"rna_counts","Adcy1"
"rna_counts","Igfbp1"
"rna_counts","Upp1"
"rna_counts","Abca13"
"rna_counts","Vwc2"
"rna_counts","Spata48"
"rna_counts","Ikzf1"
"rna_counts","1700042O10Rik"
"rna_counts","Pom121l12"
"rna_counts","Vstm2a"
"rna_counts","Akt2-ps"
"rna_counts","Egfr"
"rna_counts","Fbxo48"
"rna_counts","Cnrip1"
"rna_counts","Ppp3r1"
"rna_counts","Wdr92"
"rna_counts","C1d"
"rna_counts","Etaa1os"
"rna_counts","4933406G16Rik"
"rna_counts","Glns-ps1"
"rna_counts","Spred2"
"rna_counts","Rab1a"
"rna_counts","Sertad2"
"rna_counts","Peli1"
"rna_counts","2610024D14Rik"
"rna_counts","Vps54"
"rna_counts","Wdpcp"
"rna_counts","Tmem17"
"rna_counts","9130230N09Rik"
"rna_counts","Zrsr1"
"rna_counts","Cct4"
"rna_counts","Fam161a"
"rna_counts","1700061J23Rik"
"rna_counts","Xpo1"
"rna_counts","Usp34"
"rna_counts","1700030C12Rik"
"rna_counts","Pus10"
"rna_counts","Bcl11a"
"rna_counts","4933430M04Rik"
"rna_counts","4933427E13Rik"
"rna_counts","Mir6372"
"rna_counts","Fancl"
"rna_counts","n-R5s68"
"rna_counts","2810471M01Rik"
"rna_counts","Mir216b"
"rna_counts","Mir216a"
"rna_counts","Mir217"
"rna_counts","Efemp1"
"rna_counts","Pnpt1"
"rna_counts","Ppp4r3b"
"rna_counts","Ccdc88a"
"rna_counts","Mtif2"
"rna_counts","Clhc1"
"rna_counts","Rtn4"
"rna_counts","Psme4"
"rna_counts","Gpr75"
"rna_counts","Asb3"
"rna_counts","Cpeb4"
"rna_counts","4930524B15Rik"
"rna_counts","Nsg2"
"rna_counts","Snrnp25"
"rna_counts","Mpg"
"rna_counts","Hba-x"
"rna_counts","Hba-a1"
"rna_counts","Hbq1b"
"rna_counts","Hba-a2"
"rna_counts","Hbq1a"
"rna_counts","Sh3pxd2b"
"rna_counts","Ubtd2"
"rna_counts","Stk10"
"rna_counts","Fbxw11"
"rna_counts","D130052B06Rik"
"rna_counts","Kcnmb1"
"rna_counts","Lcp2"
"rna_counts","4930403D09Rik"
"rna_counts","Insyn2b"
"rna_counts","Slit3"
"rna_counts","Mir218-2"
"rna_counts","Pank3"
"rna_counts","Mir103-1"
"rna_counts","Nudcd2"
"rna_counts","Hmgb1-ps1"
"rna_counts","Platr13"
"rna_counts","Hspd1-ps3"
"rna_counts","A230004M16Rik"
"rna_counts","Gabrb2"
"rna_counts","Atp10b"
"rna_counts","Slu7"
"rna_counts","C1qtnf2"
"rna_counts","Ccnjl"
"rna_counts","4933415A04Rik"
"rna_counts","Pwwp2a"
"rna_counts","Il12b"
"rna_counts","Rnf145"
"rna_counts","4930597A21Rik"
"rna_counts","Ebf1"
"rna_counts","F630206G17Rik"
"rna_counts","Clint1"
"rna_counts","Sox30"
"rna_counts","Adam19"
"rna_counts","Mir8100"
"rna_counts","Mir7239"
"rna_counts","Fndc9"
"rna_counts","Fam71b"
"rna_counts","Med7"
"rna_counts","Havcr2"
"rna_counts","BC053393"
"rna_counts","Havcr1"
"rna_counts","Timd4"
"rna_counts","Rack1"
"rna_counts","Snord96a"
"rna_counts","Snord95"
"rna_counts","Trim7"
"rna_counts","Olfr56"
"rna_counts","Ifi47"
"rna_counts","Olfr1395"
"rna_counts","Olfr1394"
"rna_counts","Zfp62"
"rna_counts","Mgat1"
"rna_counts","Olfr1393"
"rna_counts","Olfr1392"
"rna_counts","Olfr10"
"rna_counts","Olfr1391"
"rna_counts","Olfr1390"
"rna_counts","Olfr1389"
"rna_counts","Olfr1388"
"rna_counts","Olfr1387"
"rna_counts","Olfr1386"
"rna_counts","Olfr1385"
"rna_counts","Olfr1384"
"rna_counts","Olfr1383"
"rna_counts","Olfr1382"
"rna_counts","Olfr1381"
"rna_counts","Olfr1380"
"rna_counts","Flt4"
"rna_counts","Scgb3a1"
"rna_counts","Gfpt2"
"rna_counts","Mapk9"
"rna_counts","Rasgef1c"
"rna_counts","Rnf130"
"rna_counts","Mir340"
"rna_counts","Tbc1d9b"
"rna_counts","Mrnip"
"rna_counts","Mgat4b"
"rna_counts","Mir6919"
"rna_counts","Cby3"
"rna_counts","Hnrnph1"
"rna_counts","Adamts2"
"rna_counts","Grm6"
"rna_counts","Olfr1379-ps1"
"rna_counts","Olfr1378"
"rna_counts","Olfr1377"
"rna_counts","Olfr1376-ps1"
"rna_counts","Olfr51"
"rna_counts","Olfr54"
"rna_counts","Olfr1375"
"rna_counts","Zfp354a"
"rna_counts","9230009I02Rik"
"rna_counts","Olfr1374-ps1"
"rna_counts","Clk4"
"rna_counts","Col23a1"
"rna_counts","Phykpl"
"rna_counts","Nhp2"
"rna_counts","D930048N14Rik"
"rna_counts","Sar1b"
"rna_counts","Cdkn2aipnl"
"rna_counts","Cdkl3"
"rna_counts","Ppp2ca"
"rna_counts","Mir3061"
"rna_counts","Skp1a"
"rna_counts","A630014C17Rik"
"rna_counts","Vdac1"
"rna_counts","9530068E07Rik"
"rna_counts","Fstl4"
"rna_counts","Zcchc10"
"rna_counts","Aff4"
"rna_counts","Mir6920"
"rna_counts","Gdf9"
"rna_counts","Shroom1"
"rna_counts","Sept8"
"rna_counts","Kif3a"
"rna_counts","Il5"
"rna_counts","Irf1"
"rna_counts","P4ha2"
"rna_counts","Acsl6"
"rna_counts","Meikin"
"rna_counts","Fnip1"
"rna_counts","Rapgef6"
"rna_counts","Lyrm7os"
"rna_counts","Hint1"
"rna_counts","Gpx3"
"rna_counts","Mup-ps22"
"rna_counts","Slc36a3os"
"rna_counts","Slc36a1"
"rna_counts","G3bp1"
"rna_counts","Mir7652"
"rna_counts","Gria1"
"rna_counts","Mfap3"
"rna_counts","Galnt10"
"rna_counts","n-R5s69"
"rna_counts","Sap30l"
"rna_counts","Larp1"
"rna_counts","Cnot8"
"rna_counts","Mrpl22"
"rna_counts","Igtp"
"rna_counts","Irgm2"
"rna_counts","4930438A08Rik"
"rna_counts","Zfp692"
"rna_counts","1700047K16Rik"
"rna_counts","Sh3bp5l"
"rna_counts","Lypd8"
"rna_counts","1810065E05Rik"
"rna_counts","Olfr325"
"rna_counts","Olfr324"
"rna_counts","Trim58"
"rna_counts","Olfr322"
"rna_counts","Olfr320"
"rna_counts","Olfr319"
"rna_counts","Olfr316"
"rna_counts","Olfr315"
"rna_counts","Olfr314"
"rna_counts","Olfr313"
"rna_counts","Olfr312"
"rna_counts","Olfr311"
"rna_counts","2810021J22Rik"
"rna_counts","Btnl10"
"rna_counts","H2bu2"
"rna_counts","H2aw"
"rna_counts","Trim17"
"rna_counts","H3f4"
"rna_counts","Trim11"
"rna_counts","Mrpl55"
"rna_counts","2310033P09Rik"
"rna_counts","Wnt9a"
"rna_counts","Jmjd4"
"rna_counts","4933439C10Rik"
"rna_counts","Nlrp3"
"rna_counts","Olfr225"
"rna_counts","Mprip"
"rna_counts","Nt5m"
"rna_counts","1810063I02Rik"
"rna_counts","Med9"
"rna_counts","Rai1"
"rna_counts","Drc3"
"rna_counts","Gid4"
"rna_counts","Drg2"
"rna_counts","Myo15"
"rna_counts","Alkbh5"
"rna_counts","Llgl1"
"rna_counts","Mief2"
"rna_counts","Mir5100"
"rna_counts","Smcr8"
"rna_counts","Dhrs7b"
"rna_counts","Map2k3"
"rna_counts","Kcnj12"
"rna_counts","Tnfrsf13b"
"rna_counts","Aldh3a1"
"rna_counts","Mfap4"
"rna_counts","B9d1"
"rna_counts","Grap"
"rna_counts","Fam83g"
"rna_counts","Specc1"
"rna_counts","Adora2b"
"rna_counts","Ttc19"
"rna_counts","Pigl"
"rna_counts","Ubb"
"rna_counts","Trpv2"
"rna_counts","2410006H16Rik"
"rna_counts","Snord49b"
"rna_counts","Snord49a"
"rna_counts","Snord65"
"rna_counts","Lrrc75aos2"
"rna_counts","Lrrc75aos1"
"rna_counts","Mmgt2"
"rna_counts","Zfp286os"
"rna_counts","Trim16"
"rna_counts","Fbxw10"
"rna_counts","Tvp23b"
"rna_counts","Cdrt4"
"rna_counts","Tekt3"
"rna_counts","Pmp22"
"rna_counts","B430319H21Rik"
"rna_counts","B130011K05Rik"
"rna_counts","9630013K17Rik"
"rna_counts","2810001G20Rik"
"rna_counts","Hs3st3a1"
"rna_counts","Elac2"
"rna_counts","AL663045.1"
"rna_counts","Zkscan6"
"rna_counts","Pirt"
"rna_counts","Tmem238l"
"rna_counts","Tmem220"
"rna_counts","Sco1"
"rna_counts","Myh3"
"rna_counts","Mir6923"
"rna_counts","Myh2"
"rna_counts","Myh1"
"rna_counts","Myh4"
"rna_counts","Myh8"
"rna_counts","Myh13"
"rna_counts","Gas7"
"rna_counts","Rcvrn"
"rna_counts","Gsg1l2"
"rna_counts","Dhrs7c"
"rna_counts","9130017K11Rik"
"rna_counts","Stx8"
"rna_counts","Mir6406"
"rna_counts","Pik3r5"
"rna_counts","Pik3r6"
"rna_counts","Mfsd6l"
"rna_counts","Ccdc42"
"rna_counts","Myh10"
"rna_counts","Rnf222"
"rna_counts","Slc25a35"
"rna_counts","Ctc1"
"rna_counts","Aurkb"
"rna_counts","Borcs6"
"rna_counts","Tmem107"
"rna_counts","Snord118"
"rna_counts","Vamp2"
"rna_counts","Per1"
"rna_counts","Hes7"
"rna_counts","Aloxe3"
"rna_counts","Alox12b"
"rna_counts","Cntrobos"
"rna_counts","Trappc1"
"rna_counts","Kcnab3"
"rna_counts","Rnf227"
"rna_counts","Naa38"
"rna_counts","Kdm6bos"
"rna_counts","Dnah2os"
"rna_counts","Trp53"
"rna_counts","Sat2"
"rna_counts","Fxr2"
"rna_counts","Sox15"
"rna_counts","Mir1934"
"rna_counts","Tnfsf13os"
"rna_counts","Zbtb4"
"rna_counts","Tmem256"
"rna_counts","Plscr3"
"rna_counts","Neurl4"
"rna_counts","Gps2"
"rna_counts","Ybx2"
"rna_counts","Cldn7"
"rna_counts","Ctdnep1"
"rna_counts","Gabarap"
"rna_counts","Phf23"
"rna_counts","Dvl2"
"rna_counts","Mir324"
"rna_counts","Dlg4"
"rna_counts","Asgr1"
"rna_counts","Asgr2"
"rna_counts","Mgl2"
"rna_counts","Clec10a"
"rna_counts","Slc16a11"
"rna_counts","Mir497"
"rna_counts","Mir195a"
"rna_counts","Arrb2"
"rna_counts","Mir7115"
"rna_counts","Med11"
"rna_counts","Zmynd15"
"rna_counts","Tm4sf5"
"rna_counts","Gltpd2"
"rna_counts","Psmb6"
"rna_counts","Pld2"
"rna_counts","Mink1"
"rna_counts","4930544D05Rik"
"rna_counts","Gp1ba"
"rna_counts","Rnf167"
"rna_counts","Eno3"
"rna_counts","Kif1c"
"rna_counts","Mir6925"
"rna_counts","Zfp3"
"rna_counts","Rabep1"
"rna_counts","Rpain"
"rna_counts","Mis12"
"rna_counts","9230020A06Rik"
"rna_counts","Wscd1"
"rna_counts","Pimreg"
"rna_counts","Txndc17"
"rna_counts","4930563E22Rik"
"rna_counts","1700051A21Rik"
"rna_counts","n-R5s70"
"rna_counts","Xaf1"
"rna_counts","Fbxo39"
"rna_counts","Mir6338"
"rna_counts","Ggt6"
"rna_counts","Mybbp1a"
"rna_counts","Ube2g1"
"rna_counts","Ankfy1"
"rna_counts","Zzef1"
"rna_counts","Atp2a3"
"rna_counts","P2rx1"
"rna_counts","Camkk1"
"rna_counts","Ncbp3"
"rna_counts","Itgae"
"rna_counts","P2rx5"
"rna_counts","Tax1bp3"
"rna_counts","Shpk"
"rna_counts","Trpv1"
"rna_counts","Trpv3"
"rna_counts","Spata22"
"rna_counts","Olfr20"
"rna_counts","Olfr376"
"rna_counts","Olfr384"
"rna_counts","Olfr387-ps1"
"rna_counts","Zfp735"
"rna_counts","Olfr390"
"rna_counts","Olfr396-ps1"
"rna_counts","Olfr23"
"rna_counts","Olfr22-ps1"
"rna_counts","Olfr397"
"rna_counts","Zfp616"
"rna_counts","Olfr400-ps1"
"rna_counts","Olfr401"
"rna_counts","Olfr402"
"rna_counts","Olfr403"
"rna_counts","Olfr404-ps1"
"rna_counts","Olfr406"
"rna_counts","Olfr59"
"rna_counts","Olfr409-ps1"
"rna_counts","n-R5s71"
"rna_counts","Olfr412"
"rna_counts","Ccdc92b"
"rna_counts","Cluh"
"rna_counts","Mettl16"
"rna_counts","Mnt"
"rna_counts","Tsr1"
"rna_counts","Snord91a"
"rna_counts","Smg6"
"rna_counts","1700016P03Rik"
"rna_counts","Mir212"
"rna_counts","Mir132"
"rna_counts","Rtn4rl1"
"rna_counts","Smyd4"
"rna_counts","Mir22hg"
"rna_counts","Tlcd2"
"rna_counts","Mir22"
"rna_counts","Prpf8"
"rna_counts","Rilp"
"rna_counts","Scarf1"
"rna_counts","Slc43a2"
"rna_counts","Mir3971"
"rna_counts","Pitpna"
"rna_counts","Inpp5k"
"rna_counts","Myo1c"
"rna_counts","Crk"
"rna_counts","Ywhae"
"rna_counts","1700016K19Rik"
"rna_counts","Fam57a"
"rna_counts","Dbil5"
"rna_counts","Mrm3"
"rna_counts","Timm22"
"rna_counts","Bhlha9"
"rna_counts","Trarg1"
"rna_counts","Tmigd1"
"rna_counts","Blmh"
"rna_counts","Slc6a4"
"rna_counts","Ssh2"
"rna_counts","Coro6"
"rna_counts","Git1"
"rna_counts","Abhd15"
"rna_counts","Nufip2"
"rna_counts","Myo18a"
"rna_counts","Sez6"
"rna_counts","Phf12"
"rna_counts","Dhrs13"
"rna_counts","Flot2"
"rna_counts","Mir144"
"rna_counts","Mir451a"
"rna_counts","Fam222b"
"rna_counts","Tlcd1"
"rna_counts","Mir7653"
"rna_counts","Rab34"
"rna_counts","Proca1"
"rna_counts","Sdf2"
"rna_counts","2610507B11Rik"
"rna_counts","Rskr"
"rna_counts","Spag5"
"rna_counts","Aldoc"
"rna_counts","Pigs"
"rna_counts","Unc119"
"rna_counts","Slc13a2os"
"rna_counts","Slc46a1"
"rna_counts","Vtn"
"rna_counts","Sebox"
"rna_counts","Poldip2"
"rna_counts","Ift20"
"rna_counts","Lyrm9"
"rna_counts","Nos2"
"rna_counts","Nf1"
"rna_counts","Rab11fip4"
"rna_counts","Mir193a"
"rna_counts","Mir365-2"
"rna_counts","Suz12"
"rna_counts","Atad5"
"rna_counts","Adap2"
"rna_counts","Rnf135"
"rna_counts","Rhot1"
"rna_counts","Rhbdl3"
"rna_counts","Zfp207"
"rna_counts","Psmd11"
"rna_counts","Cdk5r1"
"rna_counts","Tmem98"
"rna_counts","Spaca3"
"rna_counts","4930527B05Rik"
"rna_counts","5530401A14Rik"
"rna_counts","Ccl2"
"rna_counts","Ccl7"
"rna_counts","Ccl11"
"rna_counts","Ccl12"
"rna_counts","Ccl8"
"rna_counts","Tmem132e"
"rna_counts","Zfp830"
"rna_counts","Lig3"
"rna_counts","Fndc8"
"rna_counts","Unc45b"
"rna_counts","Slfn5"
"rna_counts","Slfn2"
"rna_counts","Slfn1"
"rna_counts","Slfn4"
"rna_counts","Slfn3"
"rna_counts","AI662270"
"rna_counts","AA465934"
"rna_counts","Snord7"
"rna_counts","Ap2b1"
"rna_counts","Rasl10b"
"rna_counts","1700020L24Rik"
"rna_counts","Taf15"
"rna_counts","E230016K23Rik"
"rna_counts","Ccl4"
"rna_counts","Wfdc17"
"rna_counts","Wfdc18"
"rna_counts","Wfdc21"
"rna_counts","Heatr6"
"rna_counts","Hnf1b"
"rna_counts","Ddx52"
"rna_counts","Synrg"
"rna_counts","Acaca"
"rna_counts","Lhx1os"
"rna_counts","4930502E09Rik"
"rna_counts","Myo19"
"rna_counts","Car4"
"rna_counts","1700125H20Rik"
"rna_counts","Akirin1-ps"
"rna_counts","Appbp2os"
"rna_counts","Ppm1d"
"rna_counts","Bcas3"
"rna_counts","Tbx2"
"rna_counts","Tbx4"
"rna_counts","Atp5l-ps2"
"rna_counts","Brip1os"
"rna_counts","Rnft1"
"rna_counts","Tubd1"
"rna_counts","Ptrh2"
"rna_counts","Ska2"
"rna_counts","Mir301"
"rna_counts","Trim37"
"rna_counts","Tex14"
"rna_counts","Rnu1a1"
"rna_counts","Rnu3b1"
"rna_counts","Sept4"
"rna_counts","Mtmr4"
"rna_counts","Hsf5"
"rna_counts","Rnf43"
"rna_counts","1110028F11Rik"
"rna_counts","Supt4a"
"rna_counts","Mir142hg"
"rna_counts","Mir142"
"rna_counts","Tspoap1"
"rna_counts","Mpo"
"rna_counts","Mks1"
"rna_counts","Srsf1"
"rna_counts","Vezf1"
"rna_counts","Cuedc1"
"rna_counts","Mrps23"
"rna_counts","Ccdc182"
"rna_counts","Mir378b"
"rna_counts","C030037D09Rik"
"rna_counts","4930556N13Rik"
"rna_counts","Scpep1os"
"rna_counts","Coil"
"rna_counts","2210409E12Rik"
"rna_counts","Trim25"
"rna_counts","Dgkeos"
"rna_counts","Tmem100"
"rna_counts","Mmd"
"rna_counts","Cox11"
"rna_counts","4930405D11Rik"
"rna_counts","Car10"
"rna_counts","Mbtd1"
"rna_counts","Spag9"
"rna_counts","B230206L02Rik"
"rna_counts","Tob1"
"rna_counts","Ankrd40"
"rna_counts","Chad"
"rna_counts","Lrrc59"
"rna_counts","Mrpl27"
"rna_counts","Cdc34b"
"rna_counts","Col1a1"
"rna_counts","Hils1"
"rna_counts","Ppp1r9b"
"rna_counts","Samd14"
"rna_counts","Dlx3"
"rna_counts","Dlx4os"
"rna_counts","Tac4"
"rna_counts","Fam117a"
"rna_counts","Slc35b1"
"rna_counts","Spop"
"rna_counts","Phb"
"rna_counts","Zfp652"
"rna_counts","Polr2k-ps"
"rna_counts","Phospho1"
"rna_counts","Gngt2"
"rna_counts","4833417C18Rik"
"rna_counts","Gip"
"rna_counts","Snf8"
"rna_counts","Ttll6"
"rna_counts","Hoxb13"
"rna_counts","Mir196a-1"
"rna_counts","Hoxb9"
"rna_counts","Hoxb8"
"rna_counts","Hoxb7"
"rna_counts","Hoxb6"
"rna_counts","Hoxb5"
"rna_counts","Mir10a"
"rna_counts","Hoxb4"
"rna_counts","Hoxb3"
"rna_counts","Hoxb2"
"rna_counts","Hoxb1"
"rna_counts","Skap1"
"rna_counts","Cbx1"
"rna_counts","Copz2"
"rna_counts","Mir152"
"rna_counts","D030028A08Rik"
"rna_counts","Prr15l"
"rna_counts","Sp6"
"rna_counts","Scrn2"
"rna_counts","Mrpl10"
"rna_counts","Osbpl7"
"rna_counts","Mir8103"
"rna_counts","Mrpl45"
"rna_counts","Socs7"
"rna_counts","Arhgap23"
"rna_counts","2410003L11Rik"
"rna_counts","Mllt6"
"rna_counts","Mir6927"
"rna_counts","Cisd3"
"rna_counts","Psmb3"
"rna_counts","Mir8102"
"rna_counts","Atp5l2-ps"
"rna_counts","Lasp1"
"rna_counts","B230217C12Rik"
"rna_counts","Cdk12"
"rna_counts","Mir5119"
"rna_counts","Ppp1r1b"
"rna_counts","Stard3"
"rna_counts","Tcap"
"rna_counts","Pnmt"
"rna_counts","Erbb2"
"rna_counts","Grb7"
"rna_counts","Zpbp2"
"rna_counts","Lrrc3c"
"rna_counts","Gsdma3"
"rna_counts","Gsdma2"
"rna_counts","Gsdma"
"rna_counts","Psmd3"
"rna_counts","Csf3"
"rna_counts","Thra"
"rna_counts","Msl1"
"rna_counts","Casc3"
"rna_counts","Rapgefl1"
"rna_counts","Wipf2"
"rna_counts","Cdc6"
"rna_counts","Rara"
"rna_counts","Igfbp4"
"rna_counts","A830036E02Rik"
"rna_counts","Krtap4-9"
"rna_counts","Krtap9-1"
"rna_counts","Krtap31-1"
"rna_counts","Krtap31-2"
"rna_counts","Krtap9-5"
"rna_counts","Eif1"
"rna_counts","Gast"
"rna_counts","Fkbp10"
"rna_counts","Klhl10"
"rna_counts","Ttc25"
"rna_counts","BX842667.1"
"rna_counts","Cnp"
"rna_counts","Nkiras2"
"rna_counts","Dhx58os"
"rna_counts","Hspb9"
"rna_counts","Stat5a"
"rna_counts","Atp6v0a1"
"rna_counts","Mir6928"
"rna_counts","Naglu"
"rna_counts","Hsd17b1"
"rna_counts","Coasy"
"rna_counts","Mlx"
"rna_counts","Tubg1"
"rna_counts","Tubg2"
"rna_counts","Cntnap1"
"rna_counts","Ramp2"
"rna_counts","Vps25"
"rna_counts","Wnk4"
"rna_counts","Cntd1"
"rna_counts","Psme3"
"rna_counts","Aoc2"
"rna_counts","Aoc3"
"rna_counts","AL590969.1"
"rna_counts","G6pc"
"rna_counts","Rundc1"
"rna_counts","Ifi35"
"rna_counts","Rnd2"
"rna_counts","Nbr1"
"rna_counts","Tmem106a"
"rna_counts","Rdm1"
"rna_counts","Arl4d"
"rna_counts","Dhx8"
"rna_counts","4930417O22Rik"
"rna_counts","Cfap97d1"
"rna_counts","Cd300lg"
"rna_counts","Nags"
"rna_counts","G6pc3"
"rna_counts","BC030867"
"rna_counts","Asb16"
"rna_counts","Tmub2"
"rna_counts","Rundc3a"
"rna_counts","Grn"
"rna_counts","Mdk-ps1"
"rna_counts","Fzd2"
"rna_counts","Meioc"
"rna_counts","Adam11"
"rna_counts","Higd1b"
"rna_counts","Ccdc103"
"rna_counts","Fam187a"
"rna_counts","Nmt1"
"rna_counts","Acbd4"
"rna_counts","Hexim1"
"rna_counts","Hexim2"
"rna_counts","Fmnl1"
"rna_counts","Arhgap27os3"
"rna_counts","Arhgap27os2"
"rna_counts","Arhgap27os1"
"rna_counts","Rprml"
"rna_counts","C130046K22Rik"
"rna_counts","Wnt3"
"rna_counts","Arf2"
"rna_counts","Crhr1"
"rna_counts","Sppl2c"
"rna_counts","Mapt"
"rna_counts","Myl4"
"rna_counts","Itgb3"
"rna_counts","Efcab3"
"rna_counts","Mettl2"
"rna_counts","Tlk2"
"rna_counts","Mrc2"
"rna_counts","Tanc2"
"rna_counts","Ace"
"rna_counts","Ace3"
"rna_counts","Kcnh6"
"rna_counts","Dcaf7"
"rna_counts","Taco1"
"rna_counts","Map3k3"
"rna_counts","Ddx42"
"rna_counts","Psmc5"
"rna_counts","Tcam1"
"rna_counts","Prr29"
"rna_counts","Snord104"
"rna_counts","Milr1"
"rna_counts","Cep95"
"rna_counts","1810010H24Rik"
"rna_counts","Psmd12"
"rna_counts","Helz"
"rna_counts","Mir6932"
"rna_counts","Mir7223"
"rna_counts","Apoh"
"rna_counts","Cep112"
"rna_counts","Cep112it"
"rna_counts","Axin2"
"rna_counts","1700096J18Rik"
"rna_counts","Gna13"
"rna_counts","9930022D16Rik"
"rna_counts","Amz2"
"rna_counts","Arsg"
"rna_counts","Prkar1a"
"rna_counts","1700023C21Rik"
"rna_counts","Map2k6"
"rna_counts","Kcnj16"
"rna_counts","Kcnj2"
"rna_counts","Sox9"
"rna_counts","4933434M16Rik"
"rna_counts","Sstr2"
"rna_counts","Cog1"
"rna_counts","D11Wsu47e"
"rna_counts","1700025D23Rik"
"rna_counts","1700092K14Rik"
"rna_counts","Ttyh2"
"rna_counts","Dnaic2"
"rna_counts","Kif19a"
"rna_counts","Gpr142"
"rna_counts","Gprc5c"
"rna_counts","Cd300a"
"rna_counts","Rab37"
"rna_counts","Slc9a3r1"
"rna_counts","Tmem104"
"rna_counts","Otop2"
"rna_counts","Otop3"
"rna_counts","Cdr2l"
"rna_counts","Mrpl58"
"rna_counts","Kctd2"
"rna_counts","Trim80"
"rna_counts","Slc16a5"
"rna_counts","Armc7"
"rna_counts","Nup85"
"rna_counts","Mrps7"
"rna_counts","Tmem94"
"rna_counts","Mir5621"
"rna_counts","Tsen54"
"rna_counts","Llgl2"
"rna_counts","Myo15b"
"rna_counts","Smim5"
"rna_counts","Smim6"
"rna_counts","Recql5os1"
"rna_counts","Sap30bp"
"rna_counts","Itgb4"
"rna_counts","Unk"
"rna_counts","Ten1"
"rna_counts","Cdk3"
"rna_counts","Galr2"
"rna_counts","AL645861.1"
"rna_counts","Ubald2"
"rna_counts","Sphk1"
"rna_counts","Aanat"
"rna_counts","Prcd"
"rna_counts","Snhg16"
"rna_counts","Snord1c"
"rna_counts","Snord1b"
"rna_counts","Snord1a"
"rna_counts","BC018473"
"rna_counts","Mettl23"
"rna_counts","Mfsd11"
"rna_counts","Mgat5b"
"rna_counts","Snhg20"
"rna_counts","Mir6516"
"rna_counts","Sec14l1"
"rna_counts","Sept9"
"rna_counts","2900041M22Rik"
"rna_counts","Tnrc6c"
"rna_counts","Tmc8"
"rna_counts","6030468B19Rik"
"rna_counts","Syngr2"
"rna_counts","Afmid"
"rna_counts","Birc5"
"rna_counts","Tmem235"
"rna_counts","Pgs1"
"rna_counts","Mir6933"
"rna_counts","C1qtnf1"
"rna_counts","Engase"
"rna_counts","Enpp7"
"rna_counts","Cbx2"
"rna_counts","Ccdc40"
"rna_counts","Gaa"
"rna_counts","Card14"
"rna_counts","Slc26a11"
"rna_counts","Mir1932"
"rna_counts","Rnf213"
"rna_counts","Endov"
"rna_counts","Rptor"
"rna_counts","Chmp6"
"rna_counts","Baiap2"
"rna_counts","Mir3065"
"rna_counts","Ndufaf8"
"rna_counts","Bahcc1"
"rna_counts","0610009L18Rik"
"rna_counts","Fscn2"
"rna_counts","Tspan10"
"rna_counts","Ccdc137"
"rna_counts","Hgs"
"rna_counts","Mrpl12"
"rna_counts","Slc25a10"
"rna_counts","Gcgr"
"rna_counts","Anapc11"
"rna_counts","Npb"
"rna_counts","Myadml2os"
"rna_counts","Notumos"
"rna_counts","Aspscr1"
"rna_counts","Lrrc45"
"rna_counts","Rac3"
"rna_counts","Hmga1b"
"rna_counts","Gps1"
"rna_counts","Slc16a3"
"rna_counts","Tex19.1"
"rna_counts","Uts2r"
"rna_counts","Hexdc"
"rna_counts","Narf"
"rna_counts","Foxk2"
"rna_counts","Fn3krp"
"rna_counts","Fn3k"
"rna_counts","Tbcd"
"rna_counts","Metrnl"
"rna_counts","Ptchd3"
"rna_counts","Sfi1"
"rna_counts","Drg1"
"rna_counts","Fau-ps2"
"rna_counts","Limk2"
"rna_counts","Rnf185"
"rna_counts","Inpp5j"
"rna_counts","Smtn"
"rna_counts","Tug1"
"rna_counts","Osbp2"
"rna_counts","4921536K21Rik"
"rna_counts","Slc35e4"
"rna_counts","Tcn2"
"rna_counts","4930556J24Rik"
"rna_counts","Mtfp1"
"rna_counts","Sec14l2"
"rna_counts","Ccdc157"
"rna_counts","Hormad2"
"rna_counts","Mtmr3"
"rna_counts","Uqcr10"
"rna_counts","Cabp7"
"rna_counts","Nf2"
"rna_counts","Nefh"
"rna_counts","Gas2l1"
"rna_counts","Ewsr1"
"rna_counts","Emid1"
"rna_counts","Kremen1"
"rna_counts","Znrf3"
"rna_counts","Ccdc117"
"rna_counts","Mrps24"
"rna_counts","Urgcp"
"rna_counts","Pgam2"
"rna_counts","Polm"
"rna_counts","Pold2"
"rna_counts","Myl7"
"rna_counts","Gck"
"rna_counts","Camk2b"
"rna_counts","Nudcd3"
"rna_counts","Npc1l1"
"rna_counts","Ddx56"
"rna_counts","Tmed4"
"rna_counts","H2az2"
"rna_counts","Purb"
"rna_counts","Myo1g"
"rna_counts","Snhg15"
"rna_counts","Snora9"
"rna_counts","Nacad"
"rna_counts","Tbrg4"
"rna_counts","Snora5c"
"rna_counts","Wap"
"rna_counts","Ccdc201"
"rna_counts","Igfbp3"
"rna_counts","Tns3"
"rna_counts","Pkd1l1"
"rna_counts","Hus1"
"rna_counts","Sun3"
"rna_counts","Eif3s6-ps1"
"rna_counts","Zpbp"
"rna_counts","4930512M02Rik"
"rna_counts","Fignl1"
"rna_counts","Ddc"
"rna_counts","Grb10"
"rna_counts","Cobl"
"rna_counts","4930554G24Rik"
"rna_counts","1700046C09Rik"
"rna_counts","Sec61g"
"rna_counts","Egfros"
"rna_counts","Eldr"
"rna_counts","Plek"
"rna_counts","Pno1"
"rna_counts","Etaa1"
"rna_counts","8430419K02Rik"
"rna_counts","Meis1"
"rna_counts","2900018N21Rik"
"rna_counts","2610001A08Rik"
"rna_counts","Actr2"
"rna_counts","Cep68"
"rna_counts","Slc1a4"
"rna_counts","Aftph"
"rna_counts","Lgalsl"
"rna_counts","Ugp2"
"rna_counts","Mir1933"
"rna_counts","4932414J04Rik"
"rna_counts","Mdh1"
"rna_counts","Pgam1-ps1"
"rna_counts","Otx1"
"rna_counts","Ehbp1"
"rna_counts","B3gnt2"
"rna_counts","Commd1"
"rna_counts","Ahsa2"
"rna_counts","1700093K21Rik"
"rna_counts","Selenok-ps1"
"rna_counts","0610010F05Rik"
"rna_counts","Pex13"
"rna_counts","Rel"
"rna_counts","Papolg"
"rna_counts","A830031A19Rik"
"rna_counts","4930538E20Rik"
"rna_counts","5730522E02Rik"
"rna_counts","Vrk2"
"rna_counts","Ccdc85a"
"rna_counts","Mir216c"
"rna_counts","A630052C17Rik"
"rna_counts","Cfap36"
"rna_counts","Prorsd1"
"rna_counts","Eml6"
"rna_counts","Fem1al"
"rna_counts","Sptbn1"
"rna_counts","4930505A04Rik"
"rna_counts","Acyp2"
"rna_counts","Erlec1"
"rna_counts","Chac2"
"rna_counts","Stc2"
"rna_counts","Bod1"
"rna_counts","D630024D03Rik"
"rna_counts","Il9r"
"rna_counts","Rhbdf1"
"rna_counts","Nprl3"
"rna_counts","Efcab9"
"rna_counts","4930555O08Rik"
"rna_counts","Smim23"
"rna_counts","Fgf18"
"rna_counts","Npm1"
"rna_counts","Tlx3"
"rna_counts","Ranbp17"
"rna_counts","Anp32-ps"
"rna_counts","Gabrp"
"rna_counts","Kcnip1"
"rna_counts","4930469K13Rik"
"rna_counts","Foxi1"
"rna_counts","Dock2"
"rna_counts","Spdl1"
"rna_counts","Fbll1"
"rna_counts","Rars"
"rna_counts","Wwc1"
"rna_counts","Tenm2"
"rna_counts","3110004A20Rik"
"rna_counts","Mat2b"
"rna_counts","Hmmr"
"rna_counts","Ccng1"
"rna_counts","Gabrg2"
"rna_counts","Gabra1"
"rna_counts","Gabra6"
"rna_counts","Mir146"
"rna_counts","Pttg1"
"rna_counts","Fabp6"
"rna_counts","Ttc1"
"rna_counts","Adra1b"
"rna_counts","Ublcp1"
"rna_counts","Lsm11"
"rna_counts","Thg1l"
"rna_counts","Nipal4"
"rna_counts","Cyfip2"
"rna_counts","Itk"
"rna_counts","Dppa1"
"rna_counts","Timd2"
"rna_counts","Sgcd"
"rna_counts","Trim41"
"rna_counts","Irgm1"
"rna_counts","Psme2b"
"rna_counts","9930111J21Rik1"
"rna_counts","Tgtp1"
"rna_counts","9930111J21Rik2"
"rna_counts","Tgtp2"
"rna_counts","Olfr1396"
"rna_counts","Btnl9"
"rna_counts","1700024J04Rik"
"rna_counts","Cnot6"
"rna_counts","Sqstm1"
"rna_counts","Ltc4s"
"rna_counts","Maml1"
"rna_counts","Canx"
"rna_counts","Mir804"
"rna_counts","Rufy1"
"rna_counts","Zfp354c"
"rna_counts","Zfp879"
"rna_counts","Zfp454"
"rna_counts","Zfp2"
"rna_counts","Zfp354b"
"rna_counts","4933414I15Rik"
"rna_counts","Prop1"
"rna_counts","Platr20"
"rna_counts","BC049762"
"rna_counts","Hnrnpab"
"rna_counts","Rmnd5b"
"rna_counts","N4bp3"
"rna_counts","0610009B22Rik"
"rna_counts","Sec24a"
"rna_counts","Jade2"
"rna_counts","Ube2b"
"rna_counts","Olfr1373"
"rna_counts","Olfr1372-ps1"
"rna_counts","Olfr1371"
"rna_counts","Tcf7"
"rna_counts","Hspa4"
"rna_counts","Leap2"
"rna_counts","Uqcrq"
"rna_counts","Sowaha"
"rna_counts","A430108G06Rik"
"rna_counts","Il4"
"rna_counts","Il13"
"rna_counts","Rad50"
"rna_counts","Mir7671"
"rna_counts","Slc22a5"
"rna_counts","Slc22a21"
"rna_counts","Slc22a4"
"rna_counts","Pdlim4"
"rna_counts","4933405E24Rik"
"rna_counts","Csf2"
"rna_counts","Il3"
"rna_counts","Cdc42se2"
"rna_counts","Lyrm7"
"rna_counts","Tnip1"
"rna_counts","Anxa6"
"rna_counts","Ccdc69"
"rna_counts","Atp5pb-ps"
"rna_counts","Slc36a3"
"rna_counts","Slc36a2"
"rna_counts","Slc36a1os"
"rna_counts","Fat2"
"rna_counts","Sparc"
"rna_counts","Atox1"
"rna_counts","Glra1"
"rna_counts","Nmur2"
"rna_counts","Fam114a2"
"rna_counts","4933424L21Rik"
"rna_counts","4933426K07Rik"
"rna_counts","2010001A14Rik"
"rna_counts","Hand1"
"rna_counts","Gemin5"
"rna_counts","Zfp672"
"rna_counts","Lypd9"
"rna_counts","Olfr30"
"rna_counts","Olfr333-ps1"
"rna_counts","Olfr332"
"rna_counts","Olfr331"
"rna_counts","Olfr330"
"rna_counts","Olfr329"
"rna_counts","Olfr328"
"rna_counts","Olfr224"
"rna_counts","Olfr326-ps1"
"rna_counts","2210407C18Rik"
"rna_counts","Olfr323"
"rna_counts","Olfr318"
"rna_counts","Olfr317"
"rna_counts","Fam183b"
"rna_counts","Zfp39"
"rna_counts","Rnf187"
"rna_counts","H2bu1-ps"
"rna_counts","2310058D17Rik"
"rna_counts","Obscn"
"rna_counts","Iba57"
"rna_counts","Gjc2"
"rna_counts","Guk1"
"rna_counts","2610507I01Rik"
"rna_counts","Arf1"
"rna_counts","Wnt3a"
"rna_counts","Prss38"
"rna_counts","Snap47"
"rna_counts","Zfp867"
"rna_counts","Zkscan17"
"rna_counts","Olfr222"
"rna_counts","Olfr223"
"rna_counts","1700007J10Rik"
"rna_counts","Pld6"
"rna_counts","Flcn"
"rna_counts","Cops3"
"rna_counts","Med9os"
"rna_counts","Rasd1"
"rna_counts","Pemt"
"rna_counts","4930412M03Rik"
"rna_counts","Srebf1"
"rna_counts","Mir6921"
"rna_counts","Mir6922"
"rna_counts","Tom1l2"
"rna_counts","Atpaf2"
"rna_counts","Flii"
"rna_counts","Top3a"
"rna_counts","Shmt1"
"rna_counts","Tmem11"
"rna_counts","Natd1"
"rna_counts","Map2k3os"
"rna_counts","Usp22"
"rna_counts","Aldh3a2"
"rna_counts","Slc47a2"
"rna_counts","Slc47a1"
"rna_counts","Rnf112"
"rna_counts","Mapk7"
"rna_counts","B9d1os"
"rna_counts","Epn2"
"rna_counts","Slc5a10"
"rna_counts","Prpsap2"
"rna_counts","Ulk2"
"rna_counts","A530017D24Rik"
"rna_counts","Akap10"
"rna_counts","Zswim7"
"rna_counts","Ncor1"
"rna_counts","Cenpv"
"rna_counts","Lrrc75a"
"rna_counts","Zfp287"
"rna_counts","Wsb2-ps"
"rna_counts","Zfp286"
"rna_counts","Tvp23bos"
"rna_counts","Cdrt4os2"
"rna_counts","Cdrt4os1"
"rna_counts","Hmgb1-ps3"
"rna_counts","Hs3st3b1"
"rna_counts","Cox10"
"rna_counts","Arhgap44"
"rna_counts","1700086D15Rik"
"rna_counts","Myocd"
"rna_counts","Map2k4"
"rna_counts","Mir744"
"rna_counts","Dnah9"
"rna_counts","Shisa6"
"rna_counts","Adprm"
"rna_counts","2310065F04Rik"
"rna_counts","9430073C21Rik"
"rna_counts","Myhas"
"rna_counts","Glp2r"
"rna_counts","Usp43"
"rna_counts","Cfap52"
"rna_counts","C78197"
"rna_counts","Ntn1"
"rna_counts","Ccdc42os"
"rna_counts","Ndel1"
"rna_counts","Odf4"
"rna_counts","Arhgef15"
"rna_counts","Rangrf"
"rna_counts","Pfas"
"rna_counts","Mir3062"
"rna_counts","9330160F10Rik"
"rna_counts","9130213A22Rik"
"rna_counts","Alox8"
"rna_counts","Gucy2e"
"rna_counts","Cntrob"
"rna_counts","Kcnab3os"
"rna_counts","Chd3"
"rna_counts","Cyb5d1"
"rna_counts","Tmem88"
"rna_counts","Kdm6b"
"rna_counts","Dnah2"
"rna_counts","Efnb3"
"rna_counts","Wrap53"
"rna_counts","Atp1b2"
"rna_counts","Shbg"
"rna_counts","Mir467f"
"rna_counts","Mpdu1"
"rna_counts","Cd68"
"rna_counts","Eif4a1"
"rna_counts","Senp3"
"rna_counts","Tnfsfm13"
"rna_counts","Tnfsf13"
"rna_counts","Tnfsf12"
"rna_counts","Polr2a"
"rna_counts","Slc35g3"
"rna_counts","Chrnb1"
"rna_counts","Fgf11"
"rna_counts","Tmem102"
"rna_counts","Spem2"
"rna_counts","Spem1"
"rna_counts","Nlgn2"
"rna_counts","Tnk1"
"rna_counts","Tmem95"
"rna_counts","Kctd11"
"rna_counts","Acap1"
"rna_counts","Mir6924"
"rna_counts","2810408A11Rik"
"rna_counts","Eif5a"
"rna_counts","Slc2a4"
"rna_counts","Elp5"
"rna_counts","Acadvl"
"rna_counts","Slc16a13"
"rna_counts","Bcl6b"
"rna_counts","Mir497b"
"rna_counts","0610010K14Rik"
"rna_counts","Rnasek"
"rna_counts","Alox12"
"rna_counts","Alox12e"
"rna_counts","Alox15"
"rna_counts","Pelp1"
"rna_counts","Cxcl16"
"rna_counts","Vmo1"
"rna_counts","Chrne"
"rna_counts","Slc25a11"
"rna_counts","Pfn1"
"rna_counts","Spag7"
"rna_counts","Camta2"
"rna_counts","Inca1"
"rna_counts","Scimp"
"rna_counts","Nup88"
"rna_counts","C1qbp"
"rna_counts","Dhx33"
"rna_counts","Derl2"
"rna_counts","6330403K07Rik"
"rna_counts","Nlrp1a"
"rna_counts","Nlrp1b"
"rna_counts","Nlrp1c-ps"
"rna_counts","4930401O10Rik"
"rna_counts","Aipl1"
"rna_counts","Pitpnm3"
"rna_counts","4933427D14Rik"
"rna_counts","Med31"
"rna_counts","Slc13a5"
"rna_counts","Tekt1"
"rna_counts","Smtnl2"
"rna_counts","Spns2"
"rna_counts","Spns3"
"rna_counts","Cyb5d2"
"rna_counts","4732414G09Rik"
"rna_counts","Haspin"
"rna_counts","Emc6"
"rna_counts","Ctns"
"rna_counts","Aspa"
"rna_counts","Olfr377-ps1"
"rna_counts","Olfr1"
"rna_counts","Olfr75-ps1"
"rna_counts","Olfr378"
"rna_counts","Olfr379-ps1"
"rna_counts","Olfr380"
"rna_counts","Olfr381"
"rna_counts","Olfr382"
"rna_counts","Olfr383-ps1"
"rna_counts","Olfr385"
"rna_counts","Olfr388-ps1"
"rna_counts","Olfr389"
"rna_counts","Olfr391"
"rna_counts","Olfr392"
"rna_counts","Olfr393"
"rna_counts","Olfr394"
"rna_counts","Olfr395"
"rna_counts","Olfr398"
"rna_counts","Olfr139"
"rna_counts","Olfr399"
"rna_counts","Olfr43"
"rna_counts","Olfr405-ps1"
"rna_counts","Olfr407-ps1"
"rna_counts","Olfr408-ps1"
"rna_counts","Olfr410"
"rna_counts","Olfr411"
"rna_counts","Rap1gap2"
"rna_counts","Pafah1b1"
"rna_counts","Sgsm2"
"rna_counts","Mir6926"
"rna_counts","Srr"
"rna_counts","Hic1"
"rna_counts","Ovca2"
"rna_counts","Dph1"
"rna_counts","Rpa1"
"rna_counts","Serpinf1"
"rna_counts","Serpinf2"
"rna_counts","Wdr81"
"rna_counts","4931413K12Rik"
"rna_counts","Doc2b"
"rna_counts","Rph3al"
"rna_counts","Rflnb"
"rna_counts","Vps53"
"rna_counts","Glod4"
"rna_counts","Gemin4"
"rna_counts","Nxn"
"rna_counts","Abr"
"rna_counts","Gosr1"
"rna_counts","Cpd"
"rna_counts","Nsrp1"
"rna_counts","Mir423"
"rna_counts","Efcab5"
"rna_counts","Ankrd13b"
"rna_counts","Trp53i13"
"rna_counts","Taok1"
"rna_counts","Cryba1"
"rna_counts","Pipox"
"rna_counts","Dhrs13os"
"rna_counts","Mir451b"
"rna_counts","Eral1"
"rna_counts","Traf4"
"rna_counts","Nek8"
"rna_counts","Snord42a"
"rna_counts","Snord4a"
"rna_counts","Snord42b"
"rna_counts","Supt6"
"rna_counts","Foxn1"
"rna_counts","Slc13a2"
"rna_counts","Sarm1"
"rna_counts","Tmem199"
"rna_counts","Tnfaip1"
"rna_counts","Tmem97"
"rna_counts","D11Bhm181e"
"rna_counts","Nlk"
"rna_counts","Ccnq"
"rna_counts","Lgals9"
"rna_counts","Ksr1"
"rna_counts","Wsb1"
"rna_counts","AU040972"
"rna_counts","Omg"
"rna_counts","Evi2"
"rna_counts","Evi2b"
"rna_counts","Evi2a"
"rna_counts","Rab11fip4os1"
"rna_counts","Rab11fip4os2"
"rna_counts","9130204K15Rik"
"rna_counts","Utp6"
"rna_counts","Crlf3"
"rna_counts","Tefm"
"rna_counts","Adap2os"
"rna_counts","5730455P16Rik"
"rna_counts","Myo1d"
"rna_counts","C030013C21Rik"
"rna_counts","4930507D10Rik"
"rna_counts","Asic2"
"rna_counts","1700071K01Rik"
"rna_counts","Ccl1"
"rna_counts","Cct6b"
"rna_counts","Rffl"
"rna_counts","Rad51d"
"rna_counts","Nle1"
"rna_counts","Unc45bos"
"rna_counts","Slfn5os"
"rna_counts","1190001M18Rik"
"rna_counts","Slfn9"
"rna_counts","Mir7679"
"rna_counts","Slfn8"
"rna_counts","Slfn10-ps"
"rna_counts","Slfn14"
"rna_counts","Pex12"
"rna_counts","Gas2l2"
"rna_counts","Mmp28"
"rna_counts","Heatr9"
"rna_counts","Ccl5"
"rna_counts","Ccl9"
"rna_counts","Ccl6"
"rna_counts","Ccl3"
"rna_counts","Dusp14"
"rna_counts","Tada2a"
"rna_counts","Aatf"
"rna_counts","Lhx1"
"rna_counts","1700109G15Rik"
"rna_counts","Mrm1"
"rna_counts","Dhrs11"
"rna_counts","Ggnbp2"
"rna_counts","Pigw"
"rna_counts","Znhit3"
"rna_counts","Usp32"
"rna_counts","Appbp2"
"rna_counts","Bcas3os1"
"rna_counts","Mir5110"
"rna_counts","Bcas3os2"
"rna_counts","2610027K06Rik"
"rna_counts","Brip1"
"rna_counts","Ints2"
"rna_counts","Med13"
"rna_counts","Vmp1"
"rna_counts","Mir21a"
"rna_counts","Cltc"
"rna_counts","Dhx40"
"rna_counts","Ypel2"
"rna_counts","Gdpd1"
"rna_counts","Smg8"
"rna_counts","Prr11"
"rna_counts","Ppm1e"
"rna_counts","Rad51c"
"rna_counts","Mir142b"
"rna_counts","Lpo"
"rna_counts","Epx"
"rna_counts","Olfr462"
"rna_counts","Olfr463"
"rna_counts","Olfr464"
"rna_counts","Dynll2"
"rna_counts","Msi2"
"rna_counts","Akap1"
"rna_counts","Scpep1"
"rna_counts","Elobl"
"rna_counts","Dgke"
"rna_counts","Nog"
"rna_counts","Ankfn1"
"rna_counts","Pctp"
"rna_counts","n-R5s72"
"rna_counts","Hlf"
"rna_counts","Stxbp4"
"rna_counts","Tom1l1"
"rna_counts","Kif2b"
"rna_counts","Utp18"
"rna_counts","Nme2"
"rna_counts","Nme1"
"rna_counts","Wfikkn2"
"rna_counts","Luc7l3"
"rna_counts","Abcc3"
"rna_counts","Cacna1g"
"rna_counts","Spata20"
"rna_counts","Epn3"
"rna_counts","Mycbpap"
"rna_counts","Rsad1"
"rna_counts","Acsf2"
"rna_counts","Eme1"
"rna_counts","Xylt2"
"rna_counts","Tmem92"
"rna_counts","AA623943"
"rna_counts","A430060F13Rik"
"rna_counts","Sgca"
"rna_counts","Pdk2"
"rna_counts","Itga3"
"rna_counts","Dlx4"
"rna_counts","Kat7"
"rna_counts","Nxph3"
"rna_counts","Ngfr"
"rna_counts","Zfp652os"
"rna_counts","Abi3"
"rna_counts","B4galnt2"
"rna_counts","Igf2bp1"
"rna_counts","Mir3063"
"rna_counts","Ube2z"
"rna_counts","Atp5g1"
"rna_counts","Calcoco2"
"rna_counts","Hoxb5os"
"rna_counts","Hoxb3os"
"rna_counts","Snx11"
"rna_counts","Nfe2l1"
"rna_counts","Cdk5rap3"
"rna_counts","Pnpo"
"rna_counts","Sp2"
"rna_counts","Lrrc46"
"rna_counts","Tbx21"
"rna_counts","Tbkbp1"
"rna_counts","Mir7235"
"rna_counts","Kpnb1"
"rna_counts","Npepps"
"rna_counts","Gpr179"
"rna_counts","4933428G20Rik"
"rna_counts","Srcin1"
"rna_counts","Epop"
"rna_counts","Pcgf2"
"rna_counts","Pip4k2b"
"rna_counts","Cwc25"
"rna_counts","1700001P01Rik"
"rna_counts","Snora21"
"rna_counts","Fbxo47"
"rna_counts","Plxdc1"
"rna_counts","Arl5c"
"rna_counts","Cacnb1"
"rna_counts","Stac2"
"rna_counts","Fbxl20"
"rna_counts","Med1"
"rna_counts","n-R5s73"
"rna_counts","Neurod2"
"rna_counts","1700003D09Rik"
"rna_counts","Pgap3"
"rna_counts","Mien1"
"rna_counts","Ikzf3"
"rna_counts","Ormdl3"
"rna_counts","Med24"
"rna_counts","Nr1d1"
"rna_counts","Gjd3"
"rna_counts","Top2a"
"rna_counts","Tns4"
"rna_counts","Ccr7"
"rna_counts","Smarce1"
"rna_counts","Krt222"
"rna_counts","Krt24"
"rna_counts","Krt25"
"rna_counts","Krt26"
"rna_counts","Krt27"
"rna_counts","Krt28"
"rna_counts","Krt10"
"rna_counts","Krt12"
"rna_counts","Krt20"
"rna_counts","Krt23"
"rna_counts","Krt39"
"rna_counts","Krt40"
"rna_counts","Krtap3-3"
"rna_counts","Krtap3-2"
"rna_counts","Krtap3-1"
"rna_counts","Krtap1-5"
"rna_counts","Krtap1-4"
"rna_counts","Krtap1-3"
"rna_counts","Krtap9-3"
"rna_counts","Krtap2-4"
"rna_counts","Krtap4-1"
"rna_counts","Krtap4-2"
"rna_counts","Krtap4-7"
"rna_counts","Krtap4-6"
"rna_counts","4930415H17Rik"
"rna_counts","AL590997.1"
"rna_counts","AL590997.3"
"rna_counts","AL590997.4"
"rna_counts","AL590997.2"
"rna_counts","Krtap4-8"
"rna_counts","Krtap4-13"
"rna_counts","2300003K06Rik"
"rna_counts","Krtap4-16"
"rna_counts","Krtap29-1"
"rna_counts","Krtap16-1"
"rna_counts","Krtap17-1"
"rna_counts","Krt33a"
"rna_counts","Krt33b"
"rna_counts","Krt34"
"rna_counts","Krt31"
"rna_counts","AL592545.1"
"rna_counts","Krt32"
"rna_counts","Krt35"
"rna_counts","Krt36"
"rna_counts","Krt13"
"rna_counts","Krt15"
"rna_counts","Krt19"
"rna_counts","Krt9"
"rna_counts","Krt14"
"rna_counts","Krt16"
"rna_counts","Krt17"
"rna_counts","Krt42"
"rna_counts","Hap1"
"rna_counts","Jup"
"rna_counts","P3h4"
"rna_counts","Nt5c3b"
"rna_counts","Klhl11"
"rna_counts","Acly"
"rna_counts","Mir7116"
"rna_counts","Dnajc7"
"rna_counts","Zfp385c"
"rna_counts","Dhx58"
"rna_counts","Kat2a"
"rna_counts","Rab5c"
"rna_counts","Kcnh4"
"rna_counts","Hcrt"
"rna_counts","Ghdc"
"rna_counts","Stat5b"
"rna_counts","Stat3"
"rna_counts","Cavin1"
"rna_counts","Psmc3ip"
"rna_counts","Retreg3"
"rna_counts","Plekhh3"
"rna_counts","Ccr10"
"rna_counts","Ezh1"
"rna_counts","Coa3"
"rna_counts","Becn1"
"rna_counts","Aarsd1"
"rna_counts","Ptges3l"
"rna_counts","Mir6929"
"rna_counts","Vat1"
"rna_counts","Brca1"
"rna_counts","Etv4"
"rna_counts","Meox1"
"rna_counts","Sost"
"rna_counts","Dusp3"
"rna_counts","Mpp3"
"rna_counts","E130111B04Rik"
"rna_counts","Mpp2"
"rna_counts","Ppy"
"rna_counts","Pyy"
"rna_counts","Tmem101"
"rna_counts","Lsm12"
"rna_counts","Hdac5"
"rna_counts","Mir8101"
"rna_counts","Atxn7l3"
"rna_counts","Ubtf"
"rna_counts","Slc4a1"
"rna_counts","Bloodlinc"
"rna_counts","Slc25a39"
"rna_counts","Mir6930"
"rna_counts","Fam171a2"
"rna_counts","Itga2b"
"rna_counts","Gpatch8"
"rna_counts","2810433D01Rik"
"rna_counts","Psmb5-ps"
"rna_counts","Ccdc43"
"rna_counts","Gjc1"
"rna_counts","Eftud2"
"rna_counts","Gfap"
"rna_counts","Kif18b"
"rna_counts","C1ql1"
"rna_counts","2410004I01Rik"
"rna_counts","Dcakd"
"rna_counts","Mir6931"
"rna_counts","Plcd3"
"rna_counts","Efcab15"
"rna_counts","Spata32"
"rna_counts","Map3k14"
"rna_counts","1700028N14Rik"
"rna_counts","Arhgap27"
"rna_counts","Plekhm1"
"rna_counts","Lrrc37a"
"rna_counts","Lyzl6"
"rna_counts","Gosr2"
"rna_counts","Wnt9b"
"rna_counts","Nsf"
"rna_counts","Kansl1"
"rna_counts","Cdc27"
"rna_counts","1700052K11Rik"
"rna_counts","March10"
"rna_counts","Cyb561"
"rna_counts","Taco1os"
"rna_counts","Limd2"
"rna_counts","Strada"
"rna_counts","Ccdc47"
"rna_counts","Ftsj3"
"rna_counts","Smarcd2"
"rna_counts","Gh"
"rna_counts","Cd79b"
"rna_counts","Scn4a"
"rna_counts","Icam2"
"rna_counts","Ern1"
"rna_counts","Tex2"
"rna_counts","Pecam1"
"rna_counts","Polg2"
"rna_counts","Ddx5"
"rna_counts","Mir3064"
"rna_counts","Smurf2"
"rna_counts","Kpna2"
"rna_counts","Bptf"
"rna_counts","Nol11"
"rna_counts","Pitpnc1"
"rna_counts","C330019F10Rik"
"rna_counts","A830035A12Rik"
"rna_counts","Cacng1"
"rna_counts","Cacng4"
"rna_counts","Cacng5"
"rna_counts","Prkca"
"rna_counts","AL645535.1"
"rna_counts","Cep112os1"
"rna_counts","Olfr1397-ps1"
"rna_counts","E030025P04Rik"
"rna_counts","Rgs9"
"rna_counts","Slc16a6"
"rna_counts","Wipi1"
"rna_counts","Fam20a"
"rna_counts","1700012B07Rik"
"rna_counts","Abca8b"
"rna_counts","Abca8a"
"rna_counts","Abca9"
"rna_counts","Abca6"
"rna_counts","Abca5"
"rna_counts","BC006965"
"rna_counts","2610035D17Rik"
"rna_counts","4732490B19Rik"
"rna_counts","Slc39a11"
"rna_counts","Fam104a"
"rna_counts","Cpsf4l"
"rna_counts","Cdc42ep4"
"rna_counts","Sdk2"
"rna_counts","1700001J04Rik"
"rna_counts","4932435O22Rik"
"rna_counts","Btbd17"
"rna_counts","Cd300lb"
"rna_counts","Cd300c"
"rna_counts","Cd300ld"
"rna_counts","Cd300c2"
"rna_counts","Cd300ld2"
"rna_counts","Cd300ld4"
"rna_counts","Cd300ld5"
"rna_counts","Cd300ld3"
"rna_counts","Cd300e"
"rna_counts","Cd300lf"
"rna_counts","Nat9"
"rna_counts","Grin2c"
"rna_counts","Fdxr"
"rna_counts","Fads6"
"rna_counts","Ush1g"
"rna_counts","Hid1"
"rna_counts","Ict1os"
"rna_counts","Atp5h"
"rna_counts","Mir3968"
"rna_counts","Nt5c"
"rna_counts","Jpt1"
"rna_counts","Sumo2"
"rna_counts","Gga3"
"rna_counts","Mif4gd"
"rna_counts","Slc25a19"
"rna_counts","Grb2"
"rna_counts","Caskin2"
"rna_counts","Recql5"
"rna_counts","Sap30bpos"
"rna_counts","Galk1"
"rna_counts","H3f3b"
"rna_counts","Unc13d"
"rna_counts","Wbp2"
"rna_counts","Trim47"
"rna_counts","Trim65"
"rna_counts","Mrpl38"
"rna_counts","Fbf1"
"rna_counts","Acox1"
"rna_counts","Evpl"
"rna_counts","Srp68"
"rna_counts","Exoc7"
"rna_counts","n-R5s74"
"rna_counts","Foxj1"
"rna_counts","Rnf157"
"rna_counts","Qrich2"
"rna_counts","Prpsap1"
"rna_counts","Ube2o"
"rna_counts","Rhbdf2"
"rna_counts","Cygb"
"rna_counts","St6galnac2"
"rna_counts","St6galnac1"
"rna_counts","Mxra7"
"rna_counts","Jmjd6"
"rna_counts","Srsf2"
"rna_counts","Tmc6"
"rna_counts","Tk1"
"rna_counts","Tha1"
"rna_counts","Socs3"
"rna_counts","Dnah17"
"rna_counts","Cyth1"
"rna_counts","Usp36"
"rna_counts","Timp2"
"rna_counts","Cep295nl"
"rna_counts","Lgals3bp"
"rna_counts","Cant1"
"rna_counts","Rbfox3"
"rna_counts","Cbx8"
"rna_counts","Cbx4"
"rna_counts","Tbc1d16"
"rna_counts","Mir6934"
"rna_counts","Eif4a3"
"rna_counts","Sgsh"
"rna_counts","A930037H05Rik"
"rna_counts","Nptx1"
"rna_counts","Rptoros"
"rna_counts","Aatk"
"rna_counts","Mir338"
"rna_counts","Cep131"
"rna_counts","Tepsin"
"rna_counts","Slc38a10"
"rna_counts","2810410L24Rik"
"rna_counts","2900052L18Rik"
"rna_counts","Actg1"
"rna_counts","Mir6935"
"rna_counts","Faap100"
"rna_counts","Nploc4"
"rna_counts","Pde6g"
"rna_counts","Oxld1"
"rna_counts","Arl16"
"rna_counts","Mcrip1"
"rna_counts","Ppp1r27"
"rna_counts","P4hb"
"rna_counts","Arhgdia"
"rna_counts","Alyref"
"rna_counts","Pcyt2"
"rna_counts","Sirt7"
"rna_counts","Mir6936"
"rna_counts","Mafg"
"rna_counts","Pycr1"
"rna_counts","Myadml2"
"rna_counts","Notum"
"rna_counts","Cenpx"
"rna_counts","Dcxr"
"rna_counts","Cbr2"
"rna_counts","Rfng"
"rna_counts","Dus1l"
"rna_counts","Fasn"
"rna_counts","Ccdc57"
"rna_counts","Csnk1d"
"rna_counts","Cd7"
"rna_counts","Sectm1b"
"rna_counts","Sectm1a"
"rna_counts","Tex19.2"
"rna_counts","Ogfod3"
"rna_counts","Cybc1"
"rna_counts","Wdr45b"
"rna_counts","Rab40b"
"rna_counts","Mir7236"
"rna_counts","Zfp750"
"rna_counts","B3gntl1"
"rna_counts","Rab10os"
"rna_counts","Kif3c"
"rna_counts","Asxl2"
"rna_counts","AC160138.1"
"rna_counts","Dtnb"
"rna_counts","Dnmt3a"
"rna_counts","Pomc"
"rna_counts","Dnajc27"
"rna_counts","Adcy3"
"rna_counts","Ptrhd1"
"rna_counts","4921501I09Rik"
"rna_counts","2900045O20Rik"
"rna_counts","Itsn2"
"rna_counts","Pfn4"
"rna_counts","CT025683.1"
"rna_counts","Sf3b6"
"rna_counts","Wdcp"
"rna_counts","Atad2b"
"rna_counts","2810032G03Rik"
"rna_counts","Apob"
"rna_counts","Ldah"
"rna_counts","Hs1bp3"
"rna_counts","5033421B08Rik"
"rna_counts","Pum2"
"rna_counts","Sdc1"
"rna_counts","Laptm4a"
"rna_counts","Matn3"
"rna_counts","Wdr35"
"rna_counts","Ttc32"
"rna_counts","Osr1"
"rna_counts","Nt5c1b"
"rna_counts","Rdh14"
"rna_counts","7420701I03Rik"
"rna_counts","Smc6"
"rna_counts","Mir7675"
"rna_counts","4930511A02Rik"
"rna_counts","Rad51ap2"
"rna_counts","Fam49a"
"rna_counts","3732407C23Rik"
"rna_counts","Platr19"
"rna_counts","4930519A11Rik"
"rna_counts","Nbas"
"rna_counts","Ntsr2"
"rna_counts","E2f6"
"rna_counts","Rock2"
"rna_counts","Pdia6"
"rna_counts","Nol10"
"rna_counts","Mir3066"
"rna_counts","Odc1"
"rna_counts","Hpcal1"
"rna_counts","B430203G13Rik"
"rna_counts","Bnip3l-ps"
"rna_counts","5730507C01Rik"
"rna_counts","Mrto4-ps1"
"rna_counts","Asap2"
"rna_counts","Cpsf3"
"rna_counts","Iah1"
"rna_counts","Taf1b"
"rna_counts","Grhl1"
"rna_counts","Klf11"
"rna_counts","Rrm2"
"rna_counts","Mboat2"
"rna_counts","Kidins220"
"rna_counts","4930480M12Rik"
"rna_counts","4930549C15Rik"
"rna_counts","Cmpk2"
"rna_counts","Rnaseh1"
"rna_counts","Adi1"
"rna_counts","Mir6937"
"rna_counts","Eipr1"
"rna_counts","Myt1l"
"rna_counts","Pxdn"
"rna_counts","Ryk-ps1"
"rna_counts","Tmem18"
"rna_counts","Alkal2"
"rna_counts","Sh3yl1"
"rna_counts","Fam110c"
"rna_counts","6030469F06Rik"
"rna_counts","Lamb1"
"rna_counts","Slc26a3"
"rna_counts","Cog5"
"rna_counts","Ccdc71l"
"rna_counts","Nampt"
"rna_counts","Sypl"
"rna_counts","Atxn7l1"
"rna_counts","Efcab10"
"rna_counts","Twistnb"
"rna_counts","Ferd3l"
"rna_counts","Twist1"
"rna_counts","Prps1l1"
"rna_counts","Snx13"
"rna_counts","Agr3"
"rna_counts","Agr2"
"rna_counts","Ankmy2"
"rna_counts","Sostdc1"
"rna_counts","Crppa"
"rna_counts","Mir5099"
"rna_counts","Meox2"
"rna_counts","Agmo"
"rna_counts","Dgkb"
"rna_counts","Etv1"
"rna_counts","Arl4aos"
"rna_counts","Dock4"
"rna_counts","Immp2l"
"rna_counts","Mir5627"
"rna_counts","Pnpla8"
"rna_counts","Nrcam"
"rna_counts","B230217J21Rik"
"rna_counts","Foxg1"
"rna_counts","3110039M20Rik"
"rna_counts","1700008C04Rik"
"rna_counts","G2e3"
"rna_counts","Scfd1"
"rna_counts","Coch"
"rna_counts","Ap4s1"
"rna_counts","Nubpl"
"rna_counts","Arhgap5"
"rna_counts","Akap6"
"rna_counts","Npas3"
"rna_counts","1700104L18Rik"
"rna_counts","1700081N11Rik"
"rna_counts","Srp54a"
"rna_counts","Fam177a"
"rna_counts","Srp54b"
"rna_counts","Fam177a2"
"rna_counts","Srp54c"
"rna_counts","Prorp"
"rna_counts","Psma6"
"rna_counts","Aldoart2"
"rna_counts","Insm2"
"rna_counts","Brms1l"
"rna_counts","C87198"
"rna_counts","Pax9"
"rna_counts","Prps1l3"
"rna_counts","Mipol1"
"rna_counts","Ttc6"
"rna_counts","Sstr1"
"rna_counts","Gemin2"
"rna_counts","Pnn"
"rna_counts","Mia2"
"rna_counts","Nanog-ps2"
"rna_counts","Lrfn5"
"rna_counts","Spanxn4"
"rna_counts","Togaram1"
"rna_counts","Prpf39"
"rna_counts","Fancm"
"rna_counts","4930471E15Rik"
"rna_counts","Wdr20rt"
"rna_counts","Hspe1-ps1"
"rna_counts","n-R5s61"
"rna_counts","Rn7s1"
"rna_counts","Lrr1"
"rna_counts","Mgat2"
"rna_counts","9330151L19Rik"
"rna_counts","Klhdc1"
"rna_counts","Klhdc2"
"rna_counts","Arf6"
"rna_counts","Dmac2l"
"rna_counts","4930512B01Rik"
"rna_counts","Atl1"
"rna_counts","Abhd12b"
"rna_counts","F730035M05Rik"
"rna_counts","Tmx1"
"rna_counts","Frmd6"
"rna_counts","Actr10"
"rna_counts","Psma3"
"rna_counts","Arid4a"
"rna_counts","Tomm20l"
"rna_counts","2700049A03Rik"
"rna_counts","Dact1"
"rna_counts","4930404H11Rik"
"rna_counts","9630002D21Rik"
"rna_counts","Daam1"
"rna_counts","Jkamp"
"rna_counts","Lrrc9"
"rna_counts","Pcnx4"
"rna_counts","Ly6e-ps1"
"rna_counts","Ppm1a"
"rna_counts","Six6"
"rna_counts","Mnat1"
"rna_counts","Slc38a6"
"rna_counts","2210039B01Rik"
"rna_counts","Prkch"
"rna_counts","Hif1a"
"rna_counts","Snapc1l"
"rna_counts","S100a11-ps"
"rna_counts","Snapc1"
"rna_counts","Syt16"
"rna_counts","1700086L19Rik"
"rna_counts","Dbpht2"
"rna_counts","4930442G10Rik"
"rna_counts","Rhoj"
"rna_counts","Syne2"
"rna_counts","Mir5101"
"rna_counts","Mthfd1"
"rna_counts","Akap5"
"rna_counts","Zbtb1"
"rna_counts","Hspa2"
"rna_counts","Ppp1r36"
"rna_counts","Plekhg3"
"rna_counts","Churc1"
"rna_counts","Fntb"
"rna_counts","Fut8"
"rna_counts","4930458K08Rik"
"rna_counts","Gphn"
"rna_counts","Fam71d"
"rna_counts","Mpp5"
"rna_counts","Eif2s1"
"rna_counts","Plekhh1"
"rna_counts","Arg2"
"rna_counts","Rdh12"
"rna_counts","Rad51b"
"rna_counts","1300014J16Rik"
"rna_counts","Exd2"
"rna_counts","2310002D06Rik"
"rna_counts","Galnt16"
"rna_counts","Slc39a9"
"rna_counts","Plekhd1"
"rna_counts","Susd6"
"rna_counts","Srsf5"
"rna_counts","Smoc1"
"rna_counts","Mir3067"
"rna_counts","Hspe1-ps2"
"rna_counts","6530401F13Rik"
"rna_counts","Ttc9"
"rna_counts","4930423D22Rik"
"rna_counts","Pcnx"
"rna_counts","n-R5s62"
"rna_counts","Sipa1l1"
"rna_counts","Rgs6"
"rna_counts","1700030I03Rik"
"rna_counts","Dcaf4"
"rna_counts","Rbm25"
"rna_counts","Psen1"
"rna_counts","Papln"
"rna_counts","Riox1"
"rna_counts","Acot2"
"rna_counts","Acot1"
"rna_counts","Acot4"
"rna_counts","Acot3"
"rna_counts","Acot5"
"rna_counts","Acot6"
"rna_counts","Dnal1"
"rna_counts","Ptgr2"
"rna_counts","Zfp410"
"rna_counts","Coq6"
"rna_counts","Bbof1"
"rna_counts","Rnf113a2"
"rna_counts","Lin52"
"rna_counts","Vsx2"
"rna_counts","Vrtn"
"rna_counts","Isca2"
"rna_counts","D030025P21Rik"
"rna_counts","Fcf1"
"rna_counts","Ylpm1"
"rna_counts","Prox2os"
"rna_counts","Dlst"
"rna_counts","Eif2b2"
"rna_counts","Zc2hc1c"
"rna_counts","Fos"
"rna_counts","Jdp2"
"rna_counts","Batf"
"rna_counts","Flvcr2"
"rna_counts","Ttll5"
"rna_counts","Ift43"
"rna_counts","Gpatch2l"
"rna_counts","Esrrb"
"rna_counts","Vash1"
"rna_counts","Lrrc74a"
"rna_counts","Cipc"
"rna_counts","Tmem63c"
"rna_counts","Gstz1"
"rna_counts","Samd15"
"rna_counts","Ahsa1"
"rna_counts","Slirp"
"rna_counts","Oog1"
"rna_counts","AC211878.1"
"rna_counts","BB287469"
"rna_counts","Adck1"
"rna_counts","1700040E09Rik"
"rna_counts","Nrxn3"
"rna_counts","n-R5s65"
"rna_counts","1700105G05Rik"
"rna_counts","5430427M07Rik"
"rna_counts","Tshr"
"rna_counts","Flrt2"
"rna_counts","Gpr65"
"rna_counts","Spata7"
"rna_counts","Zc3h14"
"rna_counts","9430031K09Rik"
"rna_counts","D230049E03Rik"
"rna_counts","A930040O22Rik"
"rna_counts","Ttc8"
"rna_counts","3300002A11Rik"
"rna_counts","4930556H04Rik"
"rna_counts","Tdp1"
"rna_counts","Kcnk13"
"rna_counts","Psmc1"
"rna_counts","Calm1"
"rna_counts","Dglucy"
"rna_counts","AC126262.1"
"rna_counts","A630072L19Rik"
"rna_counts","D130020L05Rik"
"rna_counts","Kif4-ps"
"rna_counts","Catsperb"
"rna_counts","Cpsf2"
"rna_counts","Slc24a4"
"rna_counts","Rin3"
"rna_counts","Golga5"
"rna_counts","Chga"
"rna_counts","Tmem251"
"rna_counts","Ubr7"
"rna_counts","Cox8c"
"rna_counts","Unc79"
"rna_counts","Fam181a"
"rna_counts","Otub2"
"rna_counts","Ifi27"
"rna_counts","Ppp4r4"
"rna_counts","B430119L08Rik"
"rna_counts","Serpina4-ps1"
"rna_counts","Serpina5"
"rna_counts","Serpina3a"
"rna_counts","Serpina3b"
"rna_counts","Serpina3f"
"rna_counts","Serpina3g"
"rna_counts","AC142112.1"
"rna_counts","Serpina3h"
"rna_counts","Serpina3i"
"rna_counts","Serpina3j"
"rna_counts","Serpina3k"
"rna_counts","Serpina3m"
"rna_counts","Serpina3l-ps"
"rna_counts","Serpina3n"
"rna_counts","4930408O17Rik"
"rna_counts","Glrx5"
"rna_counts","Tcl1b2"
"rna_counts","Tcl1b1"
"rna_counts","Tcl1b5"
"rna_counts","Tcl1b3"
"rna_counts","Tcl1b4"
"rna_counts","Tunar"
"rna_counts","D430019H16Rik"
"rna_counts","AU015791"
"rna_counts","Bdkrb2"
"rna_counts","Bdkrb1"
"rna_counts","Gskip"
"rna_counts","Ak7"
"rna_counts","Papola"
"rna_counts","Vrk1"
"rna_counts","1700013N06Rik"
"rna_counts","3110018I06Rik"
"rna_counts","Ccnk"
"rna_counts","Hhipl1"
"rna_counts","Cyp46a1"
"rna_counts","Eml1"
"rna_counts","Evl"
"rna_counts","Mir342"
"rna_counts","Yy1"
"rna_counts","Slc25a47"
"rna_counts","Mir345"
"rna_counts","5033424D13Rik"
"rna_counts","Wdr25"
"rna_counts","Mif-ps7"
"rna_counts","Dlk1"
"rna_counts","Meg3"
"rna_counts","Mir1906-1"
"rna_counts","Mir770"
"rna_counts","Mir673"
"rna_counts","Mir493"
"rna_counts","Mir337"
"rna_counts","Mir540"
"rna_counts","Mir665"
"rna_counts","Mir3070a"
"rna_counts","Mir3070b"
"rna_counts","Mir431"
"rna_counts","Mir433"
"rna_counts","Mir127"
"rna_counts","Mir434"
"rna_counts","Mir432"
"rna_counts","Mir136"
"rna_counts","Rian"
"rna_counts","Mir341"
"rna_counts","Mir1188"
"rna_counts","Mir370"
"rna_counts","AF357425"
"rna_counts","DQ267100"
"rna_counts","DQ267101"
"rna_counts","DQ267102"
"rna_counts","B830012L14Rik"
"rna_counts","AF357428"
"rna_counts","AF357341"
"rna_counts","Mir882"
"rna_counts","Mir379"
"rna_counts","Mir411"
"rna_counts","Mir299a"
"rna_counts","Mir380"
"rna_counts","Mir1197"
"rna_counts","Mir323"
"rna_counts","Mir758"
"rna_counts","Mir329"
"rna_counts","Mir494"
"rna_counts","Mir679"
"rna_counts","Mir1193"
"rna_counts","Mir666"
"rna_counts","Mir543"
"rna_counts","Mir495"
"rna_counts","Mir667"
"rna_counts","Mir376c"
"rna_counts","Mir654"
"rna_counts","Mir376b"
"rna_counts","Mir376a"
"rna_counts","Mir300"
"rna_counts","Mir381"
"rna_counts","Mir487b"
"rna_counts","Mir539"
"rna_counts","Mir544"
"rna_counts","Mirg"
"rna_counts","Mir382"
"rna_counts","Mir134"
"rna_counts","Mir668"
"rna_counts","Mir485"
"rna_counts","Mir453"
"rna_counts","Mir154"
"rna_counts","Mir496a"
"rna_counts","Mir377"
"rna_counts","Mir541"
"rna_counts","Mir409"
"rna_counts","Mir412"
"rna_counts","Mir369"
"rna_counts","Mir410"
"rna_counts","Mir3072"
"rna_counts","4930511J24Rik"
"rna_counts","4930425K24Rik"
"rna_counts","Dio3"
"rna_counts","Ppp2r5c"
"rna_counts","B930059L03Rik"
"rna_counts","Dync1h1"
"rna_counts","Wdr20"
"rna_counts","4921507G05Rik"
"rna_counts","Zfp839"
"rna_counts","Tecpr2"
"rna_counts","6030440G07Rik"
"rna_counts","Rcor1"
"rna_counts","Traf3"
"rna_counts","Amn"
"rna_counts","A230087F16Rik"
"rna_counts","Lbhd2"
"rna_counts","Exoc3l4"
"rna_counts","Tnfaip2"
"rna_counts","Eif5"
"rna_counts","Snora28"
"rna_counts","Mark3"
"rna_counts","Trmt61a"
"rna_counts","Apopt1"
"rna_counts","Klc1"
"rna_counts","Zfyve21"
"rna_counts","Tdrd9"
"rna_counts","Aspg"
"rna_counts","Mir3073a"
"rna_counts","Mir203"
"rna_counts","Kif26a"
"rna_counts","A530016L24Rik"
"rna_counts","Inf2"
"rna_counts","Adssl1"
"rna_counts","Siva1"
"rna_counts","Zbtb42"
"rna_counts","Cep170b"
"rna_counts","Mir6940"
"rna_counts","Pld4"
"rna_counts","Clba1"
"rna_counts","Btbd6"
"rna_counts","9230104M06Rik"
"rna_counts","Pacs2"
"rna_counts","Tex22"
"rna_counts","Mta1"
"rna_counts","Crip2"
"rna_counts","Crip1"
"rna_counts","Tedc1"
"rna_counts","Tmem121"
"rna_counts","Adam6b"
"rna_counts","Adam6a"
"rna_counts","Ighv5-8"
"rna_counts","Ighv1-13"
"rna_counts","Zfp386"
"rna_counts","Vipr2"
"rna_counts","Esyt2"
"rna_counts","Ncapg2"
"rna_counts","Ptprn2"
"rna_counts","Mir153"
"rna_counts","Rapgef5"
"rna_counts","A930023M06Rik"
"rna_counts","Cdca7l"
"rna_counts","Sp8"
"rna_counts","Macc1"
"rna_counts","Tmem196"
"rna_counts","Rab10"
"rna_counts","1110002L01Rik"
"rna_counts","Dtnbos"
"rna_counts","Dnmt3aos"
"rna_counts","Efr3b"
"rna_counts","Cenpo"
"rna_counts","Ncoa1"
"rna_counts","AC241534.1"
"rna_counts","Fam228a"
"rna_counts","Fam228b"
"rna_counts","Fkbp1b"
"rna_counts","Mfsd2b"
"rna_counts","Ubxn2a"
"rna_counts","Klhl29"
"rna_counts","1700101O22Rik"
"rna_counts","Gdf7"
"rna_counts","BC106175"
"rna_counts","Rhob"
"rna_counts","Slc7a15"
"rna_counts","9930038B18Rik"
"rna_counts","1700022H16Rik"
"rna_counts","Pgk1-rs7"
"rna_counts","Kcns3"
"rna_counts","9530020I12Rik"
"rna_counts","Msgn1"
"rna_counts","1700034J04Rik"
"rna_counts","Gen1"
"rna_counts","Vsnl1"
"rna_counts","Tubb2a-ps2"
"rna_counts","4921511I17Rik"
"rna_counts","AC107703.1"
"rna_counts","Mycn"
"rna_counts","Ddx1"
"rna_counts","Lratd1"
"rna_counts","4930448C13Rik"
"rna_counts","Trib2"
"rna_counts","Mir6387"
"rna_counts","Lpin1"
"rna_counts","Greb1"
"rna_counts","Pqlc3"
"rna_counts","2410004P03Rik"
"rna_counts","Kcnf1"
"rna_counts","Atp6v1c2"
"rna_counts","1700030C10Rik"
"rna_counts","3110053B16Rik"
"rna_counts","Zfp125"
"rna_counts","Itgb1bp1"
"rna_counts","Adam17"
"rna_counts","Ywhaq"
"rna_counts","Mrto4-ps2"
"rna_counts","2410018L13Rik"
"rna_counts","9030624G23Rik"
"rna_counts","Cys1"
"rna_counts","2900060N12Rik"
"rna_counts","Id2"
"rna_counts","Rnf144a"
"rna_counts","Mir6538"
"rna_counts","Rsad2"
"rna_counts","1700020D12Rik"
"rna_counts","4933409F18Rik"
"rna_counts","Sox11"
"rna_counts","Dcdc2c"
"rna_counts","Allc"
"rna_counts","Colec11"
"rna_counts","Trappc12"
"rna_counts","4833405L11Rik"
"rna_counts","C630031E19Rik"
"rna_counts","Tpo"
"rna_counts","Sntg2"
"rna_counts","2310016D03Rik"
"rna_counts","Acp1"
"rna_counts","Dld"
"rna_counts","Cbll1"
"rna_counts","Slc26a4"
"rna_counts","Bcap29"
"rna_counts","Dus4l"
"rna_counts","Gpr22"
"rna_counts","Hbp1"
"rna_counts","Prkar2b"
"rna_counts","5430401H09Rik"
"rna_counts","Pik3cg"
"rna_counts","4933406C10Rik"
"rna_counts","Cdhr3"
"rna_counts","F730043M19Rik"
"rna_counts","Atxn7l1os1"
"rna_counts","Atxn7l1os2"
"rna_counts","Hdac9"
"rna_counts","4921508M14Rik"
"rna_counts","Mir680-3"
"rna_counts","Ahr"
"rna_counts","9130015A21Rik"
"rna_counts","Tspan13"
"rna_counts","Bzw2"
"rna_counts","Lrrc72"
"rna_counts","D630036H23Rik"
"rna_counts","4930428E07Rik"
"rna_counts","Arl4a"
"rna_counts","Scin"
"rna_counts","Lsmem1"
"rna_counts","Ifrd1"
"rna_counts","Mir1938"
"rna_counts","Zfp277"
"rna_counts","Lrrn3"
"rna_counts","Dnajb9"
"rna_counts","Stxbp6"
"rna_counts","Nova1"
"rna_counts","AC124542.1"
"rna_counts","1810007C17Rik"
"rna_counts","Prkd1"
"rna_counts","Strn3"
"rna_counts","Hectd1"
"rna_counts","Heatr5a"
"rna_counts","Dtd2"
"rna_counts","Gpr33"
"rna_counts","1700031P21Rik"
"rna_counts","n-R5s58"
"rna_counts","1700030L22Rik"
"rna_counts","1700060O08Rik"
"rna_counts","Egln3"
"rna_counts","Sptssa"
"rna_counts","Mir1892"
"rna_counts","Eapp"
"rna_counts","Snx6"
"rna_counts","Cfl2"
"rna_counts","Baz1a"
"rna_counts","2700097O09Rik"
"rna_counts","Ppp2r3c"
"rna_counts","Nfkbia"
"rna_counts","Ralgapa1"
"rna_counts","Mbip"
"rna_counts","Cox6c2"
"rna_counts","Sfta3-ps"
"rna_counts","Nkx2-1"
"rna_counts","Nkx2-9"
"rna_counts","Slc25a21"
"rna_counts","Foxa1"
"rna_counts","4921518K17Rik"
"rna_counts","BC042761"
"rna_counts","Clec14a"
"rna_counts","Sec23a"
"rna_counts","Trappc6b"
"rna_counts","Fbxo33"
"rna_counts","Tspyl-ps"
"rna_counts","Fscb"
"rna_counts","Klhl28"
"rna_counts","Fkbp3"
"rna_counts","Mis18bp1"
"rna_counts","Mdga2"
"rna_counts","n-R5s60"
"rna_counts","Dnaaf2"
"rna_counts","Pole2"
"rna_counts","Nemf"
"rna_counts","5830428M24Rik"
"rna_counts","Vcpkmt"
"rna_counts","Sos2"
"rna_counts","L2hgdh"
"rna_counts","Cdkl1"
"rna_counts","Mir681"
"rna_counts","Map4k5"
"rna_counts","Sav1"
"rna_counts","Nin"
"rna_counts","Pygl"
"rna_counts","Trim9"
"rna_counts","3110056K07Rik"
"rna_counts","Timm9"
"rna_counts","4930474H06Rik"
"rna_counts","1700083H02Rik"
"rna_counts","Gpr135"
"rna_counts","L3hypdh"
"rna_counts","Ccdc175"
"rna_counts","Rtn1"
"rna_counts","Dhrs7"
"rna_counts","4930447C04Rik"
"rna_counts","Six1"
"rna_counts","Six4"
"rna_counts","Trmt5"
"rna_counts","D830013O20Rik"
"rna_counts","Tmem30b"
"rna_counts","Kcnh5"
"rna_counts","Gphb5"
"rna_counts","Ppp2r5e"
"rna_counts","Wdr89"
"rna_counts","AC124742.1"
"rna_counts","Sgpp1"
"rna_counts","Esr2"
"rna_counts","Tex21"
"rna_counts","A430103D13Rik"
"rna_counts","Zbtb25"
"rna_counts","4930426I24Rik"
"rna_counts","Mir5135"
"rna_counts","AI463170"
"rna_counts","Sptb"
"rna_counts","Gpx2"
"rna_counts","Rab15"
"rna_counts","Max"
"rna_counts","9530018F02Rik"
"rna_counts","Atp6v1d"
"rna_counts","Plek2"
"rna_counts","Tmem229b"
"rna_counts","Pigh"
"rna_counts","9230116L04Rik"
"rna_counts","Vti1b"
"rna_counts","Rdh11"
"rna_counts","Zfyve26"
"rna_counts","9430078K24Rik"
"rna_counts","Zfp36l1"
"rna_counts","2310015A10Rik"
"rna_counts","Actn1"
"rna_counts","Dcaf5"
"rna_counts","Mir1843a"
"rna_counts","Scarna3b"
"rna_counts","4933406B15Rik"
"rna_counts","Erh"
"rna_counts","Plekhd1os"
"rna_counts","Ccdc177"
"rna_counts","1700052I22Rik"
"rna_counts","Slc10a1"
"rna_counts","Slc8a3"
"rna_counts","Cox16"
"rna_counts","Adam4"
"rna_counts","Synj2bp"
"rna_counts","Adam21"
"rna_counts","Med6"
"rna_counts","Map3k9"
"rna_counts","n-R5s63"
"rna_counts","1700085C21Rik"
"rna_counts","4930423C22Rik"
"rna_counts","4933436F18Rik"
"rna_counts","Dpf3"
"rna_counts","Zfyve1"
"rna_counts","Numb"
"rna_counts","Heatr4"
"rna_counts","4732463B04Rik"
"rna_counts","Pnma1"
"rna_counts","Elmsan1"
"rna_counts","Fam161b"
"rna_counts","Entpd5"
"rna_counts","Aldh6a1"
"rna_counts","Abcd4"
"rna_counts","Syndig1l"
"rna_counts","Npc2"
"rna_counts","Ltbp2"
"rna_counts","Arel1"
"rna_counts","Prox2"
"rna_counts","Pgf"
"rna_counts","Mlh3"
"rna_counts","Mir6938"
"rna_counts","Acyp1"
"rna_counts","Nek9"
"rna_counts","Tmed10"
"rna_counts","n-R5s64"
"rna_counts","Erg28"
"rna_counts","Tgfb3"
"rna_counts","4732487G21Rik"
"rna_counts","Angel1"
"rna_counts","Irf2bpl"
"rna_counts","Zdhhc22"
"rna_counts","Ngb"
"rna_counts","Pomt2"
"rna_counts","Tmed8"
"rna_counts","Noxred1"
"rna_counts","Vipas39"
"rna_counts","Ism2"
"rna_counts","Sptlc2"
"rna_counts","Alkbh1"
"rna_counts","Mir3068"
"rna_counts","Snw1"
"rna_counts","3200001D21Rik"
"rna_counts","4930473H19Rik"
"rna_counts","Dio2"
"rna_counts","4930544I03Rik"
"rna_counts","Cep128"
"rna_counts","Gtf2a1"
"rna_counts","Ston2"
"rna_counts","Sel1l"
"rna_counts","4930559C10Rik"
"rna_counts","1700019M22Rik"
"rna_counts","Galc"
"rna_counts","Kcnk10"
"rna_counts","5330409N07Rik"
"rna_counts","Ptpn21"
"rna_counts","Eml5"
"rna_counts","4930474N09Rik"
"rna_counts","Foxn3"
"rna_counts","1700064M15Rik"
"rna_counts","Efcab11"
"rna_counts","4930477G07Rik"
"rna_counts","9530050K03Rik"
"rna_counts","Nrde2"
"rna_counts","Ttc7b"
"rna_counts","Gpr68"
"rna_counts","Ccdc88c"
"rna_counts","Mir1190"
"rna_counts","Ppp4r3a"
"rna_counts","Mylf-ps"
"rna_counts","Tc2n"
"rna_counts","Fbln5"
"rna_counts","Trip11"
"rna_counts","Atxn3"
"rna_counts","Ndufb1-ps"
"rna_counts","Lgmn"
"rna_counts","Itpk1"
"rna_counts","Mir1936"
"rna_counts","Moap1"
"rna_counts","Gon7"
"rna_counts","Btbd7"
"rna_counts","Prima1"
"rna_counts","Asb2"
"rna_counts","9330161L09Rik"
"rna_counts","Ddx24"
"rna_counts","Ifi27l2a"
"rna_counts","Ifi27l2b"
"rna_counts","Serpina10"
"rna_counts","Serpina6"
"rna_counts","Serpina16"
"rna_counts","Serpina1f"
"rna_counts","Serpina1b"
"rna_counts","Serpina1d"
"rna_counts","Serpina1a"
"rna_counts","Serpina1c"
"rna_counts","Serpina1e"
"rna_counts","Serpina11"
"rna_counts","Serpina9"
"rna_counts","Serpina12"
"rna_counts","Serpina3c"
"rna_counts","Serpina3d-ps"
"rna_counts","Serpina3e-ps"
"rna_counts","Gsc"
"rna_counts","Dicer1"
"rna_counts","Clmn"
"rna_counts","Syne3"
"rna_counts","Snhg10"
"rna_counts","Scarna13"
"rna_counts","Mir3069"
"rna_counts","Tcl1"
"rna_counts","Atg2b"
"rna_counts","1700121N20Rik"
"rna_counts","4933406K04Rik"
"rna_counts","4930465M20Rik"
"rna_counts","Bcl11b"
"rna_counts","Setd3"
"rna_counts","Ccdc85c"
"rna_counts","4930478K11Rik"
"rna_counts","Degs2"
"rna_counts","Slc25a29"
"rna_counts","Wars"
"rna_counts","Begain"
"rna_counts","Mir3544"
"rna_counts","Rtl1"
"rna_counts","Mir3071"
"rna_counts","Mir299b"
"rna_counts","3110009F21Rik"
"rna_counts","Dio3os"
"rna_counts","Mir1247"
"rna_counts","1700001K19Rik"
"rna_counts","Hsp90aa1"
"rna_counts","Mok"
"rna_counts","Mpc1-ps"
"rna_counts","Cinp"
"rna_counts","Ankrd9"
"rna_counts","4930595D18Rik"
"rna_counts","Cdc42bpb"
"rna_counts","2810029C07Rik"
"rna_counts","Ckb"
"rna_counts","Bag5"
"rna_counts","Xrcc3"
"rna_counts","Ppp1r13b"
"rna_counts","5033406O09Rik"
"rna_counts","Atp5mpl"
"rna_counts","Rd3l"
"rna_counts","Mir3073b"
"rna_counts","E330035G20Rik"
"rna_counts","A730018C14Rik"
"rna_counts","B020018J22Rik"
"rna_counts","Tmem179"
"rna_counts","Akt1"
"rna_counts","Mir6939"
"rna_counts","Ahnak2"
"rna_counts","Cdca4"
"rna_counts","Gpr132"
"rna_counts","1700127F24Rik"
"rna_counts","Jag2"
"rna_counts","Mir6941"
"rna_counts","Nudt14"
"rna_counts","Brf1"
"rna_counts","Igha"
"rna_counts","Ighe"
"rna_counts","Ighg2c"
"rna_counts","Ighg2b"
"rna_counts","Ighg1"
"rna_counts","Ighg3"
"rna_counts","Ighd"
"rna_counts","Ighm"
"rna_counts","Ighj4"
"rna_counts","Ighj3"
"rna_counts","Ighj2"
"rna_counts","Ighj1"
"rna_counts","Ighd4-1"
"rna_counts","Ighd3-2"
"rna_counts","Ighd5-6"
"rna_counts","Ighd2-8"
"rna_counts","Ighd5-5"
"rna_counts","Ighd2-7"
"rna_counts","Ighd5-8"
"rna_counts","Ighd2-6"
"rna_counts","Ighd5-7"
"rna_counts","Ighd2-4"
"rna_counts","Ighd6-2"
"rna_counts","Ighd2-3"
"rna_counts","Ighd1-1"
"rna_counts","Ighd3-1"
"rna_counts","Ighv5-1"
"rna_counts","Ighv2-1"
"rna_counts","Ighv5-2"
"rna_counts","Ighv2-2"
"rna_counts","Ighv5-3"
"rna_counts","Ighv5-4"
"rna_counts","Ighv6-1"
"rna_counts","Ighv2-3"
"rna_counts","Ighv5-5"
"rna_counts","Ighv5-6"
"rna_counts","Ighv5-7"
"rna_counts","Ighv2-4"
"rna_counts","Ighv5-9"
"rna_counts","Ighv5-10"
"rna_counts","Ighv2-5"
"rna_counts","Ighv5-11"
"rna_counts","Ighv5-12"
"rna_counts","Ighv2-6"
"rna_counts","Ighv5-9-1"
"rna_counts","Ighv5-12-4"
"rna_counts","Ighv2-9-1"
"rna_counts","Ighv5-13"
"rna_counts","Ighv2-6-8"
"rna_counts","Ighv2-7"
"rna_counts","Ighv5-15"
"rna_counts","Ighv5-16"
"rna_counts","Ighv5-17"
"rna_counts","Ighv5-18"
"rna_counts","Ighv2-8"
"rna_counts","Ighv2-9"
"rna_counts","Ighv5-19"
"rna_counts","Ighv7-1"
"rna_counts","Ighv7-2"
"rna_counts","Ighv14-1"
"rna_counts","Ighv4-1"
"rna_counts","Ighv3-1"
"rna_counts","Ighv11-1"
"rna_counts","Ighv14-2"
"rna_counts","Ighv4-2"
"rna_counts","Ighv3-2"
"rna_counts","Ighv11-2"
"rna_counts","Ighv14-3"
"rna_counts","Ighv16-1"
"rna_counts","Ighv6-2"
"rna_counts","Ighv9-1"
"rna_counts","Ighv12-1"
"rna_counts","Ighv9-2"
"rna_counts","Ighv12-2"
"rna_counts","Ighv9-3"
"rna_counts","Ighv7-3"
"rna_counts","Ighv15-1"
"rna_counts","Ighv14-4"
"rna_counts","Ighv3-3"
"rna_counts","Ighv7-4"
"rna_counts","Ighv3-4"
"rna_counts","Ighv3-5"
"rna_counts","Ighv13-1"
"rna_counts","Ighv3-6"
"rna_counts","Ighv9-4"
"rna_counts","Ighv3-7"
"rna_counts","Ighv5-21"
"rna_counts","Ighv3-8"
"rna_counts","Ighv8-1"
"rna_counts","Ighv1-1"
"rna_counts","Ighv13-2"
"rna_counts","Ighv12-3"
"rna_counts","Ighv6-3"
"rna_counts","Ighv6-4"
"rna_counts","Ighv6-5"
"rna_counts","Ighv6-6"
"rna_counts","Ighv6-7"
"rna_counts","Ighv8-2"
"rna_counts","Ighv1-2"
"rna_counts","Mir7094-1"
"rna_counts","Ighv10-1"
"rna_counts","Ighv1-3"
"rna_counts","Ighv1-4"
"rna_counts","Ighv10-2"
"rna_counts","Ighv1-5"
"rna_counts","Mir7094-2"
"rna_counts","Ighv10-3"
"rna_counts","Ighv1-6"
"rna_counts","Ighv1-7"
"rna_counts","Ighv10-4"
"rna_counts","Ighv1-8"
"rna_counts","Ighv15-2"
"rna_counts","Ighv1-9"
"rna_counts","Ighv1-10"
"rna_counts","Ighv1-11"
"rna_counts","Ighv1-12"
"rna_counts","Ighv1-14"
"rna_counts","Ighv1-15"
"rna_counts","Ighv1-16"
"rna_counts","Ighv1-17-1"
"rna_counts","Ighv1-17"
"rna_counts","Ighv1-18"
"rna_counts","Ighv1-19-1"
"rna_counts","Ighv1-19"
"rna_counts","Ighv1-20"
"rna_counts","Ighv1-21-1"
"rna_counts","Ighv1-21"
"rna_counts","Ighv1-22"
"rna_counts","Ighv1-23"
"rna_counts","Ighv1-24"
"rna_counts","Ighv1-25"
"rna_counts","Ighv1-26"
"rna_counts","Ighv1-27"
"rna_counts","Ighv1-28"
"rna_counts","Ighv1-29"
"rna_counts","Ighv1-30"
"rna_counts","Ighv1-31"
"rna_counts","Ighv1-32"
"rna_counts","Ighv1-33"
"rna_counts","Ighv1-34"
"rna_counts","Ighv1-35"
"rna_counts","Ighv1-36"
"rna_counts","Ighv1-37"
"rna_counts","Ighv1-38"
"rna_counts","Ighv1-39"
"rna_counts","Ighv1-40"
"rna_counts","Ighv1-41"
"rna_counts","Ighv1-42"
"rna_counts","Ighv1-43"
"rna_counts","Ighv1-44"
"rna_counts","Ighv1-45"
"rna_counts","Ighv1-46"
"rna_counts","Ighv1-47"
"rna_counts","Ighv8-3"
"rna_counts","Ighv8-4"
"rna_counts","Ighv1-48"
"rna_counts","Ighv1-49"
"rna_counts","Ighv8-5"
"rna_counts","Ighv1-50"
"rna_counts","Ighv1-51"
"rna_counts","Ighv1-52"
"rna_counts","Ighv1-53"
"rna_counts","Ighv8-6"
"rna_counts","Ighv1-54"
"rna_counts","Ighv1-55"
"rna_counts","Ighv1-56"
"rna_counts","Ighv8-7"
"rna_counts","Ighv1-57"
"rna_counts","Ighv8-8"
"rna_counts","Ighv1-58"
"rna_counts","Ighv1-59"
"rna_counts","Ighv1-60"
"rna_counts","Ighv1-61"
"rna_counts","Ighv1-62"
"rna_counts","Ighv1-62-1"
"rna_counts","Ighv1-62-2"
"rna_counts","Ighv1-62-3"
"rna_counts","Ighv8-9"
"rna_counts","Ighv1-63"
"rna_counts","Ighv1-64"
"rna_counts","Ighv8-10"
"rna_counts","Ighv1-65"
"rna_counts","Ighv8-11"
"rna_counts","Ighv1-66"
"rna_counts","Ighv1-67"
"rna_counts","Ighv1-68"
"rna_counts","Ighv1-69"
"rna_counts","Ighv8-12"
"rna_counts","Ighv1-70"
"rna_counts","Mir6388"
"rna_counts","Ighv1-71"
"rna_counts","Ighv1-72"
"rna_counts","Ighv8-13"
"rna_counts","Ighv1-73"
"rna_counts","Ighv1-74"
"rna_counts","Ighv8-14"
"rna_counts","Ighv1-75"
"rna_counts","Ighv8-15"
"rna_counts","Ighv1-76"
"rna_counts","Ighv8-16"
"rna_counts","Ighv1-77"
"rna_counts","Ighv1-78"
"rna_counts","Ighv1-79"
"rna_counts","Ighv1-80"
"rna_counts","Ighv1-81"
"rna_counts","Olfr241-ps1"
"rna_counts","Ighv1-82"
"rna_counts","Ighv1-83"
"rna_counts","Ighv1-84"
"rna_counts","Ighv1-85"
"rna_counts","Ighv1-86"
"rna_counts","Wdr60"
"rna_counts","D430020J02Rik"
"rna_counts","Dnah11"
"rna_counts","Sp4"
"rna_counts","D230030E09Rik"
"rna_counts","Abcb5"
"rna_counts","Itgb8"
"rna_counts","Speer6-ps1"
"rna_counts","2810429I04Rik"
"rna_counts","Gdi2"
"rna_counts","Asb13"
"rna_counts","Calm4"
"rna_counts","Calm5"
"rna_counts","Tubal3"
"rna_counts","Akr1c14"
"rna_counts","Akr1c13"
"rna_counts","Akr1c19"
"rna_counts","Marcksl1-ps4"
"rna_counts","Akr1c6"
"rna_counts","Akr1c21"
"rna_counts","Klf6"
"rna_counts","2900042G08Rik"
"rna_counts","Pitrm1"
"rna_counts","Adarb2"
"rna_counts","Idi1"
"rna_counts","Idi2"
"rna_counts","Larp4b"
"rna_counts","Dip2c"
"rna_counts","Zp4-ps"
"rna_counts","Heatr1"
"rna_counts","Ero1lb"
"rna_counts","Prl2c5"
"rna_counts","Nid1"
"rna_counts","Lyst"
"rna_counts","Gng4"
"rna_counts","B3galnt2"
"rna_counts","Arid4b"
"rna_counts","Psma2"
"rna_counts","AW209491"
"rna_counts","Gli3"
"rna_counts","A530046M15Rik"
"rna_counts","A530058O07Rik"
"rna_counts","Inhba"
"rna_counts","Mplkip"
"rna_counts","Mir466i"
"rna_counts","A930027P06Rik"
"rna_counts","Vps41"
"rna_counts","Amph"
"rna_counts","Trgv7"
"rna_counts","Trgv4"
"rna_counts","Trgv6"
"rna_counts","Trgv5"
"rna_counts","Trgj1"
"rna_counts","Trgc1"
"rna_counts","Trgv3"
"rna_counts","Trgj3"
"rna_counts","Trgc3"
"rna_counts","Trgv1"
"rna_counts","Trgj4"
"rna_counts","Trgc4"
"rna_counts","Sfrp4"
"rna_counts","Elmo1"
"rna_counts","Aoah"
"rna_counts","Olfr1369-ps1"
"rna_counts","Olfr263"
"rna_counts","Trim27"
"rna_counts","Gpx6"
"rna_counts","Olfr1367"
"rna_counts","BX001068.1"
"rna_counts","Zscan12"
"rna_counts","4930470G03Rik"
"rna_counts","Mir1896"
"rna_counts","Zkscan4"
"rna_counts","AK157302"
"rna_counts","Olfr1359"
"rna_counts","H2ac13"
"rna_counts","H3c10"
"rna_counts","H2bc14"
"rna_counts","H4c11"
"rna_counts","H2bc15"
"rna_counts","Hist1h2bp"
"rna_counts","Hist1h2ao"
"rna_counts","Hist1h4m"
"rna_counts","Hist1h2br"
"rna_counts","Zfp184"
"rna_counts","Pom121l2"
"rna_counts","H2bc12"
"rna_counts","H2bc11"
"rna_counts","Vmn1r-ps93"
"rna_counts","Vmn1r188"
"rna_counts","Vmn1r-ps94"
"rna_counts","Vmn1r-ps95"
"rna_counts","Vmn1r-ps96"
"rna_counts","Vmn1r194"
"rna_counts","Vmn1r195"
"rna_counts","Vmn1r196"
"rna_counts","Vmn1r197"
"rna_counts","Vmn1r198"
"rna_counts","Vmn1r-ps101"
"rna_counts","Vmn1r199"
"rna_counts","Vmn1r-ps102"
"rna_counts","Vmn1r200"
"rna_counts","Vmn1r-ps103"
"rna_counts","Vmn1r-ps104"
"rna_counts","Vmn1r201"
"rna_counts","Vmn1r-ps106"
"rna_counts","Vmn1r-ps107"
"rna_counts","Vmn1r-ps108"
"rna_counts","Vmn1r203"
"rna_counts","Vmn1r204"
"rna_counts","Vmn1r213"
"rna_counts","Vmn1r-ps125"
"rna_counts","Vmn1r214"
"rna_counts","Vmn1r-ps126"
"rna_counts","Vmn1r215"
"rna_counts","Vmn1r216"
"rna_counts","Vmn1r-ps127"
"rna_counts","Vmn1r-ps128"
"rna_counts","Vmn1r218"
"rna_counts","Vmn1r219"
"rna_counts","Vmn1r221"
"rna_counts","Vmn1r223"
"rna_counts","Vmn1r-ps135"
"rna_counts","4933404K08Rik"
"rna_counts","4930586N03Rik"
"rna_counts","n-TStga1"
"rna_counts","H4c8"
"rna_counts","H2ac10"
"rna_counts","H3c8"
"rna_counts","H3c7"
"rna_counts","H1f3"
"rna_counts","H2bc8"
"rna_counts","H2ac7"
"rna_counts","H3c4"
"rna_counts","H4c4"
"rna_counts","H2bc4"
"rna_counts","H1f6"
"rna_counts","H1f2"
"rna_counts","H2bc3"
"rna_counts","H2ac4"
"rna_counts","H3c2"
"rna_counts","H4c2"
"rna_counts","H1f1"
"rna_counts","Trim38"
"rna_counts","Slc17a2"
"rna_counts","Slc17a3"
"rna_counts","Slc17a1"
"rna_counts","H2ac1"
"rna_counts","Cmah"
"rna_counts","Ripor2"
"rna_counts","Armh2"
"rna_counts","BC005537"
"rna_counts","Tdp2"
"rna_counts","D130043K22Rik"
"rna_counts","4932702P03Rik"
"rna_counts","9330162012Rik"
"rna_counts","Gpld1"
"rna_counts","Dcdc2a"
"rna_counts","Tpi-rs8"
"rna_counts","4921520N01Rik"
"rna_counts","Prl"
"rna_counts","Prl3d1"
"rna_counts","Prl3d2"
"rna_counts","Prl3d3"
"rna_counts","Prl3c1"
"rna_counts","Prl3b1"
"rna_counts","Prl3a1"
"rna_counts","4930511O05Rik"
"rna_counts","AL589679.1"
"rna_counts","Prl6a1"
"rna_counts","Prl8a2"
"rna_counts","Prl2a1"
"rna_counts","Prl2c1"
"rna_counts","Prl4a1"
"rna_counts","Prl5a1"
"rna_counts","A330102I10Rik"
"rna_counts","Mboat1"
"rna_counts","Agtr1a"
"rna_counts","4930519D14Rik"
"rna_counts","Dusp22"
"rna_counts","Irf4"
"rna_counts","Foxq1"
"rna_counts","Foxf2"
"rna_counts","Foxc1"
"rna_counts","A730091E23Rik"
"rna_counts","Wrnip1"
"rna_counts","Serpinb6b"
"rna_counts","Serpinb9"
"rna_counts","Serpinb9b"
"rna_counts","Serpinb1b"
"rna_counts","Serpinb9d"
"rna_counts","Serpinb9e"
"rna_counts","Serpinb9f"
"rna_counts","Serpinb9h"
"rna_counts","Serpinb9g"
"rna_counts","Serpinb6d"
"rna_counts","Vmn2r-ps94"
"rna_counts","1110046J04Rik"
"rna_counts","Nqo2"
"rna_counts","Ripk1"
"rna_counts","Bphl"
"rna_counts","Psmg4"
"rna_counts","Fam50b"
"rna_counts","Prpf4b"
"rna_counts","4933417A18Rik"
"rna_counts","1700011B04Rik"
"rna_counts","Cdyl"
"rna_counts","Ppp1r3g"
"rna_counts","Fars2"
"rna_counts","Ly86"
"rna_counts","Lncbate6"
"rna_counts","Rreb1"
"rna_counts","Riok1"
"rna_counts","Dsp"
"rna_counts","Snrnp48"
"rna_counts","Bmp6"
"rna_counts","5033403F01Rik"
"rna_counts","A230103O09Rik"
"rna_counts","Gcnt2"
"rna_counts","Mir5124a"
"rna_counts","Pak1ip1"
"rna_counts","Tmem14c"
"rna_counts","Sycp2l"
"rna_counts","Smim13"
"rna_counts","Tmem170b"
"rna_counts","1700061E18Rik"
"rna_counts","Hivep1"
"rna_counts","Edn1"
"rna_counts","Phactr1"
"rna_counts","Sirt5"
"rna_counts","Nol7"
"rna_counts","Rnf182"
"rna_counts","Cd83"
"rna_counts","1700029N11Rik"
"rna_counts","Jarid2"
"rna_counts","Mylip"
"rna_counts","4930453C13Rik"
"rna_counts","5033430I15Rik"
"rna_counts","Stmnd1"
"rna_counts","Rbm24"
"rna_counts","Cap2"
"rna_counts","Fam8a1"
"rna_counts","2010001K21Rik"
"rna_counts","Kdm1b"
"rna_counts","1700026N04Rik"
"rna_counts","Rnf144b"
"rna_counts","4930471G24Rik"
"rna_counts","G630093K05Rik"
"rna_counts","Id4"
"rna_counts","A830005F24Rik"
"rna_counts","Barx1"
"rna_counts","Phf2os1"
"rna_counts","Ninj1"
"rna_counts","Bicd2"
"rna_counts","Ippk"
"rna_counts","Tes3-ps"
"rna_counts","Ecm2"
"rna_counts","Aspn"
"rna_counts","Omd"
"rna_counts","Ogn"
"rna_counts","Nol8"
"rna_counts","Iars"
"rna_counts","4933433N18Rik"
"rna_counts","Fbxw17"
"rna_counts","Nutm2"
"rna_counts","Spin1"
"rna_counts","Nxnl2"
"rna_counts","S1pr3"
"rna_counts","Cks2"
"rna_counts","Secisbp2"
"rna_counts","Gadd45g"
"rna_counts","4921525O09Rik"
"rna_counts","Syk"
"rna_counts","4930555G21Rik"
"rna_counts","Sfxn1"
"rna_counts","Hrh2"
"rna_counts","Cplx2"
"rna_counts","Simc1"
"rna_counts","Arl10"
"rna_counts","Higd2a"
"rna_counts","Faf2"
"rna_counts","Cdhr2"
"rna_counts","Eif4e1b"
"rna_counts","Tspan17"
"rna_counts","5330429C05Rik"
"rna_counts","Unc5a"
"rna_counts","Zfp346"
"rna_counts","Fgfr4"
"rna_counts","Nsd1"
"rna_counts","Prelid1"
"rna_counts","Rgs14"
"rna_counts","Slc34a1"
"rna_counts","Grk6"
"rna_counts","Mir6943"
"rna_counts","Prr7"
"rna_counts","Tmed9"
"rna_counts","B4galt7"
"rna_counts","Caml"
"rna_counts","Ddx46"
"rna_counts","B230219D22Rik"
"rna_counts","Txndc15"
"rna_counts","Pcbd2"
"rna_counts","Catsper3"
"rna_counts","Slc25a48"
"rna_counts","Fbxl21"
"rna_counts","2010203P06Rik"
"rna_counts","Tgfbi"
"rna_counts","Smad5"
"rna_counts","1700066J03Rik"
"rna_counts","Idnk"
"rna_counts","Rmi1"
"rna_counts","Ntrk2"
"rna_counts","C630044B11Rik"
"rna_counts","4930455M05Rik"
"rna_counts","A930015P04Rik"
"rna_counts","Naa35"
"rna_counts","Spata31d1b"
"rna_counts","4930528D03Rik"
"rna_counts","Etohd2"
"rna_counts","A530065N20Rik"
"rna_counts","Dapk1"
"rna_counts","Selenok-ps4"
"rna_counts","Selenok-ps8"
"rna_counts","Selenok-ps5"
"rna_counts","Zfp808"
"rna_counts","Mir713"
"rna_counts","Aopep"
"rna_counts","Mir23b"
"rna_counts","Mir27b"
"rna_counts","Mir24-1"
"rna_counts","Ercc6l2"
"rna_counts","Habp4"
"rna_counts","1810034E14Rik"
"rna_counts","Cdk20"
"rna_counts","Eif1-ps2"
"rna_counts","Spata31"
"rna_counts","Spata31d1c"
"rna_counts","Olfr465-ps1"
"rna_counts","Olfr466"
"rna_counts","Zfp369"
"rna_counts","Cbx3-ps5"
"rna_counts","Cbx3-ps2"
"rna_counts","Vmn2r-ps99"
"rna_counts","Vmn2r-ps100"
"rna_counts","Rybp-ps"
"rna_counts","Vmn2r-ps102"
"rna_counts","Vmn2r-ps105"
"rna_counts","Cbx3-ps4"
"rna_counts","Ptdss1"
"rna_counts","Zfp759"
"rna_counts","Rsl1"
"rna_counts","Zfp455"
"rna_counts","F630042J09Rik"
"rna_counts","9430065F17Rik"
"rna_counts","Zfp85os"
"rna_counts","Zfp493"
"rna_counts","Zfp273"
"rna_counts","BC048507"
"rna_counts","AA414992"
"rna_counts","Fastkd3"
"rna_counts","1700001L19Rik"
"rna_counts","Nsun2"
"rna_counts","Med10"
"rna_counts","4933416O17Rik"
"rna_counts","AU017674"
"rna_counts","4930520P13Rik"
"rna_counts","1700100L14Rik"
"rna_counts","D030007L05Rik"
"rna_counts","8030423J24Rik"
"rna_counts","Mir466f-4"
"rna_counts","1700112M02Rik"
"rna_counts","Irx2"
"rna_counts","Irx4"
"rna_counts","Mrpl36"
"rna_counts","Lpcat1"
"rna_counts","Slc6a3"
"rna_counts","Clptm1l"
"rna_counts","Tert"
"rna_counts","Slc6a19os"
"rna_counts","Slc12a7"
"rna_counts","Brd9"
"rna_counts","Zdhhc11"
"rna_counts","Tppp"
"rna_counts","Slc9a3"
"rna_counts","Ccdc127"
"rna_counts","Ftl1-ps1"
"rna_counts","Erap1"
"rna_counts","Hnrnpa1l2-ps"
"rna_counts","Pcsk1"
"rna_counts","Mir682"
"rna_counts","Ell2"
"rna_counts","Glrx"
"rna_counts","Spata9"
"rna_counts","Ttc37"
"rna_counts","Mctp1"
"rna_counts","2210408I21Rik"
"rna_counts","Fam172a"
"rna_counts","Pou5f2"
"rna_counts","C130051F05Rik"
"rna_counts","3110006O06Rik"
"rna_counts","A830082K12Rik"
"rna_counts","Arrdc3"
"rna_counts","5430425K12Rik"
"rna_counts","9330111N05Rik"
"rna_counts","Lysmd3"
"rna_counts","Mblac2"
"rna_counts","Cetn3"
"rna_counts","2310067P03Rik"
"rna_counts","Mef2c"
"rna_counts","C130071C03Rik"
"rna_counts","Mir9-2"
"rna_counts","2810049E08Rik"
"rna_counts","Tmem161b"
"rna_counts","Ccnh"
"rna_counts","Edil3"
"rna_counts","Hapln1"
"rna_counts","Tmem167"
"rna_counts","Ssbp2"
"rna_counts","Acot12"
"rna_counts","1700119I11Rik"
"rna_counts","Dhfr"
"rna_counts","Ankrd34b"
"rna_counts","Serinc5"
"rna_counts","Mtx3"
"rna_counts","A630019I02Rik"
"rna_counts","Homer1"
"rna_counts","Dmgdh"
"rna_counts","Arsb"
"rna_counts","Mir5624"
"rna_counts","Cycs-ps3"
"rna_counts","Lhfpl2"
"rna_counts","Ap3b1"
"rna_counts","Tbca"
"rna_counts","Otp"
"rna_counts","Wdr41"
"rna_counts","Zbed3"
"rna_counts","Snora47"
"rna_counts","F2rl2"
"rna_counts","Poc5"
"rna_counts","Col4a3bp"
"rna_counts","Ankrd31"
"rna_counts","Gcnt4"
"rna_counts","Fam169a"
"rna_counts","Gfm2"
"rna_counts","Enc1"
"rna_counts","C430039J16Rik"
"rna_counts","Lncenc1"
"rna_counts","Ankra2"
"rna_counts","Foxd1"
"rna_counts","A930014D07Rik"
"rna_counts","Zfp366"
"rna_counts","Mrps27"
"rna_counts","1700012J22Rik"
"rna_counts","Serf1"
"rna_counts","Smn1"
"rna_counts","Ak6"
"rna_counts","Taf9"
"rna_counts","Ccdc125"
"rna_counts","5930438M14Rik"
"rna_counts","4932411K12Rik"
"rna_counts","Cd180"
"rna_counts","1700099I09Rik"
"rna_counts","n-R5s56"
"rna_counts","Sgtb"
"rna_counts","Trim23"
"rna_counts","Cenpk"
"rna_counts","Adamts6"
"rna_counts","2610204G07Rik"
"rna_counts","Srek1ip1"
"rna_counts","Nt5el"
"rna_counts","Htr1a"
"rna_counts","Dimt1"
"rna_counts","3830408C21Rik"
"rna_counts","AI197445"
"rna_counts","1700006H21Rik"
"rna_counts","B230220B15Rik"
"rna_counts","Smim15"
"rna_counts","Ercc8"
"rna_counts","Elovl7"
"rna_counts","Depdc1b"
"rna_counts","Pde4d"
"rna_counts","Mir582"
"rna_counts","Mir1904"
"rna_counts","Plk2"
"rna_counts","Actbl2"
"rna_counts","Mier3"
"rna_counts","Ankrd55"
"rna_counts","Il6st"
"rna_counts","Slc38a9"
"rna_counts","Plpp1"
"rna_counts","Dhx29"
"rna_counts","Ccno"
"rna_counts","Mcidas"
"rna_counts","Cdc20b"
"rna_counts","Mir449c"
"rna_counts","Mir449b"
"rna_counts","Mir449a"
"rna_counts","1700084D21Rik"
"rna_counts","Esm1"
"rna_counts","BC067074"
"rna_counts","Arl15"
"rna_counts","4930544M13Rik"
"rna_counts","Mocs2"
"rna_counts","Emb"
"rna_counts","Hcn1"
"rna_counts","B430218F22Rik"
"rna_counts","1700003P14Rik"
"rna_counts","Fgf10"
"rna_counts","Paip1"
"rna_counts","4833420G17Rik"
"rna_counts","Tmem267"
"rna_counts","Ccl28"
"rna_counts","1700074H08Rik"
"rna_counts","Hmgcs1"
"rna_counts","D13Ertd608e"
"rna_counts","AF067061"
"rna_counts","BC147527"
"rna_counts","Tcstv3"
"rna_counts","Tasor2"
"rna_counts","Calml3"
"rna_counts","Net1"
"rna_counts","Ucn3"
"rna_counts","Akr1c18"
"rna_counts","Akr1c12"
"rna_counts","Akr1c20"
"rna_counts","Akr1e1"
"rna_counts","1700016G22Rik"
"rna_counts","Pfkp"
"rna_counts","2900024D18Rik"
"rna_counts","Wdr37"
"rna_counts","Gtpbp4"
"rna_counts","Zmynd11"
"rna_counts","Chrm3"
"rna_counts","9330159N22Rik"
"rna_counts","Ryr2"
"rna_counts","Mtr"
"rna_counts","Actn2"
"rna_counts","Lgals8"
"rna_counts","Edaradd"
"rna_counts","Gpr137b-ps"
"rna_counts","Prl2c3"
"rna_counts","Prl2c2"
"rna_counts","Gpr137b"
"rna_counts","Tbce"
"rna_counts","Ggps1"
"rna_counts","n-R5s52"
"rna_counts","Hecw1"
"rna_counts","Mrpl32"
"rna_counts","4933412O06Rik"
"rna_counts","B230303A05Rik"
"rna_counts","Sugct"
"rna_counts","Cdk13"
"rna_counts","8430406P12Rik"
"rna_counts","Rala"
"rna_counts","Yae1d1"
"rna_counts","Vdac3-ps1"
"rna_counts","4930448F12Rik"
"rna_counts","Pou6f2"
"rna_counts","Trgc2"
"rna_counts","Trgj2"
"rna_counts","Trgv2"
"rna_counts","Stard3nl"
"rna_counts","9330199G10Rik"
"rna_counts","Epdr1"
"rna_counts","Nme8"
"rna_counts","Gpr141b"
"rna_counts","Gpr141"
"rna_counts","Olfr1370"
"rna_counts","Olfr1368"
"rna_counts","Gpx5"
"rna_counts","Zkscan3"
"rna_counts","Mir6942"
"rna_counts","Pgbd1"
"rna_counts","Zscan26"
"rna_counts","Nkapl"
"rna_counts","Zfp389"
"rna_counts","Zkscan8"
"rna_counts","Olfr1366"
"rna_counts","Olfr1535"
"rna_counts","Olfr1364"
"rna_counts","Olfr1362"
"rna_counts","Olfr11"
"rna_counts","Olfr1361"
"rna_counts","Olfr1360"
"rna_counts","H2bc13"
"rna_counts","H2ac14"
"rna_counts","H4c12"
"rna_counts","H2ac15"
"rna_counts","H1f5"
"rna_counts","H3c11"
"rna_counts","Hist1h2an"
"rna_counts","Hist1h2bq"
"rna_counts","Hist1h4n"
"rna_counts","Hist1h2ap"
"rna_counts","Mir1983"
"rna_counts","Prss16"
"rna_counts","H2ac12"
"rna_counts","H4c9"
"rna_counts","H2ac11"
"rna_counts","Vmn1r-ps92"
"rna_counts","Vmn1r189"
"rna_counts","Vmn1r-ps97"
"rna_counts","Vmn1r190-ps"
"rna_counts","Vmn1r191"
"rna_counts","Vmn1r-ps99"
"rna_counts","Vmn1r192"
"rna_counts","Vmn1r193"
"rna_counts","Vmn1r-ps100"
"rna_counts","Vmn1r202"
"rna_counts","Vmn1r205"
"rna_counts","Vmn1r206"
"rna_counts","Vmn1r-ps109"
"rna_counts","Vmn1r-ps110"
"rna_counts","Vmn1r-ps111"
"rna_counts","Vmn1r207"
"rna_counts","Vmn1r-ps112"
"rna_counts","Vmn1r-ps113"
"rna_counts","Vmn1r208"
"rna_counts","Vmn1r209"
"rna_counts","Vmn1r210"
"rna_counts","Vmn1r-ps114"
"rna_counts","Vmn1r211"
"rna_counts","Vmn1r-ps116"
"rna_counts","Vmn1r212"
"rna_counts","Vmn1r-ps117"
"rna_counts","Vmn1r-ps120"
"rna_counts","Vmn1r-ps123"
"rna_counts","Vmn1r217"
"rna_counts","Vmn1r220"
"rna_counts","Vmn1r-ps131"
"rna_counts","Vmn1r-ps132"
"rna_counts","Vmn1r-ps133"
"rna_counts","Vmn1r222"
"rna_counts","4930557F10Rik"
"rna_counts","Zfp322a"
"rna_counts","Abt1"
"rna_counts","C230035I16Rik"
"rna_counts","Btn1a1"
"rna_counts","Btn2a2"
"rna_counts","H2bc9"
"rna_counts","H4c6"
"rna_counts","H3c6"
"rna_counts","H2ac8"
"rna_counts","H2bc7"
"rna_counts","H2bc6"
"rna_counts","H1f4"
"rna_counts","H2ac6"
"rna_counts","H4c3"
"rna_counts","Hfe"
"rna_counts","H3c3"
"rna_counts","H2ac5-ps"
"rna_counts","4930558J22Rik"
"rna_counts","H4c1"
"rna_counts","H3c1"
"rna_counts","Slc17a4"
"rna_counts","Snrp1c-ps2"
"rna_counts","H2bc1"
"rna_counts","Scgn"
"rna_counts","Carmil1"
"rna_counts","AL590864.1"
"rna_counts","Acot13"
"rna_counts","Aldh5a1"
"rna_counts","Mrs2"
"rna_counts","Nrsn1"
"rna_counts","F830002E08Rik"
"rna_counts","1700092E19Rik"
"rna_counts","Hdgfl1"
"rna_counts","Prl2b1"
"rna_counts","Prl8a6"
"rna_counts","Prl8a8"
"rna_counts","Prl8a9"
"rna_counts","Prl8a1"
"rna_counts","Prl7b1"
"rna_counts","Prl7a1"
"rna_counts","Prl7a2"
"rna_counts","Prl7d1"
"rna_counts","Prl7c1"
"rna_counts","2610307P16Rik"
"rna_counts","Mir6368"
"rna_counts","Sox4"
"rna_counts","Cdkal1"
"rna_counts","E2f3"
"rna_counts","Uqcrfs1"
"rna_counts","Exoc2"
"rna_counts","Hus1b"
"rna_counts","4930401O12Rik"
"rna_counts","G630018N14Rik"
"rna_counts","A530084C06Rik"
"rna_counts","1700018A04Rik"
"rna_counts","Mylk4"
"rna_counts","D930007J09Rik"
"rna_counts","Serpinb1a"
"rna_counts","Serpinb1-ps1"
"rna_counts","Serpinb1c"
"rna_counts","Serpinb9c"
"rna_counts","Serpinb6e"
"rna_counts","Serpinb6c"
"rna_counts","Serpinb6a"
"rna_counts","Tubb2a"
"rna_counts","4930447K03Rik"
"rna_counts","Tubb2b"
"rna_counts","Slc22a23"
"rna_counts","Pxdc1"
"rna_counts","Fam217a"
"rna_counts","Eci3"
"rna_counts","Eci2"
"rna_counts","4930529N20Rik"
"rna_counts","1700019C18Rik"
"rna_counts","Rpp40"
"rna_counts","Lyrm4"
"rna_counts","Tmed10-ps"
"rna_counts","4933436N17Rik"
"rna_counts","Nrn1"
"rna_counts","F13a1"
"rna_counts","AI463229"
"rna_counts","Ssr1"
"rna_counts","Cage1"
"rna_counts","4930579J19Rik"
"rna_counts","Txndc5"
"rna_counts","Bloc1s5"
"rna_counts","Eef1e1"
"rna_counts","Slc35b3"
"rna_counts","Ofcc1"
"rna_counts","Tfap2a"
"rna_counts","5530402G07Rik"
"rna_counts","A730081D07Rik"
"rna_counts","Mak"
"rna_counts","Gcm2"
"rna_counts","Elovl2"
"rna_counts","Nedd9"
"rna_counts","Adtrp"
"rna_counts","Tbc1d7"
"rna_counts","Gfod1"
"rna_counts","Ranbp9"
"rna_counts","Mcur1"
"rna_counts","A330076C08Rik"
"rna_counts","Dtnbp1"
"rna_counts","Hsp25-ps1"
"rna_counts","Atxn1"
"rna_counts","Nup153"
"rna_counts","Kif13a"
"rna_counts","Nhlrc1"
"rna_counts","Tpmt"
"rna_counts","Dek"
"rna_counts","A930002C04Rik"
"rna_counts","4931429P17Rik"
"rna_counts","A330033J07Rik"
"rna_counts","A330048O09Rik"
"rna_counts","Zfp169"
"rna_counts","6720427I07Rik"
"rna_counts","Mirlet7d"
"rna_counts","Mirlet7f-1"
"rna_counts","Mirlet7a-1"
"rna_counts","Ptpdc1"
"rna_counts","Phf2"
"rna_counts","Fam120a"
"rna_counts","Wnk2"
"rna_counts","Card19"
"rna_counts","Susd3"
"rna_counts","Fgd3"
"rna_counts","Cenpp"
"rna_counts","LOC667541"
"rna_counts","Mir683-1"
"rna_counts","4930518P08Rik"
"rna_counts","Hist1h2al"
"rna_counts","Shc3"
"rna_counts","Sema4d"
"rna_counts","Diras2"
"rna_counts","BB123696"
"rna_counts","Auh"
"rna_counts","n-R5s54"
"rna_counts","Nfil3"
"rna_counts","Ror2"
"rna_counts","Sptlc1"
"rna_counts","Msx2"
"rna_counts","9530014B07Rik"
"rna_counts","E130119H09Rik"
"rna_counts","Drd1"
"rna_counts","Thoc3"
"rna_counts","4833439L19Rik"
"rna_counts","Nop16"
"rna_counts","Cltb"
"rna_counts","Rnf44"
"rna_counts","Gprin1"
"rna_counts","Sncb"
"rna_counts","4930526F13Rik"
"rna_counts","Hk3"
"rna_counts","Uimc1"
"rna_counts","Rab24"
"rna_counts","Mxd3"
"rna_counts","Lman2"
"rna_counts","Pfn3"
"rna_counts","F12"
"rna_counts","Dbn1"
"rna_counts","Mir6944"
"rna_counts","Pdlim7"
"rna_counts","Mir6945"
"rna_counts","Dok3"
"rna_counts","Ddx41"
"rna_counts","Fam193b"
"rna_counts","4930451E10Rik"
"rna_counts","Pitx1"
"rna_counts","Macroh2a1"
"rna_counts","Tifab"
"rna_counts","4930550C17Rik"
"rna_counts","Neurog1"
"rna_counts","Cxcl14"
"rna_counts","Il9"
"rna_counts","Lect2"
"rna_counts","Trpc7"
"rna_counts","Spock1"
"rna_counts","Klhl3"
"rna_counts","Mir874"
"rna_counts","Hnrnpa0"
"rna_counts","Ubqln1"
"rna_counts","Gkap1"
"rna_counts","Kif27"
"rna_counts","Mir6369"
"rna_counts","2210016F16Rik"
"rna_counts","Hnrnpk"
"rna_counts","Mir7-1"
"rna_counts","Slc28a3"
"rna_counts","4930455J16Rik"
"rna_counts","4930415C11Rik"
"rna_counts","Agtpbp1"
"rna_counts","Golm1"
"rna_counts","4921517D22Rik"
"rna_counts","Spata31d1a"
"rna_counts","Spata31d1d"
"rna_counts","1700014D04Rik"
"rna_counts","Isca1"
"rna_counts","Tut7"
"rna_counts","Gas1"
"rna_counts","A530001N23Rik"
"rna_counts","BC051665"
"rna_counts","Ctsll3"
"rna_counts","4930486L24Rik"
"rna_counts","Ctla2b"
"rna_counts","Tpbpb"
"rna_counts","Ctla2a"
"rna_counts","Tpbpa"
"rna_counts","Ctsj"
"rna_counts","Ctsq"
"rna_counts","Ctsr"
"rna_counts","Cts6"
"rna_counts","Cts8"
"rna_counts","Cts8-ps"
"rna_counts","Cts7"
"rna_counts","Cts7-ps"
"rna_counts","Ctsm-ps2"
"rna_counts","Ctsm"
"rna_counts","Cts3"
"rna_counts","Selenok-ps6"
"rna_counts","Zfp935"
"rna_counts","Zfp934"
"rna_counts","6720489N17Rik"
"rna_counts","Platr25"
"rna_counts","Fbp2"
"rna_counts","Fbp1"
"rna_counts","Fancc"
"rna_counts","Mir3074-1"
"rna_counts","Ptch1"
"rna_counts","A930032L01Rik"
"rna_counts","1700024I08Rik"
"rna_counts","Hsd17b3"
"rna_counts","Slc35d2"
"rna_counts","Zfp367"
"rna_counts","Cdc14b"
"rna_counts","Prxl2c"
"rna_counts","CT030159.1"
"rna_counts","Ctsl"
"rna_counts","1700015C15Rik"
"rna_counts","Fam240b"
"rna_counts","Cntnap3"
"rna_counts","Prss47"
"rna_counts","Mfsd14b"
"rna_counts","Nlrp4f"
"rna_counts","Vmn2r-ps95"
"rna_counts","Vmn2r-ps96"
"rna_counts","Hmgb1-ps11"
"rna_counts","Vmn2r-ps97"
"rna_counts","Vmn2r-ps98"
"rna_counts","Cbx3-ps1"
"rna_counts","Vmn2r-ps103"
"rna_counts","C330022B21Rik"
"rna_counts","Vmn2r-ps104"
"rna_counts","2410141K09Rik"
"rna_counts","Zfp640"
"rna_counts","Vmn2r-ps106"
"rna_counts","Vmn2r-ps108"
"rna_counts","Vmn2r-ps109"
"rna_counts","Uqcrb"
"rna_counts","Mterf3"
"rna_counts","4933433G19Rik"
"rna_counts","Zfp712"
"rna_counts","Zfp708"
"rna_counts","Rslcan18"
"rna_counts","Zfp458"
"rna_counts","Zfp457"
"rna_counts","Zfp595"
"rna_counts","Zfp953"
"rna_counts","Zfp456"
"rna_counts","Zfp429"
"rna_counts","Zfp459"
"rna_counts","Zfp874a"
"rna_counts","Zfp874b"
"rna_counts","Zfp58"
"rna_counts","Zfp87"
"rna_counts","Zfp748"
"rna_counts","Zfp729b"
"rna_counts","Zfp729a"
"rna_counts","Zfp738"
"rna_counts","Zfp65"
"rna_counts","Zfp85"
"rna_counts","4930525G20Rik"
"rna_counts","Mtrr"
"rna_counts","Adcy2"
"rna_counts","Tent4a"
"rna_counts","A530095I07Rik"
"rna_counts","Srd5a1"
"rna_counts","Ube2ql1"
"rna_counts","4930547H16Rik"
"rna_counts","1700084F23Rik"
"rna_counts","Ice1"
"rna_counts","Adamts16"
"rna_counts","Irx1"
"rna_counts","D730050B12Rik"
"rna_counts","Ndufs6"
"rna_counts","Eprn"
"rna_counts","Slc6a18"
"rna_counts","Slc6a19"
"rna_counts","Nkd2"
"rna_counts","Trip13"
"rna_counts","Cep72"
"rna_counts","Exoc3"
"rna_counts","Ahrr"
"rna_counts","Pdcd6"
"rna_counts","Sdha"
"rna_counts","Lrrc14b"
"rna_counts","Zfp72"
"rna_counts","E430024I08Rik"
"rna_counts","Zfp825"
"rna_counts","Cast"
"rna_counts","1700037F03Rik"
"rna_counts","Rhobtb3"
"rna_counts","Rfesd"
"rna_counts","Gpr150"
"rna_counts","Arsk"
"rna_counts","Fam81b"
"rna_counts","Slf1"
"rna_counts","Atp5c1-ps"
"rna_counts","Nr2f1"
"rna_counts","1700023H06Rik"
"rna_counts","Adgrv1"
"rna_counts","Polr3g"
"rna_counts","F830210D05Rik"
"rna_counts","Mir3961"
"rna_counts","A230107N01Rik"
"rna_counts","Rasa1"
"rna_counts","Cox7c"
"rna_counts","Vcan"
"rna_counts","Xrcc4"
"rna_counts","Atp6ap1l"
"rna_counts","Atg10"
"rna_counts","A830009L08Rik"
"rna_counts","4833422C13Rik"
"rna_counts","Zcchc9"
"rna_counts","Ckmt2"
"rna_counts","Rasgrf2"
"rna_counts","Msh3"
"rna_counts","C030017D09Rik"
"rna_counts","Fam151b"
"rna_counts","Zfyve16"
"rna_counts","Spz1"
"rna_counts","Thbs4"
"rna_counts","Cmya5"
"rna_counts","Tent2"
"rna_counts","Jmy"
"rna_counts","Bhmt"
"rna_counts","Bhmt2"
"rna_counts","AW495222"
"rna_counts","Scamp1"
"rna_counts","Pde8b"
"rna_counts","Aggf1"
"rna_counts","Crhbp"
"rna_counts","S100z"
"rna_counts","F2rl1"
"rna_counts","F2r"
"rna_counts","Iqgap2"
"rna_counts","Sv2c"
"rna_counts","Ankdd1b"
"rna_counts","Polk"
"rna_counts","Hmgcr"
"rna_counts","1700029F12Rik"
"rna_counts","Nsa2"
"rna_counts","Hexb"
"rna_counts","5330416C01Rik"
"rna_counts","Arhgef28"
"rna_counts","Utp15"
"rna_counts","Btf3"
"rna_counts","2310005E17Rik"
"rna_counts","Tmem174"
"rna_counts","Tmem171"
"rna_counts","Fcho2"
"rna_counts","D130062J10Rik"
"rna_counts","Tnpo1"
"rna_counts","1700024P04Rik"
"rna_counts","2310020H05Rik"
"rna_counts","Ptcd2"
"rna_counts","6430562O15Rik"
"rna_counts","Map1b"
"rna_counts","5330431K02Rik"
"rna_counts","Cartpt"
"rna_counts","Mccc2"
"rna_counts","Bdp1"
"rna_counts","BC001981"
"rna_counts","Naip2"
"rna_counts","Naip5"
"rna_counts","Naip3-ps1"
"rna_counts","Naip6"
"rna_counts","Naip3"
"rna_counts","Naip1"
"rna_counts","Gtf2h2"
"rna_counts","Ocln"
"rna_counts","Marveld2"
"rna_counts","Rad17"
"rna_counts","Cdk7"
"rna_counts","Mrps36"
"rna_counts","Cenph"
"rna_counts","Ccnb1"
"rna_counts","Slc30a5"
"rna_counts","Hmgb1-ps9"
"rna_counts","Pik3r1"
"rna_counts","Mast4"
"rna_counts","Srek1"
"rna_counts","Erbin"
"rna_counts","Nln"
"rna_counts","Trappc13"
"rna_counts","Shld3"
"rna_counts","Ppwd1"
"rna_counts","Cwc27"
"rna_counts","Shisal2b"
"rna_counts","Rgs7bp"
"rna_counts","Rnf180"
"rna_counts","Olfr717-ps1"
"rna_counts","Dph3b-ps"
"rna_counts","Ipo11"
"rna_counts","Lrrc70"
"rna_counts","Kif2a"
"rna_counts","Apoo-ps"
"rna_counts","Zswim6"
"rna_counts","Ndufaf2"
"rna_counts","Rab3c"
"rna_counts","Gapt"
"rna_counts","4930526H09Rik"
"rna_counts","3110015C05Rik"
"rna_counts","Gpbp1"
"rna_counts","Map3k1"
"rna_counts","2810403G07Rik"
"rna_counts","Il31ra"
"rna_counts","Ddx4"
"rna_counts","Mtrex"
"rna_counts","Gpx8"
"rna_counts","4930563N14Rik"
"rna_counts","Gzma"
"rna_counts","Gzmk"
"rna_counts","4921509O07Rik"
"rna_counts","Snx18"
"rna_counts","Hspb3"
"rna_counts","A430090L17Rik"
"rna_counts","4631422I05Rik"
"rna_counts","Ndufs4"
"rna_counts","Fst"
"rna_counts","4930467J12Rik"
"rna_counts","Itga2"
"rna_counts","Itga1"
"rna_counts","Pelo"
"rna_counts","Isl1"
"rna_counts","4930435F18Rik"
"rna_counts","Parp8"
"rna_counts","4933413L06Rik"
"rna_counts","Mrps30"
"rna_counts","Nnt"
"rna_counts","3110070M22Rik"
"rna_counts","Nim1k"
"rna_counts","Zfp131"
"rna_counts","AF067063"
"rna_counts","Tcstv1"
"rna_counts","B020031M17Rik"
"rna_counts","D830030K20Rik"
"rna_counts","1700110I01Rik"
"rna_counts","2610042L04Rik"
"rna_counts","4930555G01Rik"
"rna_counts","4933406F09Rik"
"rna_counts","Flnb"
"rna_counts","Abhd6"
"rna_counts","Rpp14"
"rna_counts","Pxk"
"rna_counts","Kctd6"
"rna_counts","2610318M16Rik"
"rna_counts","4930455B14Rik"
"rna_counts","Hmgb3-ps"
"rna_counts","Mnd1-ps"
"rna_counts","Fhitos"
"rna_counts","Slc25a5-ps"
"rna_counts","Mir5124b"
"rna_counts","Ptprg"
"rna_counts","3830406C13Rik"
"rna_counts","D030051J21Rik"
"rna_counts","Synpr"
"rna_counts","Sntn"
"rna_counts","Atxn7"
"rna_counts","Csnk2a1-ps1"
"rna_counts","Olfr31"
"rna_counts","Il3ra"
"rna_counts","Olfr721-ps1"
"rna_counts","Slc4a7"
"rna_counts","Nek10"
"rna_counts","B230110C06Rik"
"rna_counts","Ngly1"
"rna_counts","5430414B19Rik"
"rna_counts","Top2b"
"rna_counts","Tpi-rs9"
"rna_counts","Thrb"
"rna_counts","Nkiras1"
"rna_counts","4930469B13Rik"
"rna_counts","Nid2"
"rna_counts","D14Ertd670e"
"rna_counts","Nudt13"
"rna_counts","Fam149b"
"rna_counts","7330404K18Rik"
"rna_counts","1810062O18Rik"
"rna_counts","2810402E24Rik"
"rna_counts","Sec24c"
"rna_counts","Mir6946"
"rna_counts","Fut11"
"rna_counts","Chchd1"
"rna_counts","Zswim8"
"rna_counts","Plau"
"rna_counts","Vcl"
"rna_counts","Adk"
"rna_counts","Kat6b"
"rna_counts","Samd8"
"rna_counts","Vdac2"
"rna_counts","A430057M04Rik"
"rna_counts","C130012C08Rik"
"rna_counts","Lrmda"
"rna_counts","5430425E15Rik"
"rna_counts","4930519K11Rik"
"rna_counts","AC163638.2"
"rna_counts","Mir7210"
"rna_counts","E330034G19Rik"
"rna_counts","AC161374.3"
"rna_counts","AC161374.2"
"rna_counts","AC161374.1"
"rna_counts","AC154573.1"
"rna_counts","4930428N03Rik"
"rna_counts","Zmiz1"
"rna_counts","Mir3075"
"rna_counts","Ppif"
"rna_counts","Anxa11"
"rna_counts","Cphx1"
"rna_counts","Duxbl1"
"rna_counts","Cphx2"
"rna_counts","Cphx3"
"rna_counts","Duxbl2"
"rna_counts","Duxbl3"
"rna_counts","4933413J09Rik"
"rna_counts","Slmapos2"
"rna_counts","Dennd6a"
"rna_counts","Arf4"
"rna_counts","9930004E17Rik"
"rna_counts","Dnah12"
"rna_counts","Asb14"
"rna_counts","Hesx1"
"rna_counts","Il17rd"
"rna_counts","Arhgef3"
"rna_counts","Tasor"
"rna_counts","Erc2"
"rna_counts","Wnt5a"
"rna_counts","Lrtm1"
"rna_counts","Selenok"
"rna_counts","Actr8"
"rna_counts","Mir6947"
"rna_counts","Chdh"
"rna_counts","Dcp1a"
"rna_counts","Tkt"
"rna_counts","Mir3076"
"rna_counts","Rft1"
"rna_counts","Sfmbt1"
"rna_counts","Stimate"
"rna_counts","Mustn1"
"rna_counts","Itih4"
"rna_counts","Nek4"
"rna_counts","Glt8d1"
"rna_counts","Pbrm1"
"rna_counts","Nt5dc2"
"rna_counts","Tnnc1"
"rna_counts","Sema3g"
"rna_counts","Bap1"
"rna_counts","Capn7"
"rna_counts","Eaf1"
"rna_counts","Btd"
"rna_counts","D830044D21Rik"
"rna_counts","Galnt15"
"rna_counts","Oxnad1"
"rna_counts","Msmb"
"rna_counts","Ncoa4"
"rna_counts","Parg"
"rna_counts","Ogdhl"
"rna_counts","Ercc6"
"rna_counts","Prrxl1"
"rna_counts","Tmem273"
"rna_counts","Fam170b"
"rna_counts","Vstm4"
"rna_counts","Lrrc18"
"rna_counts","Arhgap22"
"rna_counts","Frmpd2"
"rna_counts","Ptpn20"
"rna_counts","Gdf10"
"rna_counts","Gdf2"
"rna_counts","Rbp3"
"rna_counts","Antxrl"
"rna_counts","Anxa8"
"rna_counts","Syt15"
"rna_counts","Glud1"
"rna_counts","Mmrn2"
"rna_counts","Wapl"
"rna_counts","A930038B10Rik"
"rna_counts","Grid1"
"rna_counts","Mir346"
"rna_counts","4930474N05Rik"
"rna_counts","Lrit1"
"rna_counts","Lrit2"
"rna_counts","Nrg3os"
"rna_counts","1700109I08Rik"
"rna_counts","Eif1-ps1"
"rna_counts","Dydc1"
"rna_counts","Mat1a"
"rna_counts","Sftpa1"
"rna_counts","Mbl1"
"rna_counts","1700049E17Rik2"
"rna_counts","1700049E17Rik1"
"rna_counts","1700024B05Rik"
"rna_counts","Ang-ps2"
"rna_counts","Ang-ps3"
"rna_counts","Ang5"
"rna_counts","Ear-ps10"
"rna_counts","Ear-ps2"
"rna_counts","Ear2"
"rna_counts","BC061237"
"rna_counts","Ptger2"
"rna_counts","Gpr137c"
"rna_counts","Psmc6"
"rna_counts","Styx"
"rna_counts","4930527F14Rik"
"rna_counts","E130120K24Rik"
"rna_counts","Cdkn3"
"rna_counts","Cgrrf1"
"rna_counts","Samd4"
"rna_counts","Socs4"
"rna_counts","Mapk1ip1l"
"rna_counts","Lgals3"
"rna_counts","Fbxo34"
"rna_counts","Ktn1"
"rna_counts","4930447J18Rik"
"rna_counts","Peli2"
"rna_counts","Tmem260"
"rna_counts","4930572G02Rik"
"rna_counts","Otx2os1"
"rna_counts","4933429O19Rik"
"rna_counts","Ap5m1"
"rna_counts","Naa30"
"rna_counts","Olfr727"
"rna_counts","Tlr11"
"rna_counts","Olfr736"
"rna_counts","Olfr738"
"rna_counts","Olfr739"
"rna_counts","Olfr740"
"rna_counts","Olfr741"
"rna_counts","Olfr742"
"rna_counts","Olfr743"
"rna_counts","Olfr744"
"rna_counts","Olfr745"
"rna_counts","Olfr746"
"rna_counts","Olfr748"
"rna_counts","Parp2"
"rna_counts","Apex1"
"rna_counts","Pnp"
"rna_counts","Pnp2"
"rna_counts","Rnase10"
"rna_counts","Rnase4"
"rna_counts","Ang"
"rna_counts","Eddm3b"
"rna_counts","Rnase6"
"rna_counts","Rnase2b"
"rna_counts","Ear14"
"rna_counts","Vmn2r-ps110"
"rna_counts","Vmn2r-ps111"
"rna_counts","Vmn2r88"
"rna_counts","Vmn2r89"
"rna_counts","Ear-ps3"
"rna_counts","AY358078"
"rna_counts","Ear-ps5"
"rna_counts","Ear6"
"rna_counts","Mettl17"
"rna_counts","Slc39a2"
"rna_counts","Tppp2"
"rna_counts","Arhgef40"
"rna_counts","Tmem253"
"rna_counts","Rpgrip1"
"rna_counts","Tox4"
"rna_counts","Trav1"
"rna_counts","Olfr1509"
"rna_counts","Trav2"
"rna_counts","Trav3-1"
"rna_counts","Trav4-1"
"rna_counts","Trav5-1"
"rna_counts","Trav6-1"
"rna_counts","Trav7-1"
"rna_counts","Trav6-2"
"rna_counts","Trav7d-2"
"rna_counts","Trav4d-2"
"rna_counts","Trav6d-3"
"rna_counts","Trav7d-3"
"rna_counts","Trav6d-4"
"rna_counts","Trav7d-4"
"rna_counts","Trav8d-1"
"rna_counts","Trav9d-1"
"rna_counts","Trav6d-5"
"rna_counts","Trav10d"
"rna_counts","Trav6d-6"
"rna_counts","Trav11d"
"rna_counts","Trav7d-5"
"rna_counts","Trav12d-1"
"rna_counts","Trav13d-1"
"rna_counts","Trav14d-1"
"rna_counts","Trav15d-1-dv6d-1"
"rna_counts","Trav3d-2"
"rna_counts","Trav9d-2"
"rna_counts","Trav4d-3"
"rna_counts","Trav5d-2"
"rna_counts","Trav12d-2"
"rna_counts","Trav9d-3"
"rna_counts","Trav5d-3"
"rna_counts","Trav12d-3"
"rna_counts","Trav13d-2"
"rna_counts","Trav14d-2"
"rna_counts","Trav15d-2-dv6d-2"
"rna_counts","Trav3d-3"
"rna_counts","Trav9d-4"
"rna_counts","Trav4d-4"
"rna_counts","Trav5d-4"
"rna_counts","Trav6d-7"
"rna_counts","Trav7d-6"
"rna_counts","Trav13d-3"
"rna_counts","Trav8d-2"
"rna_counts","Trav16d-dv11"
"rna_counts","Trav13d-4"
"rna_counts","Trav14d-3-dv8"
"rna_counts","Trav15d-3"
"rna_counts","Trav7n-4"
"rna_counts","Trav9n-1"
"rna_counts","Trav6n-5"
"rna_counts","Trav10n"
"rna_counts","Trav6n-6"
"rna_counts","Trav11n"
"rna_counts","Trav13n-1"
"rna_counts","Trav15n-1"
"rna_counts","Trav5n-3"
"rna_counts","Trav12n-3"
"rna_counts","Trav9n-4"
"rna_counts","Trav5n-4"
"rna_counts","Trav7n-6"
"rna_counts","Trav13n-3"
"rna_counts","Trav8n-2"
"rna_counts","Trav16n"
"rna_counts","Trav13n-4"
"rna_counts","Trav14n-3"
"rna_counts","Trav15n-3"
"rna_counts","Trav7-2"
"rna_counts","Trav4-2"
"rna_counts","Trav6-3"
"rna_counts","Trav7-3"
"rna_counts","Trav6-4"
"rna_counts","Trav7-4"
"rna_counts","Trav8-1"
"rna_counts","Trav9-1"
"rna_counts","Trav6-5"
"rna_counts","Trav10"
"rna_counts","Trav11"
"rna_counts","Trav7-5"
"rna_counts","Trav12-1"
"rna_counts","Trav13-1"
"rna_counts","Trav14-1"
"rna_counts","Trav15-1-dv6-1"
"rna_counts","Trav3-2"
"rna_counts","Trav9-2"
"rna_counts","Trav4-3"
"rna_counts","Trav5-2"
"rna_counts","Trav12-2"
"rna_counts","Trav12-3"
"rna_counts","Trav13-2"
"rna_counts","Trav14-2"
"rna_counts","Trav15-2-dv6-2"
"rna_counts","Trav3-3"
"rna_counts","Trav9-4"
"rna_counts","Trav4-4-dv10"
"rna_counts","Trav5-4"
"rna_counts","Trav6-7-dv9"
"rna_counts","Trav7-6"
"rna_counts","Trav13-3"
"rna_counts","Trav8-2"
"rna_counts","Trav16"
"rna_counts","Trav13-4-dv7"
"rna_counts","Trav14-3"
"rna_counts","Trav15-3"
"rna_counts","Trav3-4"
"rna_counts","Trav12-4"
"rna_counts","Trav13-5"
"rna_counts","Trav17"
"rna_counts","Trav18"
"rna_counts","Trav19"
"rna_counts","Trav20"
"rna_counts","Trav21-dv12"
"rna_counts","Trdv1"
"rna_counts","Trav22"
"rna_counts","Trdv2-1"
"rna_counts","Trdv2-2"
"rna_counts","Trav23"
"rna_counts","Trdv3"
"rna_counts","Trdv4"
"rna_counts","Trdd1"
"rna_counts","Trdd2"
"rna_counts","Trdj1"
"rna_counts","Trdj2"
"rna_counts","Trdc"
"rna_counts","Traj61"
"rna_counts","Traj60"
"rna_counts","Traj59"
"rna_counts","Traj58"
"rna_counts","Traj57"
"rna_counts","Traj56"
"rna_counts","Traj55"
"rna_counts","Traj54"
"rna_counts","Traj53"
"rna_counts","Traj52"
"rna_counts","Traj51"
"rna_counts","Traj50"
"rna_counts","Traj49"
"rna_counts","Traj48"
"rna_counts","Traj47"
"rna_counts","Traj46"
"rna_counts","Traj45"
"rna_counts","Traj44"
"rna_counts","Traj43"
"rna_counts","Traj42"
"rna_counts","Traj41"
"rna_counts","Traj40"
"rna_counts","Traj39"
"rna_counts","Traj38"
"rna_counts","Traj37"
"rna_counts","Traj36"
"rna_counts","Traj35"
"rna_counts","Traj34"
"rna_counts","Traj33"
"rna_counts","Traj32"
"rna_counts","Traj31"
"rna_counts","Traj30"
"rna_counts","Traj29"
"rna_counts","Traj28"
"rna_counts","Traj27"
"rna_counts","Traj26"
"rna_counts","Traj25"
"rna_counts","Traj24"
"rna_counts","Traj23"
"rna_counts","Traj22"
"rna_counts","Traj21"
"rna_counts","Traj20"
"rna_counts","Traj19"
"rna_counts","Traj18"
"rna_counts","Traj17"
"rna_counts","Traj16"
"rna_counts","Traj15"
"rna_counts","Traj14"
"rna_counts","Traj13"
"rna_counts","Traj12"
"rna_counts","Traj11"
"rna_counts","Traj9"
"rna_counts","Traj8"
"rna_counts","Traj7"
"rna_counts","Traj6"
"rna_counts","Traj5"
"rna_counts","Traj4"
"rna_counts","Traj3"
"rna_counts","Traj2"
"rna_counts","Traj1"
"rna_counts","Trac"
"rna_counts","Abhd4"
"rna_counts","Oxa1l"
"rna_counts","Mrpl52"
"rna_counts","Mmp14"
"rna_counts","5430430K15Rik"
"rna_counts","Lrp10"
"rna_counts","Rem2"
"rna_counts","Psmb11"
"rna_counts","4930579G18Rik"
"rna_counts","1700123O20Rik"
"rna_counts","Rnf212b"
"rna_counts","Bcl2l2"
"rna_counts","Pabpn1"
"rna_counts","Il25"
"rna_counts","Cmtm5"
"rna_counts","Mhrt"
"rna_counts","Ngdn"
"rna_counts","Zfhx2os"
"rna_counts","Thtpa"
"rna_counts","Dhrs2"
"rna_counts","Dhrs4"
"rna_counts","Carmil3"
"rna_counts","Cpne6"
"rna_counts","Pck2"
"rna_counts","Dcaf11"
"rna_counts","Fitm1"
"rna_counts","Psme1"
"rna_counts","Rnf31"
"rna_counts","Irf9"
"rna_counts","Rec8"
"rna_counts","Tssk4"
"rna_counts","Nop9"
"rna_counts","Ltb4r2"
"rna_counts","Ltb4r1"
"rna_counts","Nfatc4"
"rna_counts","Nynrin"
"rna_counts","Khnyn"
"rna_counts","Cma2"
"rna_counts","Mcpt1"
"rna_counts","Mcpt2"
"rna_counts","Atp12a"
"rna_counts","Rnf17"
"rna_counts","Parp4"
"rna_counts","Mphosph8"
"rna_counts","2410022M11Rik"
"rna_counts","Zmym2"
"rna_counts","B020004C17Rik"
"rna_counts","Ift88"
"rna_counts","Il17d"
"rna_counts","1700039M10Rik"
"rna_counts","Sap18"
"rna_counts","Mir3077"
"rna_counts","Mrpl57"
"rna_counts","3110083C13Rik"
"rna_counts","Fgf9"
"rna_counts","Rcbtb1"
"rna_counts","Cab39l"
"rna_counts","Shisa2"
"rna_counts","4930563I02Rik"
"rna_counts","Mtmr6"
"rna_counts","Amer2"
"rna_counts","Spata13"
"rna_counts","C1qtnf9"
"rna_counts","Mipep"
"rna_counts","Sacs"
"rna_counts","Arl11"
"rna_counts","4930556J02Rik"
"rna_counts","Vmn1r-ps136"
"rna_counts","Trim13"
"rna_counts","Kcnrg"
"rna_counts","Rnaseh2b"
"rna_counts","Fam124a"
"rna_counts","Serpine3"
"rna_counts","Wdfy2"
"rna_counts","Mir8098"
"rna_counts","Mir6541"
"rna_counts","n-R5s47"
"rna_counts","Defb47"
"rna_counts","Defb43"
"rna_counts","Defb42"
"rna_counts","Ctsb"
"rna_counts","Fam167a"
"rna_counts","Xkr6"
"rna_counts","Mir598"
"rna_counts","Pinx1"
"rna_counts","Sox7"
"rna_counts","Rp1l1"
"rna_counts","Prss51"
"rna_counts","Prss52"
"rna_counts","9630015K15Rik"
"rna_counts","Mir124a-1hg"
"rna_counts","Mir124a-1"
"rna_counts","Mir3078"
"rna_counts","Kif13b"
"rna_counts","Ints9"
"rna_counts","Fbxo16"
"rna_counts","Zfp395"
"rna_counts","Nuggc"
"rna_counts","Scara5"
"rna_counts","Pbk"
"rna_counts","Ccdc25"
"rna_counts","Clu"
"rna_counts","Chrna2"
"rna_counts","Trim35"
"rna_counts","Stmn4"
"rna_counts","Adra1a"
"rna_counts","Pnma2"
"rna_counts","4930578I07Rik"
"rna_counts","Ebf2"
"rna_counts","Kctd9"
"rna_counts","Gnrh1"
"rna_counts","Nefl"
"rna_counts","Stc1"
"rna_counts","Nkx2-6"
"rna_counts","Nkx3-1"
"rna_counts","Entpd4"
"rna_counts","Loxl2"
"rna_counts","Mir6950"
"rna_counts","Tnfrsf10b"
"rna_counts","Pebp4"
"rna_counts","Egr3"
"rna_counts","Bin3"
"rna_counts","Mir320"
"rna_counts","Phyhip"
"rna_counts","Lgi3"
"rna_counts","Reep4"
"rna_counts","Hr"
"rna_counts","Nudt18"
"rna_counts","Dok2"
"rna_counts","2410012E07Rik"
"rna_counts","Gfra2"
"rna_counts","4930429C20Rik"
"rna_counts","4930434J06Rik"
"rna_counts","Rcbtb2"
"rna_counts","Lpar6"
"rna_counts","Med4"
"rna_counts","Sucla2"
"rna_counts","4933402J15Rik"
"rna_counts","Htr2a"
"rna_counts","Esd"
"rna_counts","Rubcnl"
"rna_counts","Lcp1"
"rna_counts","Cpb2"
"rna_counts","Zc3h13"
"rna_counts","Siah3"
"rna_counts","Erich6b"
"rna_counts","Tpt1"
"rna_counts","Snora31"
"rna_counts","Kctd4"
"rna_counts","Nufip1"
"rna_counts","2900040C04Rik"
"rna_counts","Tsc22d1"
"rna_counts","E130202H07Rik"
"rna_counts","1700108F19Rik"
"rna_counts","4930431P22Rik"
"rna_counts","Ccdc122"
"rna_counts","Enox1"
"rna_counts","n-R5s48"
"rna_counts","Epsti1"
"rna_counts","Vwa8"
"rna_counts","Mtrf1"
"rna_counts","Kbtbd7"
"rna_counts","Kbtbd6"
"rna_counts","Elf1"
"rna_counts","Sugt1"
"rna_counts","4930452G13Rik"
"rna_counts","Mir759"
"rna_counts","Olfm4"
"rna_counts","Cyp2c73-ps"
"rna_counts","Pcdh17"
"rna_counts","4930529K09Rik"
"rna_counts","Tdrd3"
"rna_counts","4930474H20Rik"
"rna_counts","Spertl"
"rna_counts","Bora"
"rna_counts","Pibf1"
"rna_counts","Klf5"
"rna_counts","4930517O19Rik"
"rna_counts","6330576A10Rik"
"rna_counts","Hspd1-ps5"
"rna_counts","Uchl3"
"rna_counts","Lmo7"
"rna_counts","Acod1"
"rna_counts","Cln5"
"rna_counts","1700087I21Rik"
"rna_counts","Scel"
"rna_counts","Slain1"
"rna_counts","D130009I18Rik"
"rna_counts","Ndfip2"
"rna_counts","5430440P10Rik"
"rna_counts","4930449E01Rik"
"rna_counts","9330188P03Rik"
"rna_counts","Trim52"
"rna_counts","n-R5s50"
"rna_counts","Slitrk5"
"rna_counts","AC102368.2"
"rna_counts","AC102368.1"
"rna_counts","Tpm3-rs7"
"rna_counts","4930524C18Rik"
"rna_counts","Mir17hg"
"rna_counts","Mir17"
"rna_counts","Mir18"
"rna_counts","Mir19a"
"rna_counts","Mir20a"
"rna_counts","Mir19b-1"
"rna_counts","Mir92-1"
"rna_counts","Gpc5"
"rna_counts","Gpc6"
"rna_counts","4930435M08Rik"
"rna_counts","Gpr180"
"rna_counts","4933431J24Rik"
"rna_counts","Mir6241"
"rna_counts","1700044C05Rik"
"rna_counts","Cldn10"
"rna_counts","Dnajc3"
"rna_counts","Hs6st3"
"rna_counts","1700006F04Rik"
"rna_counts","4930404K13Rik"
"rna_counts","Mbnl2"
"rna_counts","Rap2a"
"rna_counts","Ipo5"
"rna_counts","Farp1"
"rna_counts","B930095G15Rik"
"rna_counts","Ubac2"
"rna_counts","Timm8a2"
"rna_counts","Tm9sf2"
"rna_counts","Clybl"
"rna_counts","Zic2"
"rna_counts","Pcca"
"rna_counts","4930594M22Rik"
"rna_counts","AA536875"
"rna_counts","Itgbl1"
"rna_counts","1700024B18Rik"
"rna_counts","Olfr277-ps1"
"rna_counts","Esd-ps"
"rna_counts","Dnase1l3"
"rna_counts","Pdhb"
"rna_counts","Acox2"
"rna_counts","Fam107a"
"rna_counts","Oit1"
"rna_counts","4930452B06Rik"
"rna_counts","Fhit"
"rna_counts","Fezf2"
"rna_counts","Cadps"
"rna_counts","n-R5s45"
"rna_counts","Thoc7"
"rna_counts","Psmd6"
"rna_counts","Olfr720"
"rna_counts","4921522A10Rik"
"rna_counts","Lrrc3b"
"rna_counts","1700062C10Rik"
"rna_counts","Oxsm"
"rna_counts","Rarb"
"rna_counts","Nr1d2"
"rna_counts","Ube2e1"
"rna_counts","Ube2e2"
"rna_counts","Rtraf"
"rna_counts","Gng2"
"rna_counts","Saysd1"
"rna_counts","Kcnk5"
"rna_counts","Kcnk16"
"rna_counts","Ecd"
"rna_counts","Dnajc9"
"rna_counts","Mrps16"
"rna_counts","Cfap70"
"rna_counts","Anxa7"
"rna_counts","Mss51"
"rna_counts","Ppp3cb"
"rna_counts","Usp54"
"rna_counts","Myoz1"
"rna_counts","Synpo2l"
"rna_counts","6230400D17Rik"
"rna_counts","Ndst2"
"rna_counts","Camk2g"
"rna_counts","Ap3m1"
"rna_counts","Dupd1"
"rna_counts","Dusp13"
"rna_counts","Comtd1"
"rna_counts","4931407E12Rik"
"rna_counts","Zfp503"
"rna_counts","4930405A10Rik"
"rna_counts","Kcnma1"
"rna_counts","AC163638.1"
"rna_counts","Dlg5"
"rna_counts","AC163638.3"
"rna_counts","Polr3a"
"rna_counts","4930542C16Rik"
"rna_counts","4930572O13Rik"
"rna_counts","Zmiz1os1"
"rna_counts","Ppifos"
"rna_counts","1700054O19Rik"
"rna_counts","Zcchc24"
"rna_counts","Anxa11os"
"rna_counts","Plac9a"
"rna_counts","Tmem254a"
"rna_counts","Tmem254c"
"rna_counts","Plac9b"
"rna_counts","Tmem254b"
"rna_counts","Crb1-ps"
"rna_counts","Slmap"
"rna_counts","Arf4os"
"rna_counts","Pde12"
"rna_counts","Mir7672"
"rna_counts","Appl1"
"rna_counts","Ccdc66"
"rna_counts","Cacna2d3"
"rna_counts","Il17rb"
"rna_counts","Cacna1d"
"rna_counts","Prkcd"
"rna_counts","1700087M22Rik"
"rna_counts","Itih3"
"rna_counts","Itih1"
"rna_counts","Spcs1"
"rna_counts","Gnl3"
"rna_counts","Snord69"
"rna_counts","Snord19"
"rna_counts","Smim4"
"rna_counts","Stab1"
"rna_counts","Nisch"
"rna_counts","Phf7"
"rna_counts","Dnah1"
"rna_counts","Sh3bp5"
"rna_counts","Mettl6"
"rna_counts","Colq"
"rna_counts","Hacl1"
"rna_counts","Ankrd28"
"rna_counts","4930425P05Rik"
"rna_counts","Dph3"
"rna_counts","Timm23"
"rna_counts","1700024G13Rik"
"rna_counts","Chat"
"rna_counts","Slc18a3"
"rna_counts","3425401B19Rik"
"rna_counts","Wdfy4"
"rna_counts","Mapk8"
"rna_counts","4930503F20Rik"
"rna_counts","Zfp488"
"rna_counts","A630023A22Rik"
"rna_counts","Npy4r"
"rna_counts","Gprin2"
"rna_counts","Shld2"
"rna_counts","Fam25c"
"rna_counts","Sncg"
"rna_counts","Bmpr1a"
"rna_counts","9230112D13Rik"
"rna_counts","Ldb3"
"rna_counts","Opn4"
"rna_counts","5830448L01Rik"
"rna_counts","4930596D02Rik"
"rna_counts","n-R5s46"
"rna_counts","Ccser2"
"rna_counts","Rgr"
"rna_counts","Cdhr1"
"rna_counts","2610528A11Rik"
"rna_counts","Ghitm"
"rna_counts","Nrg3"
"rna_counts","Sh2d4b"
"rna_counts","Tspan14"
"rna_counts","Prxl2a"
"rna_counts","Dydc2"
"rna_counts","Sftpd"
"rna_counts","1700091H14Rik"
"rna_counts","Cdv3-ps"
"rna_counts","1700001F09Rik"
"rna_counts","Ear1"
"rna_counts","Ear-ps12"
"rna_counts","Ear-ps9"
"rna_counts","Ear-ps8"
"rna_counts","Ear10"
"rna_counts","Ear-ps7"
"rna_counts","Ang6"
"rna_counts","Ang-ps1"
"rna_counts","4930503E14Rik"
"rna_counts","1700047E10Rik"
"rna_counts","AC160336.1"
"rna_counts","Ptgdr"
"rna_counts","Mir327"
"rna_counts","4930431P03Rik"
"rna_counts","Txndc16"
"rna_counts","Ero1l"
"rna_counts","Gnpnat1"
"rna_counts","Fermt2"
"rna_counts","9630050E16Rik"
"rna_counts","Ddhd1"
"rna_counts","Mir5131"
"rna_counts","A530076I17Rik"
"rna_counts","Bmp4"
"rna_counts","Rubie"
"rna_counts","4933425B07Rik"
"rna_counts","D330046F09Rik"
"rna_counts","Cnih1"
"rna_counts","2810457G06Rik"
"rna_counts","Mir378c"
"rna_counts","Gch1"
"rna_counts","Wdhd1"
"rna_counts","Dlgap5"
"rna_counts","Atg14"
"rna_counts","4930538L07Rik"
"rna_counts","9530086P17Rik"
"rna_counts","1700128I11Rik"
"rna_counts","Otx2"
"rna_counts","Exoc5"
"rna_counts","ccdc198"
"rna_counts","Slc35f4"
"rna_counts","Armh4"
"rna_counts","Olfr722"
"rna_counts","Olfr723"
"rna_counts","Olfr724"
"rna_counts","Olfr725"
"rna_counts","Olfr726"
"rna_counts","Olfr728"
"rna_counts","Olfr729"
"rna_counts","Olfr730"
"rna_counts","Olfr731"
"rna_counts","Olfr732"
"rna_counts","Olfr733"
"rna_counts","Olfr734"
"rna_counts","Olfr735"
"rna_counts","Olfr737-ps1"
"rna_counts","Olfr747"
"rna_counts","Olfr749"
"rna_counts","Ttc5"
"rna_counts","Ccnb1ip1"
"rna_counts","Rpph1"
"rna_counts","Tep1"
"rna_counts","Klhl33"
"rna_counts","Osgep"
"rna_counts","Pip4p1"
"rna_counts","Rnase9"
"rna_counts","Rnase11"
"rna_counts","Rnase12"
"rna_counts","Olfr750"
"rna_counts","1810028F09Rik"
"rna_counts","Rnase1"
"rna_counts","Ear-ps1"
"rna_counts","Ang2"
"rna_counts","Rnase2a"
"rna_counts","4930597G03Rik"
"rna_counts","Ang4"
"rna_counts","Ear-ps4"
"rna_counts","Ndrg2"
"rna_counts","Rnase13"
"rna_counts","Zfp219"
"rna_counts","Olfr221"
"rna_counts","Hnrnpc"
"rna_counts","Supt16"
"rna_counts","Chd8"
"rna_counts","Snord8"
"rna_counts","Rab2b"
"rna_counts","Mettl3"
"rna_counts","Sall2"
"rna_counts","Olfr1513"
"rna_counts","Olfr1512"
"rna_counts","Olfr1511"
"rna_counts","Olfr1510"
"rna_counts","Olfr1508"
"rna_counts","Olfr1507"
"rna_counts","Trdv5"
"rna_counts","Dad1"
"rna_counts","Olfr49"
"rna_counts","5330426L24Rik"
"rna_counts","Slc7a7"
"rna_counts","Prmt5"
"rna_counts","Haus4"
"rna_counts","Ajuba"
"rna_counts","4931414P19Rik"
"rna_counts","Psmb5"
"rna_counts","Mir686"
"rna_counts","Cdh24"
"rna_counts","Acin1"
"rna_counts","Mir6948"
"rna_counts","Cebpe"
"rna_counts","Slc7a8"
"rna_counts","Homez"
"rna_counts","Ppp1r3e"
"rna_counts","Slc22a17"
"rna_counts","Efs"
"rna_counts","Myh6"
"rna_counts","Mir208a"
"rna_counts","Myh7"
"rna_counts","Mir208b"
"rna_counts","Zfhx2"
"rna_counts","Ap1g2"
"rna_counts","Jph4"
"rna_counts","Nrl"
"rna_counts","A730061H03Rik"
"rna_counts","Emc9"
"rna_counts","Psme2"
"rna_counts","Ipo4"
"rna_counts","Tm9sf1"
"rna_counts","Mdp1"
"rna_counts","Nedd8"
"rna_counts","Tinf2"
"rna_counts","Tgm1"
"rna_counts","Rabggta"
"rna_counts","Dhrs1"
"rna_counts","Cideb"
"rna_counts","Adcy4"
"rna_counts","Ripk3"
"rna_counts","Cbln3"
"rna_counts","Sdr39u1"
"rna_counts","Cma1"
"rna_counts","Mcpt-ps1"
"rna_counts","Mcpt9"
"rna_counts","Mcpt4"
"rna_counts","Mcpt8"
"rna_counts","Mir6949"
"rna_counts","Ctsg"
"rna_counts","Gzme"
"rna_counts","Gzmd"
"rna_counts","Gzmg"
"rna_counts","Gzmn"
"rna_counts","Gzmf"
"rna_counts","Gzmc"
"rna_counts","Gzmb"
"rna_counts","Cenpj"
"rna_counts","Pspc1"
"rna_counts","Zmym5"
"rna_counts","Gja3"
"rna_counts","Gjb2"
"rna_counts","Gjb6"
"rna_counts","Cryl1"
"rna_counts","Ift88os"
"rna_counts","Eef1akmt1"
"rna_counts","Xpo4"
"rna_counts","Lats2"
"rna_counts","Ska3"
"rna_counts","Zdhhc20"
"rna_counts","Micu2"
"rna_counts","1700129C05Rik"
"rna_counts","Phf11"
"rna_counts","Phf11a"
"rna_counts","Phf11b"
"rna_counts","Phf11d"
"rna_counts","Phf11c"
"rna_counts","Setdb2"
"rna_counts","Cdadc1"
"rna_counts","Atp8a2"
"rna_counts","Nupl1"
"rna_counts","Mir719"
"rna_counts","Mipepos"
"rna_counts","Tnfrsf19"
"rna_counts","Sgcg"
"rna_counts","1700109G14Rik"
"rna_counts","Ebpl"
"rna_counts","Kpna3"
"rna_counts","Spryd7"
"rna_counts","Dleu2"
"rna_counts","Mir16-1"
"rna_counts","Mir15a"
"rna_counts","Dleu7"
"rna_counts","Gucy1b2"
"rna_counts","Ints6"
"rna_counts","Defb48"
"rna_counts","Defb30"
"rna_counts","Fdft1"
"rna_counts","Neil2"
"rna_counts","Gata4"
"rna_counts","Blk"
"rna_counts","Tdh"
"rna_counts","Mtmr9"
"rna_counts","4930578I06Rik"
"rna_counts","Prss55"
"rna_counts","4930471C04Rik"
"rna_counts","Msra"
"rna_counts","Hmbox1"
"rna_counts","Extl3"
"rna_counts","Fzd3"
"rna_counts","Pnoc"
"rna_counts","Elp3"
"rna_counts","Esco2"
"rna_counts","Scara3"
"rna_counts","Gulo"
"rna_counts","Adam2"
"rna_counts","Ephx2"
"rna_counts","Ptk2b"
"rna_counts","1700001G11Rik"
"rna_counts","Dpysl2"
"rna_counts","Bnip3l"
"rna_counts","Ppp2r2a"
"rna_counts","1700120O09Rik"
"rna_counts","4930438E09Rik"
"rna_counts","Cdca2"
"rna_counts","Dock5"
"rna_counts","Mir6539"
"rna_counts","Nefm"
"rna_counts","Adam7"
"rna_counts","Adamdec1"
"rna_counts","Adam28"
"rna_counts","1700092C10Rik"
"rna_counts","Slc25a37"
"rna_counts","Synb"
"rna_counts","R3hcc1"
"rna_counts","Chmp7"
"rna_counts","Rhobtb2"
"rna_counts","Ccar2"
"rna_counts","9930012K11Rik"
"rna_counts","Pdlim2"
"rna_counts","Sorbs3"
"rna_counts","Ppp3cc"
"rna_counts","Slc39a14"
"rna_counts","Piwil2"
"rna_counts","Polr3d"
"rna_counts","Bmp1"
"rna_counts","Sftpc"
"rna_counts","Fam160b2"
"rna_counts","Dmtn"
"rna_counts","Fgf17"
"rna_counts","Npm2"
"rna_counts","Xpo7"
"rna_counts","Mlnr-ps"
"rna_counts","Fndc3a"
"rna_counts","Cysltr2"
"rna_counts","Rb1"
"rna_counts","Mir687"
"rna_counts","Itm2b"
"rna_counts","Nudt15"
"rna_counts","Cbx3-ps6"
"rna_counts","Lrch1"
"rna_counts","Lrrc63"
"rna_counts","Spert"
"rna_counts","Cog3"
"rna_counts","Slc25a30"
"rna_counts","Gtf2f2"
"rna_counts","Gpalpp1"
"rna_counts","Serp2"
"rna_counts","Fkbp1a-ps1"
"rna_counts","Lacc1"
"rna_counts","Dnajc15"
"rna_counts","Fam216b"
"rna_counts","Mir1971"
"rna_counts","Tnfsf11"
"rna_counts","Akap11"
"rna_counts","Dgkh"
"rna_counts","Zfp957"
"rna_counts","Rgcc"
"rna_counts","Naa16"
"rna_counts","Wbp4"
"rna_counts","Cnmd"
"rna_counts","Pcdh8"
"rna_counts","9630013A20Rik"
"rna_counts","Diaph3"
"rna_counts","Pcdh20"
"rna_counts","4930433E05Rik"
"rna_counts","Pcdh9"
"rna_counts","C230086J09Rik"
"rna_counts","Klhl1"
"rna_counts","Gnb1-ps2"
"rna_counts","Dach1"
"rna_counts","Mzt1"
"rna_counts","Dis3"
"rna_counts","Klf12"
"rna_counts","Prr30"
"rna_counts","Tbc1d4"
"rna_counts","Commd6"
"rna_counts","Kctd12"
"rna_counts","Mir5130"
"rna_counts","4933432I03Rik"
"rna_counts","Fbxl3"
"rna_counts","Mycbp2"
"rna_counts","Slain1os"
"rna_counts","Ednrb"
"rna_counts","4930432J09Rik"
"rna_counts","D130079A08Rik"
"rna_counts","Pou4f1"
"rna_counts","Rnf219"
"rna_counts","Rbm26"
"rna_counts","Mir6390"
"rna_counts","Spry2"
"rna_counts","Frg2f4"
"rna_counts","1700128A07Rik"
"rna_counts","Slitrk1"
"rna_counts","Slitrk6"
"rna_counts","1700100I10Rik"
"rna_counts","4930505G20Rik"
"rna_counts","Mir6239"
"rna_counts","Dct"
"rna_counts","Tgds"
"rna_counts","Sox21"
"rna_counts","Abcc4"
"rna_counts","Mir6391"
"rna_counts","n-R5s51"
"rna_counts","Dzip1"
"rna_counts","Uggt2"
"rna_counts","Oxgr1"
"rna_counts","Stk24"
"rna_counts","Slc15a1"
"rna_counts","Dock9"
"rna_counts","1810041H14Rik"
"rna_counts","Gpr18"
"rna_counts","Gpr183"
"rna_counts","A330035P11Rik"
"rna_counts","1700108J01Rik"
"rna_counts","Zic5"
"rna_counts","2610035F20Rik"
"rna_counts","Ggact"
"rna_counts","Tmtc4"
"rna_counts","Nalcn"
"rna_counts","Fgf14"
"rna_counts","4930404O17Rik"
"rna_counts","Selenop"
"rna_counts","Oxct1"
"rna_counts","Plcxd3"
"rna_counts","C6"
"rna_counts","Mroh2b"
"rna_counts","Snord72"
"rna_counts","Prkaa1"
"rna_counts","Ttc33"
"rna_counts","5430437J10Rik"
"rna_counts","Dab2"
"rna_counts","C9"
"rna_counts","Fyb"
"rna_counts","Rictor"
"rna_counts","Lifr"
"rna_counts","Gdnf"
"rna_counts","Nup155"
"rna_counts","Cplane1"
"rna_counts","Ranbp3l"
"rna_counts","Nadk2"
"rna_counts","Lmbrd2"
"rna_counts","Ugt3a1"
"rna_counts","Ugt3a2"
"rna_counts","Capsl"
"rna_counts","Prlr"
"rna_counts","Agxt2"
"rna_counts","Rad1"
"rna_counts","4930556M19Rik"
"rna_counts","C1qtnf3"
"rna_counts","Amacr"
"rna_counts","Slc45a2"
"rna_counts","Adamts12"
"rna_counts","1700047G03Rik"
"rna_counts","Zfr"
"rna_counts","Mir1898"
"rna_counts","Mtmr12"
"rna_counts","Golph3"
"rna_counts","Drosha"
"rna_counts","4930557F08Rik"
"rna_counts","Cdh9"
"rna_counts","Cdh10"
"rna_counts","Cdh12"
"rna_counts","Cdh18"
"rna_counts","Myo10"
"rna_counts","Retreg1"
"rna_counts","Mir7212"
"rna_counts","Zfp622"
"rna_counts","March11"
"rna_counts","Ank"
"rna_counts","Tiaf2"
"rna_counts","B230362B09Rik"
"rna_counts","Mir7117"
"rna_counts","Dnah5"
"rna_counts","Ctnnd2"
"rna_counts","4930430F21Rik"
"rna_counts","Dap"
"rna_counts","Fam136b-ps"
"rna_counts","Cmbl"
"rna_counts","Atpsckmt"
"rna_counts","Tas2r119"
"rna_counts","4930518I17Rik"
"rna_counts","Sema5a"
"rna_counts","Sdc2"
"rna_counts","Cpq"
"rna_counts","Mtdh"
"rna_counts","9930017N22Rik"
"rna_counts","Laptm4b"
"rna_counts","Matn2"
"rna_counts","D730044K07Rik"
"rna_counts","Erich5"
"rna_counts","Pop1"
"rna_counts","4930413F20Rik"
"rna_counts","Kcns2"
"rna_counts","Osr2"
"rna_counts","Vps13b"
"rna_counts","9130002K18Rik"
"rna_counts","Polr2k"
"rna_counts","Spag1"
"rna_counts","Grhl2"
"rna_counts","4930447A16Rik"
"rna_counts","Odf1"
"rna_counts","Atp6v1c1"
"rna_counts","Baalc"
"rna_counts","Fzd6"
"rna_counts","Cthrc1"
"rna_counts","Dcaf13"
"rna_counts","Rims2"
"rna_counts","Dcstamp"
"rna_counts","AU022793"
"rna_counts","9330182O14Rik"
"rna_counts","Zfpm2"
"rna_counts","4930555K19Rik"
"rna_counts","Oxr1"
"rna_counts","Emc2"
"rna_counts","Trhr"
"rna_counts","Eny2"
"rna_counts","Pkhd1l1"
"rna_counts","Ebag9"
"rna_counts","A930017M01Rik"
"rna_counts","AC099642.1"
"rna_counts","1700022A22Rik"
"rna_counts","4930548G14Rik"
"rna_counts","Utp23"
"rna_counts","Aard"
"rna_counts","Slc30a8"
"rna_counts","Med30"
"rna_counts","1700015H07Rik"
"rna_counts","Colec10"
"rna_counts","Mal2"
"rna_counts","Ccn3"
"rna_counts","Deptor"
"rna_counts","Col14a1"
"rna_counts","Mtbp"
"rna_counts","Has2os"
"rna_counts","Zhx2"
"rna_counts","Tbc1d31"
"rna_counts","Fam83a"
"rna_counts","Wdyhv1"
"rna_counts","Fam91a1"
"rna_counts","Fer1l6"
"rna_counts","Trmt12"
"rna_counts","Rnf139"
"rna_counts","Ndufb9"
"rna_counts","4930544F09Rik"
"rna_counts","Zfp572"
"rna_counts","Sqle"
"rna_counts","Nsmce2"
"rna_counts","Trib1"
"rna_counts","9930014A18Rik"
"rna_counts","4930402D18Rik"
"rna_counts","Myc"
"rna_counts","Pvt1"
"rna_counts","Tsg101-ps"
"rna_counts","4930449C09Rik"
"rna_counts","1700065I16Rik"
"rna_counts","Gsdmcl1"
"rna_counts","Gsdmcl2"
"rna_counts","Gsdmcl-ps"
"rna_counts","1700010G06Rik"
"rna_counts","Efr3a"
"rna_counts","Phf20l1"
"rna_counts","Tg"
"rna_counts","Ccn4"
"rna_counts","1700012I11Rik"
"rna_counts","Khdrbs3"
"rna_counts","4930504C09Rik"
"rna_counts","Chrac1"
"rna_counts","1700085D07Rik"
"rna_counts","Dennd3"
"rna_counts","1700010B13Rik"
"rna_counts","Ptp4a3"
"rna_counts","Adgrb1"
"rna_counts","4933427E11Rik"
"rna_counts","Psca"
"rna_counts","Them6"
"rna_counts","Ly6e"
"rna_counts","Ly6g"
"rna_counts","Ly6g2"
"rna_counts","Ly6f"
"rna_counts","Ly6l"
"rna_counts","Gpihbp1"
"rna_counts","Zfp41"
"rna_counts","2810039B14Rik"
"rna_counts","Rhpn1"
"rna_counts","Gsdmd"
"rna_counts","Tigd5"
"rna_counts","Zfp623"
"rna_counts","Zfp707"
"rna_counts","Mapk15"
"rna_counts","Iqank1"
"rna_counts","Grina"
"rna_counts","Mir6953"
"rna_counts","Spatc1"
"rna_counts","Smpd5"
"rna_counts","Exosc4"
"rna_counts","Gpaa1"
"rna_counts","Cyc1"
"rna_counts","Maf1"
"rna_counts","Hgh1"
"rna_counts","Mroh1"
"rna_counts","Mir6954"
"rna_counts","Scx"
"rna_counts","Hsf1"
"rna_counts","Slc52a2"
"rna_counts","Adck5"
"rna_counts","5730521K06Rik"
"rna_counts","Kifc2"
"rna_counts","Ppp1r16a"
"rna_counts","Gpt"
"rna_counts","Mfsd3"
"rna_counts","Lrrc14"
"rna_counts","Zfp7"
"rna_counts","Commd5"
"rna_counts","1110038F14Rik"
"rna_counts","Apol6"
"rna_counts","1700109K24Rik"
"rna_counts","4930571N24Rik"
"rna_counts","Apol10a"
"rna_counts","Apol11a"
"rna_counts","Apol7e"
"rna_counts","Apol9b"
"rna_counts","A730060N03Rik"
"rna_counts","Ncf4"
"rna_counts","Csf2rb"
"rna_counts","Mir7676-2"
"rna_counts","Mpst"
"rna_counts","Kctd17"
"rna_counts","Cyth4"
"rna_counts","1700041B01Rik"
"rna_counts","Cdc42ep1"
"rna_counts","Gga1"
"rna_counts","Mir6955"
"rna_counts","Sh3bp1"
"rna_counts","Pdxp"
"rna_counts","Lgals1"
"rna_counts","Nol12"
"rna_counts","Triobp"
"rna_counts","Mir6956"
"rna_counts","H1f0"
"rna_counts","Gcat"
"rna_counts","Galr3"
"rna_counts","Eif3l"
"rna_counts","Micall1"
"rna_counts","Polr2f"
"rna_counts","Pick1"
"rna_counts","Lgals1-ps2"
"rna_counts","Maff"
"rna_counts","Kdelr3"
"rna_counts","Cby1"
"rna_counts","Tomm22"
"rna_counts","Gtpbp1"
"rna_counts","n-R5s40"
"rna_counts","AC113595.1"
"rna_counts","Apobec3"
"rna_counts","Syngr1"
"rna_counts","Tab1"
"rna_counts","Mgat3"
"rna_counts","Mief1"
"rna_counts","AC140267.1"
"rna_counts","Atf4"
"rna_counts","Cacna1i"
"rna_counts","Grap2"
"rna_counts","Mir6957"
"rna_counts","Fam83f"
"rna_counts","Tnrc6b"
"rna_counts","Mir5113"
"rna_counts","Adsl"
"rna_counts","Sgsm3"
"rna_counts","4930483J18Rik"
"rna_counts","Mchr1"
"rna_counts","Xpnpep3"
"rna_counts","Rbx1"
"rna_counts","Ep300"
"rna_counts","L3mbtl2"
"rna_counts","Zc3h7b"
"rna_counts","Tef"
"rna_counts","Aco2"
"rna_counts","Csdc2"
"rna_counts","Cyp2d67-ps"
"rna_counts","1700029P11Rik"
"rna_counts","Xrcc6"
"rna_counts","4930407I10Rik"
"rna_counts","Mei1"
"rna_counts","Ccdc134"
"rna_counts","Srebf2"
"rna_counts","Mir33"
"rna_counts","1500009C09Rik"
"rna_counts","Sept3"
"rna_counts","Wbp2nl"
"rna_counts","Pheta2"
"rna_counts","Smdt1"
"rna_counts","n-R5s41"
"rna_counts","Cyp2d9"
"rna_counts","Cyp2d32-ps"
"rna_counts","Tdg-ps"
"rna_counts","Cyp2d12"
"rna_counts","Cyp2d33-ps"
"rna_counts","Serhl"
"rna_counts","Rnu12"
"rna_counts","Bik"
"rna_counts","Tspo"
"rna_counts","Mpped1"
"rna_counts","Pnpla3"
"rna_counts","Mir6392"
"rna_counts","Samm50"
"rna_counts","Parvb"
"rna_counts","Parvg"
"rna_counts","Prr5"
"rna_counts","Arhgap8"
"rna_counts","4930513L16Rik"
"rna_counts","Nup50"
"rna_counts","Upk3a"
"rna_counts","Fam118a"
"rna_counts","Ribc2"
"rna_counts","Fbln1"
"rna_counts","Atxn10"
"rna_counts","AU022754"
"rna_counts","Lncppara"
"rna_counts","Mirlet7c-2"
"rna_counts","Mirlet7b"
"rna_counts","Ppara"
"rna_counts","Ttc38"
"rna_counts","Gtse1"
"rna_counts","Trmu"
"rna_counts","Gramd4"
"rna_counts","Tbc1d22a"
"rna_counts","4930543I03Rik"
"rna_counts","n-R5s42"
"rna_counts","A930027H12Rik"
"rna_counts","Tafa5"
"rna_counts","B230214G05Rik"
"rna_counts","Zdhhc25"
"rna_counts","Zbed4"
"rna_counts","Creld2"
"rna_counts","Pim3"
"rna_counts","Mov10l1"
"rna_counts","Panx2"
"rna_counts","Trabd"
"rna_counts","Selenoo"
"rna_counts","Ppp6r2"
"rna_counts","Adm2"
"rna_counts","Miox"
"rna_counts","Ncaph2"
"rna_counts","Klhdc7b"
"rna_counts","C730034F03Rik"
"rna_counts","Mapk8ip2"
"rna_counts","C230037L18Rik"
"rna_counts","Shank3"
"rna_counts","Acr"
"rna_counts","Alg10b"
"rna_counts","Mir7648"
"rna_counts","Tcea1-ps1"
"rna_counts","CN725425"
"rna_counts","4933438A12Rik"
"rna_counts","Lrrk2"
"rna_counts","Smgc"
"rna_counts","Muc19"
"rna_counts","Cntn1"
"rna_counts","Pdzrn4"
"rna_counts","Pphln1"
"rna_counts","Irak4"
"rna_counts","Tmem117"
"rna_counts","Ano6"
"rna_counts","Arid2"
"rna_counts","Pced1b"
"rna_counts","Rapgef3os1"
"rna_counts","Rapgef3os2"
"rna_counts","Slc48a1"
"rna_counts","Tmem106c"
"rna_counts","Pfkm"
"rna_counts","Ccdc184"
"rna_counts","1700031M16Rik"
"rna_counts","Olfr282"
"rna_counts","Olfr281"
"rna_counts","OR5BS1P"
"rna_counts","Olfr279"
"rna_counts","Olfr278-ps1"
"rna_counts","9330020H09Rik"
"rna_counts","4930415O20Rik"
"rna_counts","Cacnb3"
"rna_counts","Ccdc65"
"rna_counts","Wnt1"
"rna_counts","B130046B21Rik"
"rna_counts","5730414N17Rik"
"rna_counts","4930578M01Rik"
"rna_counts","Tuba1c"
"rna_counts","Prph"
"rna_counts","Troap"
"rna_counts","Mir6960"
"rna_counts","Dnajc22"
"rna_counts","Spats2"
"rna_counts","Kcnh3"
"rna_counts","1700120C14Rik"
"rna_counts","Prpf40b"
"rna_counts","Tmbim6"
"rna_counts","Nckap5los"
"rna_counts","Aqp2"
"rna_counts","Aqp5"
"rna_counts","Aqp6"
"rna_counts","Asic1"
"rna_counts","Smarcd1"
"rna_counts","Gpd1"
"rna_counts","Cox14"
"rna_counts","Larp4"
"rna_counts","Dip2b"
"rna_counts","Atf1"
"rna_counts","Tmprss12"
"rna_counts","Mettl7a1"
"rna_counts","Mettl7a3"
"rna_counts","Methig1"
"rna_counts","Mettl7a2"
"rna_counts","Higd1c"
"rna_counts","n-R5s43"
"rna_counts","Letmd1"
"rna_counts","Dazap2"
"rna_counts","Galnt6os"
"rna_counts","Slc4a8"
"rna_counts","Scn8a"
"rna_counts","Ankrd33"
"rna_counts","Acvrl1"
"rna_counts","Acvr1b"
"rna_counts","Mir6962"
"rna_counts","AU021063"
"rna_counts","Grasp"
"rna_counts","Nr4a1"
"rna_counts","Atg101"
"rna_counts","Smim41"
"rna_counts","Mir1941"
"rna_counts","Krt7"
"rna_counts","Krt88"
"rna_counts","Krt86"
"rna_counts","AC120787.1"
"rna_counts","Krt18"
"rna_counts","Eif4b"
"rna_counts","Tns2"
"rna_counts","Igfbp6"
"rna_counts","Soat2"
"rna_counts","Zfp740"
"rna_counts","Mfsd5"
"rna_counts","Espl1"
"rna_counts","Pfdn5"
"rna_counts","Myg1"
"rna_counts","Sp1"
"rna_counts","Amhr2"
"rna_counts","Prr13"
"rna_counts","Pcbp2"
"rna_counts","Tarbp2"
"rna_counts","Hoxc13"
"rna_counts","Hoxc12"
"rna_counts","Hoxc11"
"rna_counts","Hoxc10"
"rna_counts","Hoxc5"
"rna_counts","Mir196a-2"
"rna_counts","Hoxc9"
"rna_counts","Hoxc8"
"rna_counts","Hoxc6"
"rna_counts","Mir615"
"rna_counts","Hoxc4"
"rna_counts","Hnrnpa1"
"rna_counts","Copz1"
"rna_counts","Mir148b"
"rna_counts","Nckap1l"
"rna_counts","Pde1b"
"rna_counts","Ccdc152"
"rna_counts","Ghr"
"rna_counts","Fbxo4"
"rna_counts","AW549877"
"rna_counts","BC037032"
"rna_counts","C7"
"rna_counts","Card6"
"rna_counts","Ptger4"
"rna_counts","Osmr"
"rna_counts","Egflam"
"rna_counts","Wdr70"
"rna_counts","Nipbl"
"rna_counts","Slc1a3"
"rna_counts","Skp2"
"rna_counts","Il7r"
"rna_counts","Spef2"
"rna_counts","Dnajc21"
"rna_counts","Brix1"
"rna_counts","Ttc23l"
"rna_counts","Rai14"
"rna_counts","Rxfp3"
"rna_counts","Tars"
"rna_counts","Npr3"
"rna_counts","Sub1"
"rna_counts","1810049J17Rik"
"rna_counts","Pdzd2"
"rna_counts","F830212C03Rik"
"rna_counts","6030458C11Rik"
"rna_counts","Cdh6"
"rna_counts","4921515E04Rik"
"rna_counts","C030047K22Rik"
"rna_counts","Acot10"
"rna_counts","Hnrnpa1l2-ps2"
"rna_counts","4930540I17Rik"
"rna_counts","9230109A22Rik"
"rna_counts","5830426I08Rik"
"rna_counts","4930445E18Rik"
"rna_counts","Basp1"
"rna_counts","Fbxl7"
"rna_counts","9430068D22Rik"
"rna_counts","Otulin"
"rna_counts","Otulinl"
"rna_counts","Trio"
"rna_counts","Mir3964"
"rna_counts","4930570B17Rik"
"rna_counts","9630009A06Rik"
"rna_counts","Ankrd33b"
"rna_counts","Ropn1l"
"rna_counts","March6"
"rna_counts","Cct5"
"rna_counts","Snhg18"
"rna_counts","Snord123"
"rna_counts","4930465K09Rik"
"rna_counts","1700084J12Rik"
"rna_counts","4930592A05Rik"
"rna_counts","Tspyl5"
"rna_counts","9430069I07Rik"
"rna_counts","Rida"
"rna_counts","Nipal2"
"rna_counts","Stk3"
"rna_counts","BC048602"
"rna_counts","Mir599"
"rna_counts","Mir875"
"rna_counts","Cox6c"
"rna_counts","Rgs22"
"rna_counts","Fbxo43"
"rna_counts","Rnf19a"
"rna_counts","Mir8097"
"rna_counts","Ankrd46"
"rna_counts","Snx31"
"rna_counts","Pabpc1"
"rna_counts","Ywhaz"
"rna_counts","Zfp706"
"rna_counts","Ncald"
"rna_counts","Rrm2b"
"rna_counts","Ubr5"
"rna_counts","Klf10"
"rna_counts","G930009F23Rik"
"rna_counts","Azin1"
"rna_counts","Mir6951"
"rna_counts","2310043O21Rik"
"rna_counts","Siah1-ps2"
"rna_counts","1100001I12Rik"
"rna_counts","Slc25a32"
"rna_counts","n-R5s39"
"rna_counts","Dpys"
"rna_counts","Lrp12"
"rna_counts","Abra"
"rna_counts","Angpt1"
"rna_counts","Rspo2"
"rna_counts","Eif3e"
"rna_counts","Tmem74"
"rna_counts","Nudcd1"
"rna_counts","Sybu"
"rna_counts","Kcnv1"
"rna_counts","4930523O13Rik"
"rna_counts","Csmd3"
"rna_counts","Trps1"
"rna_counts","Mir1907"
"rna_counts","Eif3h"
"rna_counts","Rad21"
"rna_counts","Ext1"
"rna_counts","Samd12"
"rna_counts","Mir28c"
"rna_counts","Tnfrsf11b"
"rna_counts","Enpp2"
"rna_counts","4930478E11Rik"
"rna_counts","Taf2"
"rna_counts","Dscc1"
"rna_counts","1700040F17Rik"
"rna_counts","Mrpl13"
"rna_counts","Sntb1"
"rna_counts","Hba-ps3"
"rna_counts","Has2"
"rna_counts","Slc22a22"
"rna_counts","9330154K18Rik"
"rna_counts","Derl1"
"rna_counts","9130401M01Rik"
"rna_counts","Zhx1"
"rna_counts","Atad2"
"rna_counts","Fbxo32"
"rna_counts","Klhl38"
"rna_counts","Anxa13"
"rna_counts","Tmem65"
"rna_counts","Ube2d4"
"rna_counts","Tatdn1"
"rna_counts","Mtss1"
"rna_counts","Washc5"
"rna_counts","4933412E24Rik"
"rna_counts","Lratd2"
"rna_counts","A1bg"
"rna_counts","D030024E09Rik"
"rna_counts","H2afy3"
"rna_counts","Gsdmc"
"rna_counts","Gsdmc2"
"rna_counts","Gsdmc3"
"rna_counts","Gsdmc4"
"rna_counts","Fam49b"
"rna_counts","Asap1"
"rna_counts","Adcy8"
"rna_counts","Oc90"
"rna_counts","Hhla1"
"rna_counts","Kcnq3"
"rna_counts","Lrrc6"
"rna_counts","Tmem71"
"rna_counts","Sla"
"rna_counts","Ndrg1"
"rna_counts","St3gal1"
"rna_counts","Zfat"
"rna_counts","Mir30b"
"rna_counts","Mir30d"
"rna_counts","4930573C08Rik"
"rna_counts","Fam135b"
"rna_counts","Col22a1"
"rna_counts","Kcnk9"
"rna_counts","Trappc9"
"rna_counts","Peg13"
"rna_counts","Ago2"
"rna_counts","Ptk2"
"rna_counts","Mir151"
"rna_counts","Slc45a4"
"rna_counts","Gpr20"
"rna_counts","Mroh5"
"rna_counts","Ndufb4c"
"rna_counts","AC119183.1"
"rna_counts","Mroh4"
"rna_counts","Arc"
"rna_counts","Jrk"
"rna_counts","Slurp1"
"rna_counts","Lypd2"
"rna_counts","Slurp2"
"rna_counts","Lynx1"
"rna_counts","Ly6d"
"rna_counts","Ly6g6g"
"rna_counts","Ly6k"
"rna_counts","Cyp11b1"
"rna_counts","Cyp11b2"
"rna_counts","Ly6m"
"rna_counts","Ly6i"
"rna_counts","Ly6a"
"rna_counts","Ly6c1"
"rna_counts","Ly6c2"
"rna_counts","Ly6a2"
"rna_counts","9030619P08Rik"
"rna_counts","Ly6h"
"rna_counts","Top1mt"
"rna_counts","Mafa"
"rna_counts","Zc3h3"
"rna_counts","Mroh6"
"rna_counts","Naprt"
"rna_counts","Eef1d"
"rna_counts","Pycrl"
"rna_counts","Tsta3"
"rna_counts","Eif2s3x-ps1"
"rna_counts","Ccdc166"
"rna_counts","Fam83h"
"rna_counts","Scrib"
"rna_counts","Mir6952"
"rna_counts","Puf60"
"rna_counts","Nrbp2"
"rna_counts","Eppk1"
"rna_counts","BC024139"
"rna_counts","Plec"
"rna_counts","Mir1942"
"rna_counts","Parp10"
"rna_counts","Mirt2"
"rna_counts","Mir3079"
"rna_counts","Oplah"
"rna_counts","Sharpin"
"rna_counts","Tssk5"
"rna_counts","Bop1"
"rna_counts","Dgat1"
"rna_counts","Scrt1"
"rna_counts","Tmem249"
"rna_counts","Fbxl6"
"rna_counts","Cpsf1"
"rna_counts","Slc39a4"
"rna_counts","Vps28"
"rna_counts","Tonsl"
"rna_counts","Cyhr1"
"rna_counts","Foxh1"
"rna_counts","Recql4"
"rna_counts","Lrrc24"
"rna_counts","C030006K11Rik"
"rna_counts","Arhgap39"
"rna_counts","Zfp251"
"rna_counts","Zfp647"
"rna_counts","Mb"
"rna_counts","Rbfox2"
"rna_counts","4833412C15Rik"
"rna_counts","Apol7a"
"rna_counts","Apol9a"
"rna_counts","Apol7b"
"rna_counts","Apol7c"
"rna_counts","1700025B11Rik"
"rna_counts","Apol10b"
"rna_counts","Apol11b"
"rna_counts","Apol10c-ps"
"rna_counts","Apol8"
"rna_counts","Myh9"
"rna_counts","Txn2"
"rna_counts","Foxred2"
"rna_counts","Eif3d"
"rna_counts","Cacng2"
"rna_counts","Ift27"
"rna_counts","Pvalb"
"rna_counts","Csf2rb2"
"rna_counts","Tex33"
"rna_counts","Tst"
"rna_counts","Tmprss6"
"rna_counts","Il2rb"
"rna_counts","C1qtnf6"
"rna_counts","Sstr3"
"rna_counts","Rac2"
"rna_counts","Elfn2"
"rna_counts","Mfng"
"rna_counts","Card10"
"rna_counts","Lgals2"
"rna_counts","1700027A07Rik"
"rna_counts","Ankrd54"
"rna_counts","1700088E04Rik"
"rna_counts","Sox10"
"rna_counts","Slc16a8"
"rna_counts","Baiap2l2"
"rna_counts","Pla2g6"
"rna_counts","Tmem184b"
"rna_counts","Mir1943"
"rna_counts","Csnk1e"
"rna_counts","Kcnj4"
"rna_counts","Ddx17"
"rna_counts","Dmc1"
"rna_counts","Fam227a"
"rna_counts","Josd1"
"rna_counts","Sun2"
"rna_counts","Dnal4"
"rna_counts","Nptxr"
"rna_counts","Npcd"
"rna_counts","Cbx6"
"rna_counts","Cbx7"
"rna_counts","Pdgfb"
"rna_counts","Mir7213"
"rna_counts","Snord83b"
"rna_counts","Snord43"
"rna_counts","4930588D02Rik"
"rna_counts","Enthd1"
"rna_counts","A430088P11Rik"
"rna_counts","Mrtfa"
"rna_counts","8430426J06Rik"
"rna_counts","Slc25a17"
"rna_counts","St13"
"rna_counts","Dnajb7"
"rna_counts","1110025M09Rik"
"rna_counts","Chadl"
"rna_counts","Rangap1"
"rna_counts","Tob2"
"rna_counts","Phf5a"
"rna_counts","Polr3h"
"rna_counts","Pmm1"
"rna_counts","Desi1"
"rna_counts","Snu13"
"rna_counts","Shisa8"
"rna_counts","Tnfrsf13c"
"rna_counts","Cenpm"
"rna_counts","Naga"
"rna_counts","Ndufa6"
"rna_counts","Cyp2d22"
"rna_counts","Cyp2d11"
"rna_counts","Mir7684"
"rna_counts","Cyp2d10"
"rna_counts","Cyp2d34-ps"
"rna_counts","Cyp2d34"
"rna_counts","AC118710.1"
"rna_counts","Cyp2d35-ps"
"rna_counts","Cyp2d36-ps"
"rna_counts","Cyp2d37-ps"
"rna_counts","Cyp2d38-ps"
"rna_counts","Cyp2d39-ps"
"rna_counts","Cyp2d40"
"rna_counts","Cyp2d41-ps"
"rna_counts","Cyp2d26"
"rna_counts","Tcf20"
"rna_counts","Mir3080"
"rna_counts","Nfam1"
"rna_counts","Rrp7a"
"rna_counts","Poldip3"
"rna_counts","Cyb5r3"
"rna_counts","7530414M10Rik"
"rna_counts","A4galt"
"rna_counts","Arfgap3"
"rna_counts","1700001L05Rik"
"rna_counts","Pacsin2"
"rna_counts","Ttll1"
"rna_counts","Mcat"
"rna_counts","Ttll12"
"rna_counts","Scube1"
"rna_counts","Efcab6"
"rna_counts","Sult4a1"
"rna_counts","Pnpla5"
"rna_counts","Shisal1"
"rna_counts","Rtl6"
"rna_counts","Phf21b"
"rna_counts","5031439G07Rik"
"rna_counts","Mir1249"
"rna_counts","Smc1b"
"rna_counts","7530416G11Rik"
"rna_counts","Wnt7b"
"rna_counts","Cdpf1"
"rna_counts","Pkdrej"
"rna_counts","Celsr1"
"rna_counts","Cerk"
"rna_counts","A930001M01Rik"
"rna_counts","Mir6393"
"rna_counts","4930445N06Rik"
"rna_counts","Brd1"
"rna_counts","Alg12"
"rna_counts","Ttll8"
"rna_counts","Mlc1"
"rna_counts","1810021B22Rik"
"rna_counts","Tubgcp6"
"rna_counts","Hdac10"
"rna_counts","Mapk12"
"rna_counts","Mapk11"
"rna_counts","Plxnb2"
"rna_counts","Mir7118"
"rna_counts","Dennd6b"
"rna_counts","Mir6958"
"rna_counts","Sbf1"
"rna_counts","Mir6959"
"rna_counts","Lmf2"
"rna_counts","Sco2"
"rna_counts","Tymp"
"rna_counts","Odf3b"
"rna_counts","Syce3"
"rna_counts","Cpt1b"
"rna_counts","Chkb"
"rna_counts","Arsa"
"rna_counts","Rabl2"
"rna_counts","Syt10"
"rna_counts","Cpne8"
"rna_counts","Spn-ps"
"rna_counts","Kif21a"
"rna_counts","Abcd2"
"rna_counts","Slc2a13"
"rna_counts","4930588J15Rik"
"rna_counts","Gxylt1"
"rna_counts","Yaf2"
"rna_counts","Zcrb1"
"rna_counts","Prickle1"
"rna_counts","Zfp42-ps1"
"rna_counts","9430014N10Rik"
"rna_counts","Adamts20"
"rna_counts","Pus7l"
"rna_counts","Twf1"
"rna_counts","Nell2"
"rna_counts","1700129L04Rik"
"rna_counts","Dbx2"
"rna_counts","A130051J06Rik"
"rna_counts","D030018L15Rik"
"rna_counts","2610037D02Rik"
"rna_counts","4833422M21Rik"
"rna_counts","Scaf11"
"rna_counts","Slc38a1"
"rna_counts","Slc38a2"
"rna_counts","Slc38a4"
"rna_counts","Amigo2"
"rna_counts","Rpap3"
"rna_counts","Endou"
"rna_counts","Rapgef3"
"rna_counts","Hdac7"
"rna_counts","Vdr"
"rna_counts","Col2a1"
"rna_counts","Senp1"
"rna_counts","Asb8"
"rna_counts","Olfr288"
"rna_counts","Olfr287"
"rna_counts","Olfr286"
"rna_counts","H1f7"
"rna_counts","Zfp641"
"rna_counts","Olfr285"
"rna_counts","Olfr284"
"rna_counts","Olfr283"
"rna_counts","Lalba"
"rna_counts","Kansl2"
"rna_counts","Snora34"
"rna_counts","Mir1291"
"rna_counts","Snora2b"
"rna_counts","Ccnt1"
"rna_counts","Adcy6"
"rna_counts","Ddx23"
"rna_counts","Rnd1"
"rna_counts","Fkbp11"
"rna_counts","Arf3"
"rna_counts","Wnt10b"
"rna_counts","Ddn"
"rna_counts","Prkag1"
"rna_counts","Kmt2d"
"rna_counts","Rhebl1"
"rna_counts","Dhh"
"rna_counts","Lmbr1l"
"rna_counts","Tuba1b"
"rna_counts","Tuba1a"
"rna_counts","C1ql4"
"rna_counts","Mcrs1"
"rna_counts","Fam186b"
"rna_counts","Fmnl3"
"rna_counts","Nckap5l"
"rna_counts","Bcdin3d"
"rna_counts","Faim2"
"rna_counts","Racgap1"
"rna_counts","Cers5"
"rna_counts","Lima1"
"rna_counts","Uqcrh-ps1"
"rna_counts","Fam186a"
"rna_counts","2310068J16Rik"
"rna_counts","4930478M13Rik"
"rna_counts","Slc11a2"
"rna_counts","5330439K02Rik"
"rna_counts","Csrnp2"
"rna_counts","Tfcp2"
"rna_counts","Pou6f1"
"rna_counts","1110013H19Rik"
"rna_counts","C330013E15Rik"
"rna_counts","Smagp"
"rna_counts","Bin2"
"rna_counts","Mir6961"
"rna_counts","Cela1"
"rna_counts","Galnt6"
"rna_counts","I730030J21Rik"
"rna_counts","Tmdd1"
"rna_counts","Fignl2"
"rna_counts","A330009N23Rik"
"rna_counts","Krt80"
"rna_counts","Krt87"
"rna_counts","Krt81"
"rna_counts","Krt83"
"rna_counts","Krt84"
"rna_counts","Krt82"
"rna_counts","Krt90"
"rna_counts","Krt75"
"rna_counts","Krt6b"
"rna_counts","Krt6a"
"rna_counts","Krt5"
"rna_counts","Krt71"
"rna_counts","Krt74"
"rna_counts","Krt72"
"rna_counts","Krt73"
"rna_counts","Krt2"
"rna_counts","Krt1"
"rna_counts","Krt77"
"rna_counts","Krt76"
"rna_counts","Krt4"
"rna_counts","Krt79"
"rna_counts","Krt78"
"rna_counts","Krt8"
"rna_counts","Spryd3"
"rna_counts","Csad"
"rna_counts","Itgb7"
"rna_counts","Rarg"
"rna_counts","Aaas"
"rna_counts","Sp7"
"rna_counts","Map3k12"
"rna_counts","Npff"
"rna_counts","Atf7"
"rna_counts","Atp5g2"
"rna_counts","Mir688"
"rna_counts","Calcoco1"
"rna_counts","Hotair"
"rna_counts","5730585A16Rik"
"rna_counts","D930007P13Rik"
"rna_counts","Smug1"
"rna_counts","Cbx5"
"rna_counts","Nfe2"
"rna_counts","Gpr84"
"rna_counts","Zfp385a"
"rna_counts","Itga5"
"rna_counts","Mir6963"
"rna_counts","Gtsf1"
"rna_counts","Gtsf2"
"rna_counts","Ppp1r1a"
"rna_counts","Glycam1"
"rna_counts","Mucl1"
"rna_counts","Mucl2"
"rna_counts","Vmn1r-ps137"
"rna_counts","Olfr161"
"rna_counts","Olfr162-ps1"
"rna_counts","Olfr163-ps1"
"rna_counts","Tdgf1-ps1"
"rna_counts","Zfp263"
"rna_counts","AC139347.1"
"rna_counts","Olfr15"
"rna_counts","Zfp174"
"rna_counts","Naa60"
"rna_counts","Cluap1"
"rna_counts","Dnase1"
"rna_counts","Glis2"
"rna_counts","Vasn"
"rna_counts","Dnaja3"
"rna_counts","Hmox2"
"rna_counts","4930562C15Rik"
"rna_counts","Mgrn1"
"rna_counts","Nudt16l1"
"rna_counts","4930451G09Rik"
"rna_counts","Smim22"
"rna_counts","Ubn1"
"rna_counts","Sec14l5"
"rna_counts","Alg1"
"rna_counts","Rbfox1"
"rna_counts","1700123O21Rik"
"rna_counts","Mettl22"
"rna_counts","Abat"
"rna_counts","Pmm2"
"rna_counts","1810013L24Rik"
"rna_counts","Atf7ip2"
"rna_counts","Nubp1"
"rna_counts","Ciita"
"rna_counts","Clec16a"
"rna_counts","Rmi2"
"rna_counts","Snn"
"rna_counts","4930509G22Rik"
"rna_counts","2610020C07Rik"
"rna_counts","Tnfrsf17"
"rna_counts","Snx29"
"rna_counts","4833415N18Rik"
"rna_counts","Shisa9"
"rna_counts","1700003L19Rik"
"rna_counts","Ercc4"
"rna_counts","Mrtfb"
"rna_counts","Mir193b"
"rna_counts","Mir365-1"
"rna_counts","Bfar"
"rna_counts","3110001I22Rik"
"rna_counts","Pla2g10os"
"rna_counts","AC154607.1"
"rna_counts","Rrn3"
"rna_counts","Ntan1"
"rna_counts","Mpv17l"
"rna_counts","Bmerb1"
"rna_counts","Mir484"
"rna_counts","Nde1"
"rna_counts","Abcc1"
"rna_counts","A630010A05Rik"
"rna_counts","Snai2"
"rna_counts","Efcab1"
"rna_counts","Prkdc"
"rna_counts","Cebpd"
"rna_counts","Pkp2"
"rna_counts","Yars2"
"rna_counts","CT573014.1"
"rna_counts","Top3b"
"rna_counts","Ppm1f"
"rna_counts","Mapk1"
"rna_counts","1700056N10Rik"
"rna_counts","Ypel1"
"rna_counts","Ydjc"
"rna_counts","Rimbp3"
"rna_counts","Hic2"
"rna_counts","Tmem191c"
"rna_counts","Serpind1"
"rna_counts","Snap29"
"rna_counts","Crkl"
"rna_counts","Aifm3"
"rna_counts","Lztr1"
"rna_counts","P2rx6"
"rna_counts","Smpd4"
"rna_counts","Ccdc74a"
"rna_counts","Bod1-ps"
"rna_counts","Klhl22"
"rna_counts","Scarf2"
"rna_counts","B830017H08Rik"
"rna_counts","Tssk1"
"rna_counts","Tssk2"
"rna_counts","AA914427"
"rna_counts","Vpreb2"
"rna_counts","Dgcr6"
"rna_counts","Rtn4r"
"rna_counts","4930483P17Rik"
"rna_counts","Ccdc188"
"rna_counts","Trmt2a"
"rna_counts","Arvcf"
"rna_counts","Txnrd2"
"rna_counts","Gnb1l"
"rna_counts","Rtl10"
"rna_counts","4930588K23Rik"
"rna_counts","Cldn5"
"rna_counts","Ufd1"
"rna_counts","2510002D24Rik"
"rna_counts","Hira"
"rna_counts","2010309G21Rik"
"rna_counts","A530030E21Rik"
"rna_counts","Olfr166"
"rna_counts","B3gnt5"
"rna_counts","Klhl24"
"rna_counts","Yeats2"
"rna_counts","Eif2b5"
"rna_counts","Dvl3"
"rna_counts","Ap2m1"
"rna_counts","Abcf3"
"rna_counts","Vwa5b2"
"rna_counts","Mir1224"
"rna_counts","Eef1akmt4"
"rna_counts","Ece2"
"rna_counts","Psmd2"
"rna_counts","Eif4g1"
"rna_counts","Snord66"
"rna_counts","Fam131a"
"rna_counts","Polr2h"
"rna_counts","Chrd"
"rna_counts","Ephb3"
"rna_counts","Vps8"
"rna_counts","1300002E11Rik"
"rna_counts","Map3k13"
"rna_counts","Senp2"
"rna_counts","Ndufa11b"
"rna_counts","Gng5-ps"
"rna_counts","9230117E06Rik"
"rna_counts","Mir6362"
"rna_counts","Dnajb11"
"rna_counts","Ahsg"
"rna_counts","Fetub"
"rna_counts","Hrg"
"rna_counts","Kng1"
"rna_counts","Eif4a2"
"rna_counts","Snord2"
"rna_counts","Snora81"
"rna_counts","6330408M09Rik"
"rna_counts","Adipoq"
"rna_counts","B630019A10Rik"
"rna_counts","St6gal1"
"rna_counts","Rtp1"
"rna_counts","Rtp4"
"rna_counts","Lpp"
"rna_counts","Morf4l1-ps1"
"rna_counts","Mir28a"
"rna_counts","A230028O05Rik"
"rna_counts","Tprg"
"rna_counts","Trp63"
"rna_counts","Cldn16"
"rna_counts","Il1rap"
"rna_counts","Ostn"
"rna_counts","Ccdc50"
"rna_counts","Plaat1"
"rna_counts","AC175464.1"
"rna_counts","Opa1"
"rna_counts","4632428C04Rik"
"rna_counts","Hes1"
"rna_counts","1700025H01Rik"
"rna_counts","Fam43a"
"rna_counts","AV205837"
"rna_counts","Bdh1"
"rna_counts","Dlg1"
"rna_counts","Meltf"
"rna_counts","Pigz"
"rna_counts","Ncbp2"
"rna_counts","Cep19"
"rna_counts","Bex6"
"rna_counts","Wdr53"
"rna_counts","Smco1"
"rna_counts","Rnf168"
"rna_counts","Ubxn7"
"rna_counts","Tm4sf19"
"rna_counts","Tctex1d2"
"rna_counts","Pcyt1a"
"rna_counts","Zdhhc19"
"rna_counts","Tfrc"
"rna_counts","Tnk2"
"rna_counts","Muc4"
"rna_counts","Fyttd1"
"rna_counts","Lrch3"
"rna_counts","n-R5s33"
"rna_counts","Lmln"
"rna_counts","Mir1947"
"rna_counts","Osbpl11"
"rna_counts","Snx4"
"rna_counts","Zfp148"
"rna_counts","Slc12a8"
"rna_counts","Heg1"
"rna_counts","Muc13"
"rna_counts","Itgb5"
"rna_counts","Ropn1"
"rna_counts","Ccdc14"
"rna_counts","Mylk"
"rna_counts","Hacd2"
"rna_counts","Adcy5"
"rna_counts","Sema5b"
"rna_counts","Hspbap1"
"rna_counts","Parp9"
"rna_counts","Kpna1"
"rna_counts","Wdr5b"
"rna_counts","Ccdc58"
"rna_counts","Stfa2l1"
"rna_counts","Cstdc4"
"rna_counts","Csta3"
"rna_counts","Csta2"
"rna_counts","Stfa1"
"rna_counts","Cstdc3"
"rna_counts","Ildr1"
"rna_counts","Iqcb1"
"rna_counts","2600002D14Rik"
"rna_counts","Golgb1"
"rna_counts","Hcls1"
"rna_counts","Polq"
"rna_counts","Rabl3"
"rna_counts","Hgd"
"rna_counts","Fstl1"
"rna_counts","n-R5s34"
"rna_counts","Lrrc58"
"rna_counts","Gpr156"
"rna_counts","Gsk3b"
"rna_counts","Maats1os"
"rna_counts","Cox17"
"rna_counts","Popdc2"
"rna_counts","D930030I03Rik"
"rna_counts","Cd80"
"rna_counts","Tmem39a"
"rna_counts","B4galt4"
"rna_counts","Igsf11"
"rna_counts","Lsamp"
"rna_counts","Zbtb20"
"rna_counts","Ndufs5-ps"
"rna_counts","Mir568"
"rna_counts","Drd3"
"rna_counts","Ccdc191"
"rna_counts","Mir3470b"
"rna_counts","Naa50"
"rna_counts","Usf3"
"rna_counts","Spice1"
"rna_counts","Cfap44"
"rna_counts","Nepro"
"rna_counts","Cd200r1"
"rna_counts","Cd200r4"
"rna_counts","Cd200r2"
"rna_counts","Cd200r3"
"rna_counts","Ccdc80"
"rna_counts","Atg3"
"rna_counts","Btla"
"rna_counts","Slc9c1"
"rna_counts","Gcsam"
"rna_counts","Dppa4"
"rna_counts","Dppa2"
"rna_counts","Morc1"
"rna_counts","Retnlb"
"rna_counts","Retnla"
"rna_counts","Retnlg"
"rna_counts","Cip2a"
"rna_counts","Myh15"
"rna_counts","Ift57"
"rna_counts","Cd47"
"rna_counts","G730013B05Rik"
"rna_counts","4930542D17Rik"
"rna_counts","Mir6363"
"rna_counts","1700116B05Rik"
"rna_counts","Cblb"
"rna_counts","4930405D01Rik"
"rna_counts","Mir5118"
"rna_counts","Zbtb11"
"rna_counts","Senp7"
"rna_counts","Impg2"
"rna_counts","Abi3bp"
"rna_counts","Tomm70a"
"rna_counts","4921517D16Rik"
"rna_counts","Filip1l"
"rna_counts","Dcbld2"
"rna_counts","Cpox"
"rna_counts","Cldnd1"
"rna_counts","Olfr183"
"rna_counts","Olfr195"
"rna_counts","Olfr203"
"rna_counts","Gabrr3"
"rna_counts","Riox2"
"rna_counts","4930547E14Rik"
"rna_counts","Stx19"
"rna_counts","Pros1"
"rna_counts","Cggbp1"
"rna_counts","Pou1f1"
"rna_counts","Vgll3"
"rna_counts","1700010K23Rik"
"rna_counts","4933411O13Rik"
"rna_counts","Gbe1"
"rna_counts","D16Ertd519e"
"rna_counts","4931420L22Rik"
"rna_counts","4930567J20Rik"
"rna_counts","Robo1"
"rna_counts","4930500H12Rik"
"rna_counts","Rbm11"
"rna_counts","4930578N18Rik"
"rna_counts","Usp25"
"rna_counts","Mir99ahg"
"rna_counts","9430092D12Rik"
"rna_counts","Mir99a"
"rna_counts","Mirlet7c-1"
"rna_counts","Mir125b-2"
"rna_counts","C130023A14Rik"
"rna_counts","9530003O04Rik"
"rna_counts","Cxadr"
"rna_counts","4930478L05Rik"
"rna_counts","4930570E03Rik"
"rna_counts","4930403O18Rik"
"rna_counts","Chodl"
"rna_counts","1700066C05Rik"
"rna_counts","Fkbp1a-ps3"
"rna_counts","Ncam2"
"rna_counts","7120432I05Rik"
"rna_counts","Pgk1-ps1"
"rna_counts","4930553E22Rik"
"rna_counts","A730009L09Rik"
"rna_counts","4930551I23Rik"
"rna_counts","Mir155hg"
"rna_counts","Mir155"
"rna_counts","Jam2"
"rna_counts","Gabpa"
"rna_counts","4930556C24Rik"
"rna_counts","N6amt1"
"rna_counts","Usp16"
"rna_counts","B130034C11Rik"
"rna_counts","Map3k7cl"
"rna_counts","Bach1"
"rna_counts","2810407A14Rik"
"rna_counts","4930420G21Rik"
"rna_counts","Krtap13-1"
"rna_counts","2310034C09Rik"
"rna_counts","4930553J12Rik"
"rna_counts","Krtap15"
"rna_counts","Krtap6-1"
"rna_counts","Krtap6-3"
"rna_counts","1110057P08Rik"
"rna_counts","Krtap20-2"
"rna_counts","Sod1"
"rna_counts","Hunk"
"rna_counts","1110008E08Rik"
"rna_counts","Mrap"
"rna_counts","Eva1c"
"rna_counts","4930534H18Rik"
"rna_counts","4930404I05Rik"
"rna_counts","4931406G06Rik"
"rna_counts","Olig2"
"rna_counts","Olig1"
"rna_counts","Ifnar2"
"rna_counts","Il10rb"
"rna_counts","A930006K02Rik"
"rna_counts","Ifnar1"
"rna_counts","Ifngr2"
"rna_counts","Son"
"rna_counts","Itsn1"
"rna_counts","D430001F17Rik"
"rna_counts","Mrps6"
"rna_counts","Slc5a3"
"rna_counts","Kcne2"
"rna_counts","Smim11"
"rna_counts","2410124H12Rik"
"rna_counts","Clic6"
"rna_counts","1810044K17Rik"
"rna_counts","Mir802"
"rna_counts","Cbr1"
"rna_counts","Cbr3"
"rna_counts","Dop1b"
"rna_counts","Morc3"
"rna_counts","Chaf1b"
"rna_counts","2410003I16Rik"
"rna_counts","Sim2"
"rna_counts","Ripply3"
"rna_counts","Ttc3"
"rna_counts","Dyrk1a"
"rna_counts","Kcnj15"
"rna_counts","Ets2"
"rna_counts","1700093J21Rik"
"rna_counts","Wrb"
"rna_counts","Sh3bgr"
"rna_counts","B3galt5"
"rna_counts","Igsf5"
"rna_counts","Pcp4"
"rna_counts","Bace2"
"rna_counts","Mx2"
"rna_counts","B230307C23Rik"
"rna_counts","AC140982.1"
"rna_counts","Mefv"
"rna_counts","Zfp597"
"rna_counts","1700037C18Rik"
"rna_counts","1700016D08Rik"
"rna_counts","Nlrc3"
"rna_counts","Slx4"
"rna_counts","Trap1"
"rna_counts","Crebbp"
"rna_counts","Adcy9"
"rna_counts","Srl"
"rna_counts","Tfap4"
"rna_counts","Pam16"
"rna_counts","Coro7"
"rna_counts","Nmral1"
"rna_counts","Cdip1"
"rna_counts","Ubald1"
"rna_counts","Anks3"
"rna_counts","Sept12"
"rna_counts","Rogdi"
"rna_counts","Glyr1"
"rna_counts","Ppl"
"rna_counts","Nagpa"
"rna_counts","AU021092"
"rna_counts","Mir6364"
"rna_counts","Eef2kmt"
"rna_counts","n-R5s30"
"rna_counts","Tmem114"
"rna_counts","Tmem186"
"rna_counts","Carhsp1"
"rna_counts","Usp7"
"rna_counts","Grin2a"
"rna_counts","Emp2"
"rna_counts","Tekt5"
"rna_counts","Tvp23a"
"rna_counts","Dexi"
"rna_counts","Socs1"
"rna_counts","Tnp2"
"rna_counts","Prm3"
"rna_counts","Prm2"
"rna_counts","Prm1"
"rna_counts","Litaf"
"rna_counts","Txndc11"
"rna_counts","Zc3h7a"
"rna_counts","Rsl1d1"
"rna_counts","Gspt1"
"rna_counts","Mir1945"
"rna_counts","Cpped1"
"rna_counts","C87114"
"rna_counts","4930414F18Rik"
"rna_counts","Mir6365"
"rna_counts","2310015D24Rik"
"rna_counts","Parn"
"rna_counts","Pla2g10"
"rna_counts","Pdxdc1"
"rna_counts","Ifitm7"
"rna_counts","Marf1"
"rna_counts","Myh11"
"rna_counts","Fopnl"
"rna_counts","Ube2v2"
"rna_counts","Mcm4"
"rna_counts","Mzt2"
"rna_counts","Spidr"
"rna_counts","n-R5s31"
"rna_counts","Dnm1l"
"rna_counts","Fgd4"
"rna_counts","Olfr19"
"rna_counts","4933404G15Rik"
"rna_counts","Spag6l"
"rna_counts","Igll1"
"rna_counts","Vpreb1"
"rna_counts","Ppil2"
"rna_counts","2610318N02Rik"
"rna_counts","Mir130b"
"rna_counts","Mir301b"
"rna_counts","Sdf2l1"
"rna_counts","Ccdc116"
"rna_counts","Ube2l3"
"rna_counts","Pi4ka"
"rna_counts","Thap7"
"rna_counts","Lrrc74b"
"rna_counts","Slc7a4"
"rna_counts","Med15"
"rna_counts","Zfp520-ps"
"rna_counts","Car15"
"rna_counts","Dgcr2"
"rna_counts","Ess2"
"rna_counts","Gsc2"
"rna_counts","Slc25a1"
"rna_counts","Prodh"
"rna_counts","Mir6366"
"rna_counts","4933432I09Rik"
"rna_counts","Zdhhc8"
"rna_counts","Ranbp1"
"rna_counts","Dgcr8"
"rna_counts","Mir1306"
"rna_counts","Tango2"
"rna_counts","Mir185"
"rna_counts","Comt"
"rna_counts","Tbx1"
"rna_counts","Gp1bb"
"rna_counts","Sept5"
"rna_counts","Cdc45"
"rna_counts","Mrpl40"
"rna_counts","Iglc1"
"rna_counts","Iglj1"
"rna_counts","Iglc3"
"rna_counts","Iglj3p"
"rna_counts","Iglj3"
"rna_counts","Iglv1"
"rna_counts","Iglc4"
"rna_counts","Iglj4"
"rna_counts","Iglc2"
"rna_counts","Iglj2"
"rna_counts","Iglv3"
"rna_counts","Iglv2"
"rna_counts","Olfr164"
"rna_counts","Olfr165"
"rna_counts","Olfr167"
"rna_counts","Olfr168"
"rna_counts","Olfr169"
"rna_counts","Olfr170"
"rna_counts","Olfr171"
"rna_counts","Lamp3"
"rna_counts","A930003A15Rik"
"rna_counts","Klhl6"
"rna_counts","Map6d1"
"rna_counts","Parl"
"rna_counts","Cyp2ab1"
"rna_counts","Abcc5"
"rna_counts","Alg3"
"rna_counts","Camk2n2"
"rna_counts","Clcn2"
"rna_counts","Thpo"
"rna_counts","4833419O12Rik"
"rna_counts","Teddm3"
"rna_counts","Mir7680"
"rna_counts","Magef1"
"rna_counts","2510009E07Rik"
"rna_counts","Ehhadh"
"rna_counts","Tmem41a"
"rna_counts","Liph"
"rna_counts","Igf2bp2"
"rna_counts","Tra2b"
"rna_counts","Etv5"
"rna_counts","Dgkg"
"rna_counts","Mir8095"
"rna_counts","Crygs"
"rna_counts","Tbccd1"
"rna_counts","Kng2"
"rna_counts","Rfc4"
"rna_counts","BC106179"
"rna_counts","Masp1"
"rna_counts","Sst"
"rna_counts","Rtp2"
"rna_counts","Bcl6"
"rna_counts","AC169509.1"
"rna_counts","P3h2"
"rna_counts","AU015336"
"rna_counts","Cldn1"
"rna_counts","Tmem207"
"rna_counts","Uts2b"
"rna_counts","Fgf12"
"rna_counts","Mir690"
"rna_counts","Mb21d2"
"rna_counts","Atp13a5"
"rna_counts","Atp13a4"
"rna_counts","9030404E10Rik"
"rna_counts","n-R5s32"
"rna_counts","Cpn2"
"rna_counts","Lrrc15"
"rna_counts","Gp5"
"rna_counts","Atp13a3"
"rna_counts","Tmem44"
"rna_counts","Lsg1"
"rna_counts","Xxylt1"
"rna_counts","Acap2"
"rna_counts","Ppp1r2"
"rna_counts","Apod"
"rna_counts","1700007E05Rik"
"rna_counts","0610012G03Rik"
"rna_counts","Senp5"
"rna_counts","Hmgb1-ps6"
"rna_counts","Pak2"
"rna_counts","Pigx"
"rna_counts","Nrros"
"rna_counts","Fbxo45"
"rna_counts","Mir1946a"
"rna_counts","2210020O09Rik"
"rna_counts","Slc51a"
"rna_counts","Tnk2os"
"rna_counts","Muc20"
"rna_counts","Smbd1"
"rna_counts","Rubcn"
"rna_counts","Iqcg"
"rna_counts","1700007L15Rik"
"rna_counts","Umps"
"rna_counts","Kalrn"
"rna_counts","1700119H24Rik"
"rna_counts","E130310I04Rik"
"rna_counts","Sec22a"
"rna_counts","Pdia5"
"rna_counts","1600019K03Rik"
"rna_counts","Slc49a4"
"rna_counts","Parp14"
"rna_counts","Dtx3l"
"rna_counts","Fam162a"
"rna_counts","Csta1"
"rna_counts","Cstdc6"
"rna_counts","Cstdc5"
"rna_counts","Stfa2"
"rna_counts","Stfa3"
"rna_counts","Casr"
"rna_counts","Cd86"
"rna_counts","Slc15a2"
"rna_counts","Eaf2"
"rna_counts","4930565N06Rik"
"rna_counts","Fbxo40"
"rna_counts","Stxbp5l"
"rna_counts","Gtf2e1"
"rna_counts","Ndufb4"
"rna_counts","Nr1i2"
"rna_counts","Maats1"
"rna_counts","Pla1a"
"rna_counts","Adprh"
"rna_counts","Timmdc1"
"rna_counts","Poglut1"
"rna_counts","Arhgap31"
"rna_counts","Upk1b"
"rna_counts","Tex55"
"rna_counts","Gap43"
"rna_counts","Mir6540"
"rna_counts","4932412D23Rik"
"rna_counts","Tigit"
"rna_counts","Qtrt2"
"rna_counts","Zdhhc23"
"rna_counts","Gramd1c"
"rna_counts","Atp6v1a"
"rna_counts","Sidt1"
"rna_counts","Boc"
"rna_counts","Mir3081"
"rna_counts","Gtpbp8"
"rna_counts","Slc35a5"
"rna_counts","Cd200"
"rna_counts","BC016579"
"rna_counts","Tmprss7"
"rna_counts","Tagln3"
"rna_counts","Abhd10"
"rna_counts","Phldb2"
"rna_counts","Plcxd2"
"rna_counts","Cd96"
"rna_counts","Nectin3"
"rna_counts","6430553K19Rik"
"rna_counts","n-R5s36"
"rna_counts","Trat1"
"rna_counts","Dzip3"
"rna_counts","1700026J12Rik"
"rna_counts","Bbx"
"rna_counts","Ccdc54"
"rna_counts","Dubr"
"rna_counts","Alcam"
"rna_counts","4930404A05Rik"
"rna_counts","Zpld1"
"rna_counts","Nfkbiz"
"rna_counts","Nxpe3"
"rna_counts","Cep97"
"rna_counts","Zbtb11os1"
"rna_counts","Pcnp"
"rna_counts","Trmt10c"
"rna_counts","Tfg"
"rna_counts","Adgrg7"
"rna_counts","Tmem45a"
"rna_counts","Lnp1"
"rna_counts","Tmem45a2"
"rna_counts","Nit2"
"rna_counts","Tbc1d23"
"rna_counts","Tmem30c"
"rna_counts","Cmss1"
"rna_counts","Col8a1"
"rna_counts","4930461C15Rik"
"rna_counts","St3gal6"
"rna_counts","Ftdc"
"rna_counts","Gpr15"
"rna_counts","Olfr172"
"rna_counts","Olfr173"
"rna_counts","Olfr175"
"rna_counts","Olfr177"
"rna_counts","Olfr178"
"rna_counts","Olfr180"
"rna_counts","Olfr181"
"rna_counts","Olfr184-ps1"
"rna_counts","Olfr185-ps1"
"rna_counts","Olfr186"
"rna_counts","Olfr187"
"rna_counts","Olfr188-ps1"
"rna_counts","Olfr189-ps1"
"rna_counts","Olfr190"
"rna_counts","Olfr191"
"rna_counts","Olfr192"
"rna_counts","Olfr193"
"rna_counts","Olfr194"
"rna_counts","Olfr196"
"rna_counts","Olfr197"
"rna_counts","Olfr198"
"rna_counts","Olfr199"
"rna_counts","Olfr200-ps1"
"rna_counts","Olfr201"
"rna_counts","Olfr202"
"rna_counts","Olfr204"
"rna_counts","Olfr205"
"rna_counts","Olfr206"
"rna_counts","Olfr209"
"rna_counts","1700022E09Rik"
"rna_counts","Crybg3"
"rna_counts","Arl6"
"rna_counts","Epha6"
"rna_counts","n-R5s37"
"rna_counts","CT010569.1"
"rna_counts","Nsun3"
"rna_counts","Arl13b"
"rna_counts","Epha3"
"rna_counts","Csnka2ip"
"rna_counts","4930453N24Rik"
"rna_counts","Zfp654"
"rna_counts","Htr1f"
"rna_counts","Chmp2b"
"rna_counts","Cadm2"
"rna_counts","4930428D20Rik"
"rna_counts","Speer2"
"rna_counts","8030451O07Rik"
"rna_counts","Robo2"
"rna_counts","Mir691"
"rna_counts","A630036G19Rik"
"rna_counts","Lipi"
"rna_counts","Hspa13"
"rna_counts","Samsn1"
"rna_counts","Nrip1"
"rna_counts","1700041M19Rik"
"rna_counts","1700063K16Rik"
"rna_counts","9430053O09Rik"
"rna_counts","E330011O21Rik"
"rna_counts","Btg3"
"rna_counts","D16Ertd472e"
"rna_counts","Tmprss15"
"rna_counts","Mrpl39"
"rna_counts","Atp5j"
"rna_counts","App"
"rna_counts","Cyyr1"
"rna_counts","Adamts1"
"rna_counts","Adamts5"
"rna_counts","1700007H22Rik"
"rna_counts","Ltn1"
"rna_counts","Rwdd2b"
"rna_counts","Cct8"
"rna_counts","Grik1"
"rna_counts","Cldn17"
"rna_counts","Cldn8"
"rna_counts","Krtap24-1"
"rna_counts","2310079G19Rik"
"rna_counts","Krtap26-1"
"rna_counts","Krtap27-1"
"rna_counts","2310061N02Rik"
"rna_counts","Krtap13"
"rna_counts","2310057N15Rik"
"rna_counts","Krtap14"
"rna_counts","Krtap19-1"
"rna_counts","Krtap19-2"
"rna_counts","Krtap19-3"
"rna_counts","Krtap19-4"
"rna_counts","Krtap19-5"
"rna_counts","Krtap19-9a"
"rna_counts","Krtap19-9b"
"rna_counts","Krtap16-3"
"rna_counts","Krtap22-2"
"rna_counts","Krtap6-5"
"rna_counts","1110025L11Rik"
"rna_counts","Krtap21-1"
"rna_counts","Krtap6-2"
"rna_counts","Krtap8-1"
"rna_counts","Krtap7-1"
"rna_counts","Krtap11-1"
"rna_counts","Tiam1"
"rna_counts","Scaf4"
"rna_counts","Mis18a"
"rna_counts","Urb1"
"rna_counts","Cfap298"
"rna_counts","Synj1"
"rna_counts","Paxbp1"
"rna_counts","4932438H23Rik"
"rna_counts","H3f3a-ps2"
"rna_counts","Mir6367"
"rna_counts","Tmem50b"
"rna_counts","Dnajc28"
"rna_counts","Gart"
"rna_counts","Donson"
"rna_counts","Atp5o"
"rna_counts","Cryzl1"
"rna_counts","1700048M11Rik"
"rna_counts","Fam243"
"rna_counts","Smim34"
"rna_counts","Kcne1"
"rna_counts","Rcan1"
"rna_counts","Runx1"
"rna_counts","1810053B23Rik"
"rna_counts","1700029J03Rik"
"rna_counts","Setd4"
"rna_counts","AC160993.1"
"rna_counts","2310043M15Rik"
"rna_counts","Cldn14"
"rna_counts","Hlcs"
"rna_counts","Pigp"
"rna_counts","Vps26c"
"rna_counts","Kcnj6"
"rna_counts","Erg"
"rna_counts","1600002D24Rik"
"rna_counts","2810404F17Rik"
"rna_counts","Psmg1"
"rna_counts","Brwd1"
"rna_counts","Hmgn1"
"rna_counts","Lca5l"
"rna_counts","Itgb2l"
"rna_counts","Dscam"
"rna_counts","Mx1"
"rna_counts","2210009P08Rik"
"rna_counts","Fam3b"
"rna_counts","Tmprss2"
"rna_counts","Ripk4"
"rna_counts","Prdm15"
"rna_counts","C2cd2"
"rna_counts","Mir6964"
"rna_counts","Zbtb21"
"rna_counts","C030010L15Rik"
"rna_counts","A630089N07Rik"
"rna_counts","Scaf8"
"rna_counts","Tiam2"
"rna_counts","Cldn20"
"rna_counts","1700102H20Rik"
"rna_counts","4930517M08Rik"
"rna_counts","Arid1b"
"rna_counts","Zdhhc14"
"rna_counts","3300005D01Rik"
"rna_counts","Snx9"
"rna_counts","Synj2"
"rna_counts","Gtf2h5"
"rna_counts","Tulp4"
"rna_counts","n-R5s26"
"rna_counts","Ppp1r2-ps6"
"rna_counts","Tmem181a"
"rna_counts","Dynlt1b"
"rna_counts","Dynlt1c"
"rna_counts","Sytl3"
"rna_counts","4933426B08Rik"
"rna_counts","1700122H20Rik"
"rna_counts","Rnaset2b"
"rna_counts","Tcp10a"
"rna_counts","Tagap"
"rna_counts","Rsph3a"
"rna_counts","Fgfr1op"
"rna_counts","Ccr6"
"rna_counts","Mpc1"
"rna_counts","Sft2d1"
"rna_counts","Prr18"
"rna_counts","T2"
"rna_counts","T"
"rna_counts","Pde10a"
"rna_counts","1700010I14Rik"
"rna_counts","C87487"
"rna_counts","1700110C19Rik"
"rna_counts","A230009B12Rik"
"rna_counts","Prkn"
"rna_counts","Agpat4"
"rna_counts","Tdgf1-ps2"
"rna_counts","4732491K20Rik"
"rna_counts","Plg"
"rna_counts","C030013G03Rik"
"rna_counts","Slc22a2"
"rna_counts","Airn"
"rna_counts","Mrgprh"
"rna_counts","Tcp1"
"rna_counts","Snora20"
"rna_counts","Sod2"
"rna_counts","Tcp10b"
"rna_counts","Smok2a"
"rna_counts","Smok2b"
"rna_counts","Tcp10c"
"rna_counts","Smok4a"
"rna_counts","Afdn"
"rna_counts","Smoc2"
"rna_counts","1600012H06Rik"
"rna_counts","9030025P20Rik"
"rna_counts","Ermard"
"rna_counts","Fam120b"
"rna_counts","Tbp"
"rna_counts","4933401D09Rik"
"rna_counts","Chd1"
"rna_counts","Eif3s6-ps3"
"rna_counts","BC002059"
"rna_counts","Zfp960"
"rna_counts","Zfp97"
"rna_counts","Riok2"
"rna_counts","Lix1"
"rna_counts","Vmn2r90"
"rna_counts","Spaca6"
"rna_counts","Mir99b"
"rna_counts","Mirlet7e"
"rna_counts","Mir125a"
"rna_counts","Fpr2"
"rna_counts","Fpr3"
"rna_counts","Fpr-rs5"
"rna_counts","Fpr-rs4"
"rna_counts","Vmn2r124"
"rna_counts","Vmn2r91"
"rna_counts","Vmn2r92"
"rna_counts","Vmn2r93"
"rna_counts","Vmn2r95"
"rna_counts","Vmn2r-ps114"
"rna_counts","Vmn2r96"
"rna_counts","Vmn2r-ps115"
"rna_counts","Vmn2r-ps116"
"rna_counts","Vmn2r-ps117"
"rna_counts","Vmn2r97"
"rna_counts","Vmn2r-ps118"
"rna_counts","Vmn2r98"
"rna_counts","Vmn2r-ps119"
"rna_counts","Vmn2r-ps120"
"rna_counts","Vmn2r99"
"rna_counts","4930549P19Rik"
"rna_counts","Vmn2r-ps121"
"rna_counts","Vmn2r100"
"rna_counts","Vmn2r101"
"rna_counts","Vmn2r102"
"rna_counts","Vmn2r-ps122"
"rna_counts","Vmn2r103"
"rna_counts","Vmn2r-ps123"
"rna_counts","Vmn2r-ps124"
"rna_counts","Vmn2r-ps126"
"rna_counts","Vmn2r107"
"rna_counts","Vmn1r-ps141"
"rna_counts","Vmn1r224"
"rna_counts","Vmn1r225"
"rna_counts","Vmn1r226"
"rna_counts","Vmn1r227"
"rna_counts","Vmn1r229"
"rna_counts","Vmn1r230"
"rna_counts","Vmn1r-ps144"
"rna_counts","Ppp2r1a"
"rna_counts","Zfp160"
"rna_counts","Vmn1r234"
"rna_counts","Vmn1r-ps148"
"rna_counts","Vmn1r235"
"rna_counts","Vmn1r236"
"rna_counts","Vmn1r237"
"rna_counts","Zfp677"
"rna_counts","Zfp54"
"rna_counts","Zfp51"
"rna_counts","Zfp53"
"rna_counts","Zfp52"
"rna_counts","Zfp948"
"rna_counts","Zfp983"
"rna_counts","Zfp760"
"rna_counts","Zfp229"
"rna_counts","Zfp943"
"rna_counts","Zfp758"
"rna_counts","Zfp946"
"rna_counts","Vmn2r112"
"rna_counts","Vmn2r113"
"rna_counts","Vmn2r-ps129"
"rna_counts","Vmn2r-ps130"
"rna_counts","Vmn2r-ps131"
"rna_counts","Vmn2r115"
"rna_counts","Vmn2r116"
"rna_counts","6330415G19Rik"
"rna_counts","Zscan10"
"rna_counts","Bicdl2"
"rna_counts","Hcfc1r1"
"rna_counts","Cldn6"
"rna_counts","Pkmyt1"
"rna_counts","9530082P21Rik"
"rna_counts","Srrm2"
"rna_counts","Mir5125"
"rna_counts","Prss32"
"rna_counts","Prss21"
"rna_counts","Dcpp1"
"rna_counts","Dcpp2"
"rna_counts","Dcpp3"
"rna_counts","Sbp"
"rna_counts","Prss27"
"rna_counts","BC028777"
"rna_counts","Abca3"
"rna_counts","Rnps1"
"rna_counts","Eci1"
"rna_counts","Pgp"
"rna_counts","Bricd5"
"rna_counts","Caskin1"
"rna_counts","Rab26os"
"rna_counts","Snord60"
"rna_counts","Pkd1"
"rna_counts","Nthl1"
"rna_counts","Zfp598"
"rna_counts","Noxo1"
"rna_counts","Snora64"
"rna_counts","Msrb1"
"rna_counts","Hs3st6"
"rna_counts","Meiob"
"rna_counts","Hagh"
"rna_counts","Igfals"
"rna_counts","Spsb3"
"rna_counts","Mrps34"
"rna_counts","Nme3"
"rna_counts","Ift140"
"rna_counts","Ptx4"
"rna_counts","Clcn7"
"rna_counts","Ccdc154"
"rna_counts","BC003965"
"rna_counts","Unkl"
"rna_counts","Tsr3"
"rna_counts","Prss34"
"rna_counts","Prss28"
"rna_counts","Prss29"
"rna_counts","Tpsb2"
"rna_counts","Tpsg1"
"rna_counts","Tekt4"
"rna_counts","Cerox1"
"rna_counts","Lmf1"
"rna_counts","Gng13"
"rna_counts","Rpusd1"
"rna_counts","Mslnl"
"rna_counts","1700080C20Rik"
"rna_counts","Ciao3"
"rna_counts","Mir6966"
"rna_counts","Ccdc78"
"rna_counts","Fbxl16"
"rna_counts","Wdr24"
"rna_counts","Jmjd8"
"rna_counts","Mettl26"
"rna_counts","D630044L22Rik"
"rna_counts","1700022N22Rik"
"rna_counts","Tmem8"
"rna_counts","Mrpl28"
"rna_counts","Axin1"
"rna_counts","Rgs11"
"rna_counts","Luc7l"
"rna_counts","Neurl1b"
"rna_counts","Ergic1"
"rna_counts","Atp6v0e"
"rna_counts","Crebrf"
"rna_counts","Bnip1"
"rna_counts","Kifc5b"
"rna_counts","Phf1"
"rna_counts","Mir6968"
"rna_counts","Syngap1"
"rna_counts","Zbtb9"
"rna_counts","Ggnbp1"
"rna_counts","Itpr3"
"rna_counts","Mir7677"
"rna_counts","Mir7216"
"rna_counts","Mir7217"
"rna_counts","Mir7218"
"rna_counts","Hmga1"
"rna_counts","C130040N14Rik"
"rna_counts","Pacsin1"
"rna_counts","Snrpc"
"rna_counts","Uhrf1bp1"
"rna_counts","Anks1"
"rna_counts","Scube3"
"rna_counts","Zfp523"
"rna_counts","Def6"
"rna_counts","Ppard"
"rna_counts","Fance"
"rna_counts","E230001N04Rik"
"rna_counts","Armc12"
"rna_counts","Clpsl2"
"rna_counts","Lhfpl5"
"rna_counts","Mapk14"
"rna_counts","Mapk13"
"rna_counts","Brpf3"
"rna_counts","Pnpla1"
"rna_counts","1700030A11Rik"
"rna_counts","Kctd20"
"rna_counts","Srsf3"
"rna_counts","Cdkn1a"
"rna_counts","Rab44"
"rna_counts","BC004004"
"rna_counts","Pi16"
"rna_counts","Fgd2"
"rna_counts","Pim1"
"rna_counts","Tbc1d22b"
"rna_counts","Mir7667"
"rna_counts","Rnf8"
"rna_counts","Cmtr1"
"rna_counts","1810014P07Rik"
"rna_counts","Zfand3"
"rna_counts","Tuba-rs1"
"rna_counts","Dnah8"
"rna_counts","Glp1r"
"rna_counts","Umodl1"
"rna_counts","Abcg1"
"rna_counts","Ubash3a"
"rna_counts","Slc37a1"
"rna_counts","Pde9a"
"rna_counts","Ndufv3"
"rna_counts","4833413E03Rik"
"rna_counts","Pknox1"
"rna_counts","Cryaa"
"rna_counts","Rrp1b"
"rna_counts","A530088E08Rik"
"rna_counts","Cyp4f39"
"rna_counts","Cyp4f17"
"rna_counts","Cyp4f16"
"rna_counts","Cyp4f37"
"rna_counts","Cyp4f38-ps"
"rna_counts","Cyp4f40"
"rna_counts","Cyp4f15"
"rna_counts","Zfp472"
"rna_counts","Zfp952"
"rna_counts","Zfp563"
"rna_counts","Olfr55"
"rna_counts","Olfr239"
"rna_counts","Olfr63"
"rna_counts","Zfp955b"
"rna_counts","Actl9"
"rna_counts","Adamts10"
"rna_counts","Myo1f"
"rna_counts","Zfp414"
"rna_counts","Pram1"
"rna_counts","Kank3"
"rna_counts","Ndufa7"
"rna_counts","Cd320"
"rna_counts","Smim40-ps"
"rna_counts","Smim40"
"rna_counts","Daxx"
"rna_counts","Tapbp"
"rna_counts","Zbtb22"
"rna_counts","Rgl2"
"rna_counts","Wdr46"
"rna_counts","Vps52"
"rna_counts","AA388235"
"rna_counts","Mir219c"
"rna_counts","Rxrb"
"rna_counts","Col11a2"
"rna_counts","H2-Pa"
"rna_counts","H2-Oa"
"rna_counts","H2-DMa"
"rna_counts","H2-DMb2"
"rna_counts","H2-DMb1"
"rna_counts","Tap1"
"rna_counts","Psmb8"
"rna_counts","Tap2"
"rna_counts","H2-Ob"
"rna_counts","H2-Ab1"
"rna_counts","H2-Eb1"
"rna_counts","H2-Eb2"
"rna_counts","Btnl2"
"rna_counts","Btnl1"
"rna_counts","BC051142"
"rna_counts","Notch4"
"rna_counts","Gpsm3"
"rna_counts","Pbx2"
"rna_counts","Ager"
"rna_counts","Agpat1"
"rna_counts","Prrt1"
"rna_counts","Fkbpl"
"rna_counts","Atf6b"
"rna_counts","Tnxb"
"rna_counts","Tnxa"
"rna_counts","Dxo"
"rna_counts","Nelfe"
"rna_counts","Zbtb12"
"rna_counts","Ehmt2"
"rna_counts","Slc44a4"
"rna_counts","Neu1"
"rna_counts","Hspa1l"
"rna_counts","Lsm2"
"rna_counts","Vars"
"rna_counts","Vwa7"
"rna_counts","Clic1"
"rna_counts","Ddah2"
"rna_counts","Ly6g6c"
"rna_counts","Ly6g6e"
"rna_counts","Abhd16a"
"rna_counts","Ly6g5c"
"rna_counts","Gpank1"
"rna_counts","D17H6S53E"
"rna_counts","Bag6"
"rna_counts","Ncr3-ps"
"rna_counts","Ltb"
"rna_counts","Mir6973a"
"rna_counts","Atp6v1g2"
"rna_counts","Ddx39b"
"rna_counts","Mir6975"
"rna_counts","Mir8094"
"rna_counts","H2-D1"
"rna_counts","H2-Q1"
"rna_counts","H2-Q2"
"rna_counts","H2-Q3"
"rna_counts","H2-Q4"
"rna_counts","H2-Q5"
"rna_counts","H2-Q6"
"rna_counts","H2-Q7"
"rna_counts","H2-Q10"
"rna_counts","Pou5f1"
"rna_counts","Cchcr1"
"rna_counts","Psors1c2"
"rna_counts","Cdsn"
"rna_counts","2300002M23Rik"
"rna_counts","Sfta2"
"rna_counts","4833427F10Rik"
"rna_counts","Ier3"
"rna_counts","Flot1"
"rna_counts","Mdc1"
"rna_counts","Nrm"
"rna_counts","Ppp1r18"
"rna_counts","Dhx16"
"rna_counts","Ppp1r10"
"rna_counts","Mir1894"
"rna_counts","Gnl1"
"rna_counts","A930015D03Rik"
"rna_counts","BC023719"
"rna_counts","2410017I17Rik"
"rna_counts","H2-M11"
"rna_counts","H2-M10.5"
"rna_counts","H2-M10.6"
"rna_counts","Trim26"
"rna_counts","Trim10"
"rna_counts","Trim31"
"rna_counts","1700031A10Rik"
"rna_counts","Rnf39"
"rna_counts","Znrd1as"
"rna_counts","Zfp57"
"rna_counts","Gabbr1"
"rna_counts","Ubd"
"rna_counts","Olfr96"
"rna_counts","Olfr754-ps1"
"rna_counts","H2-M3"
"rna_counts","Olfr755-ps1"
"rna_counts","Olfr104-ps"
"rna_counts","Olfr757-ps1"
"rna_counts","Olfr105-ps"
"rna_counts","Olfr758-ps1"
"rna_counts","Olfr106-ps"
"rna_counts","Olfr107"
"rna_counts","Olfr108"
"rna_counts","Olfr109"
"rna_counts","Olfr110"
"rna_counts","Olfr111"
"rna_counts","Olfr118"
"rna_counts","Olfr119"
"rna_counts","Olfr120"
"rna_counts","Olfr121"
"rna_counts","Olfr122"
"rna_counts","Olfr123"
"rna_counts","Olfr124"
"rna_counts","Olfr125"
"rna_counts","Olfr126"
"rna_counts","Olfr127"
"rna_counts","Olfr128"
"rna_counts","Olfr130"
"rna_counts","Olfr133"
"rna_counts","Olfr134"
"rna_counts","Olfr135"
"rna_counts","Olfr138"
"rna_counts","Olfr136"
"rna_counts","Esp34"
"rna_counts","Esp31"
"rna_counts","Esp24"
"rna_counts","Esp22"
"rna_counts","Esp18"
"rna_counts","Esp16"
"rna_counts","Esp15"
"rna_counts","Esp38"
"rna_counts","Tgif2-ps2"
"rna_counts","Esp8"
"rna_counts","Esp6"
"rna_counts","Esp5"
"rna_counts","Esp4"
"rna_counts","Esp3"
"rna_counts","Esp1"
"rna_counts","Rhag"
"rna_counts","Mmut"
"rna_counts","Ldha-ps3"
"rna_counts","Ptchd4"
"rna_counts","Tnfrsf21"
"rna_counts","Adgrf1"
"rna_counts","Adgrf5"
"rna_counts","Pla2g7"
"rna_counts","Cyp39a1"
"rna_counts","Rcan2"
"rna_counts","Enpp5"
"rna_counts","Clic5"
"rna_counts","Runx2os3"
"rna_counts","Runx2os2"
"rna_counts","Runx2os1"
"rna_counts","Supt3"
"rna_counts","B230354K17Rik"
"rna_counts","Aars2"
"rna_counts","Tcte1"
"rna_counts","Nfkbie"
"rna_counts","Slc35b2"
"rna_counts","Mrpl14"
"rna_counts","F630040K05Rik"
"rna_counts","Mrps18a"
"rna_counts","Gtpbp2"
"rna_counts","Xpo5"
"rna_counts","Mir693"
"rna_counts","Yipf3"
"rna_counts","Lrrc73"
"rna_counts","Dlk2"
"rna_counts","Zfp318"
"rna_counts","Crip3"
"rna_counts","Dnph1"
"rna_counts","Mrpl2"
"rna_counts","Cul7"
"rna_counts","Mea1"
"rna_counts","Pex6"
"rna_counts","2310039H08Rik"
"rna_counts","Tbcc"
"rna_counts","Prph2"
"rna_counts","Trerf1"
"rna_counts","Mrps10"
"rna_counts","Guca1b"
"rna_counts","AI661453"
"rna_counts","Ccnd3"
"rna_counts","Med20"
"rna_counts","Usp49"
"rna_counts","Tomm6os"
"rna_counts","Frs3"
"rna_counts","Pgc"
"rna_counts","Tfeb"
"rna_counts","n-R5s28"
"rna_counts","1700067P10Rik"
"rna_counts","Trem1"
"rna_counts","Trem3"
"rna_counts","Treml4"
"rna_counts","Treml2"
"rna_counts","B430306N03Rik"
"rna_counts","Trem2"
"rna_counts","Treml1"
"rna_counts","Oard1"
"rna_counts","Unc5cl"
"rna_counts","Lrfn2"
"rna_counts","Mocs1"
"rna_counts","Kif6"
"rna_counts","AC114824.1"
"rna_counts","AC133946.1"
"rna_counts","AY702103"
"rna_counts","Plcl2"
"rna_counts","Kcnh8"
"rna_counts","Rab5a"
"rna_counts","Kat2b"
"rna_counts","4932415M13Rik"
"rna_counts","Ckb-ps2"
"rna_counts","Mark1-ps2"
"rna_counts","Hcfc1r1-ps2"
"rna_counts","Sult1c2-ps2"
"rna_counts","Trp53-ps"
"rna_counts","St6gal2"
"rna_counts","Adgre4"
"rna_counts","Zfp959"
"rna_counts","Ebi3"
"rna_counts","Yju2"
"rna_counts","Shd"
"rna_counts","Fsd1"
"rna_counts","Mpnd"
"rna_counts","Chaf1a"
"rna_counts","Hdgfl2"
"rna_counts","Tnfaip8l1"
"rna_counts","A230051N06Rik"
"rna_counts","Mir7b"
"rna_counts","Fem1a"
"rna_counts","Uhrf1"
"rna_counts","Kdm4b"
"rna_counts","Safb"
"rna_counts","Catsperd"
"rna_counts","Ranbp3"
"rna_counts","Ndufa11"
"rna_counts","Fut4-ps1"
"rna_counts","Dus3l"
"rna_counts","Prr22"
"rna_counts","Acsbg3"
"rna_counts","Clpp"
"rna_counts","Alkbh7"
"rna_counts","Crb3"
"rna_counts","Tnfsf9"
"rna_counts","Trip10"
"rna_counts","Vav1"
"rna_counts","Adgre1"
"rna_counts","Cntnap5c"
"rna_counts","Nudt12os"
"rna_counts","Obox6-ps1"
"rna_counts","Fer"
"rna_counts","Mir6420"
"rna_counts","Man2a1"
"rna_counts","Dreh"
"rna_counts","Ppp4r1"
"rna_counts","Washc1"
"rna_counts","Ddx11"
"rna_counts","1700016K05Rik"
"rna_counts","Lama1"
"rna_counts","L3mbtl4"
"rna_counts","Tmem200c"
"rna_counts","Epb41l3"
"rna_counts","Zbtb14"
"rna_counts","C030034I22Rik"
"rna_counts","Akain1"
"rna_counts","Dlgap1"
"rna_counts","Myom1"
"rna_counts","1600022D10Rik"
"rna_counts","Lpin2"
"rna_counts","4930471L23Rik"
"rna_counts","Mettl4-ps1"
"rna_counts","Spdya"
"rna_counts","Wdr43"
"rna_counts","Snord92"
"rna_counts","Snord53"
"rna_counts","Togaram2"
"rna_counts","Clip4"
"rna_counts","Ypel5"
"rna_counts","Lbh"
"rna_counts","Lclat1"
"rna_counts","E330032C10Rik"
"rna_counts","Ehd3"
"rna_counts","Spast"
"rna_counts","Slc30a6"
"rna_counts","Yipf4"
"rna_counts","Birc6"
"rna_counts","Ttc27"
"rna_counts","Ltbp1"
"rna_counts","Rasgrp3"
"rna_counts","Crim1"
"rna_counts","Vit"
"rna_counts","Gpatch11"
"rna_counts","n-R5s29"
"rna_counts","Cebpzos"
"rna_counts","Ndufaf7"
"rna_counts","Qpct"
"rna_counts","Rmdn2"
"rna_counts","1700106O07Rik"
"rna_counts","Gpx4-ps1"
"rna_counts","Galm"
"rna_counts","Ttc39d"
"rna_counts","Gemin6"
"rna_counts","Morn2"
"rna_counts","Arhgef33"
"rna_counts","C230072F16Rik"
"rna_counts","Tmem178"
"rna_counts","Pkdcc"
"rna_counts","Eml4"
"rna_counts","Mta3"
"rna_counts","1810073O08Rik"
"rna_counts","8430430B14Rik"
"rna_counts","4933433H22Rik"
"rna_counts","Plekhh2"
"rna_counts","Dync2li1"
"rna_counts","Abcg8"
"rna_counts","Ppm1b"
"rna_counts","Slc3a1"
"rna_counts","Camkmt"
"rna_counts","Six3"
"rna_counts","CJ186046Rik"
"rna_counts","Prkce"
"rna_counts","AC154542.1"
"rna_counts","Epas1"
"rna_counts","Tmem247"
"rna_counts","Rhoq"
"rna_counts","Cript"
"rna_counts","Socs5"
"rna_counts","Ttc7"
"rna_counts","Epcam"
"rna_counts","Msh2"
"rna_counts","Msh6"
"rna_counts","Foxn2"
"rna_counts","Ppp1r21"
"rna_counts","Ston1"
"rna_counts","Gtf2a1l"
"rna_counts","4933400B14Rik"
"rna_counts","4930480K15Rik"
"rna_counts","Adcyap1"
"rna_counts","2700099C18Rik"
"rna_counts","Amd-ps7"
"rna_counts","Pisd-ps2"
"rna_counts","Tfb1m"
"rna_counts","Nox3"
"rna_counts","4930470H14Rik"
"rna_counts","4930548J01Rik"
"rna_counts","4930579D07Rik"
"rna_counts","Tmem242"
"rna_counts","Ldhal6b"
"rna_counts","Serac1"
"rna_counts","Dynlt1a"
"rna_counts","AC183097.1"
"rna_counts","Ppp1r2-ps1"
"rna_counts","Tmem181b-ps"
"rna_counts","Tmem181c-ps"
"rna_counts","Dynlt1f"
"rna_counts","Ezr"
"rna_counts","Mir692-1"
"rna_counts","Rsph3b"
"rna_counts","Tagap1"
"rna_counts","Gpr31a"
"rna_counts","Ttll2"
"rna_counts","Unc93a2"
"rna_counts","Fndc1"
"rna_counts","E430024P14Rik"
"rna_counts","Rnaset2a"
"rna_counts","4930506C21Rik"
"rna_counts","6530411M01Rik"
"rna_counts","Pabpc6"
"rna_counts","4930452A19Rik"
"rna_counts","Qk"
"rna_counts","Pacrg"
"rna_counts","Map3k4"
"rna_counts","Slc22a3"
"rna_counts","Slc22a1"
"rna_counts","Igf2r"
"rna_counts","Mas1"
"rna_counts","Pnldc1"
"rna_counts","Mrpl18"
"rna_counts","Acat3"
"rna_counts","Acat2"
"rna_counts","Wtap"
"rna_counts","Gpr31b"
"rna_counts","Unc93a"
"rna_counts","Gpr31c"
"rna_counts","2700054A10Rik"
"rna_counts","Tcte2"
"rna_counts","4930488N24Rik"
"rna_counts","Dact2"
"rna_counts","4930474M22Rik"
"rna_counts","Thbs2"
"rna_counts","Wdr27"
"rna_counts","Phf10"
"rna_counts","Tcte3"
"rna_counts","Dll1"
"rna_counts","Psmb1"
"rna_counts","Pdcd2"
"rna_counts","Prdm9"
"rna_counts","Rgmb"
"rna_counts","AC154200.1"
"rna_counts","Oaz1-ps"
"rna_counts","Lnpep"
"rna_counts","Has1"
"rna_counts","Fpr1"
"rna_counts","Vmn2r94"
"rna_counts","Vmn2r-ps125"
"rna_counts","Vmn2r104"
"rna_counts","Fpr-rs7"
"rna_counts","Vmn1r-ps139"
"rna_counts","Fpr-rs6"
"rna_counts","Vmn1r-ps140"
"rna_counts","Vmn2r105"
"rna_counts","Vmn2r106"
"rna_counts","Vmn2r-ps127"
"rna_counts","Vmn1r-ps142"
"rna_counts","Vmn1r-ps143"
"rna_counts","Vmn2r108"
"rna_counts","Vmn2r109"
"rna_counts","Vmn2r110"
"rna_counts","Fpr-rs3"
"rna_counts","Vmn1r228"
"rna_counts","Vmn1r231"
"rna_counts","Vmn1r232"
"rna_counts","Vmn1r-ps145"
"rna_counts","Vmn1r233"
"rna_counts","Vmn1r-ps146"
"rna_counts","Vmn1r-ps147"
"rna_counts","Vmn1r-ps149"
"rna_counts","Vmn1r-ps150"
"rna_counts","9330136K24Rik"
"rna_counts","4930515G13Rik"
"rna_counts","Zfp820"
"rna_counts","Zfp995"
"rna_counts","Zfp942"
"rna_counts","Zfp947"
"rna_counts","Zfp994"
"rna_counts","Zfp944"
"rna_counts","Vmn2r111"
"rna_counts","Zfp945"
"rna_counts","Vmn2r-ps128"
"rna_counts","Vmn2r-ps132"
"rna_counts","Zfp40"
"rna_counts","Vmn2r-ps133"
"rna_counts","Vmn2r114"
"rna_counts","Vmn2r-ps134"
"rna_counts","Vmn2r117"
"rna_counts","Olfr752-ps1"
"rna_counts","Casp16"
"rna_counts","Zfp213"
"rna_counts","Zfp13"
"rna_counts","Mmp25"
"rna_counts","Thoc6"
"rna_counts","Tnfrsf12a"
"rna_counts","Cldn9"
"rna_counts","AC122821.1"
"rna_counts","1520401A03Rik"
"rna_counts","Paqr4"
"rna_counts","Kremen2"
"rna_counts","Flywch1"
"rna_counts","Flywch2"
"rna_counts","Elob"
"rna_counts","Prss33"
"rna_counts","Prss41"
"rna_counts","Sbpl"
"rna_counts","Prss30"
"rna_counts","Prss22"
"rna_counts","Kctd5"
"rna_counts","Pdpk1"
"rna_counts","Amdhd2"
"rna_counts","Atp6v0c"
"rna_counts","Tbc1d24"
"rna_counts","Ntn3"
"rna_counts","Tedc2"
"rna_counts","Ccnf"
"rna_counts","Mir5134"
"rna_counts","Mir6965"
"rna_counts","Abca17"
"rna_counts","D330041H03Rik"
"rna_counts","Dnase1l2"
"rna_counts","E4f1"
"rna_counts","Mlst8"
"rna_counts","Traf7"
"rna_counts","Rab26"
"rna_counts","Tsc2"
"rna_counts","Slc9a3r2"
"rna_counts","Npw"
"rna_counts","Syngr3"
"rna_counts","Gfer"
"rna_counts","Tbl3"
"rna_counts","Rnf151"
"rna_counts","Snhg9"
"rna_counts","Snora78"
"rna_counts","Ndufb10"
"rna_counts","Fahd1"
"rna_counts","Nubp2"
"rna_counts","Eme2"
"rna_counts","Mapk8ip3"
"rna_counts","Jpt2"
"rna_counts","Cramp1l"
"rna_counts","Tmem204"
"rna_counts","Telo2"
"rna_counts","Gnptg"
"rna_counts","Baiap3"
"rna_counts","Mir3547"
"rna_counts","Ube2i"
"rna_counts","Tpsab1"
"rna_counts","Cacna1h"
"rna_counts","Sstr5"
"rna_counts","Sox8"
"rna_counts","4930541O19Rik"
"rna_counts","Chtf18"
"rna_counts","Msln"
"rna_counts","Haghl"
"rna_counts","Fam173a"
"rna_counts","Metrn"
"rna_counts","Stub1"
"rna_counts","Mir3082"
"rna_counts","Rhbdl1"
"rna_counts","Rhot2"
"rna_counts","Wdr90"
"rna_counts","Mcrip2"
"rna_counts","Wfikkn1"
"rna_counts","Rab40c"
"rna_counts","Pigq"
"rna_counts","Nhlrc4"
"rna_counts","A930017K11Rik"
"rna_counts","Capn15"
"rna_counts","Rab11fip3"
"rna_counts","Decr2"
"rna_counts","Nme4"
"rna_counts","Pdia2"
"rna_counts","Arhgdig"
"rna_counts","Fam234a"
"rna_counts","Hba-ps4"
"rna_counts","Dusp1"
"rna_counts","Nkx2-5"
"rna_counts","Cuta"
"rna_counts","Mir3083"
"rna_counts","Bak1"
"rna_counts","Itpr3os"
"rna_counts","Uqcc2"
"rna_counts","Ip6k3"
"rna_counts","Lemd2"
"rna_counts","AC141882.1"
"rna_counts","9630028I04Rik"
"rna_counts","Mir7214"
"rna_counts","Grm4"
"rna_counts","AI413582"
"rna_counts","Nudt3"
"rna_counts","Spdef"
"rna_counts","Ilrun"
"rna_counts","Taf11"
"rna_counts","Tcp11"
"rna_counts","4930526A20Rik"
"rna_counts","C230013L11Rik"
"rna_counts","Tead3"
"rna_counts","Tulp1"
"rna_counts","Fkbp5"
"rna_counts","Clps"
"rna_counts","Mir6969"
"rna_counts","Srpk1"
"rna_counts","Slc26a8"
"rna_counts","Pnpla1os"
"rna_counts","4930539E08Rik"
"rna_counts","Pxt1"
"rna_counts","1700063J08Rik"
"rna_counts","Stk38"
"rna_counts","Trp53cor1"
"rna_counts","1700023B13Rik"
"rna_counts","Cpne5"
"rna_counts","Ppil1"
"rna_counts","Mtch1"
"rna_counts","Tmem217"
"rna_counts","Tbc1d22bos"
"rna_counts","2010106G04Rik"
"rna_counts","Ccdc167"
"rna_counts","Mdga1"
"rna_counts","Btbd9"
"rna_counts","Glo1"
"rna_counts","1700097N02Rik"
"rna_counts","Tff3"
"rna_counts","Tff2"
"rna_counts","Tff1"
"rna_counts","Tmprss3"
"rna_counts","Rsph1"
"rna_counts","Wdr4"
"rna_counts","Cbs"
"rna_counts","U2af1"
"rna_counts","Sik1"
"rna_counts","2310015A16Rik"
"rna_counts","Hsf2bp"
"rna_counts","Pdxk-ps"
"rna_counts","Notch3"
"rna_counts","Ephx3"
"rna_counts","Brd4"
"rna_counts","Akap8"
"rna_counts","Akap8l"
"rna_counts","Wiz"
"rna_counts","Rasal3"
"rna_counts","Pglyrp2"
"rna_counts","Zfp871"
"rna_counts","Zfp811"
"rna_counts","Zfp799"
"rna_counts","Zfp870"
"rna_counts","Cyp4f14"
"rna_counts","Cyp4f13"
"rna_counts","Cyp4f41-ps"
"rna_counts","Zfp763"
"rna_counts","Phf8-ps"
"rna_counts","Morc2b"
"rna_counts","Olfr1564"
"rna_counts","Zfp955a"
"rna_counts","Zfp422-ps"
"rna_counts","Zfp81"
"rna_counts","Zfp101"
"rna_counts","Hnrnpm"
"rna_counts","March2"
"rna_counts","Rab11b"
"rna_counts","Angptl4"
"rna_counts","4931413I07Rik"
"rna_counts","Kifc1"
"rna_counts","BC051226"
"rna_counts","Pfdn6"
"rna_counts","B3galt4"
"rna_counts","H2-K2"
"rna_counts","H2-K1"
"rna_counts","Ring1"
"rna_counts","Mir219a-1"
"rna_counts","H2-Ke6"
"rna_counts","Slc39a7"
"rna_counts","H2-Pb"
"rna_counts","BC051537"
"rna_counts","Brd2"
"rna_counts","Psmb9"
"rna_counts","H2-Aa"
"rna_counts","H2-Ea-ps"
"rna_counts","Btnl4"
"rna_counts","Btnl5-ps"
"rna_counts","Btnl6"
"rna_counts","Btnl7-ps"
"rna_counts","Rnf5"
"rna_counts","Egfl8"
"rna_counts","Ppt2"
"rna_counts","Cyp21a2-ps"
"rna_counts","C4b"
"rna_counts","Stk19-ps1"
"rna_counts","Skiv2l-ps1"
"rna_counts","Cyp21a1"
"rna_counts","C4a"
"rna_counts","Stk19"
"rna_counts","Skiv2l"
"rna_counts","Mir6971"
"rna_counts","Mir6970"
"rna_counts","Cfb"
"rna_counts","Mir6972"
"rna_counts","C2"
"rna_counts","1110038B12Rik"
"rna_counts","Snord52"
"rna_counts","Hspa1b"
"rna_counts","Hspa1a"
"rna_counts","Sapcd1"
"rna_counts","Msh5"
"rna_counts","Mpig6b"
"rna_counts","Ly6g6d"
"rna_counts","Ly6g6f"
"rna_counts","Ly6g5b"
"rna_counts","Csnk2b"
"rna_counts","Apom"
"rna_counts","Prrc2a"
"rna_counts","Aif1"
"rna_counts","Lst1"
"rna_counts","Tnf"
"rna_counts","Lta"
"rna_counts","Mir6974"
"rna_counts","Nfkbil1"
"rna_counts","Tcf19"
"rna_counts","CR974473.1"
"rna_counts","Mucl3"
"rna_counts","Vars2"
"rna_counts","Gtf2h4"
"rna_counts","Ddr1"
"rna_counts","Tubb5"
"rna_counts","Ppp1r18os"
"rna_counts","2310061I04Rik"
"rna_counts","Atat1"
"rna_counts","Mrps18b"
"rna_counts","Rbx1-ps"
"rna_counts","Abcf1"
"rna_counts","Mir877"
"rna_counts","Prr3"
"rna_counts","H2-T24"
"rna_counts","H2-T23"
"rna_counts","H2-T22"
"rna_counts","H2-Bl"
"rna_counts","H2-T-ps"
"rna_counts","H2-T10"
"rna_counts","H2-T3"
"rna_counts","Rpp21"
"rna_counts","Trim39"
"rna_counts","H2-M10.2"
"rna_counts","H2-M10.1"
"rna_counts","H2-M10.3"
"rna_counts","Stk-ps1"
"rna_counts","H2-M10.5-ps1"
"rna_counts","Lgals1-ps1"
"rna_counts","Obox3-ps8"
"rna_counts","H2-M10.4"
"rna_counts","H2-M9"
"rna_counts","H2-M1"
"rna_counts","Trim15"
"rna_counts","Trim40"
"rna_counts","Ppp1r11"
"rna_counts","Znrd1"
"rna_counts","H2-M6-ps"
"rna_counts","2410137M14Rik"
"rna_counts","H2-M5"
"rna_counts","Mog"
"rna_counts","Olfr90"
"rna_counts","Olfr91"
"rna_counts","Olfr92"
"rna_counts","Olfr93"
"rna_counts","Vhl-ps1"
"rna_counts","Olfr753-ps1"
"rna_counts","Olfr94"
"rna_counts","Olfr95"
"rna_counts","Olfr97"
"rna_counts","Olfr98"
"rna_counts","Olfr99"
"rna_counts","Olfr756-ps1"
"rna_counts","Olfr101"
"rna_counts","Olfr102"
"rna_counts","Olfr103"
"rna_counts","Olfr759-ps1"
"rna_counts","Olfr760-ps1"
"rna_counts","H2-M2"
"rna_counts","Olfr112"
"rna_counts","Olfr113"
"rna_counts","Olfr114"
"rna_counts","Olfr115"
"rna_counts","Olfr116"
"rna_counts","Olfr117"
"rna_counts","Olfr761"
"rna_counts","Olfr129"
"rna_counts","Olfr131"
"rna_counts","Olfr132"
"rna_counts","Olfr137"
"rna_counts","Olfr762-ps1"
"rna_counts","Esp36"
"rna_counts","Esp23"
"rna_counts","CT010467.1"
"rna_counts","AY036118"
"rna_counts","Pgk2"
"rna_counts","Crisp3"
"rna_counts","Crisp1"
"rna_counts","Crisp2"
"rna_counts","9130008F23Rik"
"rna_counts","Glyatl3"
"rna_counts","Cenpq"
"rna_counts","Opn5"
"rna_counts","Adgrf4"
"rna_counts","Adgrf2"
"rna_counts","Cd2ap"
"rna_counts","E130008D07Rik"
"rna_counts","Mep1a"
"rna_counts","Ankrd66"
"rna_counts","1700071M16Rik"
"rna_counts","Tdrd6"
"rna_counts","Slc25a27"
"rna_counts","Enpp4"
"rna_counts","Runx2"
"rna_counts","n-R5s27"
"rna_counts","4930564C03Rik"
"rna_counts","Cdc5l"
"rna_counts","Spats1"
"rna_counts","Tmem151b"
"rna_counts","Hsp90ab1"
"rna_counts","Slc29a1"
"rna_counts","Mymx"
"rna_counts","Capn11"
"rna_counts","Tmem63b"
"rna_counts","1600014C23Rik"
"rna_counts","4930542M03Rik"
"rna_counts","Vegfa"
"rna_counts","Rsph9"
"rna_counts","Mad2l1bp"
"rna_counts","Polh"
"rna_counts","Polr1c"
"rna_counts","Tjap1"
"rna_counts","Abcc10"
"rna_counts","Slc22a7"
"rna_counts","Ttbk1"
"rna_counts","Cul9"
"rna_counts","Srf"
"rna_counts","Mir6976"
"rna_counts","Ptk7"
"rna_counts","Klc4"
"rna_counts","Rrp36"
"rna_counts","Klhdc3"
"rna_counts","Ppp2r5d"
"rna_counts","Gnmt"
"rna_counts","Cnpy3"
"rna_counts","Ptcra"
"rna_counts","Bicral"
"rna_counts","Ubr2"
"rna_counts","Guca1a"
"rna_counts","1700001C19Rik"
"rna_counts","Taf8"
"rna_counts","Bysl"
"rna_counts","Kpna2-ps"
"rna_counts","Tomm6"
"rna_counts","Prickle4"
"rna_counts","Frs3os"
"rna_counts","Mdfi"
"rna_counts","Foxp4"
"rna_counts","1700122O11Rik"
"rna_counts","A730006G06Rik"
"rna_counts","9830107B12Rik"
"rna_counts","A530064D06Rik"
"rna_counts","Nfya"
"rna_counts","Apobec2"
"rna_counts","Tspo2"
"rna_counts","1700008K24Rik"
"rna_counts","Daam2"
"rna_counts","Rftn1"
"rna_counts","Dazl"
"rna_counts","Tbc1d5"
"rna_counts","C330011F03Rik"
"rna_counts","Satb1"
"rna_counts","E430014B02Rik"
"rna_counts","C230085N15Rik"
"rna_counts","5830444F18Rik"
"rna_counts","Efhb"
"rna_counts","Tpt1-ps7"
"rna_counts","Pp2d1"
"rna_counts","Sgo1"
"rna_counts","Rab5a-ps"
"rna_counts","Sult1c2"
"rna_counts","Mrps36-ps1"
"rna_counts","Sult1c2-ps1"
"rna_counts","Hcfc1r1-ps1"
"rna_counts","Mark4-ps"
"rna_counts","Ckb-ps1"
"rna_counts","Mark1-ps1"
"rna_counts","Sult1c1"
"rna_counts","Slc5a7"
"rna_counts","1700025K24Rik"
"rna_counts","Vmn2r118"
"rna_counts","Pot1b"
"rna_counts","Zfp119a"
"rna_counts","Zfp119b"
"rna_counts","Stap2"
"rna_counts","Sh3gl1"
"rna_counts","Ubxn6"
"rna_counts","Plin4"
"rna_counts","Plin5"
"rna_counts","Lrg1"
"rna_counts","Sema6b"
"rna_counts","Mydgf"
"rna_counts","Dpp9"
"rna_counts","Ticam1"
"rna_counts","Plin3"
"rna_counts","Arrdc5"
"rna_counts","Ptprs"
"rna_counts","Mir6977"
"rna_counts","Znrf4"
"rna_counts","Safb2"
"rna_counts","Micos13"
"rna_counts","Lonp1"
"rna_counts","Vmac"
"rna_counts","Nrtn"
"rna_counts","Rfx2"
"rna_counts","Acsbg2"
"rna_counts","Mllt1"
"rna_counts","Acer1"
"rna_counts","Pspn"
"rna_counts","Gtf2f1"
"rna_counts","Khsrp"
"rna_counts","Slc25a41"
"rna_counts","Slc25a23"
"rna_counts","Dennd1c"
"rna_counts","Tubb4a"
"rna_counts","Cd70"
"rna_counts","Tnfsf14"
"rna_counts","C3"
"rna_counts","Mir6978"
"rna_counts","Gpr108"
"rna_counts","Vmn2r120"
"rna_counts","A330072L02Rik"
"rna_counts","Pdzph1"
"rna_counts","Nudt12"
"rna_counts","Efna5"
"rna_counts","Fbxl17"
"rna_counts","4930405O22Rik"
"rna_counts","A930002H24Rik"
"rna_counts","Pja2"
"rna_counts","AU016765"
"rna_counts","4930583I09Rik"
"rna_counts","Tmem232"
"rna_counts","Vapa"
"rna_counts","Txndc2"
"rna_counts","Rab31"
"rna_counts","Ralbp1"
"rna_counts","Twsg1"
"rna_counts","Ankrd12"
"rna_counts","Ndufv2"
"rna_counts","Mtcl1"
"rna_counts","Rab12"
"rna_counts","Themis3"
"rna_counts","Ptprm"
"rna_counts","Mir5709"
"rna_counts","Lrrc30"
"rna_counts","Arhgap28"
"rna_counts","2410021H03Rik"
"rna_counts","A930029G22Rik"
"rna_counts","A730049N16Rik"
"rna_counts","5031415H12Rik"
"rna_counts","Tgif1"
"rna_counts","Mir1195"
"rna_counts","Myl12b"
"rna_counts","Myl12a"
"rna_counts","Emilin2"
"rna_counts","Smchd1"
"rna_counts","Ndc80"
"rna_counts","Trmt61b"
"rna_counts","Pcare"
"rna_counts","Alk"
"rna_counts","Capn13"
"rna_counts","Galnt14"
"rna_counts","AC107792.1"
"rna_counts","D630014O11Rik"
"rna_counts","Xdh"
"rna_counts","Srd5a2"
"rna_counts","Memo1"
"rna_counts","Dpy30"
"rna_counts","Nlrc4"
"rna_counts","Fam98a"
"rna_counts","Fez2"
"rna_counts","Strn"
"rna_counts","Heatr5b"
"rna_counts","Eif2ak2"
"rna_counts","Sult6b1"
"rna_counts","Cebpz"
"rna_counts","Prkd3"
"rna_counts","Cdc42ep3"
"rna_counts","Cyp1b1"
"rna_counts","Atl2"
"rna_counts","Hnrnpll"
"rna_counts","Srsf7"
"rna_counts","Dhx57"
"rna_counts","Sos1"
"rna_counts","Cdkl4"
"rna_counts","Map4k3"
"rna_counts","Thumpd2"
"rna_counts","Slc8a1"
"rna_counts","Cox7a2l"
"rna_counts","Kcng3"
"rna_counts","Haao"
"rna_counts","C430042M11Rik"
"rna_counts","Zfp36l2"
"rna_counts","Thada"
"rna_counts","4930500A05Rik"
"rna_counts","Abcg5"
"rna_counts","Lrpprc"
"rna_counts","1110020A21Rik"
"rna_counts","Prepl"
"rna_counts","Six3os1"
"rna_counts","Six2"
"rna_counts","Srbd1"
"rna_counts","2010106C02Rik"
"rna_counts","Atp6v1e2"
"rna_counts","Pigf"
"rna_counts","C330024C12Rik"
"rna_counts","Mcfd2"
"rna_counts","4833418N02Rik"
"rna_counts","0610012D04Rik"
"rna_counts","Stpg4"
"rna_counts","Calm2"
"rna_counts","Kcnk12"
"rna_counts","Fbxo11"
"rna_counts","1700116H05Rik"
"rna_counts","Lhcgr"
"rna_counts","Fshr"
"rna_counts","Nrxn1"
"rna_counts","Mettl4"
"rna_counts","Cul2"
"rna_counts","G430049J08Rik"
"rna_counts","Bambi"
"rna_counts","Lyzl1"
"rna_counts","4833419F23Rik"
"rna_counts","Mtpap"
"rna_counts","Jcad"
"rna_counts","Svil"
"rna_counts","Zeb1"
"rna_counts","4921524L21Rik"
"rna_counts","Rab18"
"rna_counts","Fabp5l2"
"rna_counts","Wac"
"rna_counts","Fzd8"
"rna_counts","Colec12"
"rna_counts","Thoc1"
"rna_counts","Greb1l"
"rna_counts","Snrpd1"
"rna_counts","4930563E18Rik"
"rna_counts","Mib1"
"rna_counts","Mir1b"
"rna_counts","Gata6"
"rna_counts","Rbbp8"
"rna_counts","Cables1"
"rna_counts","Riok3"
"rna_counts","Rmc1"
"rna_counts","Lama3"
"rna_counts","Ttc39c"
"rna_counts","Mir1948"
"rna_counts","Cabyr"
"rna_counts","Impact"
"rna_counts","Hrh4"
"rna_counts","8430422H06Rik"
"rna_counts","Psma8"
"rna_counts","Taf4b"
"rna_counts","4933424G05Rik"
"rna_counts","A830021F12Rik"
"rna_counts","1700001G01Rik"
"rna_counts","Dsg1c"
"rna_counts","Dsg1a"
"rna_counts","Dsg1b"
"rna_counts","Dsg4"
"rna_counts","Dsg3"
"rna_counts","Dsg2"
"rna_counts","Ttr"
"rna_counts","Rnf125"
"rna_counts","Rnf138"
"rna_counts","Mep1b"
"rna_counts","AC158774.1"
"rna_counts","4930426D05Rik"
"rna_counts","Asxl3"
"rna_counts","Dtna"
"rna_counts","Mapre2"
"rna_counts","Zfp397"
"rna_counts","Zfp35"
"rna_counts","Galnt1"
"rna_counts","2700062C07Rik"
"rna_counts","Elp2"
"rna_counts","Mocos"
"rna_counts","Fhod3"
"rna_counts","AW554918"
"rna_counts","0710001A04Rik"
"rna_counts","BC051408"
"rna_counts","4930527G23Rik"
"rna_counts","Pik3c3"
"rna_counts","B930094E09Rik"
"rna_counts","Sap130"
"rna_counts","Ammecr1l"
"rna_counts","Polr2d"
"rna_counts","Wdr33"
"rna_counts","Lims2"
"rna_counts","Iws1"
"rna_counts","Map3k2"
"rna_counts","Ercc3"
"rna_counts","Bin1"
"rna_counts","Tslp"
"rna_counts","Wdr36"
"rna_counts","Camk4"
"rna_counts","Epb41l4aos"
"rna_counts","Apc"
"rna_counts","Srp19"
"rna_counts","Pkd2l2"
"rna_counts","n-R5s24"
"rna_counts","Wnt8a"
"rna_counts","Kif20a"
"rna_counts","n-R5s25"
"rna_counts","2010110K18Rik"
"rna_counts","Fam53c"
"rna_counts","Kdm3b"
"rna_counts","Reep2"
"rna_counts","Egr1"
"rna_counts","Ctnna1"
"rna_counts","Snhg4"
"rna_counts","Mir1949"
"rna_counts","Snora74a"
"rna_counts","Matr3"
"rna_counts","Paip2"
"rna_counts","1700066B19Rik"
"rna_counts","Ube2d2a"
"rna_counts","Cxxc5"
"rna_counts","C330008A17Rik"
"rna_counts","Psd2"
"rna_counts","4930471G03Rik"
"rna_counts","Pura"
"rna_counts","Igip"
"rna_counts","Cystm1"
"rna_counts","Slc4a9"
"rna_counts","Ankhd1"
"rna_counts","Maskbp3"
"rna_counts","Eif4ebp3"
"rna_counts","Slc35a4"
"rna_counts","Tmco6"
"rna_counts","Ik"
"rna_counts","Wdr55"
"rna_counts","Hars2"
"rna_counts","Zmat2"
"rna_counts","Vaultrc5"
"rna_counts","Pcdha1"
"rna_counts","Pcdha2"
"rna_counts","Pcdha3"
"rna_counts","Pcdha4"
"rna_counts","Pcdha5"
"rna_counts","Pcdha6"
"rna_counts","Pcdha7"
"rna_counts","Pcdha8"
"rna_counts","Pcdha9"
"rna_counts","Pcdha11"
"rna_counts","Pcdha12"
"rna_counts","Pcdhac1"
"rna_counts","Pcdhac2"
"rna_counts","Pcdhb1"
"rna_counts","Pcdhb2"
"rna_counts","Pcdhb3"
"rna_counts","Pcdhb4"
"rna_counts","Pcdhb5"
"rna_counts","Pcdhb6"
"rna_counts","Pcdhb7"
"rna_counts","Pcdhb8"
"rna_counts","Pcdhb9"
"rna_counts","Pcdhb10"
"rna_counts","Pcdhb11"
"rna_counts","Pcdhb12"
"rna_counts","Pcdhb13"
"rna_counts","Pcdhb14"
"rna_counts","Pcdhb15"
"rna_counts","Pcdhb16"
"rna_counts","Pcdhb17"
"rna_counts","Pcdhb18"
"rna_counts","Pcdhb19"
"rna_counts","Pcdhb20"
"rna_counts","Pcdhb21"
"rna_counts","Pcdhb22"
"rna_counts","4930517L18Rik"
"rna_counts","3222401L13Rik"
"rna_counts","Pcdhga1"
"rna_counts","Pcdhga2"
"rna_counts","Pcdhga3"
"rna_counts","Pcdhgb1"
"rna_counts","Pcdhga4"
"rna_counts","Pcdhgb2"
"rna_counts","Pcdhga5"
"rna_counts","AC020971.1"
"rna_counts","Pcdhga6"
"rna_counts","Pcdhga7"
"rna_counts","Pcdhgb4"
"rna_counts","Pcdhga8"
"rna_counts","Pcdhgb5"
"rna_counts","Pcdhga9"
"rna_counts","Pcdhgb6"
"rna_counts","Pcdhga10"
"rna_counts","Pcdhgb7"
"rna_counts","Pcdhga11"
"rna_counts","Pcdhgb8"
"rna_counts","Pcdhga12"
"rna_counts","Pcdhgc3"
"rna_counts","Pcdhgc4"
"rna_counts","Pcdhgc5"
"rna_counts","Rell2"
"rna_counts","2010320O07Rik"
"rna_counts","Dele1"
"rna_counts","Rnf14"
"rna_counts","Ndfip1"
"rna_counts","9630014M24Rik"
"rna_counts","Arhgap26"
"rna_counts","Pabpc2"
"rna_counts","Kctd16"
"rna_counts","C030017B01Rik"
"rna_counts","Sh3rf2"
"rna_counts","Cstdc7"
"rna_counts","Rbm27"
"rna_counts","Pou4f3"
"rna_counts","Tcerg1"
"rna_counts","4933407I08Rik"
"rna_counts","Stk32a"
"rna_counts","Scgb3a2"
"rna_counts","Spink5"
"rna_counts","Spink14"
"rna_counts","Spink6"
"rna_counts","Spink12"
"rna_counts","Npy6r"
"rna_counts","Myot"
"rna_counts","Dcp2"
"rna_counts","A930012L18Rik"
"rna_counts","Ythdc2"
"rna_counts","Kcnn2"
"rna_counts","1700018A14Rik"
"rna_counts","Eif1a"
"rna_counts","Ap3s1"
"rna_counts","A430019L02Rik"
"rna_counts","Lvrn"
"rna_counts","Arl14epl"
"rna_counts","Commd10"
"rna_counts","Hspe1-rs1"
"rna_counts","9130209A04Rik"
"rna_counts","G630055G22Rik"
"rna_counts","Eno1b"
"rna_counts","1700044K03Rik"
"rna_counts","Dmxl1"
"rna_counts","Tnfaip8"
"rna_counts","Hsd17b4"
"rna_counts","Cd63-ps"
"rna_counts","AC118632.1"
"rna_counts","Fam170a"
"rna_counts","Prr16"
"rna_counts","Ftmt"
"rna_counts","Srfbp1"
"rna_counts","Zfp474"
"rna_counts","1700034E13Rik"
"rna_counts","Gykl1"
"rna_counts","Sncaip"
"rna_counts","Snx2"
"rna_counts","Snx24"
"rna_counts","Prdm6"
"rna_counts","Csnk1g3"
"rna_counts","Redrum"
"rna_counts","9330117O12Rik"
"rna_counts","AC163347.1"
"rna_counts","Gramd3"
"rna_counts","Mir1258"
"rna_counts","Phax"
"rna_counts","Tex43"
"rna_counts","Lmnb1"
"rna_counts","Megf10"
"rna_counts","Prrc1"
"rna_counts","Ctxn3"
"rna_counts","Ccdc192"
"rna_counts","Slc12a2"
"rna_counts","Slc27a6"
"rna_counts","Isoc1"
"rna_counts","Adamts19"
"rna_counts","Minar2"
"rna_counts","Chsy3"
"rna_counts","Mir6355"
"rna_counts","AC108942.1"
"rna_counts","F830016B08Rik"
"rna_counts","Iigp1"
"rna_counts","BC023105"
"rna_counts","Dctn4"
"rna_counts","Rbm22"
"rna_counts","Cd74"
"rna_counts","Mir5107"
"rna_counts","Arsi"
"rna_counts","Camk2a"
"rna_counts","Mir7220"
"rna_counts","Mir6982"
"rna_counts","Pdgfrb"
"rna_counts","Csf1r"
"rna_counts","Mir6983"
"rna_counts","Pde6a"
"rna_counts","Csnk1a1"
"rna_counts","Bvht"
"rna_counts","Il17b"
"rna_counts","1500015A07Rik"
"rna_counts","Sh3tc2"
"rna_counts","Htr4"
"rna_counts","Spink10"
"rna_counts","Apcdd1"
"rna_counts","Napg"
"rna_counts","Wdr7"
"rna_counts","St8sia3"
"rna_counts","Onecut2"
"rna_counts","Nedd4l"
"rna_counts","Mir122"
"rna_counts","F730048M01Rik"
"rna_counts","Malt1"
"rna_counts","Zfp532"
"rna_counts","Oacyl"
"rna_counts","Sec11c"
"rna_counts","Grp"
"rna_counts","Raxos1"
"rna_counts","Pmaip1"
"rna_counts","Gnal"
"rna_counts","Chmp1b"
"rna_counts","Impa2"
"rna_counts","Cidea"
"rna_counts","Tubb6"
"rna_counts","Prelid3a"
"rna_counts","Psmg2"
"rna_counts","Seh1l"
"rna_counts","Cep192"
"rna_counts","Ldlrad4"
"rna_counts","Rnmt"
"rna_counts","Mc5r"
"rna_counts","Mir6356"
"rna_counts","A730085E03Rik"
"rna_counts","Tcf4"
"rna_counts","Ccdc68"
"rna_counts","4930448D08Rik"
"rna_counts","Stard6"
"rna_counts","Mir6357"
"rna_counts","Mbd2"
"rna_counts","Mex3c"
"rna_counts","Mro"
"rna_counts","D730045A05Rik"
"rna_counts","Cxxc1"
"rna_counts","Mbd1"
"rna_counts","Cfap53"
"rna_counts","Myo5b"
"rna_counts","Acaa2"
"rna_counts","Snord58b"
"rna_counts","BC031181"
"rna_counts","Dym"
"rna_counts","Smad7"
"rna_counts","1700034B16Rik"
"rna_counts","Zbtb7c"
"rna_counts","Mir6358"
"rna_counts","Smad2"
"rna_counts","Skor2"
"rna_counts","Ier3ip1"
"rna_counts","Hdhd2"
"rna_counts","Pias2"
"rna_counts","St8sia5"
"rna_counts","Loxhd1"
"rna_counts","4930465K10Rik"
"rna_counts","Atp5a1"
"rna_counts","Pstpip2"
"rna_counts","Epg5"
"rna_counts","4931439C15Rik"
"rna_counts","AA684185"
"rna_counts","Pard6g"
"rna_counts","Rbfaos"
"rna_counts","Txnl4a"
"rna_counts","Pqlc1"
"rna_counts","D330025C20Rik"
"rna_counts","Mbp"
"rna_counts","Mir5112"
"rna_counts","4930445N18Rik"
"rna_counts","Zfp516"
"rna_counts","AC142100.1"
"rna_counts","Zadh2"
"rna_counts","Dipk1c"
"rna_counts","Cyb5a"
"rna_counts","Fbxo15"
"rna_counts","Neto1"
"rna_counts","Cbln2"
"rna_counts","Rttn"
"rna_counts","Mir6359"
"rna_counts","Cd226"
"rna_counts","Tmx3"
"rna_counts","Vmn1r-ps151"
"rna_counts","Vmn1r-ps152"
"rna_counts","Vmn1r238"
"rna_counts","Crem"
"rna_counts","Map3k8"
"rna_counts","Zfp438"
"rna_counts","Arhgap12"
"rna_counts","Kif5b"
"rna_counts","Epc1"
"rna_counts","Mir1893"
"rna_counts","Mkx"
"rna_counts","Armc4"
"rna_counts","4930415O11Rik"
"rna_counts","Mpp7"
"rna_counts","Gjd4"
"rna_counts","Ccny"
"rna_counts","Cetn1"
"rna_counts","Usp14"
"rna_counts","Rock1"
"rna_counts","Nutf2-ps2"
"rna_counts","Esco1"
"rna_counts","Abhd3"
"rna_counts","Mir133a-1hg"
"rna_counts","Mir133a-1"
"rna_counts","Mir1a-2"
"rna_counts","1010001N08Rik"
"rna_counts","Mir1901"
"rna_counts","Tmem241"
"rna_counts","Npc1"
"rna_counts","Ankrd29"
"rna_counts","Osbpl1a"
"rna_counts","AC103362.1"
"rna_counts","Zfp521"
"rna_counts","Ss18"
"rna_counts","Kctd1"
"rna_counts","E430002N23Rik"
"rna_counts","Aqp4"
"rna_counts","Chst9"
"rna_counts","Cdh2"
"rna_counts","4921533I20Rik"
"rna_counts","4930545E07Rik"
"rna_counts","Dsc3"
"rna_counts","Dsc2"
"rna_counts","Dsc1"
"rna_counts","Tpi-rs10"
"rna_counts","B4galt6"
"rna_counts","Trappc8"
"rna_counts","Garem1"
"rna_counts","Klhl14"
"rna_counts","Ccdc178"
"rna_counts","Nol4"
"rna_counts","Mir6360"
"rna_counts","Zscan30"
"rna_counts","Zfp24"
"rna_counts","Ino80c"
"rna_counts","Mir187"
"rna_counts","Rprd1a"
"rna_counts","Slc39a6"
"rna_counts","n-R5s23"
"rna_counts","Tpgs2"
"rna_counts","Celf4"
"rna_counts","4930578E11Rik"
"rna_counts","Rit2"
"rna_counts","Syt4"
"rna_counts","Slc25a46"
"rna_counts","Sft2d3"
"rna_counts","Gpr17"
"rna_counts","Myo7b"
"rna_counts","4933435E02Rik"
"rna_counts","Proc"
"rna_counts","A830052D11Rik"
"rna_counts","Gypc"
"rna_counts","Mir6361"
"rna_counts","2310026I22Rik"
"rna_counts","Stard4"
"rna_counts","Nrep"
"rna_counts","Epb41l4a"
"rna_counts","Reep5"
"rna_counts","Fam13b"
"rna_counts","Nme5"
"rna_counts","Brd8dc"
"rna_counts","Brd8"
"rna_counts","Cdc23"
"rna_counts","Gfra3"
"rna_counts","Cdc25c"
"rna_counts","Etf1"
"rna_counts","Hspa9"
"rna_counts","Lrrtm2"
"rna_counts","Sil1"
"rna_counts","Slc23a1"
"rna_counts","Mzb1"
"rna_counts","Prob1"
"rna_counts","Spata24"
"rna_counts","Dnajc18"
"rna_counts","Ecscr"
"rna_counts","Tmem173"
"rna_counts","Nrg2"
"rna_counts","Pfdn1"
"rna_counts","Hbegf"
"rna_counts","Sra1"
"rna_counts","Apbb3"
"rna_counts","E230025N22Rik"
"rna_counts","Cd14"
"rna_counts","Ndufa2"
"rna_counts","Dnd1"
"rna_counts","Hars"
"rna_counts","Slc25a2"
"rna_counts","Taf7"
"rna_counts","BC037039"
"rna_counts","Diaph1"
"rna_counts","Mir6979"
"rna_counts","Hdac3"
"rna_counts","Fchsd1"
"rna_counts","Arap3"
"rna_counts","Mir6981"
"rna_counts","Mir6980"
"rna_counts","Pcdh1"
"rna_counts","1700086O06Rik"
"rna_counts","Pcdh12"
"rna_counts","Gnpda1"
"rna_counts","Spry4"
"rna_counts","Fgf1"
"rna_counts","Nr3c1"
"rna_counts","Yipf5"
"rna_counts","Prelid2"
"rna_counts","Grxcr2"
"rna_counts","Plac8l1"
"rna_counts","Lars"
"rna_counts","Gpr151"
"rna_counts","C030004G16Rik"
"rna_counts","Ppp2r2b"
"rna_counts","4930588A03Rik"
"rna_counts","Dpysl3"
"rna_counts","Eif3j2"
"rna_counts","AC156546.1"
"rna_counts","Jakmip2"
"rna_counts","Spink1"
"rna_counts","Spinkl"
"rna_counts","Spink11"
"rna_counts","Mcc"
"rna_counts","A330093E20Rik"
"rna_counts","Trim36"
"rna_counts","Pggt1b"
"rna_counts","Ccdc112"
"rna_counts","4930415P13Rik"
"rna_counts","Mospd4"
"rna_counts","Fem1c"
"rna_counts","Ticam2"
"rna_counts","Tmed7"
"rna_counts","Cdo1"
"rna_counts","Atg12"
"rna_counts","Sema6a"
"rna_counts","Dtwd2"
"rna_counts","1700065O20Rik"
"rna_counts","C030005K06Rik"
"rna_counts","Pudp"
"rna_counts","Lox"
"rna_counts","Ppic"
"rna_counts","Cep120"
"rna_counts","4933434P08Rik"
"rna_counts","Zfp608"
"rna_counts","Aldh7a1"
"rna_counts","March3"
"rna_counts","C330018D20Rik"
"rna_counts","4930511M06Rik"
"rna_counts","1700066O22Rik"
"rna_counts","2210409D07Rik"
"rna_counts","Fbn2"
"rna_counts","Smim3"
"rna_counts","Myoz3"
"rna_counts","Synpo"
"rna_counts","Ndst1"
"rna_counts","Tcof1"
"rna_counts","Slc6a7"
"rna_counts","Cdx1"
"rna_counts","Hmgxb3"
"rna_counts","Slc26a2"
"rna_counts","Ppargc1b"
"rna_counts","Mir378a"
"rna_counts","Lncbate10"
"rna_counts","Arhgef37"
"rna_counts","Mir145a"
"rna_counts","Mir143"
"rna_counts","Carmn"
"rna_counts","Pcyox1l"
"rna_counts","Grpel2"
"rna_counts","Afap1l1"
"rna_counts","Ablim3"
"rna_counts","Adrb2"
"rna_counts","Fbxo38"
"rna_counts","Spink7"
"rna_counts","Spink13"
"rna_counts","2700046A07Rik"
"rna_counts","Piezo2"
"rna_counts","Txnl1"
"rna_counts","St8sia3os"
"rna_counts","Prdx1-ps"
"rna_counts","Amd-ps3"
"rna_counts","Fech"
"rna_counts","Nars"
"rna_counts","Atp8b1"
"rna_counts","A330084C13Rik"
"rna_counts","Alpk2"
"rna_counts","Rax"
"rna_counts","Cplx4"
"rna_counts","Lman1"
"rna_counts","Ccbe1"
"rna_counts","Mir694"
"rna_counts","Mc4r"
"rna_counts","Mppe1"
"rna_counts","B430212C06Rik"
"rna_counts","Afg3l2"
"rna_counts","Spire1"
"rna_counts","Cep76"
"rna_counts","Ptpn2"
"rna_counts","4930549G23Rik"
"rna_counts","Fam210a"
"rna_counts","Mir7219"
"rna_counts","Mc2r"
"rna_counts","4930546C10Rik"
"rna_counts","Mir145b"
"rna_counts","1700061H18Rik"
"rna_counts","Rab27b"
"rna_counts","Dynap"
"rna_counts","AC124764.1"
"rna_counts","4930503L19Rik"
"rna_counts","Poli"
"rna_counts","Dcc"
"rna_counts","n-R5-8s1"
"rna_counts","Smad4"
"rna_counts","Elac1"
"rna_counts","Me2"
"rna_counts","Mapk4"
"rna_counts","Ska1"
"rna_counts","1700120E14Rik"
"rna_counts","Scarna17"
"rna_counts","Lipg"
"rna_counts","9030625G05Rik"
"rna_counts","2010010A06Rik"
"rna_counts","Ctif"
"rna_counts","1700003O11Rik"
"rna_counts","2900057B20Rik"
"rna_counts","BC026513"
"rna_counts","Katnal2"
"rna_counts","Rnf165"
"rna_counts","8030462N17Rik"
"rna_counts","A330094K24Rik"
"rna_counts","Haus1"
"rna_counts","F830208F22Rik"
"rna_counts","Siglec15"
"rna_counts","Slc14a1"
"rna_counts","Slc14a2"
"rna_counts","Setbp1"
"rna_counts","Adnp2"
"rna_counts","Rbfa"
"rna_counts","Hsbp1l1"
"rna_counts","Kcng2"
"rna_counts","Ctdp1"
"rna_counts","Nfatc1"
"rna_counts","Atp9b"
"rna_counts","Sall3"
"rna_counts","4930594M17Rik"
"rna_counts","Mir5127"
"rna_counts","B020010K11Rik"
"rna_counts","Galr1"
"rna_counts","Zfp236"
"rna_counts","2210420H20Rik"
"rna_counts","4930592I03Rik"
"rna_counts","1700095A13Rik"
"rna_counts","4921531P14Rik"
"rna_counts","4933401L05Rik"
"rna_counts","Tshz1"
"rna_counts","Zfp407"
"rna_counts","Cndp1"
"rna_counts","Cndp2"
"rna_counts","D030046N08Rik"
"rna_counts","Timm21"
"rna_counts","Socs6"
"rna_counts","Dok6"
"rna_counts","Eif3s6-ps2"
"rna_counts","Mrpl21"
"rna_counts","Mir6984"
"rna_counts","Cpt1a"
"rna_counts","Tesmin"
"rna_counts","1810055G02Rik"
"rna_counts","Kmt5b"
"rna_counts","Chka"
"rna_counts","Unc93b1"
"rna_counts","Aldh3b3"
"rna_counts","Aldh3b2"
"rna_counts","Acy3"
"rna_counts","Tbx10"
"rna_counts","Nudt8"
"rna_counts","Doc2g"
"rna_counts","Cabp2"
"rna_counts","Cdk2ap2"
"rna_counts","Pitpnm1"
"rna_counts","Tmem134"
"rna_counts","Gpr152"
"rna_counts","Coro1b"
"rna_counts","Ptprcap"
"rna_counts","Ppp1ca"
"rna_counts","Clcf1"
"rna_counts","Pold4"
"rna_counts","A930001C03Rik"
"rna_counts","Pcx"
"rna_counts","Sptbn2"
"rna_counts","Rbm4b"
"rna_counts","Ccdc87"
"rna_counts","Ctsf"
"rna_counts","Zdhhc24"
"rna_counts","Mrpl11"
"rna_counts","Slc29a2"
"rna_counts","B4gat1"
"rna_counts","Brms1"
"rna_counts","Rin1"
"rna_counts","Cd248"
"rna_counts","Yif1a"
"rna_counts","Gal3st3"
"rna_counts","Catsper1"
"rna_counts","Eif1ad"
"rna_counts","D330050I16Rik"
"rna_counts","4930481A15Rik"
"rna_counts","AI837181"
"rna_counts","Fosl1"
"rna_counts","Fibp"
"rna_counts","Efemp2"
"rna_counts","Cfl1"
"rna_counts","1810058N15Rik"
"rna_counts","Ap5b1"
"rna_counts","Rnaseh2c"
"rna_counts","Rela"
"rna_counts","Map3k11"
"rna_counts","Kcnk7"
"rna_counts","Ltbp3"
"rna_counts","Frmd8os"
"rna_counts","Slc25a45"
"rna_counts","Syvn1"
"rna_counts","Mir6988"
"rna_counts","AC131692.1"
"rna_counts","Fau"
"rna_counts","Znhit2"
"rna_counts","Tmem262"
"rna_counts","Cdca5"
"rna_counts","Naaladl1"
"rna_counts","Batf2"
"rna_counts","n-R5s19"
"rna_counts","Majin"
"rna_counts","Gpha2"
"rna_counts","Atg2a"
"rna_counts","Mir194-2"
"rna_counts","Mir192"
"rna_counts","Ehd1"
"rna_counts","Cdc42bpg"
"rna_counts","Men1"
"rna_counts","Map4k2"
"rna_counts","Mir6989"
"rna_counts","Sf1"
"rna_counts","Pygm"
"rna_counts","Rasgrp2"
"rna_counts","Nrxn2"
"rna_counts","Trmt112"
"rna_counts","Bad"
"rna_counts","Ppp1r14b"
"rna_counts","Trpt1"
"rna_counts","Macrod1"
"rna_counts","Rcor2"
"rna_counts","1700105P06Rik"
"rna_counts","2700081O15Rik"
"rna_counts","Mir6991"
"rna_counts","Atl3"
"rna_counts","Plaat3"
"rna_counts","Plaat5"
"rna_counts","Slc22a8"
"rna_counts","Slc22a6"
"rna_counts","Chrm1"
"rna_counts","Snhg1"
"rna_counts","Snord22"
"rna_counts","Wdr74"
"rna_counts","1700092M07Rik"
"rna_counts","Stx5a"
"rna_counts","Mir6992"
"rna_counts","Nxf1"
"rna_counts","Tmem223"
"rna_counts","Zbtb3"
"rna_counts","Hnrnpul2"
"rna_counts","Bscl2"
"rna_counts","Lrrn4cl"
"rna_counts","Ubxn1"
"rna_counts","Lbhd1"
"rna_counts","1810009A15Rik"
"rna_counts","Ints5"
"rna_counts","Ganab"
"rna_counts","B3gat3"
"rna_counts","Eml3"
"rna_counts","Mta2"
"rna_counts","Tut1"
"rna_counts","Eef1g"
"rna_counts","Ahnak"
"rna_counts","Pcna-ps2"
"rna_counts","Scgb2a2"
"rna_counts","Fth1"
"rna_counts","Rab3il1"
"rna_counts","Fads3"
"rna_counts","Fads1"
"rna_counts","Mir6993"
"rna_counts","Tmem258"
"rna_counts","Syt7"
"rna_counts","Cpsf7"
"rna_counts","Cyb561a3"
"rna_counts","Ddb1"
"rna_counts","Vwce"
"rna_counts","2210404E10Rik"
"rna_counts","Vps37c"
"rna_counts","A430093F15Rik"
"rna_counts","Slc15a3"
"rna_counts","Prpf19"
"rna_counts","Ptgdr2"
"rna_counts","4930526L06Rik"
"rna_counts","Ms4a4a"
"rna_counts","Ms4a4c"
"rna_counts","Ms4a4b"
"rna_counts","Ms4a6c"
"rna_counts","Ms4a6b"
"rna_counts","Ms4a4d"
"rna_counts","Oosp3"
"rna_counts","Cblif"
"rna_counts","Mrpl16"
"rna_counts","Olfr1420"
"rna_counts","Patl1"
"rna_counts","Mir6994"
"rna_counts","Osbp"
"rna_counts","Olfr1421-ps1"
"rna_counts","Olfr1431"
"rna_counts","Olfr235"
"rna_counts","Olfr1434"
"rna_counts","Olfr1440"
"rna_counts","Olfr1441"
"rna_counts","Pfpl"
"rna_counts","Mpeg1"
"rna_counts","Fam111a"
"rna_counts","Glyat"
"rna_counts","Olfr1442"
"rna_counts","Olfr1443"
"rna_counts","Keg1"
"rna_counts","Lpxn"
"rna_counts","Olfr1444"
"rna_counts","Olfr1445"
"rna_counts","Olfr1449"
"rna_counts","Olfr1450"
"rna_counts","Olfr1451"
"rna_counts","Olfr1452-ps1"
"rna_counts","Olfr1454"
"rna_counts","Olfr1455-ps1"
"rna_counts","Olfr1460-ps1"
"rna_counts","Olfr1461"
"rna_counts","Olfr1462"
"rna_counts","Olfr1463"
"rna_counts","Olfr1466"
"rna_counts","Olfr1467"
"rna_counts","Olfr1468-ps1"
"rna_counts","Olfr1469"
"rna_counts","Olfr1471"
"rna_counts","Olfr1474"
"rna_counts","Olfr1476-ps1"
"rna_counts","Olfr1477"
"rna_counts","Olfr1478-ps1"
"rna_counts","Olfr1479-ps1"
"rna_counts","Olfr1480"
"rna_counts","Olfr1481-ps1"
"rna_counts","Olfr1483-ps1"
"rna_counts","Olfr1484"
"rna_counts","Olfr1485-ps1"
"rna_counts","Olfr1486-ps1"
"rna_counts","Olfr1487"
"rna_counts","Olfr1488-ps1"
"rna_counts","Olfr1489"
"rna_counts","Olfr1490"
"rna_counts","Olfr1491"
"rna_counts","Olfr1492-ps1"
"rna_counts","Olfr1493-ps1"
"rna_counts","Olfr1494"
"rna_counts","Olfr1495"
"rna_counts","Olfr1496"
"rna_counts","Olfr1502"
"rna_counts","Olfr1503-ps1"
"rna_counts","Olfr1505"
"rna_counts","C130060C02Rik"
"rna_counts","Gnaq"
"rna_counts","Gna14"
"rna_counts","Prune2"
"rna_counts","Rfk"
"rna_counts","Eef1a1-ps1"
"rna_counts","Nmrk1"
"rna_counts","Carnmt1"
"rna_counts","D030056L22Rik"
"rna_counts","Trpm6"
"rna_counts","1500015L24Rik"
"rna_counts","Aldh1a1"
"rna_counts","4930554I06Rik"
"rna_counts","Zfand5"
"rna_counts","Abhd17b"
"rna_counts","Cemip2"
"rna_counts","Trpm3"
"rna_counts","Nsa2-ps1"
"rna_counts","Mir204"
"rna_counts","2410080I02Rik"
"rna_counts","Klf9"
"rna_counts","Mir1192"
"rna_counts","Ptar1"
"rna_counts","Apba1"
"rna_counts","1700021P04Rik"
"rna_counts","Pip5k1bos"
"rna_counts","Tmem252"
"rna_counts","Dock8"
"rna_counts","Kank1"
"rna_counts","Dmrt1"
"rna_counts","Dmrt3"
"rna_counts","Dmrt2"
"rna_counts","Smarca2"
"rna_counts","Vldlr"
"rna_counts","Kcnv2"
"rna_counts","D930032P07Rik"
"rna_counts","Slc1a1"
"rna_counts","Plpp6"
"rna_counts","Cdc37l1"
"rna_counts","1700018L02Rik"
"rna_counts","Rcl1"
"rna_counts","Mir101b"
"rna_counts","Jak2"
"rna_counts","Cd274"
"rna_counts","Pdcd1lg2"
"rna_counts","Ric1"
"rna_counts","Mlana"
"rna_counts","Il33"
"rna_counts","Trpd52l3"
"rna_counts","Uhrf2"
"rna_counts","Mbl2"
"rna_counts","Cstf2t"
"rna_counts","A1cf"
"rna_counts","9130016M20Rik"
"rna_counts","2700046G09Rik"
"rna_counts","Minpp1"
"rna_counts","AC115752.1"
"rna_counts","Papss2"
"rna_counts","Pten"
"rna_counts","Mir3970"
"rna_counts","Lipf"
"rna_counts","Lipk"
"rna_counts","Lipn"
"rna_counts","Lipm"
"rna_counts","Stambpl1"
"rna_counts","Fas"
"rna_counts","Ifit2"
"rna_counts","Ifit3"
"rna_counts","Ifit3b"
"rna_counts","Cnn2-ps"
"rna_counts","Ifit1"
"rna_counts","Kif20b"
"rna_counts","Mir1950"
"rna_counts","Rpp30"
"rna_counts","Pcgf5"
"rna_counts","Hectd2"
"rna_counts","Tnks2"
"rna_counts","Btaf1"
"rna_counts","A330032B11Rik"
"rna_counts","March5"
"rna_counts","Kif11"
"rna_counts","Hhex"
"rna_counts","1700122C19Rik"
"rna_counts","Exoc6"
"rna_counts","Cyp26c1"
"rna_counts","Cyp26a1"
"rna_counts","Cep55"
"rna_counts","Ffar4"
"rna_counts","Pde6c"
"rna_counts","Lgi1"
"rna_counts","Slc35g1"
"rna_counts","Plce1"
"rna_counts","Tbc1d12"
"rna_counts","Hells"
"rna_counts","Cyp2c52-ps"
"rna_counts","Cyp2c55"
"rna_counts","Cyp2c65"
"rna_counts","Cyp2c66"
"rna_counts","Cyp2c53-ps"
"rna_counts","Cyp2c29"
"rna_counts","Cyp2c72-ps"
"rna_counts","Cyp2c39"
"rna_counts","Cyp2c71-ps"
"rna_counts","Cyp2c37"
"rna_counts","Cyp2c50"
"rna_counts","A930028N01Rik"
"rna_counts","Entpd1"
"rna_counts","Cc2d2b"
"rna_counts","Ccnj"
"rna_counts","E030044B06Rik"
"rna_counts","Mir8092"
"rna_counts","Zfp518a"
"rna_counts","Dntt"
"rna_counts","Lcor"
"rna_counts","Mir8091"
"rna_counts","Frat1"
"rna_counts","Pgam1"
"rna_counts","Zdhhc16"
"rna_counts","Ubtd1"
"rna_counts","Ankrd2"
"rna_counts","Hoga1"
"rna_counts","4933411K16Rik"
"rna_counts","Pi4k2a"
"rna_counts","Marveld1"
"rna_counts","Zfyve27"
"rna_counts","Golga7b"
"rna_counts","R3hcc1l"
"rna_counts","Cnnm1"
"rna_counts","Nkx2-3"
"rna_counts","BC037704"
"rna_counts","Entpd7"
"rna_counts","Cutc"
"rna_counts","Abcc2"
"rna_counts","n-R5s21"
"rna_counts","Scd3"
"rna_counts","Scd2"
"rna_counts","Mir5114"
"rna_counts","Scd4"
"rna_counts","Wnt8b"
"rna_counts","Hif1an"
"rna_counts","Pax2"
"rna_counts","Mir6405"
"rna_counts","Slf2"
"rna_counts","Sema4g"
"rna_counts","Twnk"
"rna_counts","Lzts2"
"rna_counts","Sfxn3"
"rna_counts","Kazald1"
"rna_counts","Tlx1"
"rna_counts","Btrc"
"rna_counts","4930505N22Rik"
"rna_counts","Hps6"
"rna_counts","Pprc1"
"rna_counts","Nolc1"
"rna_counts","Elovl3"
"rna_counts","Gbf1"
"rna_counts","Nfkb2"
"rna_counts","Fbxl15"
"rna_counts","Mfsd13a"
"rna_counts","Mir146b"
"rna_counts","Sufu"
"rna_counts","Trim8"
"rna_counts","Sfxn2"
"rna_counts","Wbp1l"
"rna_counts","Borcs7"
"rna_counts","As3mt"
"rna_counts","Cnnm2"
"rna_counts","Ina"
"rna_counts","Taf5"
"rna_counts","Pdcd11"
"rna_counts","Neurl1a"
"rna_counts","AC132288.1"
"rna_counts","Slk"
"rna_counts","Sfr1"
"rna_counts","Gsto1"
"rna_counts","Gsto2"
"rna_counts","Cfap58"
"rna_counts","Sorcs3"
"rna_counts","Siah1-ps1"
"rna_counts","Ins1"
"rna_counts","AA387883"
"rna_counts","1700054A03Rik"
"rna_counts","Add3"
"rna_counts","Mxi1"
"rna_counts","8030456M14Rik"
"rna_counts","4833407H14Rik"
"rna_counts","Dusp5"
"rna_counts","Smc3"
"rna_counts","Rbm20"
"rna_counts","Pdcd4"
"rna_counts","Shoc2"
"rna_counts","Adra2a"
"rna_counts","Tectb"
"rna_counts","Mir6715"
"rna_counts","Acsl5"
"rna_counts","Vti1a"
"rna_counts","Tcf7l2"
"rna_counts","Ppnr"
"rna_counts","D730002M21Rik"
"rna_counts","Habp2"
"rna_counts","Casp7"
"rna_counts","Plekhs1"
"rna_counts","Nhlrc2"
"rna_counts","Adrb1"
"rna_counts","Tdrd1"
"rna_counts","Vwa2"
"rna_counts","4930449E18Rik"
"rna_counts","Fam160b1"
"rna_counts","Trub1"
"rna_counts","6720468P15Rik"
"rna_counts","Atrnl1"
"rna_counts","Mir5623"
"rna_counts","Ccdc172"
"rna_counts","1810007D17Rik"
"rna_counts","Pnlip"
"rna_counts","1810035K13Rik"
"rna_counts","1810018F18Rik"
"rna_counts","Pnliprp1"
"rna_counts","Pnliprp2"
"rna_counts","Eno4"
"rna_counts","Kcnk18"
"rna_counts","Slc18a2"
"rna_counts","Emx2"
"rna_counts","2700089I24Rik"
"rna_counts","Csf1r-ps"
"rna_counts","E330013P04Rik"
"rna_counts","4933412A08Rik"
"rna_counts","Nanos1"
"rna_counts","Fam45a"
"rna_counts","Grk5"
"rna_counts","1700030N03Rik"
"rna_counts","Ighmbp2"
"rna_counts","Gal"
"rna_counts","Ppp6r3"
"rna_counts","Lrp5"
"rna_counts","Tcirg1"
"rna_counts","Ndufs8"
"rna_counts","Aldh3b1"
"rna_counts","4833408A19Rik"
"rna_counts","Ndufv1"
"rna_counts","Gstp1"
"rna_counts","Gstp2"
"rna_counts","Gstp3"
"rna_counts","Aip"
"rna_counts","Cabp4"
"rna_counts","Carns1"
"rna_counts","Tbc1d10c"
"rna_counts","Rad9a"
"rna_counts","1500032F14Rik"
"rna_counts","Ssh3"
"rna_counts","Mir6985"
"rna_counts","Ankrd13d"
"rna_counts","Grk2"
"rna_counts","Kdm2a"
"rna_counts","Rhod"
"rna_counts","Syt12"
"rna_counts","2010003K11Rik"
"rna_counts","Lrfn4"
"rna_counts","Rce1"
"rna_counts","Mir6986"
"rna_counts","Rbm4"
"rna_counts","Rbm14"
"rna_counts","Ccs"
"rna_counts","Actn3"
"rna_counts","Bbs1"
"rna_counts","Dpp3"
"rna_counts","Peli3"
"rna_counts","Npas4"
"rna_counts","AC124502.1"
"rna_counts","Tmem151a"
"rna_counts","Cnih2"
"rna_counts","Rab1b"
"rna_counts","Klc2"
"rna_counts","Pacs1"
"rna_counts","Sf3b2"
"rna_counts","Cst6"
"rna_counts","AC122861.1"
"rna_counts","Banf1"
"rna_counts","Sart1"
"rna_counts","Tsga10ip"
"rna_counts","Drap1"
"rna_counts","Ccdc85b"
"rna_counts","Ctsw"
"rna_counts","Mus81"
"rna_counts","1700061A03Rik"
"rna_counts","Snx32"
"rna_counts","1700020D05Rik"
"rna_counts","Ovol1"
"rna_counts","Kat5"
"rna_counts","Sipa1"
"rna_counts","Pcnx3"
"rna_counts","Mir6987"
"rna_counts","Ehbp1l1"
"rna_counts","Fam89b"
"rna_counts","Znrd2"
"rna_counts","Scyl1"
"rna_counts","Malat1"
"rna_counts","Neat1"
"rna_counts","Frmd8"
"rna_counts","Tigd3"
"rna_counts","Dpf2"
"rna_counts","Cdc42ep2"
"rna_counts","Pola2"
"rna_counts","Slc22a20"
"rna_counts","Capn1"
"rna_counts","Mrpl49"
"rna_counts","Tm7sf2"
"rna_counts","Vps51"
"rna_counts","Zfpl1"
"rna_counts","Sac3d1"
"rna_counts","Snx15"
"rna_counts","Arl2"
"rna_counts","Ppp2r5b"
"rna_counts","Slc22a12"
"rna_counts","Hmgb1-ps4"
"rna_counts","2410152P15Rik"
"rna_counts","CAAA01066123.1"
"rna_counts","Mir5046"
"rna_counts","Ccdc88b"
"rna_counts","Prdx5"
"rna_counts","Esrra"
"rna_counts","Mir6990"
"rna_counts","Catsperz"
"rna_counts","Kcnk4"
"rna_counts","Gpr137"
"rna_counts","Plcb3"
"rna_counts","Fkbp2"
"rna_counts","Vegfb"
"rna_counts","Dnajc4"
"rna_counts","Nudt22"
"rna_counts","Fermt3"
"rna_counts","Stip1"
"rna_counts","AC109619.1"
"rna_counts","Flrt1"
"rna_counts","Otub1"
"rna_counts","Cox8a"
"rna_counts","Naa40"
"rna_counts","Mark2"
"rna_counts","Spindoc"
"rna_counts","Rab11b-ps2"
"rna_counts","Rtn3"
"rna_counts","Lgals12"
"rna_counts","Slc22a19"
"rna_counts","Slc22a26"
"rna_counts","Slc22a27"
"rna_counts","Slc22a28"
"rna_counts","Slc22a29"
"rna_counts","Slc22a30"
"rna_counts","9830166K06Rik"
"rna_counts","Slc3a2"
"rna_counts","Tmem179b"
"rna_counts","Taf6l"
"rna_counts","Polr2g"
"rna_counts","Ttc9c"
"rna_counts","Gng3"
"rna_counts","Uqcc3"
"rna_counts","Snora57"
"rna_counts","Mir5136"
"rna_counts","Rom1"
"rna_counts","Scgb1a1"
"rna_counts","Asrgl1"
"rna_counts","Stxbp3-ps"
"rna_counts","Incenp"
"rna_counts","Best1"
"rna_counts","Fads2"
"rna_counts","Fen1"
"rna_counts","Myrf"
"rna_counts","Dagla"
"rna_counts","Lrrc10b"
"rna_counts","Ppp1r32"
"rna_counts","Sdhaf2"
"rna_counts","Tmem216"
"rna_counts","Tmem138"
"rna_counts","Tkfc"
"rna_counts","4930524O05Rik"
"rna_counts","Pga5"
"rna_counts","Cd5"
"rna_counts","Cd6"
"rna_counts","Tmem132a"
"rna_counts","Tmem109"
"rna_counts","Zp1"
"rna_counts","Ccdc86"
"rna_counts","Ms4a10"
"rna_counts","Ms4a15"
"rna_counts","Ms4a18"
"rna_counts","AW112010"
"rna_counts","Ms4a8a"
"rna_counts","Ms4a20"
"rna_counts","Ms4a19"
"rna_counts","Ms4a13"
"rna_counts","Ms4a12"
"rna_counts","Ms4a1"
"rna_counts","Ms4a5"
"rna_counts","Ms4a14"
"rna_counts","Ms4a7"
"rna_counts","BE692007"
"rna_counts","Ms4a6d"
"rna_counts","Ms4a2"
"rna_counts","Ms4a3"
"rna_counts","Oosp2"
"rna_counts","Oosp1"
"rna_counts","Stx3"
"rna_counts","Olfr1417"
"rna_counts","Olfr1418"
"rna_counts","Olfr1419"
"rna_counts","Olfr1422-ps1"
"rna_counts","Olfr1423"
"rna_counts","Olfr1424"
"rna_counts","Olfr1425"
"rna_counts","Olfr1426"
"rna_counts","Olfr1427"
"rna_counts","Olfr1428"
"rna_counts","Olfr76"
"rna_counts","Olfr1555-ps1"
"rna_counts","Olfr1430-ps1"
"rna_counts","Olfr1432"
"rna_counts","Olfr262"
"rna_counts","Olfr1435-ps1"
"rna_counts","Olfr1436"
"rna_counts","Olfr1437"
"rna_counts","Olfr1438-ps1"
"rna_counts","Olfr1439-ps1"
"rna_counts","Dtx4"
"rna_counts","A330040F15Rik"
"rna_counts","Cntf"
"rna_counts","Zfp91"
"rna_counts","Olfr1446"
"rna_counts","Olfr1447"
"rna_counts","Olfr1448"
"rna_counts","Olfr1453"
"rna_counts","Olfr1456-ps1"
"rna_counts","Olfr1457"
"rna_counts","Olfr1458"
"rna_counts","Olfr1459"
"rna_counts","Olfr1464-ps1"
"rna_counts","Olfr1465"
"rna_counts","Olfr1470-ps1"
"rna_counts","Olfr1472"
"rna_counts","Olfr1473-ps1"
"rna_counts","Olfr1475"
"rna_counts","Olfr1482-ps1"
"rna_counts","Olfr1497"
"rna_counts","Olfr1498-ps1"
"rna_counts","Olfr1499"
"rna_counts","Olfr1500"
"rna_counts","Olfr1501"
"rna_counts","Olfr1504"
"rna_counts","Tle4"
"rna_counts","Psat1"
"rna_counts","Cep78"
"rna_counts","E030024N20Rik"
"rna_counts","Mir496b"
"rna_counts","Vps13a"
"rna_counts","Foxb2"
"rna_counts","Gcnt1"
"rna_counts","Pcsk5"
"rna_counts","Ostf1"
"rna_counts","Rorb"
"rna_counts","Anxa1"
"rna_counts","C730002L08Rik"
"rna_counts","Aldh1a7"
"rna_counts","Tmc1"
"rna_counts","AC106834.1"
"rna_counts","Gda"
"rna_counts","1110059E24Rik"
"rna_counts","C330002G04Rik"
"rna_counts","Smc5"
"rna_counts","Mamdc2"
"rna_counts","1700028P14Rik"
"rna_counts","Fam189a2"
"rna_counts","Tjp2"
"rna_counts","Fxn"
"rna_counts","Pip5k1b"
"rna_counts","Fam122a"
"rna_counts","Pgm5"
"rna_counts","Foxd4"
"rna_counts","Cbwd1"
"rna_counts","Mir3084-1"
"rna_counts","2610016A17Rik"
"rna_counts","1700048O14Rik"
"rna_counts","4931403E22Rik"
"rna_counts","Pum3"
"rna_counts","Rfx3"
"rna_counts","Glis3"
"rna_counts","4933413C19Rik"
"rna_counts","4430402I18Rik"
"rna_counts","Ak3"
"rna_counts","Insl6"
"rna_counts","Rln1"
"rna_counts","Plgrkt"
"rna_counts","A930007I19Rik"
"rna_counts","Ermp1"
"rna_counts","9930021J03Rik"
"rna_counts","Ranbp6"
"rna_counts","Gldc"
"rna_counts","Ppp1r2-ps3"
"rna_counts","Dkk1"
"rna_counts","Prkg1"
"rna_counts","Asah2"
"rna_counts","Sgms1"
"rna_counts","Atad1"
"rna_counts","Rnls"
"rna_counts","Lipo5"
"rna_counts","Lipo4"
"rna_counts","Lipo3"
"rna_counts","AC141640.1"
"rna_counts","Lipo2"
"rna_counts","Lipo1"
"rna_counts","Ankrd22"
"rna_counts","Acta2"
"rna_counts","Ch25h"
"rna_counts","Lipa"
"rna_counts","Ifit1bl1"
"rna_counts","Ifit1bl2"
"rna_counts","Slc16a12"
"rna_counts","Pank1"
"rna_counts","Mir107"
"rna_counts","A830019P07Rik"
"rna_counts","Htr7"
"rna_counts","Ankrd1"
"rna_counts","F530104D19Rik"
"rna_counts","Hectd2os"
"rna_counts","Ppp1r3c"
"rna_counts","Fgfbp3"
"rna_counts","Cpeb3"
"rna_counts","Ide"
"rna_counts","Myof"
"rna_counts","I830134H01Rik"
"rna_counts","Rbp4"
"rna_counts","Fra10ac1"
"rna_counts","Noc3l"
"rna_counts","Cyp2c38"
"rna_counts","Cyp2c67"
"rna_counts","Cyp2c68"
"rna_counts","Cyp2c40"
"rna_counts","Cyp2c69"
"rna_counts","Cyp2c54"
"rna_counts","Cyp2c70"
"rna_counts","Pdlim1"
"rna_counts","Sorbs1"
"rna_counts","Aldh18a1"
"rna_counts","Tctn3"
"rna_counts","Blnk"
"rna_counts","Opalin"
"rna_counts","Tll2"
"rna_counts","Tm9sf3"
"rna_counts","Pik3ap1"
"rna_counts","Slit1"
"rna_counts","Arhgap19"
"rna_counts","Frat2"
"rna_counts","Rrp12"
"rna_counts","Exosc1"
"rna_counts","Mms19"
"rna_counts","Morn4"
"rna_counts","Avpi1"
"rna_counts","Sfrp5"
"rna_counts","Crtac1"
"rna_counts","Mir3085"
"rna_counts","Loxl4"
"rna_counts","Pyroxd2"
"rna_counts","Hps1"
"rna_counts","Hpse2"
"rna_counts","Got1"
"rna_counts","Slc25a28"
"rna_counts","Cox15"
"rna_counts","Dnmbp"
"rna_counts","Cpn1"
"rna_counts","Cyp2c23"
"rna_counts","Erlin1"
"rna_counts","Chuk"
"rna_counts","Cwf19l1"
"rna_counts","Bloc1s2"
"rna_counts","Pkd2l1"
"rna_counts","Scd1"
"rna_counts","Sec31b"
"rna_counts","Ndufb8"
"rna_counts","1700039E22Rik"
"rna_counts","4930414N06Rik"
"rna_counts","Mrpl43"
"rna_counts","Pdzd7"
"rna_counts","Tlx1os"
"rna_counts","Lbx1"
"rna_counts","1700016H03Rik"
"rna_counts","Poll"
"rna_counts","Fbxw4"
"rna_counts","Fgf8"
"rna_counts","Npm3"
"rna_counts","Oga"
"rna_counts","Kcnip2"
"rna_counts","Armh3"
"rna_counts","Ldb1"
"rna_counts","Pitx3"
"rna_counts","4833438C02Rik"
"rna_counts","Psd"
"rna_counts","Cuedc2"
"rna_counts","2310034G01Rik"
"rna_counts","Actr1a"
"rna_counts","Arl3"
"rna_counts","Cyp17a1"
"rna_counts","Nt5c2"
"rna_counts","Pcgf6"
"rna_counts","Atp5md"
"rna_counts","Calhm2"
"rna_counts","Calhm1"
"rna_counts","Calhm3"
"rna_counts","H1f11-ps"
"rna_counts","Sh3pxd2a"
"rna_counts","Mir6995"
"rna_counts","Stn1"
"rna_counts","Col17a1"
"rna_counts","Cfap43"
"rna_counts","Mir8090"
"rna_counts","Itprip"
"rna_counts","4930535F04Rik"
"rna_counts","Sorcs1"
"rna_counts","Xpnpep1"
"rna_counts","Mir6407"
"rna_counts","1700001K23Rik"
"rna_counts","Smndc1"
"rna_counts","Mirt1"
"rna_counts","Nutf2-ps1"
"rna_counts","Bbip1"
"rna_counts","4930484I04Rik"
"rna_counts","Gpam"
"rna_counts","Gucy2g"
"rna_counts","Zdhhc6"
"rna_counts","Nrap"
"rna_counts","Dclre1a"
"rna_counts","Ccdc186"
"rna_counts","Afap1l2"
"rna_counts","Ablim1"
"rna_counts","B230217O12Rik"
"rna_counts","Gfra1"
"rna_counts","1700019N19Rik"
"rna_counts","Hspa12a"
"rna_counts","Mir3086"
"rna_counts","Shtn1"
"rna_counts","Vax1"
"rna_counts","Pdzd8"
"rna_counts","Emx2os"
"rna_counts","Rab11fip2"
"rna_counts","Fam204a"
"rna_counts","Prlhr"
"rna_counts","Cacul1"
"rna_counts","Eif3a"
"rna_counts","Sfxn4"
"rna_counts","Prdx3"
"rna_counts","Zfp950"
"rna_counts","Csf2ra"
"rna_counts","Btbd35f23"
"rna_counts","Btbd35f18"
"rna_counts","Btbd35f3"
"rna_counts","Btbd35f28"
"rna_counts","Btbd35f17"
"rna_counts","Btbd35f4"
"rna_counts","Btbd35f27"
"rna_counts","Btbd35f7"
"rna_counts","Nudt11"
"rna_counts","n-R5s2"
"rna_counts","Shroom4"
"rna_counts","Dgkk"
"rna_counts","Akap4"
"rna_counts","Flicr"
"rna_counts","Foxp3"
"rna_counts","Cacna1f"
"rna_counts","Syp"
"rna_counts","Prickle3"
"rna_counts","Gpkow"
"rna_counts","Wdr45"
"rna_counts","Praf2"
"rna_counts","Smt3h2-ps"
"rna_counts","Tfe3"
"rna_counts","Gripap1"
"rna_counts","Mir1198"
"rna_counts","Kcnd1"
"rna_counts","Otud5"
"rna_counts","Pim2"
"rna_counts","Slc35a2"
"rna_counts","Timm17b"
"rna_counts","Pcsk1n"
"rna_counts","Psmb7-ps2"
"rna_counts","Rbm3os"
"rna_counts","Slc38a5"
"rna_counts","Ssxb10"
"rna_counts","Ssxb9"
"rna_counts","Ssxb1"
"rna_counts","Ssx9"
"rna_counts","Ssxb5"
"rna_counts","B630019K06Rik"
"rna_counts","Fthl17e"
"rna_counts","Fthl17-ps1"
"rna_counts","Fthl17f"
"rna_counts","Fthl17-ps2"
"rna_counts","4930402K13Rik"
"rna_counts","Fthl17-ps3"
"rna_counts","Lancl3"
"rna_counts","Xk"
"rna_counts","H2al1m"
"rna_counts","H2al1k"
"rna_counts","H2ap"
"rna_counts","H2al3"
"rna_counts","Sytl5"
"rna_counts","Otc"
"rna_counts","Tspan7"
"rna_counts","Mid1ip1"
"rna_counts","H2al1a"
"rna_counts","H2al1b"
"rna_counts","H2al1c"
"rna_counts","H2al1e"
"rna_counts","H2al1g"
"rna_counts","H2al1j"
"rna_counts","Atp6ap2"
"rna_counts","AA414768"
"rna_counts","5730405O15Rik"
"rna_counts","Usp9x"
"rna_counts","Ddx3x"
"rna_counts","Nyx"
"rna_counts","Gpr34"
"rna_counts","Gpr82"
"rna_counts","H2al1n"
"rna_counts","Cypt1"
"rna_counts","Csnk2a1-ps"
"rna_counts","Maoa"
"rna_counts","Dusp21"
"rna_counts","Kdm6a"
"rna_counts","Chst7"
"rna_counts","Rp2"
"rna_counts","Jade3"
"rna_counts","Rgn"
"rna_counts","Rbm10"
"rna_counts","Uba1"
"rna_counts","Cdk16"
"rna_counts","Usp11"
"rna_counts","AL671885.1"
"rna_counts","Araf"
"rna_counts","Timp1"
"rna_counts","A230072C01Rik"
"rna_counts","Spaca5"
"rna_counts","Ssxa1"
"rna_counts","Agtr2"
"rna_counts","Slc6a14"
"rna_counts","Ppp1r2-ps7"
"rna_counts","Wdr44"
"rna_counts","E330016L19Rik"
"rna_counts","Btbd35f29"
"rna_counts","Spin2f"
"rna_counts","Btbd35f26"
"rna_counts","Btbd35f22"
"rna_counts","Btbd35f2"
"rna_counts","Btbd35f1"
"rna_counts","Btbd35f21"
"rna_counts","Btbd35f30"
"rna_counts","Btbd35f5"
"rna_counts","Spin2-ps6"
"rna_counts","Btbd35f12"
"rna_counts","Btbd35f13"
"rna_counts","Btbd35f8"
"rna_counts","Dock11"
"rna_counts","Il13ra1"
"rna_counts","Zcchc12"
"rna_counts","Lonrf3"
"rna_counts","Pgrmc1"
"rna_counts","Slc25a43"
"rna_counts","Slc25a5"
"rna_counts","Ube2a"
"rna_counts","Sowahd"
"rna_counts","Nkap"
"rna_counts","Rnf113a1"
"rna_counts","Rhox2a"
"rna_counts","Rhox3a"
"rna_counts","Rhox4a"
"rna_counts","Rhox3a2"
"rna_counts","Rhox4a2"
"rna_counts","Rhox2b"
"rna_counts","Rhox3b-ps"
"rna_counts","Rhox4b"
"rna_counts","Rhox2c"
"rna_counts","Rhox3c"
"rna_counts","Rhox4c"
"rna_counts","Rhox2d"
"rna_counts","Rhox3d-ps"
"rna_counts","Rhox4d"
"rna_counts","Rhox2e"
"rna_counts","Rhox3e"
"rna_counts","Rhox4e"
"rna_counts","Rhox2f"
"rna_counts","Rhox3f"
"rna_counts","Rhox5"
"rna_counts","Rhox6"
"rna_counts","Rhox7a"
"rna_counts","Rhox10"
"rna_counts","Rhox11-ps3"
"rna_counts","Rhox13"
"rna_counts","Zfp36l1-ps"
"rna_counts","Zbtb33"
"rna_counts","Mir3110"
"rna_counts","Rhox7-ps1"
"rna_counts","Atp1b4"
"rna_counts","Mcts1"
"rna_counts","6030498E09Rik"
"rna_counts","Cypt15"
"rna_counts","Gria3"
"rna_counts","Xiap"
"rna_counts","Stag2"
"rna_counts","Tex13c2"
"rna_counts","Sh2d1a"
"rna_counts","Tex13c1"
"rna_counts","Prr32"
"rna_counts","Actrt1"
"rna_counts","Ocrl"
"rna_counts","Xpnpep2"
"rna_counts","Sash3"
"rna_counts","Utp14a"
"rna_counts","Bcorl1"
"rna_counts","Rab33a"
"rna_counts","Slc25a14"
"rna_counts","Rbmx2"
"rna_counts","Arhgap36"
"rna_counts","Olfr1320"
"rna_counts","n-R5s6"
"rna_counts","Stk26"
"rna_counts","A630012P03Rik"
"rna_counts","Ccdc160"
"rna_counts","Phf6"
"rna_counts","Hprt"
"rna_counts","Fam122c"
"rna_counts","Etd"
"rna_counts","Rtl8c"
"rna_counts","4933416I08Rik"
"rna_counts","4930502E18Rik"
"rna_counts","Slxl1"
"rna_counts","3830403N18Rik"
"rna_counts","1600025M17Rik"
"rna_counts","Zfp449"
"rna_counts","Smim10l2a"
"rna_counts","Ints6l"
"rna_counts","Slc9a6"
"rna_counts","Fhl1"
"rna_counts","Adgrg4"
"rna_counts","Brs3"
"rna_counts","Htatsf1"
"rna_counts","Vgll1"
"rna_counts","Cd40lg"
"rna_counts","Zic3"
"rna_counts","4930550L24Rik"
"rna_counts","F9"
"rna_counts","Cdr1os"
"rna_counts","BX322656.1"
"rna_counts","BX682230.1"
"rna_counts","Ldoc1"
"rna_counts","4933402E13Rik"
"rna_counts","4931400O07Rik"
"rna_counts","3830417A13Rik"
"rna_counts","Ctag2"
"rna_counts","Slitrk2"
"rna_counts","1700036O09Rik"
"rna_counts","Fmr1"
"rna_counts","Fmr1nb"
"rna_counts","Aff2"
"rna_counts","1700020N15Rik"
"rna_counts","1110012L19Rik"
"rna_counts","Mamld1"
"rna_counts","n-R5s8"
"rna_counts","Mtm1"
"rna_counts","Mtmr1"
"rna_counts","Hmgb3"
"rna_counts","Gpr50"
"rna_counts","Vma21"
"rna_counts","Prrg3"
"rna_counts","Fate1"
"rna_counts","Cnga2"
"rna_counts","Magea4"
"rna_counts","Gabrq"
"rna_counts","Magea9-ps"
"rna_counts","Nsdhl"
"rna_counts","Zfp185"
"rna_counts","Mir2137"
"rna_counts","Pnma3"
"rna_counts","Xlr5b"
"rna_counts","Xlr3b"
"rna_counts","Xlr4b"
"rna_counts","F8a"
"rna_counts","Zfp275"
"rna_counts","Zfp92"
"rna_counts","Bgn"
"rna_counts","Atp2b3"
"rna_counts","Dusp9"
"rna_counts","Slc6a8"
"rna_counts","Abcd1"
"rna_counts","Plxnb3"
"rna_counts","Srpk3"
"rna_counts","Ssr4"
"rna_counts","Avpr2"
"rna_counts","Opn1mw"
"rna_counts","Tktl1"
"rna_counts","Emd"
"rna_counts","Snora70"
"rna_counts","Taz"
"rna_counts","Atp6ap1"
"rna_counts","Gdi1"
"rna_counts","Fam50a"
"rna_counts","Mir7092"
"rna_counts","Plxna3"
"rna_counts","Ikbkg"
"rna_counts","Olfr1325"
"rna_counts","Xlr5d-ps"
"rna_counts","Xlr3d-ps"
"rna_counts","Xlr4d-ps"
"rna_counts","Ctag2l2"
"rna_counts","Spin2-ps3"
"rna_counts","Xlr3e-ps"
"rna_counts","Xlr4e-ps"
"rna_counts","Dkc1"
"rna_counts","Fam220-ps"
"rna_counts","Fundc2"
"rna_counts","Brcc3"
"rna_counts","Vbp1"
"rna_counts","Oat-rs1"
"rna_counts","Cldn34b3"
"rna_counts","Magea7-ps"
"rna_counts","Cldn34b4"
"rna_counts","Tbl1x"
"rna_counts","Obp1b"
"rna_counts","4930480E11Rik"
"rna_counts","Fam47c"
"rna_counts","Tmem47"
"rna_counts","Dmd"
"rna_counts","n-R5s9"
"rna_counts","Fthl17a"
"rna_counts","Tab3"
"rna_counts","5430427O19Rik"
"rna_counts","Samt3"
"rna_counts","Nr0b1"
"rna_counts","Ppp4r3c-ps"
"rna_counts","4932429P05Rik"
"rna_counts","Mageb2"
"rna_counts","Mageb17-ps"
"rna_counts","1700003E24Rik"
"rna_counts","BC061195"
"rna_counts","Arx"
"rna_counts","Pcyt1b"
"rna_counts","AU015836"
"rna_counts","Klhl15"
"rna_counts","Mir7673"
"rna_counts","Apoo"
"rna_counts","Gspt2"
"rna_counts","Zxdb"
"rna_counts","Pfn5"
"rna_counts","Zc3h12b"
"rna_counts","Msn"
"rna_counts","F630028O10Rik"
"rna_counts","Mir223"
"rna_counts","Heph"
"rna_counts","Gpr165"
"rna_counts","Pgr15l"
"rna_counts","Ar"
"rna_counts","Yipf6"
"rna_counts","Stard8"
"rna_counts","Efnb1"
"rna_counts","Pcna-ps1"
"rna_counts","Tmem28"
"rna_counts","Eda"
"rna_counts","Mir676"
"rna_counts","Otud6a"
"rna_counts","Igbp1"
"rna_counts","Dgat2l6"
"rna_counts","Awat1"
"rna_counts","Arr3"
"rna_counts","Kif4"
"rna_counts","Gdpd2"
"rna_counts","Dlg3"
"rna_counts","Foxo4"
"rna_counts","Med12"
"rna_counts","Nlgn3"
"rna_counts","Gjb1"
"rna_counts","Nono"
"rna_counts","Itgb1bp2"
"rna_counts","Taf1"
"rna_counts","Ogt"
"rna_counts","Tpt1-ps6"
"rna_counts","8030474K03Rik"
"rna_counts","H3f3a-ps1"
"rna_counts","Nhsl2"
"rna_counts","Pin4"
"rna_counts","Dmrtc1b"
"rna_counts","Dmrtc1c1"
"rna_counts","1700011M02Rik"
"rna_counts","1700018G05Rik"
"rna_counts","Pabpc1l2b-ps"
"rna_counts","Cdx4"
"rna_counts","Chic1"
"rna_counts","Tsx"
"rna_counts","Tsix"
"rna_counts","Jpx"
"rna_counts","Mir374c"
"rna_counts","Zcchc13"
"rna_counts","Uprt"
"rna_counts","1700121L16Rik"
"rna_counts","Pbdc1"
"rna_counts","Magee1"
"rna_counts","Rab9b-ps1"
"rna_counts","Cypt2"
"rna_counts","Fgf16"
"rna_counts","Cox7b"
"rna_counts","Atp7a"
"rna_counts","Tlr13"
"rna_counts","Pgk1"
"rna_counts","Mir6382"
"rna_counts","Lpar4"
"rna_counts","P2ry10"
"rna_counts","P2ry10b"
"rna_counts","Gpr174"
"rna_counts","4933401B06Rik"
"rna_counts","Tbx22"
"rna_counts","Tent5d"
"rna_counts","2810403D21Rik"
"rna_counts","5730416F02Rik"
"rna_counts","Sh3bgrl"
"rna_counts","Pou3f4"
"rna_counts","Cylc1"
"rna_counts","Tex16"
"rna_counts","4933403O08Rik"
"rna_counts","Apool"
"rna_counts","2010106E10Rik"
"rna_counts","Zfp711"
"rna_counts","Dach2"
"rna_counts","Klhl4"
"rna_counts","Ube2dnl1"
"rna_counts","Ube2dnl2"
"rna_counts","4930555B12Rik"
"rna_counts","Cpxcr1"
"rna_counts","H2ab2"
"rna_counts","H2ab1"
"rna_counts","Tgif2lx2"
"rna_counts","Pabpc5"
"rna_counts","Pcdh11x"
"rna_counts","Cldn34c1"
"rna_counts","Cldn34c2"
"rna_counts","Cldn34c3"
"rna_counts","Astx1a"
"rna_counts","Astx4a"
"rna_counts","Astx4d"
"rna_counts","Astx3"
"rna_counts","4921511C20Rik"
"rna_counts","Mdm4-ps"
"rna_counts","4930558G05Rik"
"rna_counts","Diaph2"
"rna_counts","Tnmd"
"rna_counts","Srpx2"
"rna_counts","Cstf2"
"rna_counts","Mir3112"
"rna_counts","Arl13a"
"rna_counts","Tmem35a"
"rna_counts","Cenpi"
"rna_counts","Drp2"
"rna_counts","Hnrnph2"
"rna_counts","Armcx4"
"rna_counts","Armcx1"
"rna_counts","Armcx3"
"rna_counts","Mir7093"
"rna_counts","Pramel"
"rna_counts","Pramel3"
"rna_counts","AV320801"
"rna_counts","Armcx5"
"rna_counts","Gprasp1"
"rna_counts","Mir7646"
"rna_counts","Bhlhb9"
"rna_counts","Gprasp2"
"rna_counts","Arxes2"
"rna_counts","Arxes1"
"rna_counts","5730412P04Rik"
"rna_counts","Bex4"
"rna_counts","Mir6383"
"rna_counts","Tceal7"
"rna_counts","Tceal9"
"rna_counts","Bex3"
"rna_counts","n-R5s12"
"rna_counts","Nsa2-ps2"
"rna_counts","Kir3dl1"
"rna_counts","Tceal3"
"rna_counts","Tceal1"
"rna_counts","BC065397"
"rna_counts","Plp1"
"rna_counts","H2bfm"
"rna_counts","Zcchc18"
"rna_counts","Fam199x"
"rna_counts","Il1rapl2"
"rna_counts","Nrk"
"rna_counts","4930513O06Rik"
"rna_counts","4933428M09Rik"
"rna_counts","Pwwp3b"
"rna_counts","Trap1a"
"rna_counts","Radx"
"rna_counts","Rnf128"
"rna_counts","Tbc1d8b"
"rna_counts","Cldn2"
"rna_counts","Pih1h3b"
"rna_counts","Mir3475"
"rna_counts","Frmpd3"
"rna_counts","Prps1"
"rna_counts","Mid2"
"rna_counts","Eif2c5"
"rna_counts","Vsig1"
"rna_counts","Atg4a"
"rna_counts","Col4a5"
"rna_counts","Nxt2"
"rna_counts","Tmem164"
"rna_counts","Mir652"
"rna_counts","Rtl9"
"rna_counts","Pak3"
"rna_counts","A730046J19Rik"
"rna_counts","Mir680-2"
"rna_counts","Alg13"
"rna_counts","Trpc5os"
"rna_counts","Rtl4"
"rna_counts","Mir3472"
"rna_counts","Hmgb1-ps2"
"rna_counts","Htr2c"
"rna_counts","Snora35"
"rna_counts","Mir764"
"rna_counts","Mir1912"
"rna_counts","Mir1264"
"rna_counts","Mir1298"
"rna_counts","Mir448"
"rna_counts","Kars-ps1"
"rna_counts","Luzp4"
"rna_counts","Ott"
"rna_counts","3110067C02Rik"
"rna_counts","Alas2"
"rna_counts","Pfkfb1"
"rna_counts","Itih5l-ps"
"rna_counts","Fgd1"
"rna_counts","Wnk3"
"rna_counts","Fam120c"
"rna_counts","Phf8"
"rna_counts","n-R5s13"
"rna_counts","Huwe1"
"rna_counts","Mir3113"
"rna_counts","Mirlet7f-2"
"rna_counts","Mir98"
"rna_counts","n-R5s14"
"rna_counts","Hsd17b10"
"rna_counts","Smc1a"
"rna_counts","Iqsec2"
"rna_counts","Kdm5c"
"rna_counts","n-R5s15"
"rna_counts","3010001F23Rik"
"rna_counts","Cldn34a"
"rna_counts","Gpr143"
"rna_counts","Usp51"
"rna_counts","9530051G07Rik"
"rna_counts","Foxr2"
"rna_counts","Rragb"
"rna_counts","Klf8"
"rna_counts","Ubqln2"
"rna_counts","Cypt3"
"rna_counts","Nbdy"
"rna_counts","Smt3h1-ps"
"rna_counts","Spin2c"
"rna_counts","Samt4"
"rna_counts","Amd-ps1"
"rna_counts","Acot9"
"rna_counts","n-R5s16"
"rna_counts","4930503H13Rik"
"rna_counts","Smpx"
"rna_counts","Klhl34"
"rna_counts","Eif1ax"
"rna_counts","Map7d2"
"rna_counts","Bclaf3"
"rna_counts","Sh3kbp1"
"rna_counts","Map3k15"
"rna_counts","Adgrg2"
"rna_counts","Phka2"
"rna_counts","Rs1"
"rna_counts","Scml2"
"rna_counts","Rai2"
"rna_counts","Rbbp7"
"rna_counts","Ctps2"
"rna_counts","Ap1s2"
"rna_counts","Cltrn"
"rna_counts","n-R5s18"
"rna_counts","Ace2"
"rna_counts","Pir"
"rna_counts","Vegfd"
"rna_counts","Piga"
"rna_counts","Asb11"
"rna_counts","Asb9"
"rna_counts","Fancb"
"rna_counts","Gemin8"
"rna_counts","Gpm6b"
"rna_counts","Trappc2"
"rna_counts","Arhgap6"
"rna_counts","BC022960"
"rna_counts","Mid1"
"rna_counts","Asmt"
"rna_counts","Btbd35f24"
"rna_counts","Btbd35f11"
"rna_counts","Btbd35f10"
"rna_counts","Spin2-ps1"
"rna_counts","Btbd35f16"
"rna_counts","Btbd35f20"
"rna_counts","Mycs"
"rna_counts","AU022751"
"rna_counts","Nudt10"
"rna_counts","Bmp15"
"rna_counts","Ccnb3"
"rna_counts","Clcn5"
"rna_counts","Mir500"
"rna_counts","Mir501"
"rna_counts","Mir362"
"rna_counts","Mir188"
"rna_counts","Mir532"
"rna_counts","Usp27x"
"rna_counts","2010204K13Rik"
"rna_counts","Ppp1r3f"
"rna_counts","Ccdc22"
"rna_counts","Plp2"
"rna_counts","Magix"
"rna_counts","Ccdc120"
"rna_counts","Pqbp1"
"rna_counts","Eras"
"rna_counts","Hdac6"
"rna_counts","Psmb6-ps"
"rna_counts","Gata1"
"rna_counts","Glod5"
"rna_counts","Suv39h1"
"rna_counts","Was"
"rna_counts","Wdr13"
"rna_counts","Rbm3"
"rna_counts","Tbc1d25"
"rna_counts","Ebp"
"rna_counts","Porcn"
"rna_counts","Ftsj1"
"rna_counts","Ssxb2"
"rna_counts","Ssxb6"
"rna_counts","Ssxb3"
"rna_counts","Ssxb8"
"rna_counts","Fthl17b"
"rna_counts","Fthl17c"
"rna_counts","Fthl17d"
"rna_counts","Cybb"
"rna_counts","H2al1o"
"rna_counts","AL671118.1"
"rna_counts","Dynlt3"
"rna_counts","Srpx"
"rna_counts","Rpgr"
"rna_counts","4933416E14Rik"
"rna_counts","Bcor"
"rna_counts","1810030O07Rik"
"rna_counts","Med14"
"rna_counts","n-R5s3"
"rna_counts","Llph-ps2"
"rna_counts","2010308F09Rik"
"rna_counts","Cask"
"rna_counts","Ppp1r2-ps9"
"rna_counts","Drr1"
"rna_counts","Maob"
"rna_counts","Ndp"
"rna_counts","Efhc2"
"rna_counts","Fundc1"
"rna_counts","n-R5s5"
"rna_counts","Dipk2b"
"rna_counts","Mir221"
"rna_counts","Mir222"
"rna_counts","Tex13c3"
"rna_counts","Slc9a7"
"rna_counts","Ndufb11"
"rna_counts","Syn1"
"rna_counts","Mir5617"
"rna_counts","Cfp"
"rna_counts","Elk1"
"rna_counts","Uxt"
"rna_counts","Zfp182"
"rna_counts","Zfp300"
"rna_counts","4930453H23Rik"
"rna_counts","AL732295.1"
"rna_counts","Klhl13"
"rna_counts","E330010L02Rik"
"rna_counts","Slx"
"rna_counts","Btbd35f19"
"rna_counts","Spin2e"
"rna_counts","Btbd35f25"
"rna_counts","Btbd35f15"
"rna_counts","Btbd35f14"
"rna_counts","Btbd35f6"
"rna_counts","Btbd35f9"
"rna_counts","Spin2g"
"rna_counts","Akap17b"
"rna_counts","C330007P06Rik"
"rna_counts","Nkrf"
"rna_counts","Sept6"
"rna_counts","Snora69"
"rna_counts","Upf3b"
"rna_counts","Akap14"
"rna_counts","Ndufa1"
"rna_counts","Rhox1"
"rna_counts","Rhox4f"
"rna_counts","Rhox3g"
"rna_counts","Dppa3-ps"
"rna_counts","Rhox2g"
"rna_counts","Rhox4g"
"rna_counts","Rhox3h"
"rna_counts","Rhox2h"
"rna_counts","Rhox7-ps2"
"rna_counts","Rhox2-ps"
"rna_counts","Rhox8"
"rna_counts","Rhox7b"
"rna_counts","Rhox9"
"rna_counts","Rhox11-ps1"
"rna_counts","Rhox11-ps2"
"rna_counts","Btg1b"
"rna_counts","Btg1c"
"rna_counts","Rhox11"
"rna_counts","Rhox12"
"rna_counts","Tmem255a"
"rna_counts","Lamp2"
"rna_counts","Cul4b"
"rna_counts","C1galt1c1"
"rna_counts","Ap3s1-ps1"
"rna_counts","Cypt14"
"rna_counts","Thoc2"
"rna_counts","Tenm1"
"rna_counts","Dcaf12l2"
"rna_counts","Itpa-ps3"
"rna_counts","Dcaf12l1"
"rna_counts","4930515L19Rik"
"rna_counts","Smarca1"
"rna_counts","Apln"
"rna_counts","Zdhhc9"
"rna_counts","Elf4"
"rna_counts","Aifm1"
"rna_counts","Zfp280c"
"rna_counts","Gpr119"
"rna_counts","Fsip2l"
"rna_counts","Enox2"
"rna_counts","Olfr1321"
"rna_counts","Igsf1"
"rna_counts","Olfr1322"
"rna_counts","Olfr1323"
"rna_counts","Olfr1324"
"rna_counts","Firre"
"rna_counts","Frmd7"
"rna_counts","Rap2c"
"rna_counts","Mbnl3"
"rna_counts","Hs6st2"
"rna_counts","Usp26"
"rna_counts","1700080O16Rik"
"rna_counts","Gpc4"
"rna_counts","Gpc3"
"rna_counts","Mir6384"
"rna_counts","Mir717"
"rna_counts","Mir363"
"rna_counts","Mir92-2"
"rna_counts","Mir19b-2"
"rna_counts","Mir20b"
"rna_counts","Mir18b"
"rna_counts","Mir106a"
"rna_counts","Kis2"
"rna_counts","Mir450b"
"rna_counts","Mir450-1"
"rna_counts","Mir450-2"
"rna_counts","Mir542"
"rna_counts","Mir351"
"rna_counts","Mir503"
"rna_counts","Mir322"
"rna_counts","C430049B03Rik"
"rna_counts","Plac1"
"rna_counts","Fam122b"
"rna_counts","Mospd1"
"rna_counts","Rtl8a"
"rna_counts","Rtl8b"
"rna_counts","AW822252"
"rna_counts","1700013H16Rik"
"rna_counts","Zfp36l3"
"rna_counts","Xlr"
"rna_counts","Atf1-ps"
"rna_counts","Mmgt1"
"rna_counts","Mir5116"
"rna_counts","Map7d3"
"rna_counts","Arhgef6"
"rna_counts","Rbmx"
"rna_counts","Snord61"
"rna_counts","Gpr101"
"rna_counts","Fgf13"
"rna_counts","Mir504"
"rna_counts","Mcf2"
"rna_counts","Atp11c"
"rna_counts","Mir505"
"rna_counts","Hspa9-ps1"
"rna_counts","Sox3"
"rna_counts","Cdr1"
"rna_counts","Tslrn1"
"rna_counts","Sms-ps"
"rna_counts","Slitrk4"
"rna_counts","4930447F04Rik"
"rna_counts","Mir743"
"rna_counts","Mir743b"
"rna_counts","Mir742"
"rna_counts","Mir883a"
"rna_counts","Mir883b"
"rna_counts","Mir471"
"rna_counts","Mir741"
"rna_counts","Mir463"
"rna_counts","Mir880"
"rna_counts","Mir878"
"rna_counts","Mir881"
"rna_counts","Mir871"
"rna_counts","Mir470"
"rna_counts","Mir465d"
"rna_counts","Mir465c-1"
"rna_counts","Mir465b-1"
"rna_counts","Mir465"
"rna_counts","4933436I01Rik"
"rna_counts","Mir201"
"rna_counts","Mir547"
"rna_counts","Mir509"
"rna_counts","n-R5s7"
"rna_counts","1700111N16Rik"
"rna_counts","Ids"
"rna_counts","4930567H17Rik"
"rna_counts","Tmem185a"
"rna_counts","Cd99l2"
"rna_counts","Gabre"
"rna_counts","Mir224"
"rna_counts","Mir452"
"rna_counts","Magea10"
"rna_counts","Gabra3"
"rna_counts","Mir767"
"rna_counts","Mir105"
"rna_counts","Cetn2"
"rna_counts","Pnma5"
"rna_counts","Xlr4a"
"rna_counts","Xlr3a"
"rna_counts","Xlr5a"
"rna_counts","DXBay18"
"rna_counts","Spin2d"
"rna_counts","Xlr4c"
"rna_counts","Xlr3c"
"rna_counts","Xlr5c"
"rna_counts","Trex2"
"rna_counts","Haus7"
"rna_counts","Pnck"
"rna_counts","Bcap31"
"rna_counts","Idh3g"
"rna_counts","Pdzd4"
"rna_counts","L1cam"
"rna_counts","Arhgap4"
"rna_counts","Naa10"
"rna_counts","Renbp"
"rna_counts","Hcfc1"
"rna_counts","Irak1"
"rna_counts","Mir5132"
"rna_counts","Mir718"
"rna_counts","Mecp2"
"rna_counts","Tex28"
"rna_counts","Flna"
"rna_counts","Dnase1l1"
"rna_counts","Mir7091"
"rna_counts","Lage3"
"rna_counts","Ubl4a"
"rna_counts","Slc10a3"
"rna_counts","Fam3a"
"rna_counts","G6pdx"
"rna_counts","Ctag2l1"
"rna_counts","Olfr1326-ps1"
"rna_counts","Spin2-ps2"
"rna_counts","Olfr1327-ps1"
"rna_counts","Xlr5e-ps"
"rna_counts","Gab3"
"rna_counts","Mpp1"
"rna_counts","Smim9"
"rna_counts","F8"
"rna_counts","Cmc4"
"rna_counts","Mtcp1"
"rna_counts","Rab39b"
"rna_counts","4933407K13Rik"
"rna_counts","Pls3"
"rna_counts","Cldn34d"
"rna_counts","Cldn34-ps"
"rna_counts","Prkx"
"rna_counts","Pbsn"
"rna_counts","5430402E10Rik"
"rna_counts","Obp1a"
"rna_counts","Prrg1"
"rna_counts","Cfap47"
"rna_counts","Mageb16"
"rna_counts","4930595M18Rik"
"rna_counts","Tsga8"
"rna_counts","Gk"
"rna_counts","Mageb4"
"rna_counts","Mageb10-ps"
"rna_counts","Mageb8-ps"
"rna_counts","Mageb6-ps"
"rna_counts","AL645467.1"
"rna_counts","Mageb7-ps"
"rna_counts","n-R5s10"
"rna_counts","Il1rapl1"
"rna_counts","AL732291.1"
"rna_counts","Dcaf8l"
"rna_counts","Nanog-ps1"
"rna_counts","4930415L06Rik"
"rna_counts","1700084M14Rik"
"rna_counts","Mageb5"
"rna_counts","Mageb1"
"rna_counts","Mageb18"
"rna_counts","Pola1"
"rna_counts","Pdk3"
"rna_counts","Supt20-ps"
"rna_counts","Zfx"
"rna_counts","Eif2s3x"
"rna_counts","AL646049.1"
"rna_counts","Fam90a1b"
"rna_counts","AL627302.1"
"rna_counts","Maged1"
"rna_counts","Zxda"
"rna_counts","Spin4"
"rna_counts","Arhgef9"
"rna_counts","Amer1"
"rna_counts","Asb12"
"rna_counts","Zc4h2"
"rna_counts","1700010D01Rik"
"rna_counts","Las1l"
"rna_counts","Vsig4"
"rna_counts","Hsf3"
"rna_counts","Eda2r"
"rna_counts","Ophn1"
"rna_counts","Pja1"
"rna_counts","Awat2"
"rna_counts","P2ry4"
"rna_counts","Pdzd11"
"rna_counts","Tex11"
"rna_counts","Slc7a3"
"rna_counts","Snx12"
"rna_counts","Il2rg"
"rna_counts","Zmym3"
"rna_counts","Cxcr3"
"rna_counts","AL805980.1"
"rna_counts","Rtl5"
"rna_counts","Ercc6l"
"rna_counts","Cited1"
"rna_counts","Hdac8"
"rna_counts","Phka1"
"rna_counts","Dmrtc1c2"
"rna_counts","1700031F05Rik"
"rna_counts","Dmrtc1a"
"rna_counts","Pabpc1l2a-ps"
"rna_counts","4930519F16Rik"
"rna_counts","Nap1l2"
"rna_counts","Xist"
"rna_counts","Ftx"
"rna_counts","Mir421"
"rna_counts","Mir374b"
"rna_counts","Slc16a2"
"rna_counts","Rlim"
"rna_counts","Nexmif"
"rna_counts","Mir672"
"rna_counts","Abcb7"
"rna_counts","Vcp-rs"
"rna_counts","Zdhhc15"
"rna_counts","Magee2"
"rna_counts","5530601H04Rik"
"rna_counts","E530001F21Rik"
"rna_counts","Mir384"
"rna_counts","5330434G04Rik"
"rna_counts","Mir325"
"rna_counts","Atrx"
"rna_counts","Magt1"
"rna_counts","Taf9b"
"rna_counts","Fnd3c2"
"rna_counts","Fndc3c1"
"rna_counts","Cysltr1"
"rna_counts","Rtl3"
"rna_counts","Itm2a"
"rna_counts","2610002M06Rik"
"rna_counts","Brwd3"
"rna_counts","Hmgn5"
"rna_counts","Hdx"
"rna_counts","Satl1"
"rna_counts","Pof1b"
"rna_counts","Chm"
"rna_counts","Mir361"
"rna_counts","Tgif2lx1"
"rna_counts","H2ab3"
"rna_counts","Nap1l3"
"rna_counts","Astx6"
"rna_counts","Srsx"
"rna_counts","Astx2"
"rna_counts","Astx5"
"rna_counts","Vmn2r121"
"rna_counts","4932411N23Rik"
"rna_counts","Cldn34c4"
"rna_counts","Pcdh19"
"rna_counts","Tspan6"
"rna_counts","4930570D08Rik"
"rna_counts","Sytl4"
"rna_counts","Nox1"
"rna_counts","Xkrx"
"rna_counts","Trmt2b"
"rna_counts","Taf7l"
"rna_counts","Timm8a1"
"rna_counts","Btk"
"rna_counts","Gla"
"rna_counts","B230119M05Rik"
"rna_counts","Armcx6"
"rna_counts","Armcx2"
"rna_counts","Nxf2"
"rna_counts","Zmat1"
"rna_counts","3632454L22Rik"
"rna_counts","Tceal6"
"rna_counts","Nxf7"
"rna_counts","Prame"
"rna_counts","Tcp11x2"
"rna_counts","Tmsb15a"
"rna_counts","Mir1970"
"rna_counts","Bex2"
"rna_counts","Nxf3"
"rna_counts","Tceal8"
"rna_counts","Tceal5"
"rna_counts","Bex1"
"rna_counts","Kir3dl2"
"rna_counts","Morf4l2"
"rna_counts","Glra4"
"rna_counts","Rab9b"
"rna_counts","Tmsb15l"
"rna_counts","Tmsb15b2"
"rna_counts","Tmsb15b1"
"rna_counts","Slc25a53"
"rna_counts","Esx1"
"rna_counts","Tex13a"
"rna_counts","Serpina7"
"rna_counts","Platr21"
"rna_counts","Ripply1"
"rna_counts","Morc4"
"rna_counts","Rbm41"
"rna_counts","Nup62cl"
"rna_counts","Tsc22d3"
"rna_counts","AL683809.1"
"rna_counts","Tex13b"
"rna_counts","Psmd10"
"rna_counts","Col4a6"
"rna_counts","Irs4"
"rna_counts","Hmgn2l6"
"rna_counts","Gucy2f"
"rna_counts","Kcne1l"
"rna_counts","Acsl4"
"rna_counts","Ammecr1"
"rna_counts","Chrdl1"
"rna_counts","Capn6"
"rna_counts","Dcx"
"rna_counts","Trpc5"
"rna_counts","Mageb16-ps1"
"rna_counts","Lhfpl1"
"rna_counts","Amot"
"rna_counts","Il13ra2"
"rna_counts","Vmn1r239-ps"
"rna_counts","Lrch2"
"rna_counts","Tmem29"
"rna_counts","Apex2"
"rna_counts","Mir3620"
"rna_counts","Tro"
"rna_counts","Maged2"
"rna_counts","Gnl3l"
"rna_counts","Tsr2"
"rna_counts","A230072E10Rik"
"rna_counts","Ribc1"
"rna_counts","Kantr"
"rna_counts","Tspyl2"
"rna_counts","Gpr173"
"rna_counts","Shroom2"
"rna_counts","Mageh1"
"rna_counts","Kctd12b"
"rna_counts","Samt1"
"rna_counts","Samt1b"
"rna_counts","Samt1c"
"rna_counts","Samt1d"
"rna_counts","Samt2b"
"rna_counts","Samt2"
"rna_counts","Cldn34b1"
"rna_counts","Magea6"
"rna_counts","Magea3"
"rna_counts","Magea8"
"rna_counts","Magea2"
"rna_counts","Magea5"
"rna_counts","Magea1"
"rna_counts","Cldn34b2"
"rna_counts","Sat1"
"rna_counts","Prdx4"
"rna_counts","Ptchd1"
"rna_counts","Phex"
"rna_counts","Sms"
"rna_counts","Mbtps2"
"rna_counts","Yy2"
"rna_counts","Cnksr2"
"rna_counts","Pdha1"
"rna_counts","Ppef1"
"rna_counts","Cdkl5"
"rna_counts","Gja6"
"rna_counts","Prkaca-ps1"
"rna_counts","Scml1"
"rna_counts","Nhs"
"rna_counts","Reps2"
"rna_counts","Txlng"
"rna_counts","Syap1"
"rna_counts","Mir3473a"
"rna_counts","S100g"
"rna_counts","Grpr"
"rna_counts","Rnf138rt1"
"rna_counts","Zrsr2"
"rna_counts","Car5b"
"rna_counts","Siah1b"
"rna_counts","Bmx"
"rna_counts","Mospd2"
"rna_counts","Glra2"
"rna_counts","Ofd1"
"rna_counts","Rab9"
"rna_counts","Tceanc"
"rna_counts","Egfl6"
"rna_counts","Tmsb4x"
"rna_counts","Tlr8"
"rna_counts","Tlr7"
"rna_counts","Prps2"
"rna_counts","Frmpd4"
"rna_counts","Msl3"
"rna_counts","Amelx"
"rna_counts","Hccs"
"rna_counts","4933400A11Rik"
"rna_counts","G530011O06Rik"
"rna_counts","Uba1y"
"rna_counts","Rhoay-ps3"
"rna_counts","Kdm5d"
"rna_counts","Eif2s3y"
"rna_counts","Rhoay-ps1"
"rna_counts","Uba1y-ps2"
"rna_counts","H2al2c"
"rna_counts","Rbmy"
"rna_counts","Vmn2r-ps139"
"rna_counts","Vmn2r-ps149"
"rna_counts","Ssty1"
"rna_counts","Gapdh-ps15"
"rna_counts","Sly"
"rna_counts","1700040F15Rik"
"rna_counts","4932431L22Rik"
"rna_counts","Mid1-ps1"
"rna_counts","Zfy1"
"rna_counts","n-R5s1"
"rna_counts","Tspy-ps"
"rna_counts","Uty"
"rna_counts","Ddx3y"
"rna_counts","Usp9y"
"rna_counts","Zfy2"
"rna_counts","Uba1y-ps1"
"rna_counts","Sry"
"rna_counts","Rhoay-ps2"
"rna_counts","Srsy"
"rna_counts","Ssty2"
"sct_prefilter","Zscan4-ps2"
"sct_prefilter","Trh"
"sct_prefilter","Dppa5a"
"sct_prefilter","Zscan4c"
"sct_prefilter","AF067061"
"sct_prefilter","Rhox5"
"sct_prefilter","Zscan4d"
"sct_prefilter","Sprr2a1"
"sct_prefilter","Gapdh"
"sct_prefilter","Sprr2a2"
"sct_prefilter","Kxd1"
"sct_prefilter","Eif4a3l1"
"sct_prefilter","Lefty1"
"sct_prefilter","Uba52"
"sct_prefilter","Zscan4a"
"sct_prefilter","Zscan4-ps3"
"sct_prefilter","Hspb1"
"sct_prefilter","Malat1"
"sct_prefilter","Mt1"
"sct_prefilter","Gpx4"
"sct_prefilter","B020031M17Rik"
"sct_prefilter","Ftl2-ps"
"sct_prefilter","Tmem92"
"sct_prefilter","BC061212"
"sct_prefilter","Zscan4-ps1"
"sct_prefilter","Fth1"
"sct_prefilter","Sprr2a3"
"sct_prefilter","Sp110"
"sct_prefilter","AA623943"
"sct_prefilter","Spp1"
"sct_prefilter","BC147527"
"sct_prefilter","Usp17lc"
"sct_prefilter","Apoe"
"sct_prefilter","Sox17"
"sct_prefilter","Tcstv3"
"sct_prefilter","4931428L18Rik"
"sct_prefilter","Ftl1-ps1"
"sct_prefilter","Fgf8"
"sct_prefilter","Klf2"
"sct_prefilter","BB287469"
"sct_prefilter","Spesp1"
"sct_prefilter","Peg3"
"sct_prefilter","Mylpf"
"sct_prefilter","Eif4a3l2"
"sct_prefilter","Gstp2"
"sct_prefilter","Hsp90aa1"
"sct_prefilter","BC080695"
"sct_prefilter","Dnmt3b"
"sct_prefilter","Usp17la"
"sct_prefilter","Hoxaas3"
"sct_prefilter","Ube2s"
"sct_prefilter","5430402O13Rik"
"sct_prefilter","Mesp1"
"sct_prefilter","Ube2c"
"sct_prefilter","Zfp42"
"sct_prefilter","Gstp1"
"sct_prefilter","Krt8"
"sct_prefilter","Pou3f1"
"sct_prefilter","Lefty2"
"sct_prefilter","Fabp3"
"sct_prefilter","Hspa8"
"sct_prefilter","Mif-ps"
"sct_prefilter","Chchd10"
"sct_prefilter","Olfr1388"
"sct_prefilter","Ifitm1"
"sct_prefilter","Arg2"
"sct_prefilter","H1f5"
"sct_prefilter","Upp1"
"sct_prefilter","Cer1"
"sct_prefilter","Dcc"
"sct_prefilter","T"
"sct_prefilter","Rbp1"
"sct_prefilter","Dynlt1a"
"sct_prefilter","Meg3"
"sct_prefilter","Fst"
"sct_prefilter","Tdh"
"sct_prefilter","Tdpoz8"
"sct_prefilter","Ptma"
"sct_prefilter","Mkrn1"
"sct_prefilter","Dynlt1c"
"sct_prefilter","Rbm3"
"sct_prefilter","Eef1a1"
"sct_prefilter","Spopfm2"
"sct_prefilter","Trap1a"
"sct_prefilter","Hspe1-rs1"
"sct_prefilter","Inpp4b"
"sct_prefilter","Utf1"
"sct_prefilter","Aqp3"
"sct_prefilter","Tdgf1"
"sct_prefilter","Prdx1"
"sct_prefilter","Spink1"
"sct_prefilter","Gadd45g"
"sct_prefilter","Tuba1a"
"sct_prefilter","1700013H16Rik"
"sct_prefilter","Defa30"
"sct_prefilter","Pou5f1"
"sct_prefilter","Dkk1"
"sct_prefilter","Cdx2"
"sct_prefilter","Sdc4"
"sct_prefilter","Zscan4e"
"sct_prefilter","Cdkn1c"
"sct_prefilter","Krt18"
"sct_prefilter","Calcoco2"
"sct_prefilter","Mixl1"
"sct_prefilter","Foxq1"
"sct_prefilter","H19"
"sct_prefilter","Lgals4"
"sct_prefilter","Nupr1"
"sct_prefilter","Stmn2"
"sct_prefilter","Id3"
"sct_prefilter","Morc1"
"sct_prefilter","Rspo3"
"sct_prefilter","Dynlt1b"
"sct_prefilter","Actb"
"sct_prefilter","Mt2"
"sct_prefilter","Cyp26a1"
"sct_prefilter","Sept1"
"sct_prefilter","Tmsb10"
"sct_prefilter","Actg1"
"sct_prefilter","Phlda2"
"sct_prefilter","Cntnap3"
"sct_prefilter","Gpx2"
"sct_prefilter","Ftl1-ps2"
"sct_prefilter","Ldha"
"sct_prefilter","Sp5"
"sct_prefilter","G3bp2"
"sct_prefilter","Id1"
"sct_prefilter","Uba52-ps"
"sct_prefilter","Fbxo15"
"sct_prefilter","Gpx4-ps2"
"sct_prefilter","Ldhb"
"sct_prefilter","Zfp560"
"sct_prefilter","Ifitm3"
"sct_prefilter","Mdk"
"sct_prefilter","Gnas"
"sct_prefilter","Ubtfl1"
"sct_prefilter","Nudc-ps1"
"sct_prefilter","Tmsb4x"
"sct_prefilter","Snrpn"
"sct_prefilter","Lhx1"
"sct_prefilter","Nat8f2"
"sct_prefilter","Ccnd2"
"sct_prefilter","Hmgb3"
"sct_prefilter","Slc2a3"
"sct_prefilter","Usp17le"
"sct_prefilter","Ooep"
"sct_prefilter","Kcnq1ot1"
"sct_prefilter","L1td1"
"sct_prefilter","Cdkn1a"
"sct_prefilter","Tcf15"
"sct_prefilter","Rbmxl2"
"sct_prefilter","Sumo1"
"sct_prefilter","Grsf1"
"sct_prefilter","Mymx"
"sct_prefilter","Ckb"
"sct_prefilter","Ddit4l"
"sct_prefilter","Foxa2"
"sct_prefilter","Hes7"
"sct_prefilter","Dppa3"
"sct_prefilter","Gsc"
"sct_prefilter","Hoxb1"
"sct_prefilter","Rasgrp2"
"sct_prefilter","Noto"
"sct_prefilter","Gclm"
"sct_prefilter","Slc2a1"
"sct_prefilter","Olfr881"
"sct_prefilter","Hsp90ab1"
"sct_prefilter","Fgfbp1"
"sct_prefilter","Dynlt1f"
"sct_prefilter","Cox6c2"
"sct_prefilter","Morf4l1"
"sct_prefilter","Mest"
"sct_prefilter","Rex2"
"sct_prefilter","Zfp534"
"sct_prefilter","Hoxb2"
"sct_prefilter","Hmgb1-ps2"
"sct_prefilter","Manf"
"sct_prefilter","Ctsl"
"sct_prefilter","Btbd17"
"sct_prefilter","Nr0b1"
"sct_prefilter","Msx1"
"sct_prefilter","Fos"
"sct_prefilter","Cdx1"
"sct_prefilter","Arl6ip1"
"sct_prefilter","S100a10"
"sct_prefilter","Fabp5"
"sct_prefilter","Ptgds"
"sct_prefilter","Pgk1"
"sct_prefilter","Cenpf"
"sct_prefilter","Srgn"
"sct_prefilter","Fau"
"sct_prefilter","Igfbp2"
"sct_prefilter","Tex19.1"
"sct_prefilter","Phox2b"
"sct_prefilter","Tpt1"
"sct_prefilter","Peg10"
"sct_prefilter","Ctrb1"
"sct_prefilter","Isg15"
"sct_prefilter","CT010467.1"
"sct_prefilter","Scamp1"
"sct_prefilter","Gas1"
"sct_prefilter","Fundc1"
"sct_prefilter","Hoxb8"
"sct_prefilter","Jam2"
"sct_prefilter","Tpm3-rs7"
"sct_prefilter","Zfp980"
"sct_prefilter","Cited2"
"sct_prefilter","2410006H16Rik"
"sct_prefilter","Hmga1"
"sct_prefilter","Dkk4"
"sct_prefilter","Hmgb1"
"sct_prefilter","Ncl"
"sct_prefilter","Vim"
"sct_prefilter","9530059O14Rik"
"sct_prefilter","Lgals1"
"sct_prefilter","Bex1"
"sct_prefilter","Asns"
"sct_prefilter","Cbr3"
"sct_prefilter","Krt19"
"sct_prefilter","Slc25a4"
"sct_prefilter","Top2a"
"sct_prefilter","Cstb"
"sct_prefilter","Emb"
"sct_prefilter","Zfp988"
"sct_prefilter","Eif4ebp1"
"sct_prefilter","Lmx1a"
"sct_prefilter","BC004004"
"sct_prefilter","Hotairm1"
"sct_prefilter","Cks2"
"sct_prefilter","Tubb4b"
"sct_prefilter","Muc3"
"sct_prefilter","Ddit4"
"sct_prefilter","S100a13"
"sct_prefilter","Pclaf"
"sct_prefilter","Nodal"
"sct_prefilter","Ifitm2"
"sct_prefilter","Arg1"
"sct_prefilter","Oaz1"
"sct_prefilter","Epcam"
"sct_prefilter","H1f4"
"sct_prefilter","Hmgn2"
"sct_prefilter","1810062G17Rik"
"sct_prefilter","Macroh2a1"
"sct_prefilter","Eomes"
"sct_prefilter","Ubb"
"sct_prefilter","Cd9"
"sct_prefilter","Ccl3"
"sct_prefilter","Hspa5"
"sct_prefilter","Eno1"
"sct_prefilter","H1f0"
"sct_prefilter","Pyy"
"sct_prefilter","Syngr1"
"sct_prefilter","Gsta4"
"sct_prefilter","Rbpms2"
"sct_prefilter","Aldoa"
"sct_prefilter","Sgk1"
"sct_prefilter","Echdc3"
"sct_prefilter","Hmga1b"
"sct_prefilter","Eef1b2"
"sct_prefilter","Tfap2c"
"sct_prefilter","Flt1"
"sct_prefilter","Usp17lb"
"sct_prefilter","Avpi1"
"sct_prefilter","Phf11d"
"sct_prefilter","Stmn1"
"sct_prefilter","Tuba1c"
"sct_prefilter","Basp1"
"sct_prefilter","Ppia"
"sct_prefilter","Gata6"
"sct_prefilter","Nefl"
"sct_prefilter","Calml4"
"sct_prefilter","Duxf3"
"sct_prefilter","Ifi30"
"sct_prefilter","Zfp990"
"sct_prefilter","Hes6"
"sct_prefilter","Prss1"
"sct_prefilter","Cth"
"sct_prefilter","Psma3"
"sct_prefilter","Crabp2"
"sct_prefilter","Fam162a"
"sct_prefilter","Car2"
"sct_prefilter","Dnaja1"
"sct_prefilter","Ass1"
"sct_prefilter","Neat1"
"sct_prefilter","Serpinh1"
"sct_prefilter","Fgf1"
"sct_prefilter","Hmgcs1"
"sct_prefilter","Meis2"
"sct_prefilter","Bri3"
"sct_prefilter","Zfp600"
"sct_prefilter","Mif"
"sct_prefilter","S100a11"
"sct_prefilter","Hsp90b1"
"sct_prefilter","Fdps"
"sct_prefilter","Npm1"
"sct_prefilter","Ly6a"
"sct_prefilter","Zfp987"
"sct_prefilter","Pmm1"
"sct_prefilter","Prdx6"
"sct_prefilter","Hmgb1-ps3"
"sct_prefilter","Ndufa12"
"sct_prefilter","Gabarapl2"
"sct_prefilter","Bst2"
"sct_prefilter","Mecom"
"sct_prefilter","Tbx3"
"sct_prefilter","Klhl13"
"sct_prefilter","Cd63"
"sct_prefilter","Cd24a"
"sct_prefilter","Glo1"
"sct_prefilter","Jun"
"sct_prefilter","Nnat"
"sct_prefilter","Pdgfa"
"sct_prefilter","Psme2"
"sct_prefilter","Zfp992"
"sct_prefilter","Psmb8"
"sct_prefilter","Prtg"
"sct_prefilter","Tuba1b"
"sct_prefilter","Foxb1"
"sct_prefilter","Nanog"
"sct_prefilter","Fthl17c"
"sct_prefilter","Fgf4"
"sct_prefilter","Igfbp4"
"sct_prefilter","Fyb"
"sct_prefilter","Mdm2"
"sct_prefilter","Mtf2"
"sct_prefilter","Mybl2"
"sct_prefilter","Dppa2"
"sct_prefilter","Dll3"
"sct_prefilter","Zfp57"
"sct_prefilter","Acta2"
"sct_prefilter","Lmo1"
"sct_prefilter","Ran"
"sct_prefilter","Cycs"
"sct_prefilter","Gstp-ps"
"sct_prefilter","Dll1"
"sct_prefilter","Dynll1"
"sct_prefilter","Pga5"
"sct_prefilter","Actc1"
"sct_prefilter","Ppp1ccb"
"sct_prefilter","Fosb"
"sct_prefilter","Cldn5"
"sct_prefilter","Akap12"
"sct_prefilter","Nelfa"
"sct_prefilter","Atf3"
"sct_prefilter","Krt15"
"sct_prefilter","Acta1"
"sct_prefilter","Mgll"
"sct_prefilter","Lima1"
"sct_prefilter","Enpp2"
"sct_prefilter","Sox4"
"sct_prefilter","Sinhcaf"
"sct_prefilter","Foxd3"
"sct_prefilter","Psors1c2"
"sct_prefilter","Phb"
"sct_prefilter","Tomm20"
"sct_prefilter","Tagln"
"sct_prefilter","Znrd2"
"sct_prefilter","Bex4"
"sct_prefilter","Rtl8b"
"sct_prefilter","Chac1"
"sct_prefilter","Btg2"
"sct_prefilter","Tpm1"
"sct_prefilter","Hmgb2"
"sct_prefilter","Myo10"
"sct_prefilter","Otx2"
"sct_prefilter","Prc1"
"sct_prefilter","Hnrnpa2b1"
"sct_prefilter","Snhg1"
"sct_prefilter","Rtraf-ps"
"sct_prefilter","Atp5l"
"sct_prefilter","Tubb5"
"sct_prefilter","Sat1"
"sct_prefilter","Wdr89"
"sct_prefilter","Dnmt3a"
"sct_prefilter","Usp26"
"sct_prefilter","Tbx6"
"sct_prefilter","Macroh2a2"
"sct_prefilter","Scd2"
"sct_prefilter","Wnt6"
"sct_prefilter","Raly"
"sct_prefilter","Atp5g1"
"sct_prefilter","Car4"
"sct_prefilter","Tubb2b"
"sct_prefilter","Ndufa4l2"
"sct_prefilter","Atox1"
"sct_prefilter","Phc1"
"sct_prefilter","Lgals3"
"sct_prefilter","Folr1"
"sct_prefilter","Pim2"
"sct_prefilter","Fgf5"
"sct_prefilter","Fn1"
"sct_prefilter","Cyba"
"sct_prefilter","Cited1"
"sct_prefilter","Pcdh8"
"sct_prefilter","Dnmt3l"
"sct_prefilter","Limch1"
"sct_prefilter","Frzb"
"sct_prefilter","Hnrnpu"
"sct_prefilter","Dstn"
"sct_prefilter","Egr1"
"sct_prefilter","Zfp981"
"sct_prefilter","Odc1"
"sct_prefilter","Commd3"
"sct_prefilter","Gnb2"
"sct_prefilter","Ube2n"
"sct_prefilter","Slbp"
"sct_prefilter","Trp53i11"
"sct_prefilter","Cbx3"
"sct_prefilter","6820431F20Rik"
"sct_prefilter","Gabra1"
"sct_prefilter","Snrpg"
"sct_prefilter","Fgfbp3"
"sct_prefilter","Hnrnpa1"
"sct_prefilter","Hmga2"
"sct_prefilter","Sod2"
"sct_prefilter","Grcc10"
"sct_prefilter","Ube2d2a"
"sct_prefilter","Cypt3"
"sct_prefilter","Klf5"
"sct_prefilter","Gjb3"
"sct_prefilter","Dusp4"
"sct_prefilter","Sparc"
"sct_prefilter","Rbx1-ps"
"sct_prefilter","Wnt8a"
"sct_prefilter","Jade1"
"sct_prefilter","Rack1"
"sct_prefilter","Rbbp7"
"sct_prefilter","Pdgfrl"
"sct_prefilter","Sfn"
"sct_prefilter","Tmem176b"
"sct_prefilter","Tmem167"
"sct_prefilter","Zscan4f"
"sct_prefilter","Krt7"
"sct_prefilter","Crip2"
"sct_prefilter","Pkdcc"
"sct_prefilter","Sox11"
"sct_prefilter","Sox9"
"sct_prefilter","Prdx2"
"sct_prefilter","Lmo2"
"sct_prefilter","Ngb"
"sct_prefilter","Rian"
"sct_prefilter","Calca"
"sct_prefilter","Zfp36l2"
"sct_prefilter","Cthrc1"
"sct_prefilter","Atp5o"
"sct_prefilter","Ppp1r1a"
"sct_prefilter","Tuba3a"
"sct_prefilter","Ndufab1"
"sct_prefilter","Sycp3"
"sct_prefilter","Snhg4"
"sct_prefilter","Igfbp3"
"sct_prefilter","Klf4"
"sct_prefilter","Smad7"
"sct_prefilter","Wfdc2"
"sct_prefilter","Adcy2"
"sct_prefilter","Med29"
"sct_prefilter","Cfc1"
"sct_prefilter","Hoxd9"
"sct_prefilter","Idi1"
"sct_prefilter","Atf4"
"sct_prefilter","Cwc22"
"sct_prefilter","Cdk2ap1"
"sct_prefilter","Smc6"
"sct_prefilter","Calm1"
"sct_prefilter","Aldh1a2"
"sct_prefilter","Hmgn5"
"sct_prefilter","Marcks"
"sct_prefilter","Msmo1"
"sct_prefilter","Sumo3"
"sct_prefilter","Mthfd2"
"sct_prefilter","Amot"
"sct_prefilter","Zfp503"
"sct_prefilter","Dhx16"
"sct_prefilter","Pdcd5"
"sct_prefilter","Platr10"
"sct_prefilter","Hspd1-ps3"
"sct_prefilter","Zfp428"
"sct_prefilter","Bmp2"
"sct_prefilter","Myl9"
"sct_prefilter","Gtsf1l"
"sct_prefilter","Hoxb4"
"sct_prefilter","Ndufab1-ps"
"sct_prefilter","Atrx"
"sct_prefilter","Nusap1"
"sct_prefilter","Dnajb6"
"sct_prefilter","Pabpc1"
"sct_prefilter","Cald1"
"sct_prefilter","Akr1b3"
"sct_prefilter","Cdk1"
"sct_prefilter","Cdh2"
"sct_prefilter","Gdf3"
"sct_prefilter","Prxl2a"
"sct_prefilter","Arl4d"
"sct_prefilter","Plxna2"
"sct_prefilter","Eif2s2"
"sct_prefilter","Tdrd12"
"sct_prefilter","Sae1"
"sct_prefilter","C1ql2"
"sct_prefilter","Fgf3"
"sct_prefilter","Gpx1"
"sct_prefilter","Pfkp"
"sct_prefilter","Rtl8a"
"sct_prefilter","E330020D12Rik"
"sct_prefilter","Smoc2"
"sct_prefilter","Ppib"
"sct_prefilter","Srm"
"sct_prefilter","Hells"
"sct_prefilter","Set"
"sct_prefilter","Hnrnpa3"
"sct_prefilter","Bhlhe41"
"sct_prefilter","Lef1"
"sct_prefilter","Cdc20"
"sct_prefilter","Hormad1"
"sct_prefilter","Cox7c"
"sct_prefilter","Dab2"
"sct_prefilter","Hmgcr"
"sct_prefilter","Pycr2"
"sct_prefilter","Cox6c"
"sct_prefilter","Klf9"
"sct_prefilter","Nhp2"
"sct_prefilter","Cenpa"
"sct_prefilter","1700097N02Rik"
"sct_prefilter","Taf7l"
"sct_prefilter","Triml2"
"sct_prefilter","Zbed5"
"sct_prefilter","Slc38a2"
"sct_prefilter","Tmem176a"
"sct_prefilter","Map7d3"
"sct_prefilter","Msgn1"
"sct_prefilter","Plk2"
"sct_prefilter","Sec61g"
"sct_prefilter","Ttn"
"sct_prefilter","Mki67"
"sct_prefilter","Dpm1"
"sct_prefilter","Id2"
"sct_prefilter","Eef2"
"sct_prefilter","Dut"
"sct_prefilter","Tpi1"
"sct_prefilter","Cyp51"
"sct_prefilter","Spink10"
"sct_prefilter","Phgdh"
"sct_prefilter","Pabpn1"
"sct_prefilter","Txnip"
"sct_prefilter","Nasp"
"sct_prefilter","Gbx2"
"sct_prefilter","Tcl1"
"sct_prefilter","Pou4f3"
"sct_prefilter","Zfp703"
"sct_prefilter","Kras"
"sct_prefilter","Bex2"
"sct_prefilter","Pttg1"
"sct_prefilter","Ahnak2"
"sct_prefilter","Mycn"
"sct_prefilter","Pitx2"
"sct_prefilter","Eif1"
"sct_prefilter","Sp140"
"sct_prefilter","Prph"
"sct_prefilter","Dcxr"
"sct_prefilter","Eprn"
"sct_prefilter","Calr"
"sct_prefilter","Socs2"
"sct_prefilter","Pdzrn4"
"sct_prefilter","Phlda3"
"sct_prefilter","Hmmr"
"sct_prefilter","Iigp1"
"sct_prefilter","Alox15"
"sct_prefilter","Nsa2"
"sct_prefilter","Adprh"
"sct_prefilter","2610005L07Rik"
"sct_prefilter","Kpna2"
"sct_prefilter","Pim1"
"sct_prefilter","Vcp"
"sct_prefilter","Dnd1"
"sct_prefilter","Maml3"
"sct_prefilter","Myl12b"
"sct_prefilter","Gstt2"
"sct_prefilter","Pla2g1b"
"sct_prefilter","H4c9"
"sct_prefilter","Gng5"
"sct_prefilter","Foxc1"
"sct_prefilter","Atp5g2"
"sct_prefilter","Khdrbs1"
"sct_prefilter","Rnf17"
"sct_prefilter","Selenop"
"sct_prefilter","Smagp"
"sct_prefilter","Cenpm"
"sct_prefilter","Ccne1"
"sct_prefilter","Oaz1-ps"
"sct_prefilter","Tfcp2l1"
"sct_prefilter","Ttc3"
"sct_prefilter","4930566F21Rik"
"sct_prefilter","Hmox1"
"sct_prefilter","Sfpq"
"sct_prefilter","Ostf1"
"sct_prefilter","Cubn"
"sct_prefilter","Dppa4"
"sct_prefilter","Hspe1"
"sct_prefilter","Gfra3"
"sct_prefilter","Grb10"
"sct_prefilter","Xist"
"sct_prefilter","Cenpe"
"sct_prefilter","Cox8a"
"sct_prefilter","Fam25c"
"sct_prefilter","Ccng1"
"sct_prefilter","Hspa1a"
"sct_prefilter","Slc29a1"
"sct_prefilter","Sap18b"
"sct_prefilter","Ccnb1"
"sct_prefilter","Hspd1"
"sct_prefilter","Thbs1"
"sct_prefilter","Ctsh"
"sct_prefilter","Eif4a1"
"sct_prefilter","Sap18"
"sct_prefilter","Aldh2"
"sct_prefilter","Xlr3c"
"sct_prefilter","Ndufs5-ps"
"sct_prefilter","Tuba4a"
"sct_prefilter","Apln"
"sct_prefilter","Pcdh7"
"sct_prefilter","Nanos3"
"sct_prefilter","Ephx2"
"sct_prefilter","Hmgb1-ps4"
"sct_prefilter","Atp1b1"
"sct_prefilter","Eif2s3y"
"sct_prefilter","Hspa4"
"sct_prefilter","Zfp985"
"sct_prefilter","Pmepa1"
"sct_prefilter","Sox18"
"sct_prefilter","Cox6a2"
"sct_prefilter","Trp53inp1"
"sct_prefilter","Cldn7"
"sct_prefilter","Ccn2"
"sct_prefilter","Zfp989"
"sct_prefilter","Atf5"
"sct_prefilter","Jund"
"sct_prefilter","Arid5b"
"sct_prefilter","Xlr3a"
"sct_prefilter","S100a6"
"sct_prefilter","Gal"
"sct_prefilter","Atp5l-ps1"
"sct_prefilter","Sox2"
"sct_prefilter","0610040J01Rik"
"sct_prefilter","Cbx1"
"sct_prefilter","Hes5"
"sct_prefilter","Atxn7l3b"
"sct_prefilter","Cox7a2"
"sct_prefilter","Adgrl2"
"sct_prefilter","Glrx2"
"sct_prefilter","Irx1"
"sct_prefilter","Rlim"
"sct_prefilter","Rilp"
"sct_prefilter","Cdkn2a"
"sct_prefilter","Elob"
"sct_prefilter","Vamp3"
"sct_prefilter","1700007K13Rik"
"sct_prefilter","Slc25a5"
"sct_prefilter","Tomm5"
"sct_prefilter","Nap1l1"
"sct_prefilter","Perp"
"sct_prefilter","Tagln2"
"sct_prefilter","Dst"
"sct_prefilter","Hoxa7"
"sct_prefilter","Jarid2"
"sct_prefilter","Hat1"
"sct_prefilter","Snhg3"
"sct_prefilter","Tpx2"
"sct_prefilter","2410137M14Rik"
"sct_prefilter","Aass"
"sct_prefilter","Rtp4"
"sct_prefilter","Atpsckmt"
"sct_prefilter","Myl6"
"sct_prefilter","Tet1"
"sct_prefilter","Hes1"
"sct_prefilter","Ddit3"
"sct_prefilter","Dusp2"
"sct_prefilter","Msh6"
"sct_prefilter","Abracl"
"sct_prefilter","Ctf2"
"sct_prefilter","Phlda1"
"sct_prefilter","Hes3"
"sct_prefilter","Ptn"
"sct_prefilter","Nr2f1"
"sct_prefilter","Ung"
"sct_prefilter","Hnrnpa0"
"sct_prefilter","Inka1"
"sct_prefilter","Iqgap1"
"sct_prefilter","G0s2"
"sct_prefilter","Kitl"
"sct_prefilter","Zfp978"
"sct_prefilter","Gnpda1"
"sct_prefilter","Ccnd1"
"sct_prefilter","Nog"
"sct_prefilter","0610010K14Rik"
"sct_prefilter","Gbp2"
"sct_prefilter","Ercc4"
"sct_prefilter","Noct"
"sct_prefilter","Mta3"
"sct_prefilter","H1f10"
"sct_prefilter","Tmem114"
"sct_prefilter","Zfp991"
"sct_prefilter","Synj2bp"
"sct_prefilter","Psat1"
"sct_prefilter","Khdc1a"
"sct_prefilter","Rrm2"
"sct_prefilter","Anp32b"
"sct_prefilter","Mogat2"
"sct_prefilter","Nkx6-2"
"sct_prefilter","Cox6b2"
"sct_prefilter","Sub1"
"sct_prefilter","Ms4a10"
"sct_prefilter","Nedd4"
"sct_prefilter","Tmem252"
"sct_prefilter","Bnip3l"
"sct_prefilter","Evx1os"
"sct_prefilter","Csrp2"
"sct_prefilter","Wnt5a"
"sct_prefilter","Fxyd6"
"sct_prefilter","Myef2"
"sct_prefilter","Myl12a"
"sct_prefilter","Tle4"
"sct_prefilter","Socs3"
"sct_prefilter","Lrpap1"
"sct_prefilter","Pfdn5"
"sct_prefilter","Cd3d"
"sct_prefilter","Xlr3b"
"sct_prefilter","Mat2a"
"sct_prefilter","Uap1l1"
"sct_prefilter","Hexa"
"sct_prefilter","Nfam1"
"sct_prefilter","Psph"
"sct_prefilter","AI838599"
"sct_prefilter","Txnrd1"
"sct_prefilter","Prrx1"
"sct_prefilter","Cox4i1"
"sct_prefilter","Arl4a"
"sct_prefilter","Nexmif"
"sct_prefilter","Sumo2"
"sct_prefilter","Zfas1"
"sct_prefilter","Amd1"
"sct_prefilter","Ccnd3"
"sct_prefilter","Ccno"
"sct_prefilter","Glud1"
"sct_prefilter","Acsl3"
"sct_prefilter","Calm2"
"sct_prefilter","Glrx"
"sct_prefilter","Cdv3"
"sct_prefilter","Eno1b"
"sct_prefilter","Erh"
"sct_prefilter","Smarca5-ps"
"sct_prefilter","Arpc1b"
"sct_prefilter","Pmaip1"
"sct_prefilter","Asb4"
"sct_prefilter","Xlr5a"
"sct_prefilter","Chchd2"
"sct_prefilter","Psme1"
"sct_prefilter","Cacna1s"
"sct_prefilter","Ubald2"
"sct_prefilter","Zfp979"
"sct_prefilter","Rnasek"
"sct_prefilter","Ndufs5"
"sct_prefilter","Mrps24"
"sct_prefilter","Snrpd1"
"sct_prefilter","Col4a1"
"sct_prefilter","Ctsc"
"sct_prefilter","Map1b"
"sct_prefilter","Cyb5a"
"sct_prefilter","Skil"
"sct_prefilter","Bcat1"
"sct_prefilter","Commd1"
"sct_prefilter","Nes"
"sct_prefilter","Ndn"
"sct_prefilter","Nme3"
"sct_prefilter","Tceal8"
"sct_prefilter","Rhox9"
"sct_prefilter","Slc7a3"
"sct_prefilter","Kctd12"
"sct_prefilter","Pla2g7"
"sct_prefilter","Ssr2"
"sct_prefilter","Ano3"
"sct_prefilter","Esco2"
"sct_prefilter","Gdf15"
"sct_prefilter","Marcksl1"
"sct_prefilter","Cldn6"
"sct_prefilter","Snhg12"
"sct_prefilter","Atp1a2"
"sct_prefilter","Snai1"
"sct_prefilter","Fbp2"
"sct_prefilter","Foxd1"
"sct_prefilter","Serpine2"
"sct_prefilter","Slc7a7"
"sct_prefilter","Fjx1"
"sct_prefilter","Etfb"
"sct_prefilter","Mnx1"
"sct_prefilter","Mrpl15"
"sct_prefilter","Hoxb9"
"sct_prefilter","Myo1f"
"sct_prefilter","Nfkbia"
"sct_prefilter","Atp6v0c"
"sct_prefilter","Pla2g10"
"sct_prefilter","Gbp2b"
"sct_prefilter","Selenoh"
"sct_prefilter","Nolc1"
"sct_prefilter","Tgfb2"
"sct_prefilter","Atp6v0b"
"sct_prefilter","Sox21"
"sct_prefilter","Dkc1"
"sct_prefilter","Plp2"
"sct_prefilter","Plcd4"
"sct_prefilter","Hoxa1"
"sct_prefilter","Cabp1"
"sct_prefilter","Clic1"
"sct_prefilter","Hmgb1-ps7"
"sct_prefilter","Tbrg1"
"sct_prefilter","Smc1b"
"sct_prefilter","Sec11a"
"sct_prefilter","Impact"
"sct_prefilter","Setx"
"sct_prefilter","Apobec2"
"sct_prefilter","Dusp27"
"sct_prefilter","Ap2m1"
"sct_prefilter","Foxa1"
"sct_prefilter","Psmb10"
"sct_prefilter","Cd81"
"sct_prefilter","Psip1"
"sct_prefilter","Rhoj"
"sct_prefilter","Slc11a1"
"sct_prefilter","Slc27a2"
"sct_prefilter","Tmprss2"
"sct_prefilter","Nkd1"
"sct_prefilter","Dio3"
"sct_prefilter","Slc16a3"
"sct_prefilter","Tma7"
"sct_prefilter","Pdgfra"
"sct_prefilter","Gas5"
"sct_prefilter","Pdlim4"
"sct_prefilter","Ptgs1"
"sct_prefilter","Eef1d"
"sct_prefilter","Foxj1"
"sct_prefilter","Fkbp6"
"sct_prefilter","Trim63"
"sct_prefilter","Twist1"
"sct_prefilter","Kif21a"
"sct_prefilter","Polr2l"
"sct_prefilter","Rgs5"
"sct_prefilter","Dsp"
"sct_prefilter","Rab25"
"sct_prefilter","Eif3f"
"sct_prefilter","Hhex"
"sct_prefilter","Pck2"
"sct_prefilter","Ftl1"
"sct_prefilter","Fubp1"
"sct_prefilter","Rhox13"
"sct_prefilter","Dnajc21"
"sct_prefilter","Zfp296"
"sct_prefilter","Renbp"
"sct_prefilter","Cldn4"
"sct_prefilter","Rbpms"
"sct_prefilter","Blvrb"
"sct_prefilter","Ankrd12"
"sct_prefilter","Hspb11"
"sct_prefilter","Plekhf2"
"sct_prefilter","Crip1"
"sct_prefilter","Dazl"
"sct_prefilter","Insm1"
"sct_prefilter","Kdm5b"
"sct_prefilter","Mcl1"
"sct_prefilter","Ebf1"
"sct_prefilter","Gadd45b"
"sct_prefilter","Bsg"
"sct_prefilter","Cacybp"
"sct_prefilter","Matn4"
"sct_prefilter","Ifit1"
"sct_prefilter","Gnai2"
"sct_prefilter","Pfn1"
"sct_prefilter","Prex2"
"sct_prefilter","1700108F19Rik"
"sct_prefilter","Cebpd"
"sct_prefilter","Lamp1"
"sct_prefilter","Dock11"
"sct_prefilter","Laptm5"
"sct_prefilter","Nop10"
"sct_prefilter","Pmvk"
"sct_prefilter","Zdbf2"
"sct_prefilter","Rest"
"sct_prefilter","Jpt1"
"sct_prefilter","Dpys"
"sct_prefilter","Tpm4"
"sct_prefilter","Nsd2"
"sct_prefilter","Smim40"
"sct_prefilter","Plk1"
"sct_prefilter","Fzd10"
"sct_prefilter","Olfr539"
"sct_prefilter","Ybx1"
"sct_prefilter","Foxp1"
"sct_prefilter","Smarce1"
"sct_prefilter","Spry2"
"sct_prefilter","Sct"
"sct_prefilter","Pxdc1"
"sct_prefilter","Top1"
"sct_prefilter","Eif5a"
"sct_prefilter","Fgf17"
"sct_prefilter","1810037I17Rik"
"sct_prefilter","Nars"
"sct_prefilter","Cdh11"
"sct_prefilter","Vsir"
"sct_prefilter","Nqo1"
"sct_prefilter","Srsf7"
"sct_prefilter","Zfp993"
"sct_prefilter","Mid1ip1"
"sct_prefilter","Pgam1"
"sct_prefilter","Pkm"
"sct_prefilter","Ccn1"
"sct_prefilter","Npy"
"sct_prefilter","Zfp936"
"sct_prefilter","Fabp7"
"sct_prefilter","Cebpb"
"sct_prefilter","Psma7"
"sct_prefilter","Anp32a"
"sct_prefilter","Txn1"
"sct_prefilter","Tshz1"
"sct_prefilter","Emc8"
"sct_prefilter","Lonrf3"
"sct_prefilter","Nrarp"
"sct_prefilter","Upk3a"
"sct_prefilter","Hoxa2"
"sct_prefilter","Trib3"
"sct_prefilter","Mtch1"
"sct_prefilter","Gjc1"
"sct_prefilter","Alpl"
"sct_prefilter","Gpa33"
"sct_prefilter","Csnk1e"
"sct_prefilter","Ash2l"
"sct_prefilter","Nudt5"
"sct_prefilter","Rif1"
"sct_prefilter","Wnt3a"
"sct_prefilter","P4ha2"
"sct_prefilter","Atad2"
"sct_prefilter","Cox5a"
"sct_prefilter","Pycard"
"sct_prefilter","Sfmbt2"
"sct_prefilter","Wls"
"sct_prefilter","U2af1"
"sct_prefilter","Eras"
"sct_prefilter","Polr2e"
"sct_prefilter","Eif3a"
"sct_prefilter","Atpif1"
"sct_prefilter","Ptp4a3"
"sct_prefilter","Cryzl1"
"sct_prefilter","Ppp1r14b"
"sct_prefilter","B2m"
"sct_prefilter","Grrp1"
"sct_prefilter","Kdr"
"sct_prefilter","Ttll3"
"sct_prefilter","Fam124a"
"sct_prefilter","Espn"
"sct_prefilter","Gabarap"
"sct_prefilter","Sparcl1"
"sct_prefilter","Soat1"
"sct_prefilter","Napsa"
"sct_prefilter","Tsx"
"sct_prefilter","Uqcrq"
"sct_prefilter","Bax"
"sct_prefilter","Ap3b2"
"sct_prefilter","Cdc5l"
"sct_prefilter","Btf3"
"sct_prefilter","Mtdh"
"sct_prefilter","Cited4"
"sct_prefilter","Fgf15"
"sct_prefilter","Nkx2-9"
"sct_prefilter","Tsix"
"sct_prefilter","Acot1"
"sct_prefilter","Xlr5b"
"sct_prefilter","Sem1"
"sct_prefilter","Mrpl33"
"sct_prefilter","Aurka"
"sct_prefilter","Hoxc13"
"sct_prefilter","Pnrc1"
"sct_prefilter","Pwwp3b"
"sct_prefilter","Card19"
"sct_prefilter","Nrk"
"sct_prefilter","Tspan6"
"sct_prefilter","Serf2"
"sct_prefilter","Ttc28"
"sct_prefilter","Zmynd8"
"sct_prefilter","Meox1"
"sct_prefilter","Bex3"
"sct_prefilter","Tceal9"
"sct_prefilter","Nop56"
"sct_prefilter","Bnip3"
"sct_prefilter","Ndrg1"
"sct_prefilter","H1f3"
"sct_prefilter","Tal2"
"sct_prefilter","Myh13"
"sct_prefilter","Snrpf"
"sct_prefilter","Npc2"
"sct_prefilter","Phf5a"
"sct_prefilter","Resf1"
"sct_prefilter","Sp8"
"sct_prefilter","Aard"
"sct_prefilter","Eif3h"
"sct_prefilter","Gstm1"
"sct_prefilter","Tapbpl"
"sct_prefilter","Yae1d1"
"sct_prefilter","Ythdc1"
"sct_prefilter","Igsf23"
"sct_prefilter","Aplnr"
"sct_prefilter","Herpud1"
"sct_prefilter","Marc2"
"sct_prefilter","Tcea3"
"sct_prefilter","Kcnk1"
"sct_prefilter","Nefh"
"sct_prefilter","Sfrp1"
"sct_prefilter","Tex101"
"sct_prefilter","Eif1-ps1"
"sct_prefilter","Dact1"
"sct_prefilter","Spic"
"sct_prefilter","9530053A07Rik"
"sct_prefilter","Junb"
"sct_prefilter","Mafb"
"sct_prefilter","Ubxn2a"
"sct_prefilter","Ddt"
"sct_prefilter","Pax3"
"sct_prefilter","Irs4"
"sct_prefilter","Tex15"
"sct_prefilter","Uchl1"
"sct_prefilter","Atp5h"
"sct_prefilter","Ccdc34"
"sct_prefilter","Cdc42ep5"
"sct_prefilter","Mfap1a"
"sct_prefilter","Pdia6"
"sct_prefilter","Ifrd1"
"sct_prefilter","Mfap1b"
"sct_prefilter","Tex13b"
"sct_prefilter","Impdh2"
"sct_prefilter","Cfap126"
"sct_prefilter","Patl2"
"sct_prefilter","Nme1"
"sct_prefilter","Plekha1"
"sct_prefilter","Smc4"
"sct_prefilter","S100a1"
"sct_prefilter","Utp14a"
"sct_prefilter","Wnt3"
"sct_prefilter","Ina"
"sct_prefilter","Gng3"
"sct_prefilter","Taf9"
"sct_prefilter","Dcn"
"sct_prefilter","Upk1a"
"sct_prefilter","Lncenc1"
"sct_prefilter","Catip"
"sct_prefilter","Greb1l"
"sct_prefilter","Ndufaf4"
"sct_prefilter","Ptges3"
"sct_prefilter","Hsph1"
"sct_prefilter","Id4"
"sct_prefilter","Mid1"
"sct_prefilter","Pole4"
"sct_prefilter","Zfp984"
"sct_prefilter","Smtnl1"
"sct_prefilter","Rec114"
"sct_prefilter","Lhpp"
"sct_prefilter","Synm"
"sct_prefilter","Rragd"
"sct_prefilter","Ndufa4"
"sct_prefilter","Wnt8b"
"sct_prefilter","Rhox6"
"sct_prefilter","Sqstm1"
"sct_prefilter","Nrp2"
"sct_prefilter","Snu13"
"sct_prefilter","Vwa3b"
"sct_prefilter","Itm2a"
"sct_prefilter","H1f1"
"sct_prefilter","Elobl"
"sct_prefilter","Mab21l2"
"sct_prefilter","Snrpd2"
"sct_prefilter","Tra2a"
"sct_prefilter","Edn2"
"sct_prefilter","Ywhaq"
"sct_prefilter","Snx6"
"sct_prefilter","Dpysl2"
"sct_prefilter","Epp13"
"sct_prefilter","Evx1"
"sct_prefilter","Gadd45a"
"sct_prefilter","Tnrc6c"
"sct_prefilter","Atp5l2-ps"
"sct_prefilter","Rtraf"
"sct_prefilter","Eid1"
"sct_prefilter","1110038B12Rik"
"sct_prefilter","Myof"
"sct_prefilter","Zfp706"
"sct_prefilter","Nefm"
"sct_prefilter","Arhgef26"
"sct_prefilter","Atp5b"
"sct_prefilter","Epha1"
"sct_prefilter","Ccdc136"
"sct_prefilter","Tgfb1"
"sct_prefilter","Dbi"
"sct_prefilter","Fdft1"
"sct_prefilter","Ndufb9"
"sct_prefilter","Hypk"
"sct_prefilter","Tmem238"
"sct_prefilter","Mir6236"
"sct_prefilter","Alg13"
"sct_prefilter","Hnrnpab"
"sct_prefilter","Tmed10"
"sct_prefilter","Mreg"
"sct_prefilter","Srsf3"
"sct_prefilter","Atp6v1g1"
"sct_prefilter","Lrp8"
"sct_prefilter","Matn1"
"sct_prefilter","Tafa5"
"sct_prefilter","Rgs17"
"sct_prefilter","Plet1"
"sct_prefilter","Csnk2a1"
"sct_prefilter","Wnt5b"
"sct_prefilter","Tle5"
"sct_prefilter","Dnah8"
"sct_prefilter","Top2b"
"sct_prefilter","Nrip1"
"sct_prefilter","Thrap3"
"sct_prefilter","Trim30a"
"sct_prefilter","Eif3s6-ps2"
"sct_prefilter","Dgkk"
"sct_prefilter","Rbms1"
"sct_prefilter","Mis18bp1"
"sct_prefilter","Tcf4"
"sct_prefilter","Ssbp4"
"sct_prefilter","3830417A13Rik"
"sct_prefilter","Tnni1"
"sct_prefilter","Col4a2"
"sct_prefilter","Fkbp11"
"sct_prefilter","Rhox1"
"sct_prefilter","Emp3"
"sct_prefilter","Hdgf"
"sct_prefilter","Krt42"
"sct_prefilter","Efhc2"
"sct_prefilter","Nucks1"
"sct_prefilter","Wnt10a"
"sct_prefilter","Hopx"
"sct_prefilter","Hspa9"
"sct_prefilter","Adnp"
"sct_prefilter","Hsf2bp"
"sct_prefilter","Limd2"
"sct_prefilter","Zc3hav1"
"sct_prefilter","Ctcf"
"sct_prefilter","Mlana"
"sct_prefilter","Mtss1"
"sct_prefilter","Sftpd"
"sct_prefilter","Ebp"
"sct_prefilter","Drg1"
"sct_prefilter","Tardbp"
"sct_prefilter","2310043M15Rik"
"sct_prefilter","Zfp638"
"sct_prefilter","Pgls"
"sct_prefilter","Cox7b2"
"sct_prefilter","Gcat"
"sct_prefilter","Cxcl10"
"sct_prefilter","Esrrb"
"sct_prefilter","Pcsk1n"
"sct_prefilter","Hoxb3os"
"sct_prefilter","Sfrp5"
"sct_prefilter","Jaml"
"sct_prefilter","Ptk7"
"sct_prefilter","Myb"
"sct_prefilter","Slfn9"
"sct_prefilter","Eif4g2"
"sct_prefilter","Hacd2"
"sct_prefilter","Lrrc2"
"sct_prefilter","Apela"
"sct_prefilter","Ncoa3"
"sct_prefilter","Siva1"
"sct_prefilter","Khdrbs3"
"sct_prefilter","Sox3"
"sct_prefilter","Sqle"
"sct_prefilter","Nr5a2"
"sct_prefilter","Cct3"
"sct_prefilter","Hebp1"
"sct_prefilter","Cryab"
"sct_prefilter","Phf10"
"sct_prefilter","Nkx6-1"
"sct_prefilter","Pglyrp1"
"sct_prefilter","Bptf"
"sct_prefilter","Lrrc58"
"sct_prefilter","Chst7"
"sct_prefilter","Chchd2-ps"
"sct_prefilter","Naa10"
"sct_prefilter","Tchh"
"sct_prefilter","Vcan"
"sct_prefilter","Btg1"
"sct_prefilter","Uqcr10"
"sct_prefilter","Eif1a"
"sct_prefilter","Tspan13"
"sct_prefilter","Ddx3y"
"sct_prefilter","Psmd13"
"sct_prefilter","Nectin2"
"sct_prefilter","Stox1"
"sct_prefilter","Map4k4"
"sct_prefilter","Cdc6"
"sct_prefilter","Cenpv"
"sct_prefilter","Bend7"
"sct_prefilter","Anxa1"
"sct_prefilter","Macf1"
"sct_prefilter","Sept11"
"sct_prefilter","Pdia3"
"sct_prefilter","Hmgb1-ps1"
"sct_prefilter","Fbl"
"sct_prefilter","Snrpe"
"sct_prefilter","Ly6g6e"
"sct_prefilter","Ddah2"
"sct_prefilter","Ascl2"
"sct_prefilter","Irf2bpl"
"sct_prefilter","Nt5dc2"
"sct_prefilter","Vangl1"
"sct_prefilter","Aim2"
"sct_prefilter","Impdh2-ps"
"sct_prefilter","2610528J11Rik"
"sct_prefilter","Cox6b1"
"sct_prefilter","Dusp9"
"sct_prefilter","Fbxo5"
"sct_prefilter","Sycp1"
"sct_prefilter","Gap43"
"sct_prefilter","Slc38a4"
"sct_prefilter","Irak3"
"sct_prefilter","Slc9b1"
"sct_prefilter","Impa2"
"sct_prefilter","Enah"
"sct_prefilter","Atp5pb"
"sct_prefilter","Psrc1"
"sct_prefilter","Eif3j2"
"sct_prefilter","Cnn3"
"sct_prefilter","Kif26b"
"sct_prefilter","Rbmx2"
"sct_prefilter","Mt3"
"sct_prefilter","Cidea"
"sct_prefilter","Anxa8"
"sct_prefilter","Dynll2"
"sct_prefilter","Cnn2"
"sct_prefilter","Uqcrh"
"sct_prefilter","Them5"
"sct_prefilter","Slc44a5"
"sct_prefilter","Cxcr4"
"sct_prefilter","Stpg3"
"sct_prefilter","Tpt1-ps5"
"sct_prefilter","Mpc1"
"sct_prefilter","Ifi27"
"sct_prefilter","Lsm7"
"sct_prefilter","Exosc6"
"sct_prefilter","Ybx3"
"sct_prefilter","Bicc1"
"sct_prefilter","Tspo"
"sct_prefilter","Hnrnpd"
"sct_prefilter","1700029P11Rik"
"sct_prefilter","Bub3"
"sct_prefilter","Hoxb7"
"sct_prefilter","Usp9x"
"sct_prefilter","Zfp207"
"sct_prefilter","Car6"
"sct_prefilter","1700028P14Rik"
"sct_prefilter","Pim3"
"sct_prefilter","Snx20"
"sct_prefilter","Uhrf2"
"sct_prefilter","Snhg14"
"sct_prefilter","Nsd1"
"sct_prefilter","Ada"
"sct_prefilter","Psmb5"
"sct_prefilter","Tpt1-ps6"
"sct_prefilter","Ptms"
"sct_prefilter","Chd7"
"sct_prefilter","Fkbp3"
"sct_prefilter","Lor"
"sct_prefilter","Crym"
"sct_prefilter","Hand1"
"sct_prefilter","Slc25a3"
"sct_prefilter","Lars"
"sct_prefilter","Ppp4r4"
"sct_prefilter","Yaf2"
"sct_prefilter","Acp1"
"sct_prefilter","Ucma"
"sct_prefilter","Dnajb14"
"sct_prefilter","Alx3"
"sct_prefilter","Isyna1"
"sct_prefilter","Aire"
"sct_prefilter","Enc1"
"sct_prefilter","Marveld1"
"sct_prefilter","Aprt"
"sct_prefilter","Kit"
"sct_prefilter","Tmem40"
"sct_prefilter","Cd36"
"sct_prefilter","Col13a1"
"sct_prefilter","Ier2"
"sct_prefilter","Gng11"
"sct_prefilter","Dtl"
"sct_prefilter","Cnbp"
"sct_prefilter","Apom"
"sct_prefilter","Pdzd4"
"sct_prefilter","Wnt4"
"sct_prefilter","Eif3s6-ps3"
"sct_prefilter","Mrto4-ps1"
"sct_prefilter","Ptch1"
"sct_prefilter","Taf1d"
"sct_prefilter","Clu"
"sct_prefilter","Apoc1"
"sct_prefilter","Csnk2a2"
"sct_prefilter","Mdn1"
"sct_prefilter","AU018091"
"sct_prefilter","Ndufa7"
"sct_prefilter","Mt4"
"sct_prefilter","Epha4"
"sct_prefilter","Hirip3"
"sct_prefilter","Nav2"
"sct_prefilter","Tdrd5"
"sct_prefilter","Knop1"
"sct_prefilter","Pmp22"
"sct_prefilter","Prdm14"
"sct_prefilter","Hmgn1"
"sct_prefilter","Krt5"
"sct_prefilter","Cmtm8"
"sct_prefilter","Npm3"
"sct_prefilter","Cd160"
"sct_prefilter","Nxf7"
"sct_prefilter","Robo3"
"sct_prefilter","Atp5pb-ps"
"sct_prefilter","Glod4"
"sct_prefilter","Uhrf1"
"sct_prefilter","H1f2"
"sct_prefilter","Prickle1"
"sct_prefilter","Eif3s6-ps1"
"sct_prefilter","Rbpj"
"sct_prefilter","Ogt"
"sct_prefilter","Polr2f"
"sct_prefilter","Calr4"
"sct_prefilter","Galnt6"
"sct_prefilter","Sult6b1"
"sct_prefilter","Zfp36l1"
"sct_prefilter","Gata2"
"sct_prefilter","Cpz"
"sct_prefilter","Phf3"
"sct_prefilter","Aen"
"sct_prefilter","Ak6"
"sct_prefilter","Hs3st3b1"
"sct_prefilter","Eif4e2"
"sct_prefilter","Hsd11b2"
"sct_prefilter","Neurod1"
"sct_prefilter","Mxd4"
"sct_prefilter","Mcm4"
"sct_prefilter","Tars"
"sct_prefilter","Kif11"
"sct_prefilter","Axin2"
"sct_prefilter","Epop"
"sct_prefilter","Psmb3"
"sct_prefilter","Erich2"
"sct_prefilter","Usp28"
"sct_prefilter","Ahcy"
"sct_prefilter","Cltb"
"sct_prefilter","Ebf2"
"sct_prefilter","Sall3"
"sct_prefilter","Cdh6"
"sct_prefilter","Gtsf1"
"sct_prefilter","Galnt1"
"sct_prefilter","Hoxc4"
"sct_prefilter","Lmnb1"
"sct_prefilter","Prrc1"
"sct_prefilter","Higd1a"
"sct_prefilter","Laptm4b"
"sct_prefilter","Slc24a5"
"sct_prefilter","Egln1"
"sct_prefilter","Ppp1cb"
"sct_prefilter","Tpm3"
"sct_prefilter","Cct6a"
"sct_prefilter","Rbmxl1"
"sct_prefilter","Samd3"
"sct_prefilter","Liph"
"sct_prefilter","Bcl7c"
"sct_prefilter","Ezr"
"sct_prefilter","Efnb1"
"sct_prefilter","Zcrb1"
"sct_prefilter","Foxd2os"
"sct_prefilter","Etv5"
"sct_prefilter","Hdgfl3"
"sct_prefilter","Pde8a"
"sct_prefilter","Slc30a2"
"sct_prefilter","Wdr95"
"sct_prefilter","Cgnl1"
"sct_prefilter","Irx3"
"sct_prefilter","Pcbp2"
"sct_prefilter","1190005I06Rik"
"sct_prefilter","Cst6"
"sct_prefilter","Platr3"
"sct_prefilter","Tnnc2"
"sct_prefilter","Maged2"
"sct_prefilter","Ltb4r2"
"sct_prefilter","Emp2"
"sct_prefilter","Tasor"
"sct_prefilter","Pa2g4"
"sct_prefilter","Cnpy2"
"sct_prefilter","Nudc"
"sct_prefilter","Stk38"
"sct_prefilter","1300002E11Rik"
"sct_prefilter","Birc5"
"sct_prefilter","Plk3"
"sct_prefilter","Cpm"
"sct_prefilter","Pcnp"
"sct_prefilter","Eif5"
"sct_prefilter","Mmrn2"
"sct_prefilter","Fignl2"
"sct_prefilter","Cfl1"
"sct_prefilter","Pcdh17"
"sct_prefilter","C78283"
"sct_prefilter","Incenp"
"sct_prefilter","Trip12"
"sct_prefilter","Fmr1nb"
"sct_prefilter","2900097C17Rik"
"sct_prefilter","Zbp1"
"sct_prefilter","Pik3c2b"
"sct_prefilter","Mex3b"
"sct_prefilter","Cda"
"sct_prefilter","Krt72"
"sct_prefilter","Lyar"
"sct_prefilter","Insig1"
"sct_prefilter","Zbtb8a"
"sct_prefilter","Enkur"
"sct_prefilter","Slc3a2"
"sct_prefilter","Cxcl16"
"sct_prefilter","Rflna"
"sct_prefilter","Chchd3"
"sct_prefilter","Ly6e"
"sct_prefilter","Dnajc9"
"sct_prefilter","Gldc"
"sct_prefilter","Pigp"
"sct_prefilter","Hoxb3"
"sct_prefilter","Agtrap"
"sct_prefilter","Scand1"
"sct_prefilter","Cpvl"
"sct_prefilter","Egr3"
"sct_prefilter","Pdpn"
"sct_prefilter","Parp1"
"sct_prefilter","Tox3"
"sct_prefilter","Cygb"
"sct_prefilter","Abcg1"
"sct_prefilter","Sohlh2"
"sct_prefilter","Prrc2c"
"sct_prefilter","Cst3"
"sct_prefilter","Bmp7"
"sct_prefilter","Rgs14"
"sct_prefilter","Greb1"
"sct_prefilter","Isy1"
"sct_prefilter","Ppp3ca"
"sct_prefilter","Tmem54"
"sct_prefilter","Irx5"
"sct_prefilter","Sod1"
"sct_prefilter","Pdk1"
"sct_prefilter","Pten"
"sct_prefilter","Timm10b"
"sct_prefilter","Wt1"
"sct_prefilter","Hnrnpf"
"sct_prefilter","Oasl2"
"sct_prefilter","Zfp640"
"sct_prefilter","Carnmt1"
"sct_prefilter","Ets1"
"sct_prefilter","Chd3"
"sct_prefilter","Trmt112"
"sct_prefilter","Adra2a"
"sct_prefilter","Ypel3"
"sct_prefilter","Amn"
"sct_prefilter","Ckap2"
"sct_prefilter","Ranbp1"
"sct_prefilter","Ndufb11"
"sct_prefilter","Trio"
"sct_prefilter","Luc7l"
"sct_prefilter","Capns1"
"sct_prefilter","Zfhx4"
"sct_prefilter","Card14"
"sct_prefilter","Hmgb1-ps9"
"sct_prefilter","Jmjd1c"
"sct_prefilter","Hmcn2"
"sct_prefilter","Ppp4r2"
"sct_prefilter","Eprs"
"sct_prefilter","Nufip2"
"sct_prefilter","Ube2l3"
"sct_prefilter","Dtymk"
"sct_prefilter","Ifi27l2a"
"sct_prefilter","Clta"
"sct_prefilter","En1"
"sct_prefilter","Raph1"
"sct_prefilter","Anxa2"
"sct_prefilter","Trappc6a"
"sct_prefilter","Cks1b"
"sct_prefilter","Serpinb9b"
"sct_prefilter","Chrd"
"sct_prefilter","Porcn"
"sct_prefilter","Sox6"
"sct_prefilter","Zbtb8os"
"sct_prefilter","Nenf"
"sct_prefilter","Chd4"
"sct_prefilter","Rsad2"
"sct_prefilter","Bace2"
"sct_prefilter","Glrx3"
"sct_prefilter","Rai14"
"sct_prefilter","Iqca"
"sct_prefilter","Dctpp1"
"sct_prefilter","Rap2b"
"sct_prefilter","Srrm4"
"sct_prefilter","Mcam"
"sct_prefilter","Fus"
"sct_prefilter","Ltbp4"
"sct_prefilter","Casp3"
"sct_prefilter","Ifi35"
"sct_prefilter","Rac2"
"sct_prefilter","Ube4b"
"sct_prefilter","H1f6"
"sct_prefilter","Col18a1"
"sct_prefilter","Zfy1"
"sct_prefilter","Dmgdh"
"sct_prefilter","Zfp36l3"
"sct_prefilter","Six1"
"sct_prefilter","Peg12"
"sct_prefilter","Dyrk4"
"sct_prefilter","Tspan1"
"sct_prefilter","Ascl1"
"sct_prefilter","Meis3"
"sct_prefilter","Vldlr"
"sct_prefilter","Hmcn1"
"sct_prefilter","Arhgdib"
"sct_prefilter","Casp8ap2"
"sct_prefilter","Slc25a36"
"sct_prefilter","Pcna"
"sct_prefilter","Dusp8"
"sct_prefilter","Anxa3"
"sct_prefilter","C330007P06Rik"
"sct_prefilter","Zic2"
"sct_prefilter","Ccnb2"
"sct_prefilter","Zfp973"
"sct_prefilter","Platr5"
"sct_prefilter","Kdm2b"
"sct_prefilter","Lrrc34"
"sct_prefilter","Kif1a"
"sct_prefilter","Ackr3"
"sct_prefilter","Cox17"
"sct_prefilter","Triml1"
"sct_prefilter","Pabpc4"
"sct_prefilter","Pphln1"
"sct_prefilter","Gjb5"
"sct_prefilter","Il17rd"
"sct_prefilter","Ltb4r1"
"sct_prefilter","Tcf12"
"sct_prefilter","Pfkl"
"sct_prefilter","Meioc"
"sct_prefilter","Dapk2"
"sct_prefilter","Tsen34"
"sct_prefilter","Ier5"
"sct_prefilter","Tead1"
"sct_prefilter","Epm2a"
"sct_prefilter","Ninj2"
"sct_prefilter","Ktn1"
"sct_prefilter","D230030E09Rik"
"sct_prefilter","Arhgap5"
"sct_prefilter","Rsl1d1"
"sct_prefilter","Rbm39"
"sct_prefilter","Ruvbl1"
"sct_prefilter","Scml2"
"sct_prefilter","Fem1b"
"sct_prefilter","Lama1"
"sct_prefilter","Srrm2"
"sct_prefilter","Rangrf"
"sct_prefilter","Bbx"
"sct_prefilter","Dph3"
"sct_prefilter","Luc7l2"
"sct_prefilter","Tgm2"
"sct_prefilter","Eif4g3"
"sct_prefilter","Gab1"
"sct_prefilter","Sptbn1"
"sct_prefilter","Fgfr1"
"sct_prefilter","Manba"
"sct_prefilter","Mcf2"
"sct_prefilter","Lhfp"
"sct_prefilter","Morf4l2"
"sct_prefilter","Syncrip"
"sct_prefilter","Sgo2a"
"sct_prefilter","Cdk4"
"sct_prefilter","Churc1"
"sct_prefilter","Eif3k"
"sct_prefilter","Phc2"
"sct_prefilter","Arid3a"
"sct_prefilter","Ajap1"
"sct_prefilter","Anp32b-ps1"
"sct_prefilter","Flrt2"
"sct_prefilter","Col1a1"
"sct_prefilter","Ifih1"
"sct_prefilter","Mmp9"
"sct_prefilter","Pou3f2"
"sct_prefilter","Itga6"
"sct_prefilter","Rftn1"
"sct_prefilter","Npl"
"sct_prefilter","Chd9"
"sct_prefilter","Sms"
"sct_prefilter","Cabp7"
"sct_prefilter","Prmt1"
"sct_prefilter","Zic5"
"sct_prefilter","Ddx18"
"sct_prefilter","Dancr"
"sct_prefilter","Mfge8"
"sct_prefilter","Tfrc"
"sct_prefilter","Itpka"
"sct_prefilter","Dpp4"
"sct_prefilter","Pecam1"
"sct_prefilter","Ddx5"
"sct_prefilter","Trnt1"
"sct_prefilter","Elf3"
"sct_prefilter","Mcc"
"sct_prefilter","Hnrnpul2"
"sct_prefilter","Phkg1"
"sct_prefilter","4930558C23Rik"
"sct_prefilter","Ccnf"
"sct_prefilter","Rarg"
"sct_prefilter","Arid3b"
"sct_prefilter","Klf6"
"sct_prefilter","Zfp326"
"sct_prefilter","Efna3"
"sct_prefilter","Platr14"
"sct_prefilter","Rbm25"
"sct_prefilter","Rec8"
"sct_prefilter","Arap2"
"sct_prefilter","Camta1"
"sct_prefilter","Wdr35"
"sct_prefilter","Idh2"
"sct_prefilter","Prox1"
"sct_prefilter","Kif20b"
"sct_prefilter","Hck"
"sct_prefilter","Tent5a"
"sct_prefilter","Cfl2"
"sct_prefilter","Eif1b"
"sct_prefilter","Rnase4"
"sct_prefilter","Ankrd11"
"sct_prefilter","Pebp1"
"sct_prefilter","Zfp516"
"sct_prefilter","Slc39a8"
"sct_prefilter","Arl14epl"
"sct_prefilter","Echdc2"
"sct_prefilter","Klhdc2"
"sct_prefilter","Tiparp"
"sct_prefilter","Ntn1"
"sct_prefilter","2410141K09Rik"
"sct_prefilter","Uqcrb"
"sct_prefilter","Plac8"
"sct_prefilter","Pid1"
"sct_prefilter","Prps1"
"sct_prefilter","Hnrnpdl"
"sct_prefilter","Epb41l4a"
"sct_prefilter","Tia1"
"sct_prefilter","Nxph4"
"sct_prefilter","Col2a1"
"sct_prefilter","Ankrd37"
"sct_prefilter","Eif3e"
"sct_prefilter","Stmn3"
"sct_prefilter","Rasgef1a"
"sct_prefilter","Colec12"
"sct_prefilter","Pax2"
"sct_prefilter","C1d"
"sct_prefilter","Epha2"
"sct_prefilter","Plat"
"sct_prefilter","Trim44"
"sct_prefilter","Bhlhe40"
"sct_prefilter","Nme5"
"sct_prefilter","Akr1b8"
"sct_prefilter","Tst"
"sct_prefilter","Npnt"
"sct_prefilter","Atp5c1"
"sct_prefilter","Trim12c"
"sct_prefilter","Npepps"
"sct_prefilter","Smarcad1"
"sct_prefilter","Ost4"
"sct_prefilter","Taf10"
"sct_prefilter","Adm"
"sct_prefilter","Scara3"
"sct_prefilter","Cpsf4l"
"sct_prefilter","Kdm3a"
"sct_prefilter","Mup6"
"sct_prefilter","Slfn5"
"sct_prefilter","Slc25a31"
"sct_prefilter","Ubxn1"
"sct_prefilter","Nectin4"
"sct_prefilter","Rflnb"
"sct_prefilter","Lin28a"
"sct_prefilter","Gbp7"
"sct_prefilter","Maged1"
"sct_prefilter","Foxp2"
"sct_prefilter","Nop58"
"sct_prefilter","Cd80"
"sct_prefilter","Flt4"
"sct_prefilter","En2"
"sct_prefilter","Cenpw"
"sct_prefilter","Magohb"
"sct_prefilter","Vcp-rs"
"sct_prefilter","Kcnn3"
"sct_prefilter","Rpa2"
"sct_prefilter","Htra1"
"sct_prefilter","Hey1"
"sct_prefilter","Sirt4"
"sct_prefilter","Hint1"
"sct_prefilter","Atp5j2"
"sct_prefilter","Tor3a"
"sct_prefilter","Apod"
"sct_prefilter","Pbx1"
"sct_prefilter","Rad50"
"sct_prefilter","Tnfrsf19"
"sct_prefilter","Dcaf12l1"
"sct_prefilter","Bcl11a"
"sct_prefilter","Smim10l2a"
"sct_prefilter","Ppp1r14a"
"sct_prefilter","Gpx3"
"sct_prefilter","Plekha4"
"sct_prefilter","Timm8a1"
"sct_prefilter","Ubap1l"
"sct_prefilter","Plekho1"
"sct_prefilter","Lamb1"
"sct_prefilter","Tap2"
"sct_prefilter","Sap30"
"sct_prefilter","Spta1"
"sct_prefilter","Zfp750"
"sct_prefilter","Dusp6"
"sct_prefilter","Mep1b"
"sct_prefilter","Castor1"
"sct_prefilter","Il10"
"sct_prefilter","Selenos"
"sct_prefilter","Sall1"
"sct_prefilter","Prps2"
"sct_prefilter","Atp2a2"
"sct_prefilter","Mtcl1"
"sct_prefilter","Camk2n1"
"sct_prefilter","Rab8b"
"sct_prefilter","Abcg3"
"sct_prefilter","Aurkb"
"sct_prefilter","Catsperz"
"sct_prefilter","Slc38a1"
"sct_prefilter","Jph4"
"sct_prefilter","Ech1"
"sct_prefilter","Edn3"
"sct_prefilter","Sla2"
"sct_prefilter","Cdca8"
"sct_prefilter","Enpp3"
"sct_prefilter","Pdcd4"
"sct_prefilter","Spaar"
"sct_prefilter","Gcm1"
"sct_prefilter","Degs1"
"sct_prefilter","Misp3"
"sct_prefilter","Vstm2b"
"sct_prefilter","Alox5"
"sct_prefilter","Bhmt2"
"sct_prefilter","Plaat3"
"sct_prefilter","Gprc5c"
"sct_prefilter","Myh10"
"sct_prefilter","Rbfox2"
"sct_prefilter","Lpar1"
"sct_prefilter","Olfr836"
"sct_prefilter","Amt"
"sct_prefilter","Hpcal4"
"sct_prefilter","Sord"
"sct_prefilter","Nxf2"
"sct_prefilter","Eif3c"
"sct_prefilter","Onecut2"
"sct_prefilter","Rbx1"
"sct_prefilter","Vamp8"
"sct_prefilter","Mef2b"
"sct_prefilter","Asnsd1"
"sct_prefilter","Gask1b"
"sct_prefilter","Hoxd8"
"sct_prefilter","Fam81a"
"sct_prefilter","Nfx1"
"sct_prefilter","Pla2g2e"
"sct_prefilter","Ddx23"
"sct_prefilter","Cdc25a"
"sct_prefilter","Sall4"
"sct_prefilter","Itgb2"
"sct_prefilter","Dlc1"
"sct_prefilter","Baz2b"
"sct_prefilter","Sptssa"
"sct_prefilter","Kif23"
"sct_prefilter","Ddx58"
"sct_prefilter","Dido1"
"sct_prefilter","Susd2"
"sct_prefilter","Ltb"
"sct_prefilter","B230206L02Rik"
"sct_prefilter","Plekhg1"
"sct_prefilter","C2cd4b"
"sct_prefilter","Pdlim1"
"sct_prefilter","Aspscr1"
"sct_prefilter","Dusp1"
"sct_prefilter","Syce2"
"sct_prefilter","Pcp4l1"
"sct_prefilter","Scx"
"sct_prefilter","Grhl3"
"sct_prefilter","Magel2"
"sct_prefilter","Ndufs3"
"sct_prefilter","Wnk1"
"sct_prefilter","Zfp773"
"sct_prefilter","Got1l1"
"sct_prefilter","Gstp3"
"sct_prefilter","Slc7a1"
"sct_prefilter","Epb41l2"
"sct_prefilter","Parp10"
"sct_prefilter","Ctxn1"
"sct_prefilter","Eps8l2"
"sct_prefilter","Mgmt"
"sct_prefilter","Acat2"
"sct_prefilter","Sec14l5"
"sct_prefilter","Lbhd1"
"sct_prefilter","Ncor1"
"sct_prefilter","Syce1"
"sct_prefilter","Cct5"
"sct_prefilter","Ndnf"
"sct_prefilter","Lsamp"
"sct_prefilter","Fthl17a"
"sct_prefilter","Zadh2"
"sct_prefilter","Spib"
"sct_prefilter","Fndc3c1"
"sct_prefilter","4930591A17Rik"
"sct_prefilter","Gpr182"
"sct_prefilter","Sesn2"
"sct_prefilter","Fam129a"
"sct_prefilter","Nptx2"
"sct_prefilter","Dnase2a"
"sct_prefilter","Dlgap1"
"sct_prefilter","Anapc15"
"sct_prefilter","Phyh"
"sct_prefilter","Fhad1"
"sct_prefilter","Lgals9"
"sct_prefilter","Efna1"
"sct_prefilter","Mrps34"
"sct_prefilter","Igfbp6"
"sct_prefilter","B430218F22Rik"
"sct_prefilter","Gtpbp4"
"sct_prefilter","Gna15"
"sct_prefilter","Pla2g4a"
"sct_prefilter","Per3"
"sct_prefilter","Tns4"
"sct_prefilter","Bzw1"
"sct_prefilter","Ly6k"
"sct_prefilter","Zfp931"
"sct_prefilter","Penk"
"sct_prefilter","Slc40a1"
"sct_prefilter","Srsf9"
"sct_prefilter","Helz"
"sct_prefilter","Ddx17"
"sct_prefilter","Pipox"
"sct_prefilter","Ngfr"
"sct_prefilter","Zmym1"
"sct_prefilter","Eif4g1"
"sct_prefilter","Calb1"
"sct_prefilter","Ldoc1"
"sct_prefilter","Arpc3"
"sct_prefilter","Rab20"
"sct_prefilter","Rbbp6"
"sct_prefilter","Tacstd2"
"sct_prefilter","Olfm1"
"sct_prefilter","Mrpl12"
"sct_prefilter","B430305J03Rik"
"sct_prefilter","Mvd"
"sct_prefilter","Zfp106"
"sct_prefilter","Ramp1"
"sct_prefilter","Hesx1"
"sct_prefilter","Auts2"
"sct_prefilter","Rbm24"
"sct_prefilter","D1Pas1"
"sct_prefilter","Park7"
"sct_prefilter","Gbp3"
"sct_prefilter","Lxn"
"sct_prefilter","Tek"
"sct_prefilter","2200002D01Rik"
"sct_prefilter","Fbp1"
"sct_prefilter","Klk1"
"sct_prefilter","Prkch"
"sct_prefilter","Platr26"
"sct_prefilter","Ercc5"
"sct_prefilter","Trim24"
"sct_prefilter","Uchl4"
"sct_prefilter","Sncg"
"sct_prefilter","Jdp2"
"sct_prefilter","Cnn1"
"sct_prefilter","Arc"
"sct_prefilter","Pnn"
"sct_prefilter","She"
"sct_prefilter","Snrpb"
"sct_prefilter","Pdcl2"
"sct_prefilter","Trim59"
"sct_prefilter","1700003F12Rik"
"sct_prefilter","Fhl2"
"sct_prefilter","Mif4gd"
"sct_prefilter","Ypel2"
"sct_prefilter","Itm2b"
"sct_prefilter","Pml"
"sct_prefilter","Tns3"
"sct_prefilter","Ripply2"
"sct_prefilter","Ctla2a"
"sct_prefilter","Igfbp5"
"sct_prefilter","Zscan4b"
"sct_prefilter","Etv2"
"sct_prefilter","D13Ertd608e"
"sct_prefilter","B020004J07Rik"
"sct_prefilter","Crabp1"
"sct_prefilter","Crxos"
"sct_prefilter","Zfp352"
"sct_prefilter","Mesp2"
"sct_prefilter","2210409E12Rik"
"sct_prefilter","Hoxb5os"
"sct_prefilter","Olfr815"
"sct_prefilter","Prrx2"
"sct_prefilter","A530040E14Rik"
"sct_prefilter","Olfr376"
"sct_prefilter","Cdx4"
"sct_prefilter","Pomc"
"sct_prefilter","Tpo"
"sct_prefilter","Vmn1r227"
"sct_prefilter","Apol7b"
"sct_prefilter","Trpm1"
"sct_prefilter","Tmem140"
"sct_prefilter","Spopfm1"
"sct_prefilter","Uncx"
"sct_prefilter","Shh"
"sct_prefilter","Tal1"
"sct_prefilter","Ncbp3"
"sct_prefilter","Pcdh19"
"sct_prefilter","Gpc3"
"sct_prefilter","Dlk1"
"sct_prefilter","Cpb2"
"sct_prefilter","Dmrt2"
"sct_prefilter","Vps35l"
"sct_prefilter","Igf1"
"sct_prefilter","Mndal"
"sct_prefilter","Khdc3"
"sct_prefilter","Hoxc8"
"sct_prefilter","Esp24"
"sct_prefilter","Krt23"
"sct_prefilter","Fgf18"
"sct_prefilter","Epha5"
"sct_prefilter","Pcp4"
"sct_prefilter","Myl3"
"sct_prefilter","Bhmt"
"sct_prefilter","1700003I16Rik"
"sct_prefilter","Igf2"
"sct_prefilter","Reg4"
"sct_prefilter","Hapln1"
"sct_prefilter","Cck"
"sct_prefilter","AA684185"
"sct_prefilter","Dpy30"
"sct_prefilter","Spz1"
"sct_prefilter","Tdpoz3"
"sct_prefilter","Lhx9"
"sct_prefilter","Dnah7c"
"sct_prefilter","Nr2f2"
"sct_prefilter","Crygs"
"sct_prefilter","Helt"
"sct_prefilter","Chp2"
"sct_prefilter","4933408N05Rik"
"sct_prefilter","Notch1"
"sct_prefilter","Fbn2"
"sct_prefilter","Gstm5"
"sct_prefilter","Hoxa9"
"sct_prefilter","Drr1"
"sct_prefilter","Defb25"
"sct_prefilter","Crct1"
"sct_prefilter","A930014E10Rik"
"sct_prefilter","Cdh5"
"sct_prefilter","Pilra"
"sct_prefilter","Clec10a"
"sct_prefilter","Olfr787"
"sct_prefilter","Stra8"
"sct_prefilter","Lfng"
"sct_prefilter","Twf2"
"sct_prefilter","A430089I19Rik"
"sct_prefilter","Vtn"
"sct_prefilter","Pth1r"
"sct_prefilter","Ihh"
"sct_prefilter","Ccser1"
"sct_prefilter","Dlx5"
"sct_prefilter","Ptprz1"
"sct_prefilter","Slc45a4"
"sct_prefilter","Cmtm7"
"sct_prefilter","Ncam1"
"sct_prefilter","Tet2"
"sct_prefilter","Lyl1"
"sct_prefilter","7420426K07Rik"
"sct_prefilter","Cpn1"
"sct_prefilter","Tmem185a"
"sct_prefilter","Optc"
"sct_prefilter","Myl7"
"sct_prefilter","Tnnt3"
"sct_prefilter","Osr1"
"sct_prefilter","Nfatc2ip"
"sct_prefilter","Gzmm"
"sct_prefilter","Lars2"
"sct_prefilter","Ahnak"
"sct_prefilter","Ebf3"
"sct_prefilter","Add3"
"sct_prefilter","Fli1"
"sct_prefilter","Lax1"
"sct_prefilter","Acot13"
"sct_prefilter","Fzd2"
"sct_prefilter","Phf11a"
"sct_prefilter","1110017D15Rik"
"sct_prefilter","Tex19.2"
"sct_prefilter","Hoxd1"
"sct_prefilter","Mme"
"sct_prefilter","Cobl"
"sct_prefilter","Meox2"
"sct_prefilter","Rnf213"
"sct_prefilter","Abcb5"
"sct_prefilter","Coch"
"sct_prefilter","Prss50"
"sct_prefilter","Mllt3"
"sct_prefilter","H4c4"
"sct_prefilter","Adh7"
"sct_prefilter","Smchd1"
"sct_prefilter","Csnk2a3"
"sct_prefilter","Lhx1os"
"sct_prefilter","Prss43"
"sct_prefilter","BC048679"
"sct_prefilter","Efnb2"
"sct_prefilter","Tcstv1"
"sct_prefilter","Klhl6"
"sct_prefilter","Kcne3"
"sct_prefilter","Nrp1"
"sct_prefilter","Klf17"
"sct_prefilter","Epb41l3"
"sct_prefilter","Pax1"
"sct_prefilter","Gss"
"sct_prefilter","Pdcd5-ps"
"sct_prefilter","Eif4a-ps4"
"sct_prefilter","Rnf7"
"sct_prefilter","Rgs12"
"sct_prefilter","Ccer2"
"sct_prefilter","Oxt"
"sct_prefilter","Hspa1b"
"sct_prefilter","Rab18"
"sct_prefilter","Naca"
"sct_prefilter","Fam136a"
"sct_prefilter","2610528A11Rik"
"sct_prefilter","Kat6b"
"sct_prefilter","Commd7"
"sct_prefilter","1110012L19Rik"
"sct_prefilter","Mras"
"sct_prefilter","Krt17"
"sct_prefilter","Pcolce2"
"sct_prefilter","Lrig3"
"sct_prefilter","Cldn11"
"sct_prefilter","Cox5b"
"sct_prefilter","Cox7a2l"
"sct_prefilter","Zfp986"
"sct_prefilter","Slc20a1"
"sct_prefilter","Egflam"
"sct_prefilter","Plagl1"
"sct_prefilter","Cxcl12"
"sct_prefilter","Smoc1"
"sct_prefilter","Gsn"
"sct_prefilter","Rasgrp3"
"sct_prefilter","Nt5e"
"sct_prefilter","Fbln1"
"sct_prefilter","Aox3"
"sct_prefilter","Cyp1a2"
"sct_prefilter","Icam2"
"sct_prefilter","Slc16a1"
"sct_prefilter","Tenm4"
"sct_prefilter","Apip"
"sct_prefilter","Fam183b"
"sct_prefilter","Dand5"
"sct_prefilter","Oxct1"
"sct_prefilter","Myf5"
"sct_prefilter","Rnd3"
"sct_prefilter","Hand2"
"sct_prefilter","Krt83"
"sct_prefilter","Irf1"
"sct_prefilter","C1ra"
"sct_prefilter","1500009L16Rik"
"sct_prefilter","Lap3"
"sct_prefilter","2610016A17Rik"
"sct_prefilter","Atp5j"
"sct_prefilter","Pde6a"
"sct_prefilter","Trim54"
"sct_prefilter","Hoxb6"
"sct_prefilter","Ndufa13"
"sct_prefilter","Nid1"
"sct_prefilter","Rtn1"
"sct_prefilter","St3gal6"
"sct_prefilter","Atp1a4"
"sct_prefilter","Txn2"
"sct_prefilter","Pifo"
"sct_prefilter","B4galt6"
"sct_prefilter","Palld"
"sct_prefilter","Kcnc1"
"sct_prefilter","Kcnk3"
"sct_prefilter","Hmces"
"sct_prefilter","BC061195"
"sct_prefilter","Nostrin"
"sct_prefilter","Tlx2"
"sct_prefilter","Cdh1"
"sct_prefilter","Trim28"
"sct_prefilter","Slc9a3r1"
"sct_prefilter","Fstl1"
"sct_prefilter","Oas1e"
"sct_prefilter","Hpgd"
"sct_prefilter","Trf"
"sct_prefilter","Qrfpr"
"sct_prefilter","Hax1"
"sct_prefilter","9030622O22Rik"
"sct_prefilter","Esam"
"sct_prefilter","Nts"
"sct_prefilter","Nacad"
"sct_prefilter","Tfpi"
"sct_prefilter","Ube2k"
"sct_prefilter","4930550L24Rik"
"sct_prefilter","Srsf2"
"sct_prefilter","Rhobtb3"
"sct_prefilter","Vegfc"
"sct_prefilter","Tbc1d12"
"sct_prefilter","Prss23"
"sct_prefilter","Tg"
"sct_prefilter","Tubb4b-ps1"
"sct_prefilter","Serbp1"
"sct_prefilter","Dqx1"
"sct_prefilter","Ptgr1"
"sct_prefilter","Tbx18"
"sct_prefilter","Msc"
"sct_prefilter","Sh3gl3"
"sct_prefilter","Taf7"
"sct_prefilter","Krt12"
"sct_prefilter","Usp9y"
"sct_prefilter","Reep5"
"sct_prefilter","Zfhx2"
"sct_prefilter","Slc25a20"
"sct_prefilter","Prdx4"
"sct_prefilter","Ddx39b"
"sct_prefilter","Dbn1"
"sct_prefilter","Chrm3"
"sct_prefilter","Rgs8"
"sct_prefilter","Nkx3-1"
"sct_prefilter","Dhrs2"
"sct_prefilter","Lmcd1"
"sct_prefilter","E030024N20Rik"
"sct_prefilter","Ecscr"
"sct_prefilter","Tff3"
"sct_prefilter","Crygb"
"sct_prefilter","Tgm1"
"sct_prefilter","AU015836"
"sct_prefilter","Ndufa6"
"sct_prefilter","Phpt1"
"sct_prefilter","Foxd2"
"sct_prefilter","Rpp25"
"sct_prefilter","Pcsk5"
"sct_prefilter","Pappa"
"sct_prefilter","Col23a1"
"sct_prefilter","Dlx6"
"sct_prefilter","Tspan3"
"sct_prefilter","Doc2a"
"sct_prefilter","Car3"
"sct_prefilter","Capn6"
"sct_prefilter","Cyb5b"
"sct_prefilter","Sars"
"sct_prefilter","Selenow"
"sct_prefilter","Shmt2"
"sct_prefilter","Smap1"
"sct_prefilter","Sec61b"
"sct_prefilter","Fah"
"sct_prefilter","Col3a1"
"sct_prefilter","Rbmx"
"sct_prefilter","Crot"
"sct_prefilter","4931440P22Rik"
"sct_prefilter","Ppig"
"sct_prefilter","Tpd52"
"sct_prefilter","6330410L21Rik"
"sct_prefilter","Pla1a"
"sct_prefilter","Emx2"
"sct_prefilter","Tbx1"
"sct_prefilter","G3bp1"
"sct_prefilter","Cd55"
"sct_prefilter","2900052N01Rik"
"sct_prefilter","Ffar2"
"sct_prefilter","6330403L08Rik"
"sct_prefilter","Igfbpl1"
"sct_prefilter","Col14a1"
"sct_prefilter","Dpp7"
"sct_prefilter","Nkd2"
"sct_prefilter","Bdh1"
"sct_prefilter","Alx1"
"sct_prefilter","Oas1a"
"sct_prefilter","Ppih"
"sct_prefilter","Strbp"
"sct_prefilter","Usp50"
"sct_prefilter","Ppid"
"sct_prefilter","Ripply1"
"sct_prefilter","Col26a1"
"sct_prefilter","4933402E13Rik"
"sct_prefilter","Krtdap"
"sct_prefilter","Scn1b"
"sct_prefilter","Prorp"
"sct_prefilter","Uqcr11"
"sct_prefilter","Vwf"
"sct_prefilter","Ndufb4"
"sct_prefilter","Ablim1"
"sct_prefilter","Ddx21"
"sct_prefilter","Terf1"
"sct_prefilter","2810025M15Rik"
"sct_prefilter","Smyd2"
"sct_prefilter","Kdelr3"
"sct_prefilter","Nkx2-5"
"sct_prefilter","Psmd7"
"sct_prefilter","Prox1os"
"sct_prefilter","Dis3l"
"sct_prefilter","Grem1"
"sct_prefilter","Rtkn"
"sct_prefilter","Dach1"
"sct_prefilter","Sema6d"
"sct_prefilter","Ly75"
"sct_prefilter","Rhbg"
"sct_prefilter","Serpinb1a"
"sct_prefilter","H4c8"
"sct_prefilter","Caprin1"
"sct_prefilter","Serpinb6c"
"sct_prefilter","Ak4"
"sct_prefilter","Spred1"
"sct_prefilter","Fgf9"
"sct_prefilter","BC051019"
"sct_prefilter","Mgst1"
"sct_prefilter","Rtl1"
"sct_prefilter","Rimklb"
"sct_prefilter","Has2"
"sct_prefilter","Ppp1cc"
"sct_prefilter","Pou6f2"
"sct_prefilter","Ankmy1"
"sct_prefilter","Fam169a"
"sct_prefilter","Nfia"
"sct_prefilter","Frem1"
"sct_prefilter","Acp6"
"sct_prefilter","Cxxc5"
"sct_prefilter","Adssl1"
"sct_prefilter","Ntm"
"sct_prefilter","Srrt"
"sct_prefilter","Cpa1"
"sct_prefilter","Trp53"
"sct_prefilter","Wnt9a"
"sct_prefilter","Ermn"
"sct_prefilter","Rfc5"
"sct_prefilter","Tfdp2"
"sct_prefilter","Hipk2"
"sct_prefilter","Gja1"
"sct_prefilter","Hmgb1-rs17"
"sct_prefilter","Hook1"
"sct_prefilter","Cdo1"
"sct_prefilter","Lix1"
"sct_prefilter","Ddx39"
"sct_prefilter","Ankrd2"
"sct_prefilter","Enox1"
"sct_prefilter","Timp3"
"sct_prefilter","Meis1"
"sct_prefilter","Atp6v0d1"
"sct_prefilter","Sox7"
"sct_prefilter","Bmyc"
"sct_prefilter","Arf4"
"sct_prefilter","Scn9a"
"sct_prefilter","Pcolce"
"sct_prefilter","Tmx2"
"sct_prefilter","Morf4l1-ps1"
"sct_prefilter","Srxn1"
"sct_prefilter","Appl1"
"sct_prefilter","Pafah1b3"
"sct_prefilter","Eno2"
"sct_prefilter","Wfdc3"
"sct_prefilter","Ier3ip1"
"sct_prefilter","Cd274"
"sct_prefilter","Sim1"
"sct_prefilter","Pcbd1"
"sct_prefilter","Serping1"
"sct_prefilter","Lgalsl"
"sct_prefilter","Bmp4"
"sct_prefilter","Mindy1"
"sct_prefilter","Sh3bgr"
"sct_prefilter","Krcc1"
"sct_prefilter","Accsl"
"sct_prefilter","Dnajc19"
"sct_prefilter","Zbtb42"
"sct_prefilter","Eif4b"
"sct_prefilter","Cyp1a1"
"sct_prefilter","Rsrp1"
"sct_prefilter","2810004N23Rik"
"sct_prefilter","R3hdml"
"sct_prefilter","Areg"
"sct_prefilter","Bfsp1"
"sct_prefilter","Nudt11"
"sct_prefilter","Pgam2"
"sct_prefilter","Msl1"
"sct_prefilter","Galk1"
"sct_prefilter","Dscam"
"sct_prefilter","Tmprss6"
"sct_prefilter","Fkbp4"
"sct_prefilter","Spink4"
"sct_prefilter","Twist2"
"sct_prefilter","Kcnk16"
"sct_prefilter","Sprr2e"
"sct_prefilter","Halr1"
"sct_prefilter","Esd"
"sct_prefilter","Rgs16"
"sct_prefilter","Piezo2"
"sct_prefilter","Polr1d"
"sct_prefilter","Mfap4"
"sct_prefilter","Arl4c"
"sct_prefilter","Car14"
"sct_prefilter","Gclc"
"sct_prefilter","Cox7b"
"sct_prefilter","Fam89a"
"sct_prefilter","Lmo4"
"sct_prefilter","Eno3"
"sct_prefilter","Snhg15"
"sct_prefilter","Il6ra"
"sct_prefilter","Tcea1"
"sct_prefilter","Btf3l4"
"sct_prefilter","Hap1"
"sct_prefilter","Acer2"
"sct_prefilter","Grn"
"sct_prefilter","Atp6v1c2"
"sct_prefilter","Rnaset2a"
"sct_prefilter","Tkt"
"sct_prefilter","Sh2d3c"
"sct_prefilter","Twistnb"
"sct_prefilter","Runx1"
"sct_prefilter","Tlx1"
"sct_prefilter","Fam3c"
"sct_prefilter","Col1a2"
"sct_prefilter","Cpe"
"sct_prefilter","Tnnt1"
"sct_prefilter","Gpn1"
"sct_prefilter","Lbx1"
"sct_prefilter","Cnr1"
"sct_prefilter","Ighm"
"sct_prefilter","Cadm1"
"sct_prefilter","Ramac"
"sct_prefilter","Serpinf1"
"sct_prefilter","Mcm3ap"
"sct_prefilter","Rangap1"
"sct_prefilter","Rasl11a"
"sct_prefilter","Tubb6"
"sct_prefilter","Plin3"
"sct_prefilter","Shisal2a"
"sct_prefilter","Zfand6"
"sct_prefilter","Erg"
"sct_prefilter","Cyp2c23"
"sct_prefilter","Tpm2"
"sct_prefilter","Csrnp3"
"sct_prefilter","Adk"
"sct_prefilter","Btbd1"
"sct_prefilter","Akap9"
"sct_prefilter","Tmem132c"
"sct_prefilter","Vdac3"
"sct_prefilter","Nudt4"
"sct_prefilter","Klf3"
"sct_prefilter","Svop"
"sct_prefilter","Zfp422"
"sct_prefilter","Shisa2"
"sct_prefilter","Slco5a1"
"sct_prefilter","Vamp5"
"sct_prefilter","Cystm1"
"sct_prefilter","Lpar6"
"sct_prefilter","Mrps36"
"sct_prefilter","Ppp1r2"
"sct_prefilter","Gas6"
"sct_prefilter","Pdk4"
"sct_prefilter","Acsl4"
"sct_prefilter","Prdx2-ps1"
"sct_prefilter","AC241534.1"
"sct_prefilter","Gpr143"
"sct_prefilter","Pkp2"
"sct_prefilter","1810009A15Rik"
"sct_prefilter","Prss22"
"sct_prefilter","Atp5md"
"sct_prefilter","Neu1"
"sct_prefilter","Nrtn"
"sct_prefilter","Kat2b-ps"
"sct_prefilter","Hspb8"
"sct_prefilter","Peli3"
"sct_prefilter","Zbtb16"
"sct_prefilter","P4hb"
"sct_prefilter","Fuca2"
"sct_prefilter","Ubc"
"sct_prefilter","Adcy8"
"sct_prefilter","Camk2d"
"sct_prefilter","Wdr27"
"sct_prefilter","Ubr7"
"sct_prefilter","Cacna2d2"
"sct_prefilter","Usp3"
"sct_prefilter","Cfap206"
"sct_prefilter","Crb3"
"sct_prefilter","D030025P21Rik"
"sct_prefilter","Sema7a"
"sct_prefilter","Crybg1"
"sct_prefilter","Ube2v2"
"sct_prefilter","Rtn4"
"sct_prefilter","Atp5g3"
"sct_prefilter","Utp14b"
"sct_prefilter","Xbp1"
"sct_prefilter","Sept4"
"sct_prefilter","Tgfbi"
"sct_prefilter","Spint2"
"sct_prefilter","Grina"
"sct_prefilter","Nxn"
"sct_prefilter","Ddr2"
"sct_prefilter","A230020J21Rik"
"sct_prefilter","AC124742.1"
"sct_prefilter","Adra2b"
"sct_prefilter","Etv4"
"sct_prefilter","Igll1"
"sct_prefilter","D830044D21Rik"
"sct_prefilter","Eif3j1"
"sct_prefilter","5033404E19Rik"
"sct_prefilter","Gapdh-ps14"
"sct_prefilter","D830025C05Rik"
"sct_prefilter","Slc5a9"
"sct_prefilter","Ei24"
"sct_prefilter","Hoxaas2"
"sct_prefilter","Nup62cl"
"sct_prefilter","Gatad1"
"sct_prefilter","Mycl"
"sct_prefilter","Ankdd1b"
"sct_prefilter","Wnk4"
"sct_prefilter","Bcl3"
"sct_prefilter","Nrg1"
"sct_prefilter","Tmem88b"
"sct_prefilter","Pax8"
"sct_prefilter","Srrm4os"
"sct_prefilter","Tcf21"
"sct_prefilter","Egfl7"
"sct_prefilter","Trabd2b"
"sct_prefilter","Ppp2r2a"
"sct_prefilter","Scarf2"
"sct_prefilter","Nin"
"sct_prefilter","Stc1"
"sct_prefilter","A830035O19Rik"
"sct_prefilter","Gabrb1"
"sct_prefilter","Cntnap2"
"sct_prefilter","Thoc6"
"sct_prefilter","Fxyd2"
"sct_prefilter","Tmem51os1"
"sct_prefilter","Ptp4a2"
"sct_prefilter","Sost"
"sct_prefilter","Eva1c"
"sct_prefilter","Mex3a"
"sct_prefilter","Zfp365"
"sct_prefilter","Nipal4"
"sct_prefilter","Dnttip2"
"sct_prefilter","Ppp1r14d"
"sct_prefilter","P4ha1"
"sct_prefilter","Ttyh1"
"sct_prefilter","Atoh8"
"sct_prefilter","Scg5"
"sct_prefilter","Snrpc"
"sct_prefilter","Pdlim3"
"sct_prefilter","Cldn3"
"sct_prefilter","Cfap53"
"sct_prefilter","Gdpd1"
"sct_prefilter","Slc22a2"
"sct_prefilter","Lcp1"
"sct_prefilter","Card6"
"sct_prefilter","Gkap1"
"sct_prefilter","Lhfpl2"
"sct_prefilter","B130046B21Rik"
"sct_prefilter","Gsta3"
"sct_prefilter","Baz1a"
"sct_prefilter","Arsi"
"sct_prefilter","Ntng1"
"sct_prefilter","Timm23"
"sct_prefilter","Skap1"
"sct_prefilter","Ttc25"
"sct_prefilter","Vwc2"
"sct_prefilter","4932412D23Rik"
"sct_prefilter","Syp"
"sct_prefilter","Ppp2r2d"
"sct_prefilter","Exoc3l4"
"sct_prefilter","Cd2ap"
"sct_prefilter","Hcn4"
"sct_prefilter","Pdzrn3"
"sct_prefilter","Cenpx"
"sct_prefilter","Fblim1"
"sct_prefilter","Prdm13"
"sct_prefilter","Rcn2"
"sct_prefilter","Mansc4"
"sct_prefilter","Usf1"
"sct_prefilter","Pdx1"
"sct_prefilter","Pbdc1"
"sct_prefilter","1810049J17Rik"
"sct_prefilter","Acadl"
"sct_prefilter","Srpr"
"sct_prefilter","Hoxb5"
"sct_prefilter","Lbx2"
"sct_prefilter","Fbxl14"
"sct_prefilter","Ppp1r12a"
"sct_prefilter","1700055D18Rik"
"sct_prefilter","Cnbd2"
"sct_prefilter","Rcbtb2"
"sct_prefilter","Ttc14"
"sct_prefilter","Rgs4"
"sct_prefilter","Trim13"
"sct_prefilter","Eef1g"
"sct_prefilter","Sema3a"
"sct_prefilter","Tomm22"
"sct_prefilter","Ttc6"
"sct_prefilter","Nphs2"
"sct_prefilter","Wnt7b"
"sct_prefilter","Cldn9"
"sct_prefilter","Smarca5"
"sct_prefilter","Gda"
"sct_prefilter","Mettl9"
"sct_prefilter","Psmb1"
"sct_prefilter","Ankrd22"
"sct_prefilter","Rspo1"
"sct_prefilter","C130073F10Rik"
"sct_prefilter","Eva1b"
"sct_prefilter","Tnfaip6"
"sct_prefilter","Cd2"
"sct_prefilter","Mpp6"
"sct_prefilter","Popdc3"
"sct_prefilter","Kcna2"
"sct_prefilter","Ier3"
"sct_prefilter","Ovgp1"
"sct_prefilter","Prdm1"
"sct_prefilter","Smpdl3b"
"sct_prefilter","Rtn4r"
"sct_prefilter","6330411D24Rik"
"sct_prefilter","Tubb2a"
"sct_prefilter","Bmp3"
"sct_prefilter","Pimreg"
"sct_prefilter","Osbpl5"
"sct_prefilter","Adamts5"
"sct_prefilter","Mcidas"
"sct_prefilter","Ptprt"
"sct_prefilter","Tnnt2"
"sct_prefilter","Polr2k"
"sct_prefilter","Suz12"
"sct_prefilter","Gars"
"sct_prefilter","Trim9"
"sct_prefilter","Ftdc"
"sct_prefilter","Dpep3"
"sct_prefilter","Heph"
"sct_prefilter","Zp3"
"sct_prefilter","Frk"
"sct_prefilter","Avpr1a"
"sct_prefilter","Trmt112-ps2"
"sct_prefilter","Cxcl17"
"sct_prefilter","Gna14"
"sct_prefilter","Arhgap28"
"sct_prefilter","Slc7a9"
"sct_prefilter","4930432E11Rik"
"sct_prefilter","Tram1"
"sct_prefilter","Hectd1"
"sct_prefilter","Ak7"
"sct_prefilter","Nrcam"
"sct_prefilter","Pkd1l1"
"sct_prefilter","Rp9"
"sct_prefilter","Mcm10"
"sct_prefilter","Uba2"
"sct_prefilter","Wtap"
"sct_prefilter","1700019D03Rik"
"sct_prefilter","B4galnt2"
"sct_prefilter","5033430I15Rik"
"sct_prefilter","1810058I24Rik"
"sct_prefilter","Bhlhe22"
"sct_prefilter","Cpt1a"
"sct_prefilter","Eif2b5"
"sct_prefilter","Olfr1459"
"sct_prefilter","Rnf8"
"sct_prefilter","Glul"
"sct_prefilter","Stx3"
"sct_prefilter","Cemip2"
"sct_prefilter","Clic6"
"sct_prefilter","Cd34"
"sct_prefilter","Fzd5"
"sct_prefilter","Pgrmc1"
"sct_prefilter","Myocd"
"sct_prefilter","Krtcap2"
"sct_prefilter","Tph1"
"sct_prefilter","Zfp862-ps"
"sct_prefilter","Rab44"
"sct_prefilter","4930413G21Rik"
"sct_prefilter","Arhgap24"
"sct_prefilter","Plcd1"
"sct_prefilter","Zmynd10"
"sct_prefilter","Adamts8"
"sct_prefilter","Tead2"
"sct_prefilter","Tomm7"
"sct_prefilter","Umps"
"sct_prefilter","Ptges"
"sct_prefilter","Wasf1"
"sct_prefilter","Kcnh5"
"sct_prefilter","Trp53cor1"
"sct_prefilter","Icam1"
"sct_prefilter","Scn2b"
"sct_prefilter","Il15ra"
"sct_prefilter","Sox15"
"sct_prefilter","Mylip"
"sct_prefilter","Fzd8"
"sct_prefilter","2310003N18Rik"
"sct_prefilter","AI662270"
"sct_prefilter","Kbtbd11"
"sct_prefilter","Vat1"
"sct_prefilter","Lamc1"
"sct_prefilter","A930003A15Rik"
"sct_prefilter","Col6a4"
"sct_prefilter","Hspa12b"
"sct_prefilter","Mef2c"
"sct_prefilter","Nip7"
"sct_prefilter","Slit1"
"sct_prefilter","Aldh3a1"
"sct_prefilter","Pard3b"
"sct_prefilter","Atp2b2"
"sct_prefilter","Dnah7b"
"sct_prefilter","4933406P04Rik"
"sct_prefilter","Gnal"
"sct_prefilter","Rdh10"
"sct_prefilter","Pop7"
"sct_prefilter","Fads2"
"sct_prefilter","Atp6v0c-ps2"
"sct_prefilter","Kiss1r"
"sct_prefilter","Wnt2"
"sct_prefilter","Sdf2l1"
"sct_prefilter","Nav3"
"sct_prefilter","Sdhaf4"
"sct_prefilter","D930007J09Rik"
"sct_prefilter","Tmem106a"
"sct_prefilter","Tmem256"
"sct_prefilter","1700105P06Rik"
"sct_prefilter","Tcn2"
"sct_prefilter","Gtf2i"
"sct_prefilter","Amer2"
"sct_prefilter","Srp54a"
"sct_prefilter","1700003E24Rik"
"sct_prefilter","Pgc"
"sct_prefilter","Selenov"
"sct_prefilter","Cybrd1"
"sct_prefilter","Gzmk"
"sct_prefilter","AI661453"
"sct_prefilter","Ppl"
"sct_prefilter","Platr31"
"sct_prefilter","Timp2"
"sct_prefilter","Dcstamp"
"sct_prefilter","Shpk"
"sct_prefilter","Sh3bgrl"
"sct_prefilter","Riiad1"
"sct_prefilter","Ndufb2"
"sct_prefilter","Adrm1"
"sct_prefilter","Rhox2a"
"sct_prefilter","Efna5"
"sct_prefilter","Prss35"
"sct_prefilter","AB041806"
"sct_prefilter","Anxa11"
"sct_prefilter","Nkain4"
"sct_prefilter","5330439K02Rik"
"sct_prefilter","Zeb2"
"sct_prefilter","Zbtb20"
"sct_prefilter","Fundc2"
"sct_prefilter","Lipc"
"sct_prefilter","Vwa1"
"sct_prefilter","C630004M23Rik"
"sct_prefilter","Adrb3"
"sct_prefilter","Lgr6"
"sct_prefilter","Rgcc"
"sct_prefilter","Llgl2"
"sct_prefilter","Npm3-ps1"
"sct_prefilter","Rab27b"
"sct_prefilter","Pdzk1ip1"
"sct_prefilter","Taf7l2"
"sct_prefilter","Adrb2"
"sct_prefilter","Tuba3b"
"sct_prefilter","Eif1ax"
"sct_prefilter","Rdh1"
"sct_prefilter","C130026I21Rik"
"sct_prefilter","Pik3r5"
"sct_prefilter","Mmp25"
"sct_prefilter","Creld2"
"sct_prefilter","Rasip1"
"sct_prefilter","Aspm"
"sct_prefilter","AV356131"
"sct_prefilter","Mga"
"sct_prefilter","Msh2"
"sct_prefilter","Cd40"
"sct_prefilter","Atf2"
"sct_prefilter","Ptprd"
"sct_prefilter","Loxl2"
"sct_prefilter","C330004P14Rik"
"sct_prefilter","Notch2"
"sct_prefilter","Ak8"
"sct_prefilter","Grtp1"
"sct_prefilter","Ahsa2"
"sct_prefilter","Arhgef5"
"sct_prefilter","Efcab8"
"sct_prefilter","Myc"
"sct_prefilter","Apbb1ip"
"sct_prefilter","Tcf7l1"
"sct_prefilter","Usp17ld"
"sct_prefilter","4930423D22Rik"
"sct_prefilter","Timm8a2"
"sct_prefilter","Myom2"
"sct_prefilter","Ppdpf"
"sct_prefilter","Hoxd4"
"sct_prefilter","Lmx1b"
"sct_prefilter","Acsbg3"
"sct_prefilter","Coq2"
"sct_prefilter","Arhgap36"
"sct_prefilter","Usp18"
"sct_prefilter","Agpat3"
"sct_prefilter","Cbx5"
"sct_prefilter","Adamts1"
"sct_prefilter","4731419I09Rik"
"sct_prefilter","A330084C13Rik"
"sct_prefilter","Capn2"
"sct_prefilter","Spdya"
"sct_prefilter","9330121J05Rik"
"sct_prefilter","Ccnb1ip1"
"sct_prefilter","Arpc4"
"sct_prefilter","Bcam"
"sct_prefilter","Huwe1"
"sct_prefilter","Pgd"
"sct_prefilter","Dcaf4"
"sct_prefilter","Scube3"
"sct_prefilter","Cpeb2"
"sct_prefilter","Neb"
"sct_prefilter","Yipf5"
"sct_prefilter","A4galt"
"sct_prefilter","Ccdc78"
"sct_prefilter","Slc4a3"
"sct_prefilter","Dcbld1"
"sct_prefilter","Tmem82"
"sct_prefilter","Pcbp1"
"sct_prefilter","Sulf1"
"sct_prefilter","Fgf10"
"sct_prefilter","Arih2"
"sct_prefilter","Hnf1b"
"sct_prefilter","1810062O18Rik"
"sct_prefilter","Cd14"
"sct_prefilter","Atxn10"
"sct_prefilter","Optn"
"sct_prefilter","Tsc22d1"
"sct_prefilter","Gpbp1"
"sct_prefilter","Mmp15"
"sct_prefilter","Rn7sk"
"sct_prefilter","Slc4a5"
"sct_prefilter","Tie1"
"sct_prefilter","Mmp16"
"sct_prefilter","Cops7a"
"sct_prefilter","H4c1"
"sct_prefilter","Mfsd1"
"sct_prefilter","Ccna1"
"sct_prefilter","Msi2"
"sct_prefilter","Sf3b4"
"sct_prefilter","Cndp2"
"sct_prefilter","Snai3"
"sct_prefilter","Cnksr2"
"sct_prefilter","Tgfbr3"
"sct_prefilter","Fbxo32"
"sct_prefilter","Dap"
"sct_prefilter","4933405L10Rik"
"sct_prefilter","Tacr3"
"sct_prefilter","Apoa2"
"sct_prefilter","Cpxm2"
"sct_prefilter","Serf1"
"sct_prefilter","Zfp51"
"sct_prefilter","5430416N02Rik"
"sct_prefilter","Slc4a4"
"sct_prefilter","Hnrnpr"
"sct_prefilter","Stmn4"
"sct_prefilter","Aars"
"sct_prefilter","Aldh1b1"
"sct_prefilter","Ccdc149"
"sct_prefilter","Fn3k"
"sct_prefilter","Dgkg"
"sct_prefilter","Vegfa"
"sct_prefilter","Atoh1"
"sct_prefilter","Rhob"
"sct_prefilter","Ccdc9b"
"sct_prefilter","Hoxd3"
"sct_prefilter","Whamm"
"sct_prefilter","Arhgap27os1"
"sct_prefilter","Xaf1"
"sct_prefilter","Atp5d"
"sct_prefilter","Sesn3"
"sct_prefilter","Mvp"
"sct_prefilter","Sdhaf3"
"sct_prefilter","Fam186b"
"sct_prefilter","Barx1"
"sct_prefilter","Rsrc1"
"sct_prefilter","AI506816"
"sct_prefilter","Aspa"
"sct_prefilter","Cmtm3"
"sct_prefilter","Lrp2"
"sct_prefilter","Trim36"
"sct_prefilter","Epsti1"
"sct_prefilter","Snhg8"
"sct_prefilter","Ppic"
"sct_prefilter","Eif1-ps2"
"sct_prefilter","Snai2"
"sct_prefilter","Micu1"
"sct_prefilter","B3gat2"
"sct_prefilter","Nrep"
"sct_prefilter","Rasd1"
"sct_prefilter","Tmem151b"
"sct_prefilter","Ehf"
"sct_prefilter","Ppil6"
"sct_prefilter","Slc1a1"
"sct_prefilter","Atp5e"
"sct_prefilter","Elf5"
"sct_prefilter","Morc4"
"sct_prefilter","Apol9b"
"sct_prefilter","Nfib"
"sct_prefilter","Cct4"
"sct_prefilter","Ddah1"
"sct_prefilter","Rab11fip5"
"sct_prefilter","D5Ertd605e"
"sct_prefilter","Vps36"
"sct_prefilter","Cfap70"
"sct_prefilter","Timp1"
"sct_prefilter","Mrpl17"
"sct_prefilter","Ascl4"
"sct_prefilter","Rdx"
"sct_prefilter","Comp"
"sct_prefilter","Eya4"
"sct_prefilter","D630033A02Rik"
"sct_prefilter","Chchd7"
"sct_prefilter","4930405N21Rik"
"sct_prefilter","Opn3"
"sct_prefilter","Sun3"
"sct_prefilter","Dpysl5"
"sct_prefilter","Leng9"
"sct_prefilter","Rasl2-9"
"sct_prefilter","Acot9"
"sct_prefilter","Sema6a"
"sct_prefilter","Smkr-ps"
"sct_prefilter","Lypd2"
"sct_prefilter","Nsa2-ps1"
"sct_prefilter","Sostdc1"
"sct_prefilter","Car8"
"sct_prefilter","Ahsa1"
"sct_prefilter","1700096K18Rik"
"sct_prefilter","Gata3"
"sct_prefilter","Abca1"
"sct_prefilter","Ltbp2"
"sct_prefilter","Tbca"
"sct_prefilter","AU040972"
"sct_prefilter","Mst1"
"sct_prefilter","Olfr920"
"sct_prefilter","Ttc30b"
"sct_prefilter","Afap1"
"sct_prefilter","Aqp6"
"sct_prefilter","Mmd"
"sct_prefilter","Maf"
"sct_prefilter","Rinl"
"sct_prefilter","Cdk5rap2"
"sct_prefilter","Plpp4"
"sct_prefilter","Gata4"
"sct_prefilter","Cep112"
"sct_prefilter","Col16a1"
"sct_prefilter","Paqr6"
"sct_prefilter","Kif27"
"sct_prefilter","F11r"
"sct_prefilter","Flrt3"
"sct_prefilter","Ryr3"
"sct_prefilter","Tmprss11d"
"sct_prefilter","Ceacam20"
"sct_prefilter","Ppa1"
"sct_prefilter","Platr7"
"sct_prefilter","Obox6"
"sct_prefilter","Aplp1"
"sct_prefilter","Exoc6b"
"sct_prefilter","Hrk"
"sct_prefilter","Tshz2"
"sct_prefilter","Dnah2os"
"sct_prefilter","Ism1"
"sct_prefilter","Chit1"
"sct_prefilter","Ablim3"
"sct_prefilter","Card11"
"sct_prefilter","Ramp2"
"sct_prefilter","Chaf1a"
"sct_prefilter","Palm3"
"sct_prefilter","Col6a1"
"sct_prefilter","Ranbp3"
"sct_prefilter","Txnl4a"
"sct_prefilter","Ets2"
"sct_prefilter","Commd10"
"sct_prefilter","Cyct"
"sct_prefilter","AI504432"
"sct_prefilter","Slc16a9"
"sct_prefilter","Sowahd"
"sct_prefilter","Akr1c13"
"sct_prefilter","Brd2"
"sct_prefilter","Tbc1d16"
"sct_prefilter","Il34"
"sct_prefilter","Ubap2l"
"sct_prefilter","Fam43b"
"sct_prefilter","Zbtb44"
"sct_prefilter","Agrp"
"sct_prefilter","Rai2"
"sct_prefilter","Slc44a4"
"sct_prefilter","Smim41"
"sct_prefilter","Slc25a33"
"sct_prefilter","Robo2"
"sct_prefilter","Tcp11x2"
"sct_prefilter","Golgb1"
"sct_prefilter","Plch1"
"sct_prefilter","Robo4"
"sct_prefilter","Tigar"
"sct_prefilter","Gdpd5"
"sct_prefilter","Adcy6"
"sct_prefilter","Nptx1"
"sct_prefilter","Lpar3"
"sct_prefilter","Pros1"
"sct_prefilter","Bcat2"
"sct_prefilter","Dnah1"
"sct_prefilter","Aff1"
"sct_prefilter","Apoa1"
"sct_prefilter","Best2"
"sct_prefilter","Clps"
"sct_prefilter","Pycrl"
"sct_prefilter","Vax2"
"sct_prefilter","B3galt2"
"sct_prefilter","Dync1li1"
"sct_prefilter","4930465K10Rik"
"sct_prefilter","Mir205hg"
"sct_prefilter","Sh3glb1"
"sct_prefilter","Tcfl5"
"sct_prefilter","Ptov1"
"sct_prefilter","Serp1"
"sct_prefilter","Adgre5"
"sct_prefilter","F5"
"sct_prefilter","Bola2"
"sct_prefilter","Amdhd2"
"sct_prefilter","Aoc1"
"sct_prefilter","Ildr1"
"sct_prefilter","Dek"
"sct_prefilter","Tmem208"
"sct_prefilter","G2e3"
"sct_prefilter","Gria3"
"sct_prefilter","Slitrk4"
"sct_prefilter","Bclaf3"
"sct_prefilter","Cox4i2"
"sct_prefilter","Gdi2"
"sct_prefilter","Cort"
"sct_prefilter","Ptpn14"
"sct_prefilter","Cd109"
"sct_prefilter","Pbx2"
"sct_prefilter","Bola3"
"sct_prefilter","Dscaml1"
"sct_prefilter","Atp13a4"
"markers","Eomes"
"markers","Gata6"
"markers","Mesp1"
"markers","Nkx2-5"
"markers","Sox17"
"markers","Cdx2"
"markers","Etv2"
"markers","Kdr"
"markers","Myf5"
"markers","Myod1"
"markers","Aldh1a2"
"markers","T"
"markers","Tbx6"
"markers","Pax6"
"markers","Sox1"
"markers","Sox2"
"markers","Tfap2a"
"markers","Hes7"
"markers","Pax3"
